ISO-10303-21;
HEADER;
FILE_DESCRIPTION (( 'STEP AP214' ),
    '1' );
FILE_NAME ('08.STEP',
    '2024-01-05T08:22:07',
    ( '' ),
    ( '' ),
    'SwSTEP 2.0',
    'SolidWorks 2021',
    '' );
FILE_SCHEMA (( 'AUTOMOTIVE_DESIGN' ));
ENDSEC;

DATA;
#1 = FACE_OUTER_BOUND ( 'NONE', #647, .T. ) ;
#2 = PLANE ( 'NONE',  #2502 ) ;
#3 = VECTOR ( 'NONE', #138, 1000.000000000000000 ) ;
#4 = DIRECTION ( 'NONE',  ( 0.000000000000000000, 1.000000000000000000, 0.000000000000000000 ) ) ;
#5 = SHAPE_REPRESENTATION ( 'pin_bent', ( #403 ), #1007 ) ;
#6 = CARTESIAN_POINT ( 'NONE',  ( -7.299999999999998934, 7.700000000000000178, 2.050000000000000266 ) ) ;
#7 = ORIENTED_EDGE ( 'NONE', *, *, #1366, .T. ) ;
#8 = VERTEX_POINT ( 'NONE', #2037 ) ;
#9 = CONTEXT_DEPENDENT_SHAPE_REPRESENTATION ( #1703, #1426 ) ;
#10 = CARTESIAN_POINT ( 'NONE',  ( -7.000000000000000000, -1.649999999999999911, -0.2500000000000002220 ) ) ;
#11 = VECTOR ( 'NONE', #278, 1000.000000000000000 ) ;
#12 = DIRECTION ( 'NONE',  ( -0.8983038003282294293, -0.4393748767463390714, 0.000000000000000000 ) ) ;
#13 = AXIS2_PLACEMENT_3D ( 'NONE', #504, #2007, #1560 ) ;
#14 = FACE_OUTER_BOUND ( 'NONE', #1791, .T. ) ;
#15 = CARTESIAN_POINT ( 'NONE',  ( -8.400000000000000355, 5.900000000000000355, -0.8999999999999993561 ) ) ;
#16 = COLOUR_RGB ( '',1.000000000000000000, 1.000000000000000000, 1.000000000000000000 ) ;
#17 = CLOSED_SHELL ( 'NONE', ( #2478, #1334, #415, #2529, #728, #2233, #1494, #517, #511, #2054, #1934, #522, #1252, #757, #2511, #2305, #2238, #1023, #900, #46, #2062, #441, #1663, #2006, #2316, #832, #1303, #464, #683, #217, #1659, #645, #1847, #1586, #1115, #1105, #182, #2070, #948, #724, #685 ) ) ;
#18 = ORIENTED_EDGE ( 'NONE', *, *, #1465, .T. ) ;
#19 = PRODUCT_DEFINITION_FORMATION_WITH_SPECIFIED_SOURCE ( 'ANY', '', #1638, .NOT_KNOWN. ) ;
#20 = VECTOR ( 'NONE', #1345, 1000.000000000000000 ) ;
#21 = CARTESIAN_POINT ( 'NONE',  ( -15.25000000000000000, -3.000000000000000000, 0.2500000000000002220 ) ) ;
#22 = DIRECTION ( 'NONE',  ( 2.017120320903263702E-16, 1.000000000000000000, 0.000000000000000000 ) ) ;
#23 = DIRECTION ( 'NONE',  ( 0.000000000000000000, 0.000000000000000000, 1.000000000000000000 ) ) ;
#24 = VERTEX_POINT ( 'NONE', #1564 ) ;
#25 = PRODUCT_DEFINITION_SHAPE ( 'NONE', 'NONE',  #919 ) ;
#26 = CARTESIAN_POINT ( 'NONE',  ( 9.000000000000001776, 7.700000000000000178, 1.225000000000000755 ) ) ;
#27 = DIRECTION ( 'NONE',  ( -0.000000000000000000, -0.000000000000000000, -1.000000000000000000 ) ) ;
#28 = LINE ( 'NONE', #2448, #2313 ) ;
#29 = EDGE_LOOP ( 'NONE', ( #2346, #1549, #2492, #2130 ) ) ;
#30 = VERTEX_POINT ( 'NONE', #2610 ) ;
#31 = VECTOR ( 'NONE', #1896, 1000.000000000000000 ) ;
#32 = EDGE_CURVE ( 'NONE', #1190, #452, #972, .T. ) ;
#33 = LINE ( 'NONE', #253, #657 ) ;
#34 = DIRECTION ( 'NONE',  ( 0.000000000000000000, 1.000000000000000000, -0.000000000000000000 ) ) ;
#35 = VERTEX_POINT ( 'NONE', #984 ) ;
#36 = ADVANCED_FACE ( 'NONE', ( #199 ), #1578, .T. ) ;
#37 = CARTESIAN_POINT ( 'NONE',  ( -7.299999999999998934, 7.700000000000000178, 2.350000000000000089 ) ) ;
#38 = LINE ( 'NONE', #1878, #158 ) ;
#39 = ORIENTED_EDGE ( 'NONE', *, *, #2265, .F. ) ;
#40 = ORIENTED_EDGE ( 'NONE', *, *, #2276, .F. ) ;
#41 = ADVANCED_FACE ( 'NONE', ( #2648 ), #1200, .T. ) ;
#42 = CARTESIAN_POINT ( 'NONE',  ( -5.999999999999994671, 6.350000000000000533, 2.050000000000000266 ) ) ;
#43 = EDGE_CURVE ( 'NONE', #1476, #2009, #1825, .T. ) ;
#44 = CARTESIAN_POINT ( 'NONE',  ( -15.25000000000000000, -3.000000000000000000, 0.2500000000000002220 ) ) ;
#45 = VERTEX_POINT ( 'NONE', #2455 ) ;
#46 = ADVANCED_FACE ( 'NONE', ( #1783 ), #2621, .F. ) ;
#47 = EDGE_CURVE ( 'NONE', #129, #329, #778, .T. ) ;
#48 = VERTEX_POINT ( 'NONE', #572 ) ;
#49 = DIRECTION ( 'NONE',  ( 0.000000000000000000, 1.000000000000000000, 0.000000000000000000 ) ) ;
#50 = VECTOR ( 'NONE', #530, 1000.000000000000000 ) ;
#51 = VECTOR ( 'NONE', #1387, 1000.000000000000000 ) ;
#52 = EDGE_CURVE ( 'NONE', #62, #45, #587, .T. ) ;
#53 = PLANE ( 'NONE',  #223 ) ;
#54 = VERTEX_POINT ( 'NONE', #163 ) ;
#55 = AXIS2_PLACEMENT_3D ( 'NONE', #1132, #1792, #1988 ) ;
#56 = ORIENTED_EDGE ( 'NONE', *, *, #1584, .F. ) ;
#57 = CARTESIAN_POINT ( 'NONE',  ( -7.255084809983587846, -1.021968743837317062, 0.2500000000000002220 ) ) ;
#58 = EDGE_CURVE ( 'NONE', #1986, #1486, #1796, .T. ) ;
#59 = CARTESIAN_POINT ( 'NONE',  ( -15.25000000000000000, 0.000000000000000000, -0.2500000000000002220 ) ) ;
#60 = ORIENTED_EDGE ( 'NONE', *, *, #988, .F. ) ;
#61 = AXIS2_PLACEMENT_3D ( 'NONE', #64, #326, #684 ) ;
#62 = VERTEX_POINT ( 'NONE', #788 ) ;
#63 = CARTESIAN_POINT ( 'NONE',  ( -0.8000000000000004885, 3.862207322041079749, -2.200000000000000622 ) ) ;
#64 = CARTESIAN_POINT ( 'NONE',  ( 0.7999999999999996003, 3.075000000000000622, -2.200000000000000622 ) ) ;
#65 = VECTOR ( 'NONE', #659, 1000.000000000000227 ) ;
#66 = DIRECTION ( 'NONE',  ( 0.000000000000000000, 0.7071067811865475727, -0.7071067811865475727 ) ) ;
#67 = VERTEX_POINT ( 'NONE', #1594 ) ;
#68 = ORIENTED_EDGE ( 'NONE', *, *, #396, .F. ) ;
#69 = APPLICATION_CONTEXT ( 'automotive_design' ) ;
#70 = EDGE_CURVE ( 'NONE', #1106, #221, #658, .T. ) ;
#71 = EDGE_CURVE ( 'NONE', #1837, #1690, #1637, .T. ) ;
#72 = PLANE ( 'NONE',  #655 ) ;
#73 = DIRECTION ( 'NONE',  ( 0.000000000000000000, -0.000000000000000000, -1.000000000000000000 ) ) ;
#74 = CIRCLE ( 'NONE', #1566, 1.000000000000000000 ) ;
#75 = DIRECTION ( 'NONE',  ( -1.000000000000000000, 0.000000000000000000, 0.000000000000000000 ) ) ;
#76 = CARTESIAN_POINT ( 'NONE',  ( 9.000000000000001776, 5.900000000000000355, -2.650000000000000355 ) ) ;
#77 = VERTEX_POINT ( 'NONE', #644 ) ;
#78 = VECTOR ( 'NONE', #646, 1000.000000000000000 ) ;
#79 = ORIENTED_EDGE ( 'NONE', *, *, #1686, .T. ) ;
#80 = DIRECTION ( 'NONE',  ( 0.000000000000000000, -0.000000000000000000, 1.000000000000000000 ) ) ;
#81 = CARTESIAN_POINT ( 'NONE',  ( 0.000000000000000000, -3.000000000000000000, -0.1499999999999990785 ) ) ;
#82 = FACE_OUTER_BOUND ( 'NONE', #314, .T. ) ;
#83 = EDGE_CURVE ( 'NONE', #917, #1486, #1835, .T. ) ;
#84 = CARTESIAN_POINT ( 'NONE',  ( -9.000000000000000000, 5.900000000000000355, -2.650000000000000355 ) ) ;
#85 = VERTEX_POINT ( 'NONE', #232 ) ;
#86 = VERTEX_POINT ( 'NONE', #2465 ) ;
#87 = EDGE_CURVE ( 'NONE', #1700, #305, #259, .T. ) ;
#88 = LINE ( 'NONE', #1308, #2377 ) ;
#89 = LINE ( 'NONE', #133, #2422 ) ;
#90 = DIRECTION ( 'NONE',  ( 0.000000000000000000, 0.000000000000000000, 1.000000000000000000 ) ) ;
#91 = VERTEX_POINT ( 'NONE', #1055 ) ;
#92 = EDGE_LOOP ( 'NONE', ( #853, #1137, #2270, #2398, #1249, #2061, #509, #2329, #1670, #1057 ) ) ;
#93 = CARTESIAN_POINT ( 'NONE',  ( -6.749999999999999112, -2.300000000000000266, 0.2500000000000002220 ) ) ;
#94 = CARTESIAN_POINT ( 'NONE',  ( -0.8000000000000003775, 3.075000000000000622, -1.500000000000000444 ) ) ;
#95 = EDGE_CURVE ( 'NONE', #168, #77, #38, .T. ) ;
#96 = LINE ( 'NONE', #1920, #65 ) ;
#97 = ORIENTED_EDGE ( 'NONE', *, *, #1830, .T. ) ;
#98 = ORIENTED_EDGE ( 'NONE', *, *, #1090, .T. ) ;
#99 = VECTOR ( 'NONE', #1612, 1000.000000000000114 ) ;
#100 = DIRECTION ( 'NONE',  ( -1.445602896647339656E-16, -0.000000000000000000, -1.000000000000000000 ) ) ;
#101 = FACE_OUTER_BOUND ( 'NONE', #2360, .T. ) ;
#102 = DIRECTION ( 'NONE',  ( -0.7071067811865475727, 0.7071067811865475727, 0.000000000000000000 ) ) ;
#103 = VECTOR ( 'NONE', #1262, 999.9999999999998863 ) ;
#104 = ORIENTED_EDGE ( 'NONE', *, *, #1215, .T. ) ;
#105 = AXIS2_PLACEMENT_3D ( 'NONE', #2364, #513, #2183 ) ;
#106 = AXIS2_PLACEMENT_3D ( 'NONE', #343, #1188, #2195 ) ;
#107 = MANIFOLD_SOLID_BREP ( 'Chamfer1', #1040 ) ;
#108 = ORIENTED_EDGE ( 'NONE', *, *, #1384, .F. ) ;
#109 = CARTESIAN_POINT ( 'NONE',  ( -7.444067090180525703, -1.408343817789513563, 0.2500000000000002220 ) ) ;
#110 = LINE ( 'NONE', #1489, #1635 ) ;
#111 = DIRECTION ( 'NONE',  ( -1.000000000000000000, 0.000000000000000000, 0.000000000000000000 ) ) ;
#112 = FACE_OUTER_BOUND ( 'NONE', #1795, .T. ) ;
#113 = ORIENTED_EDGE ( 'NONE', *, *, #1918, .T. ) ;
#114 = CIRCLE ( 'NONE', #1907, 0.5000000000000000000 ) ;
#115 = ORIENTED_EDGE ( 'NONE', *, *, #1797, .F. ) ;
#116 = CARTESIAN_POINT ( 'NONE',  ( -7.149999999999998579, -3.000000000000000000, -0.1499999999999990785 ) ) ;
#117 = PLANE ( 'NONE',  #909 ) ;
#118 = CARTESIAN_POINT ( 'NONE',  ( -15.25000000000000000, -2.725252258054540633, 0.2500000000000002220 ) ) ;
#119 = CARTESIAN_POINT ( 'NONE',  ( 14.00000000000000178, 2.168404344971008868E-16, -2.830972339267706241E-16 ) ) ;
#120 = LINE ( 'NONE', #76, #1397 ) ;
#121 = ADVANCED_FACE ( 'NONE', ( #14 ), #1437, .T. ) ;
#122 = ORIENTED_EDGE ( 'NONE', *, *, #562, .F. ) ;
#123 = CARTESIAN_POINT ( 'NONE',  ( -14.75000000000000000, -3.000000000000000000, 0.2500000000000002220 ) ) ;
#124 = CARTESIAN_POINT ( 'NONE',  ( -2.450000000000001510, 1.600000000000000755, -1.500000000000000000 ) ) ;
#125 = CARTESIAN_POINT ( 'NONE',  ( -6.805932909819473409, -2.058343817789514141, 0.2500000000000002220 ) ) ;
#126 = CARTESIAN_POINT ( 'NONE',  ( 9.000000000000001776, 0.000000000000000000, -1.500000000000001776 ) ) ;
#127 = VERTEX_POINT ( 'NONE', #633 ) ;
#128 = DIRECTION ( 'NONE',  ( 1.000000000000000000, 0.000000000000000000, 0.000000000000000000 ) ) ;
#129 = VERTEX_POINT ( 'NONE', #1665 ) ;
#130 = PLANE ( 'NONE',  #266 ) ;
#131 = DIRECTION ( 'NONE',  ( -0.000000000000000000, -1.000000000000000000, -0.000000000000000000 ) ) ;
#132 = PLANE ( 'NONE',  #1166 ) ;
#133 = CARTESIAN_POINT ( 'NONE',  ( -7.444067090180525703, -1.408343817789512675, -0.2500000000000002220 ) ) ;
#134 = VECTOR ( 'NONE', #1260, 1000.000000000000000 ) ;
#135 = ORIENTED_EDGE ( 'NONE', *, *, #595, .T. ) ;
#136 = EDGE_CURVE ( 'NONE', #8, #2098, #2514, .T. ) ;
#137 = LINE ( 'NONE', #1353, #402 ) ;
#138 = DIRECTION ( 'NONE',  ( 0.000000000000000000, 0.000000000000000000, -1.000000000000000000 ) ) ;
#139 = LINE ( 'NONE', #2607, #859 ) ;
#140 = ORIENTED_EDGE ( 'NONE', *, *, #1980, .T. ) ;
#141 = FACE_OUTER_BOUND ( 'NONE', #2401, .T. ) ;
#142 = VECTOR ( 'NONE', #1201, 1000.000000000000000 ) ;
#143 = CARTESIAN_POINT ( 'NONE',  ( -7.255084809983587846, -2.278031256162684315, 0.2500000000000002220 ) ) ;
#144 = PRODUCT_RELATED_PRODUCT_CATEGORY ( 'part', '', ( #1580 ) ) ;
#145 = CYLINDRICAL_SURFACE ( 'NONE', #1761, 0.5000000000000000000 ) ;
#146 = CARTESIAN_POINT ( 'NONE',  ( -9.000000000000000000, 0.000000000000000000, 2.649999999999999467 ) ) ;
#147 = CIRCLE ( 'NONE', #1034, 0.04999999999999953787 ) ;
#148 = PLANE ( 'NONE',  #1758 ) ;
#149 = VECTOR ( 'NONE', #1331, 1000.000000000000000 ) ;
#150 = SHAPE_DEFINITION_REPRESENTATION ( #564, #1247 ) ;
#151 = ORIENTED_EDGE ( 'NONE', *, *, #2399, .F. ) ;
#152 = VECTOR ( 'NONE', #325, 1000.000000000000000 ) ;
#153 = CARTESIAN_POINT ( 'NONE',  ( -6.999999999999999112, 7.350000000000000533, 2.050000000000000266 ) ) ;
#154 = VERTEX_POINT ( 'NONE', #2085 ) ;
#155 = VECTOR ( 'NONE', #1016, 1000.000000000000000 ) ;
#156 = COLOUR_RGB ( '',0.7960784313725489669, 0.8235294117647058432, 0.9372549019607843146 ) ;
#157 = DIRECTION ( 'NONE',  ( 1.000000000000000000, 0.000000000000000000, 0.000000000000000000 ) ) ;
#158 = VECTOR ( 'NONE', #1425, 1000.000000000000000 ) ;
#159 = FILL_AREA_STYLE_COLOUR ( '', #1693 ) ;
#160 = CARTESIAN_POINT ( 'NONE',  ( -7.249999999999999112, -2.725252258054535748, 0.2500000000000002220 ) ) ;
#161 = EDGE_LOOP ( 'NONE', ( #2527, #322, #2577, #2314 ) ) ;
#162 = EDGE_CURVE ( 'NONE', #2468, #654, #247, .T. ) ;
#163 = CARTESIAN_POINT ( 'NONE',  ( -6.749999999999999112, -2.300000000000000266, 0.2500000000000002220 ) ) ;
#164 = LINE ( 'NONE', #332, #2496 ) ;
#165 = DIRECTION ( 'NONE',  ( -0.000000000000000000, -0.000000000000000000, 1.000000000000000000 ) ) ;
#166 = CARTESIAN_POINT ( 'NONE',  ( -7.249999999999999112, -2.300000000000000266, -0.2500000000000002220 ) ) ;
#167 = EDGE_CURVE ( 'NONE', #1444, #2199, #2303, .T. ) ;
#168 = VERTEX_POINT ( 'NONE', #454 ) ;
#169 = FILL_AREA_STYLE ('',( #1194 ) ) ;
#170 = ORIENTED_EDGE ( 'NONE', *, *, #2352, .T. ) ;
#171 = PLANE ( 'NONE',  #2601 ) ;
#172 = DIRECTION ( 'NONE',  ( 0.000000000000000000, 0.000000000000000000, 1.000000000000000000 ) ) ;
#173 = ORIENTED_EDGE ( 'NONE', *, *, #2355, .T. ) ;
#174 = ORIENTED_EDGE ( 'NONE', *, *, #1267, .F. ) ;
#175 = EDGE_CURVE ( 'NONE', #1606, #24, #408, .T. ) ;
#176 = FACE_OUTER_BOUND ( 'NONE', #2073, .T. ) ;
#177 = LINE ( 'NONE', #2418, #2548 ) ;
#178 = EDGE_CURVE ( 'NONE', #1897, #67, #670, .T. ) ;
#179 = CARTESIAN_POINT ( 'NONE',  ( 0.000000000000000000, 5.900000000000000355, 0.2499999999999995837 ) ) ;
#180 = ORIENTED_EDGE ( 'NONE', *, *, #2198, .F. ) ;
#181 = DIRECTION ( 'NONE',  ( 0.8983038003282295403, 0.4393748767463385718, 0.000000000000000000 ) ) ;
#182 = ADVANCED_FACE ( 'NONE', ( #467 ), #2175, .F. ) ;
#183 = ORIENTED_EDGE ( 'NONE', *, *, #2187, .T. ) ;
#184 = CYLINDRICAL_SURFACE ( 'NONE', #1287, 0.5500000000000001554 ) ;
#185 = DIRECTION ( 'NONE',  ( 0.000000000000000000, 0.000000000000000000, 1.000000000000000000 ) ) ;
#186 = ORIENTED_EDGE ( 'NONE', *, *, #1695, .T. ) ;
#187 = ORIENTED_EDGE ( 'NONE', *, *, #2639, .T. ) ;
#188 = CARTESIAN_POINT ( 'NONE',  ( 9.000000000000001776, 5.900000000000000355, -2.650000000000000355 ) ) ;
#189 = ORIENTED_EDGE ( 'NONE', *, *, #473, .T. ) ;
#190 = CARTESIAN_POINT ( 'NONE',  ( 9.000000000000001776, 1.600000000000000089, -1.500000000000001776 ) ) ;
#191 = CARTESIAN_POINT ( 'NONE',  ( -6.749999999999999112, 0.000000000000000000, -0.2500000000000002220 ) ) ;
#192 = ORIENTED_EDGE ( 'NONE', *, *, #95, .T. ) ;
#193 = AXIS2_PLACEMENT_3D ( 'NONE', #2597, #753, #1323 ) ;
#194 = AXIS2_PLACEMENT_3D ( 'NONE', #2644, #2255, #1400 ) ;
#195 = AXIS2_PLACEMENT_3D ( 'NONE', #466, #2139, #80 ) ;
#196 =( GEOMETRIC_REPRESENTATION_CONTEXT ( 3 ) GLOBAL_UNCERTAINTY_ASSIGNED_CONTEXT ( ( #2220 ) ) GLOBAL_UNIT_ASSIGNED_CONTEXT ( ( #1246, #846, #2091 ) ) REPRESENTATION_CONTEXT ( 'NONE', 'WORKASPACE' ) );
#197 = PLANE ( 'NONE',  #2641 ) ;
#198 = FACE_OUTER_BOUND ( 'NONE', #1011, .T. ) ;
#199 = FACE_OUTER_BOUND ( 'NONE', #1048, .T. ) ;
#200 = DIRECTION ( 'NONE',  ( -0.7071067811865474617, -0.7071067811865474617, -1.703659351870415401E-17 ) ) ;
#201 = DIRECTION ( 'NONE',  ( 0.000000000000000000, 0.000000000000000000, -1.000000000000000000 ) ) ;
#202 = AXIS2_PLACEMENT_3D ( 'NONE', #520, #1133, #494 ) ;
#203 = DIRECTION ( 'NONE',  ( -1.445602896647339656E-16, 0.000000000000000000, -1.000000000000000000 ) ) ;
#204 = PRODUCT_DEFINITION_SHAPE ( 'NONE', 'NONE',  #2661 ) ;
#205 = EDGE_CURVE ( 'NONE', #2413, #1228, #1315, .T. ) ;
#206 =( NAMED_UNIT ( * ) SI_UNIT ( $, .STERADIAN. ) SOLID_ANGLE_UNIT ( ) );
#207 = DIRECTION ( 'NONE',  ( 1.000000000000000000, 0.000000000000000000, -1.324216393875425588E-16 ) ) ;
#208 = FACE_OUTER_BOUND ( 'NONE', #1558, .T. ) ;
#209 = CARTESIAN_POINT ( 'NONE',  ( -8.400000000000000355, 1.599999999999998979, 2.050000000000000266 ) ) ;
#210 = VECTOR ( 'NONE', #1944, 1000.000000000000227 ) ;
#211 = DIRECTION ( 'NONE',  ( 0.000000000000000000, 0.000000000000000000, -1.000000000000000000 ) ) ;
#212 = VECTOR ( 'NONE', #1653, 1000.000000000000000 ) ;
#213 = FACE_OUTER_BOUND ( 'NONE', #1284, .T. ) ;
#214 = EDGE_CURVE ( 'NONE', #607, #2199, #665, .T. ) ;
#215 =( NAMED_UNIT ( * ) PLANE_ANGLE_UNIT ( ) SI_UNIT ( $, .RADIAN. ) );
#216 = DIRECTION ( 'NONE',  ( -0.3236155771181856156, -0.8891264907159877051, -0.3236155771181856156 ) ) ;
#217 = ADVANCED_FACE ( 'NONE', ( #1091 ), #2542, .F. ) ;
#218 = CARTESIAN_POINT ( 'NONE',  ( -6.949999999999999289, -1.649999999999999911, 0.2500000000000002220 ) ) ;
#219 = DIRECTION ( 'NONE',  ( -0.4393748767463385718, 0.8983038003282295403, 0.000000000000000000 ) ) ;
#220 = ORIENTED_EDGE ( 'NONE', *, *, #2352, .F. ) ;
#221 = VERTEX_POINT ( 'NONE', #124 ) ;
#222 = PRODUCT_RELATED_PRODUCT_CATEGORY ( 'part', '', ( #1638 ) ) ;
#223 = AXIS2_PLACEMENT_3D ( 'NONE', #2110, #274, #1706 ) ;
#224 = CONTEXT_DEPENDENT_SHAPE_REPRESENTATION ( #312, #2002 ) ;
#225 = PLANE ( 'NONE',  #2173 ) ;
#226 = DIRECTION ( 'NONE',  ( 1.000000000000000000, 0.000000000000000000, 0.000000000000000000 ) ) ;
#227 = FACE_OUTER_BOUND ( 'NONE', #1372, .T. ) ;
#228 = ORIENTED_EDGE ( 'NONE', *, *, #412, .T. ) ;
#229 = AXIS2_PLACEMENT_3D ( 'NONE', #1213, #1622, #2041 ) ;
#230 = CARTESIAN_POINT ( 'NONE',  ( 0.000000000000000000, -3.000000000000000000, 0.000000000000000000 ) ) ;
#231 = VECTOR ( 'NONE', #2043, 1000.000000000000000 ) ;
#232 = CARTESIAN_POINT ( 'NONE',  ( -14.84999999999999787, -3.000000000000000000, -0.1500000000000008271 ) ) ;
#233 = ADVANCED_FACE ( 'NONE', ( #1478 ), #1516, .T. ) ;
#234 = DIRECTION ( 'NONE',  ( 1.000000000000000000, -2.317378689281993732E-16, -1.324216393875424849E-16 ) ) ;
#235 = ORIENTED_EDGE ( 'NONE', *, *, #52, .F. ) ;
#236 = VECTOR ( 'NONE', #425, 1000.000000000000000 ) ;
#237 = ORIENTED_EDGE ( 'NONE', *, *, #1301, .F. ) ;
#238 = ITEM_DEFINED_TRANSFORMATION ( 'NONE', 'NONE', #2222,  #403 ) ;
#239 = CARTESIAN_POINT ( 'NONE',  ( -2.450000000000000622, 5.900000000000001243, -2.649999999999999911 ) ) ;
#240 = LINE ( 'NONE', #1894, #2643 ) ;
#241 = EDGE_CURVE ( 'NONE', #756, #852, #2156, .T. ) ;
#242 = FILL_AREA_STYLE_COLOUR ( '', #2123 ) ;
#243 = DIRECTION ( 'NONE',  ( 0.000000000000000000, 0.000000000000000000, -1.000000000000000000 ) ) ;
#244 = ORIENTED_EDGE ( 'NONE', *, *, #1976, .F. ) ;
#245 = DIRECTION ( 'NONE',  ( 0.000000000000000000, -0.000000000000000000, 1.000000000000000000 ) ) ;
#246 = EDGE_CURVE ( 'NONE', #986, #2593, #2317, .T. ) ;
#247 = LINE ( 'NONE', #1020, #1379 ) ;
#248 = DIRECTION ( 'NONE',  ( 0.000000000000000000, 0.000000000000000000, -1.000000000000000000 ) ) ;
#249 = LINE ( 'NONE', #2058, #914 ) ;
#250 = ORIENTED_EDGE ( 'NONE', *, *, #1542, .T. ) ;
#251 = EDGE_LOOP ( 'NONE', ( #1325, #1614, #1803, #2429 ) ) ;
#252 = VECTOR ( 'NONE', #165, 1000.000000000000000 ) ;
#253 = CARTESIAN_POINT ( 'NONE',  ( 2.449999999999999734, 1.600000000000000089, -1.500000000000000888 ) ) ;
#254 = DIRECTION ( 'NONE',  ( -0.3236155771181856156, 0.8891264907159877051, 0.3236155771181856156 ) ) ;
#255 = ORIENTED_EDGE ( 'NONE', *, *, #2140, .F. ) ;
#256 = EDGE_CURVE ( 'NONE', #2614, #986, #1305, .T. ) ;
#257 = EDGE_LOOP ( 'NONE', ( #444, #970, #732, #2517 ) ) ;
#258 = CARTESIAN_POINT ( 'NONE',  ( -6.850000000000000533, -3.000000000000000000, 0.1499999999999990785 ) ) ;
#259 = LINE ( 'NONE', #839, #662 ) ;
#260 = PLANE ( 'NONE',  #691 ) ;
#261 = VERTEX_POINT ( 'NONE', #881 ) ;
#262 = ORIENTED_EDGE ( 'NONE', *, *, #2162, .T. ) ;
#263 = APPLICATION_CONTEXT ( 'automotive_design' ) ;
#264 = CONTEXT_DEPENDENT_SHAPE_REPRESENTATION ( #1128, #1822 ) ;
#265 = DIRECTION ( 'NONE',  ( -0.8983038003282231010, -0.4393748767463518945, 0.000000000000000000 ) ) ;
#266 = AXIS2_PLACEMENT_3D ( 'NONE', #1965, #973, #1785 ) ;
#267 = EDGE_LOOP ( 'NONE', ( #1949, #602, #1875, #108 ) ) ;
#268 = VERTEX_POINT ( 'NONE', #715 ) ;
#269 = CARTESIAN_POINT ( 'NONE',  ( -6.749999999999999112, -2.725252258054535748, -0.2500000000000002220 ) ) ;
#270 = CARTESIAN_POINT ( 'NONE',  ( -6.999999999999999112, 18.15862284482674482, 2.050000000000000266 ) ) ;
#271 = MECHANICAL_DESIGN_GEOMETRIC_PRESENTATION_REPRESENTATION (  '', ( #1072 ), #1809 ) ;
#272 = EDGE_CURVE ( 'NONE', #2293, #2585, #1694, .T. ) ;
#273 = FACE_OUTER_BOUND ( 'NONE', #1866, .T. ) ;
#274 = DIRECTION ( 'NONE',  ( -0.000000000000000000, 0.3420201433256698231, -0.9396926207859079838 ) ) ;
#275 = ORIENTED_EDGE ( 'NONE', *, *, #71, .F. ) ;
#276 = VECTOR ( 'NONE', #2302, 1000.000000000000000 ) ;
#277 = VERTEX_POINT ( 'NONE', #1530 ) ;
#278 = DIRECTION ( 'NONE',  ( 0.000000000000000000, 1.000000000000000000, 0.000000000000000000 ) ) ;
#279 = DIRECTION ( 'NONE',  ( -0.000000000000000000, 0.000000000000000000, -1.000000000000000000 ) ) ;
#280 = EDGE_CURVE ( 'NONE', #916, #1922, #978, .T. ) ;
#281 = ORIENTED_EDGE ( 'NONE', *, *, #293, .F. ) ;
#282 = AXIS2_PLACEMENT_3D ( 'NONE', #1104, #2108, #308 ) ;
#283 = EDGE_CURVE ( 'NONE', #2111, #1265, #2525, .T. ) ;
#284 = ORIENTED_EDGE ( 'NONE', *, *, #1108, .F. ) ;
#285 = DIRECTION ( 'NONE',  ( -1.000000000000000000, 0.000000000000000000, 0.000000000000000000 ) ) ;
#286 = CARTESIAN_POINT ( 'NONE',  ( -6.999999999999999112, 7.400000000000000355, 2.050000000000000266 ) ) ;
#287 = ORIENTED_EDGE ( 'NONE', *, *, #638, .T. ) ;
#288 = ORIENTED_EDGE ( 'NONE', *, *, #1509, .T. ) ;
#289 = LINE ( 'NONE', #1536, #1806 ) ;
#290 = CARTESIAN_POINT ( 'NONE',  ( -7.249999999999999112, 0.000000000000000000, 0.2500000000000002220 ) ) ;
#291 = EDGE_CURVE ( 'NONE', #1757, #349, #110, .T. ) ;
#292 = CARTESIAN_POINT ( 'NONE',  ( 10.00000000000000178, 2.168404344971008868E-16, -3.794707603699265519E-16 ) ) ;
#293 = EDGE_CURVE ( 'NONE', #1986, #2293, #920, .T. ) ;
#294 = VERTEX_POINT ( 'NONE', #2331 ) ;
#295 = ORIENTED_EDGE ( 'NONE', *, *, #2388, .F. ) ;
#296 = CARTESIAN_POINT ( 'NONE',  ( -7.444067090180525703, -1.408343817789513563, -0.2500000000000002220 ) ) ;
#297 = DIRECTION ( 'NONE',  ( 1.000000000000000000, -0.000000000000000000, 2.409338161078898503E-17 ) ) ;
#298 = LINE ( 'NONE', #934, #380 ) ;
#299 = LINE ( 'NONE', #969, #2025 ) ;
#300 = ORIENTED_EDGE ( 'NONE', *, *, #70, .F. ) ;
#301 = ORIENTED_EDGE ( 'NONE', *, *, #2344, .T. ) ;
#302 = LINE ( 'NONE', #532, #11 ) ;
#303 = DIRECTION ( 'NONE',  ( 0.000000000000000000, 0.000000000000000000, 1.000000000000000000 ) ) ;
#304 = DIRECTION ( 'NONE',  ( 1.000000000000000000, 0.000000000000000000, 0.000000000000000000 ) ) ;
#305 = VERTEX_POINT ( 'NONE', #478 ) ;
#306 = ORIENTED_EDGE ( 'NONE', *, *, #1427, .F. ) ;
#307 = CARTESIAN_POINT ( 'NONE',  ( -6.994915190016411266, -1.671968743837316973, 0.2500000000000002220 ) ) ;
#308 = DIRECTION ( 'NONE',  ( -1.000000000000000000, 0.000000000000000000, -0.000000000000000000 ) ) ;
#309 = FACE_OUTER_BOUND ( 'NONE', #1559, .T. ) ;
#310 = CARTESIAN_POINT ( 'NONE',  ( 9.000000000000001776, 5.900000000000000355, 2.649999999999999911 ) ) ;
#311 = VERTEX_POINT ( 'NONE', #1919 ) ;
#312 =( REPRESENTATION_RELATIONSHIP ('NONE','NONE', #1162, #1821 ) REPRESENTATION_RELATIONSHIP_WITH_TRANSFORMATION ( #431 )SHAPE_REPRESENTATION_RELATIONSHIP( ) );
#313 = AXIS2_PLACEMENT_3D ( 'NONE', #545, #1119, #1992 ) ;
#314 = EDGE_LOOP ( 'NONE', ( #625, #681, #228, #680 ) ) ;
#315 = EDGE_CURVE ( 'NONE', #2089, #546, #1288, .T. ) ;
#316 = PLANE ( 'NONE',  #2589 ) ;
#317 = PRESENTATION_LAYER_ASSIGNMENT (  '', '', ( #1072 ) ) ;
#318 = CARTESIAN_POINT ( 'NONE',  ( -7.299999999999998934, 7.700000000000000178, 2.649999999999999911 ) ) ;
#319 = DIRECTION ( 'NONE',  ( 1.000000000000000000, -0.000000000000000000, -0.000000000000000000 ) ) ;
#320 = VECTOR ( 'NONE', #2273, 1000.000000000000000 ) ;
#321 = CARTESIAN_POINT ( 'NONE',  ( 12.00000000000000178, 2.168404344971008868E-16, -3.312839971483485387E-16 ) ) ;
#322 = ORIENTED_EDGE ( 'NONE', *, *, #2114, .F. ) ;
#323 = MECHANICAL_DESIGN_GEOMETRIC_PRESENTATION_REPRESENTATION (  '', ( #535 ), #800 ) ;
#324 = EDGE_LOOP ( 'NONE', ( #288, #2282, #1181, #1891 ) ) ;
#325 = DIRECTION ( 'NONE',  ( 0.000000000000000000, 0.000000000000000000, -1.000000000000000000 ) ) ;
#326 = DIRECTION ( 'NONE',  ( -1.000000000000000000, 0.000000000000000000, 1.324216393875425588E-16 ) ) ;
#327 = LINE ( 'NONE', #1317, #2193 ) ;
#328 = CARTESIAN_POINT ( 'NONE',  ( -9.000000000000000000, 6.400000000000001243, 0.2499999999999995837 ) ) ;
#329 = VERTEX_POINT ( 'NONE', #2561 ) ;
#330 = EDGE_CURVE ( 'NONE', #1131, #2528, #2357, .T. ) ;
#331 = ORIENTED_EDGE ( 'NONE', *, *, #2264, .F. ) ;
#332 = CARTESIAN_POINT ( 'NONE',  ( -14.75000000000000000, -3.000000000000000000, 0.2500000000000002220 ) ) ;
#333 = DIRECTION ( 'NONE',  ( 1.000000000000000000, 0.000000000000000000, -0.000000000000000000 ) ) ;
#334 = DIRECTION ( 'NONE',  ( 0.000000000000000000, 0.000000000000000000, 1.000000000000000000 ) ) ;
#335 = DIRECTION ( 'NONE',  ( 0.000000000000000000, 0.000000000000000000, -1.000000000000000000 ) ) ;
#336 = EDGE_CURVE ( 'NONE', #1093, #2170, #2587, .T. ) ;
#337 = ORIENTED_EDGE ( 'NONE', *, *, #542, .T. ) ;
#338 = ORIENTED_EDGE ( 'NONE', *, *, #2048, .F. ) ;
#339 = CARTESIAN_POINT ( 'NONE',  ( -8.400000000000000355, 1.599999999999998979, 2.050000000000000266 ) ) ;
#340 = CARTESIAN_POINT ( 'NONE',  ( -8.400000000000000355, 7.400000000000000355, 1.041159763558023643 ) ) ;
#341 = CARTESIAN_POINT ( 'NONE',  ( 9.000000000000001776, 5.900000000000000355, -2.650000000000000355 ) ) ;
#342 = ORIENTED_EDGE ( 'NONE', *, *, #280, .F. ) ;
#343 = CARTESIAN_POINT ( 'NONE',  ( -15.25000000000000000, -3.000000000000000000, -0.2500000000000002220 ) ) ;
#344 = CARTESIAN_POINT ( 'NONE',  ( -14.75000000000000000, 0.000000000000000000, -0.2500000000000002220 ) ) ;
#345 = DIRECTION ( 'NONE',  ( 1.000000000000000000, -0.000000000000000000, 0.000000000000000000 ) ) ;
#346 = DIRECTION ( 'NONE',  ( 0.000000000000000000, -0.000000000000000000, 1.000000000000000000 ) ) ;
#347 = ORIENTED_EDGE ( 'NONE', *, *, #612, .F. ) ;
#348 = ADVANCED_FACE ( 'NONE', ( #742 ), #1545, .T. ) ;
#349 = VERTEX_POINT ( 'NONE', #290 ) ;
#350 = FACE_OUTER_BOUND ( 'NONE', #2620, .T. ) ;
#351 = DIRECTION ( 'NONE',  ( 1.807003620809174878E-16, -0.000000000000000000, 1.000000000000000000 ) ) ;
#352 = CARTESIAN_POINT ( 'NONE',  ( -2.450000000000000622, 5.900000000000001243, -1.500000000000000000 ) ) ;
#353 = EDGE_LOOP ( 'NONE', ( #189, #995, #40, #518 ) ) ;
#354 = UNCERTAINTY_MEASURE_WITH_UNIT (LENGTH_MEASURE( 1.000000000000000082E-05 ), #2460, 'distance_accuracy_value', 'NONE');
#355 = DIRECTION ( 'NONE',  ( -0.8983038003282285411, 0.4393748767463407923, 0.000000000000000000 ) ) ;
#356 = EDGE_CURVE ( 'NONE', #1444, #2413, #2581, .T. ) ;
#357 = DIRECTION ( 'NONE',  ( 0.000000000000000000, 0.000000000000000000, 1.000000000000000000 ) ) ;
#358 = EDGE_CURVE ( 'NONE', #1176, #1700, #2393, .T. ) ;
#359 = LINE ( 'NONE', #1997, #1948 ) ;
#360 = VECTOR ( 'NONE', #1616, 1000.000000000000227 ) ;
#361 = DIRECTION ( 'NONE',  ( 0.000000000000000000, 0.000000000000000000, 1.000000000000000000 ) ) ;
#362 = COLOUR_RGB ( '',1.000000000000000000, 1.000000000000000000, 1.000000000000000000 ) ;
#363 = EDGE_LOOP ( 'NONE', ( #2523, #475, #1293, #1534 ) ) ;
#364 = VECTOR ( 'NONE', #2409, 1000.000000000000000 ) ;
#365 = LINE ( 'NONE', #1777, #1718 ) ;
#366 = ORIENTED_EDGE ( 'NONE', *, *, #1108, .T. ) ;
#367 = AXIS2_PLACEMENT_3D ( 'NONE', #805, #1977, #1995 ) ;
#368 = FACE_OUTER_BOUND ( 'NONE', #799, .T. ) ;
#369 = EDGE_CURVE ( 'NONE', #2180, #1837, #943, .T. ) ;
#370 = FACE_OUTER_BOUND ( 'NONE', #559, .T. ) ;
#371 = ORIENTED_EDGE ( 'NONE', *, *, #2265, .T. ) ;
#372 = CARTESIAN_POINT ( 'NONE',  ( -8.400000000000000355, 18.15862284482674482, 2.050000000000000266 ) ) ;
#373 = CYLINDRICAL_SURFACE ( 'NONE', #1982, 0.5500000000000010436 ) ;
#374 = DIRECTION ( 'NONE',  ( 0.000000000000000000, 0.000000000000000000, 1.000000000000000000 ) ) ;
#375 = EDGE_LOOP ( 'NONE', ( #1219, #173, #1514, #1708 ) ) ;
#376 = LINE ( 'NONE', #2011, #1415 ) ;
#377 = ITEM_DEFINED_TRANSFORMATION ( 'NONE', 'NONE', #2179,  #403 ) ;
#378 = ORIENTED_EDGE ( 'NONE', *, *, #1573, .T. ) ;
#379 = DIRECTION ( 'NONE',  ( 0.000000000000000000, 0.000000000000000000, 1.000000000000000000 ) ) ;
#380 = VECTOR ( 'NONE', #111, 1000.000000000000000 ) ;
#381 = DIRECTION ( 'NONE',  ( 0.8983038003282297623, -0.4393748767463380722, 0.000000000000000000 ) ) ;
#382 = EDGE_LOOP ( 'NONE', ( #795, #869, #2286, #2558 ) ) ;
#383 = ORIENTED_EDGE ( 'NONE', *, *, #47, .T. ) ;
#384 = DIRECTION ( 'NONE',  ( 0.000000000000000000, 0.000000000000000000, 1.000000000000000000 ) ) ;
#385 = CONTEXT_DEPENDENT_SHAPE_REPRESENTATION ( #1296, #1406 ) ;
#386 = VERTEX_POINT ( 'NONE', #1936 ) ;
#387 = PRODUCT_DEFINITION_SHAPE ( 'NONE', 'NONE',  #2250 ) ;
#388 = CARTESIAN_POINT ( 'NONE',  ( -0.8000000000000004885, 3.075000000000000622, -2.200000000000000622 ) ) ;
#389 = ORIENTED_EDGE ( 'NONE', *, *, #711, .T. ) ;
#390 = EDGE_LOOP ( 'NONE', ( #1320, #1364, #635, #539, #2486, #2333, #1453, #1592 ) ) ;
#391 = DIRECTION ( 'NONE',  ( 0.000000000000000000, 1.000000000000000000, 0.000000000000000000 ) ) ;
#392 = DIRECTION ( 'NONE',  ( 0.5773502691896257311, -0.5773502691896257311, -0.5773502691896257311 ) ) ;
#393 = ORIENTED_EDGE ( 'NONE', *, *, #167, .F. ) ;
#394 = DIRECTION ( 'NONE',  ( -0.000000000000000000, -0.000000000000000000, -1.000000000000000000 ) ) ;
#395 = CARTESIAN_POINT ( 'NONE',  ( -6.805932909819473409, -2.058343817789514141, 0.2500000000000002220 ) ) ;
#396 = EDGE_CURVE ( 'NONE', #1277, #45, #1496, .T. ) ;
#397 = APPLICATION_CONTEXT ( 'automotive_design' ) ;
#398 = AXIS2_PLACEMENT_3D ( 'NONE', #2225, #2436, #1417 ) ;
#399 = AXIS2_PLACEMENT_3D ( 'NONE', #1966, #2182, #1110 ) ;
#400 = PRESENTATION_STYLE_ASSIGNMENT (( #1407 ) ) ;
#401 = PLANE ( 'NONE',  #814 ) ;
#402 = VECTOR ( 'NONE', #2395, 1000.000000000000000 ) ;
#403 = AXIS2_PLACEMENT_3D ( 'NONE', #565, #1601, #1571 ) ;
#404 = FACE_OUTER_BOUND ( 'NONE', #2501, .T. ) ;
#405 = AXIS2_PLACEMENT_3D ( 'NONE', #2554, #2600, #755 ) ;
#406 = VECTOR ( 'NONE', #764, 1000.000000000000227 ) ;
#407 = PRODUCT_DEFINITION_CONTEXT ( 'detailed design', #1999, 'design' ) ;
#408 = LINE ( 'NONE', #622, #1719 ) ;
#409 = CARTESIAN_POINT ( 'NONE',  ( 0.000000000000000000, 5.900000000000000355, 0.000000000000000000 ) ) ;
#410 = ORIENTED_EDGE ( 'NONE', *, *, #604, .F. ) ;
#411 = PLANE ( 'NONE',  #747 ) ;
#412 = EDGE_CURVE ( 'NONE', #2170, #168, #1141, .T. ) ;
#413 = CARTESIAN_POINT ( 'NONE',  ( 8.400000000000000355, -15.45703667112197977, -0.8999999999999993561 ) ) ;
#414 = DIRECTION ( 'NONE',  ( -1.000000000000000000, 0.000000000000000000, 0.000000000000000000 ) ) ;
#415 = ADVANCED_FACE ( 'NONE', ( #1310 ), #1968, .F. ) ;
#416 = DIRECTION ( 'NONE',  ( -1.000000000000000000, 0.000000000000000000, 1.807003620809174878E-16 ) ) ;
#417 = DIRECTION ( 'NONE',  ( 0.7071067811865475727, 0.7071067811865475727, 0.000000000000000000 ) ) ;
#418 = AXIS2_PLACEMENT_3D ( 'NONE', #409, #1848, #2032 ) ;
#419 = ORIENTED_EDGE ( 'NONE', *, *, #1005, .F. ) ;
#420 = FACE_OUTER_BOUND ( 'NONE', #2632, .T. ) ;
#421 = DIRECTION ( 'NONE',  ( -0.000000000000000000, -0.000000000000000000, -1.000000000000000000 ) ) ;
#422 = CARTESIAN_POINT ( 'NONE',  ( -15.25000000000000000, -2.725252258054540633, 0.2500000000000002220 ) ) ;
#423 = CARTESIAN_POINT ( 'NONE',  ( -6.749999999999999112, -2.300000000000000266, -0.2500000000000002220 ) ) ;
#424 = LINE ( 'NONE', #621, #1990 ) ;
#425 = DIRECTION ( 'NONE',  ( -0.000000000000000000, -1.000000000000000000, -0.000000000000000000 ) ) ;
#426 = DIRECTION ( 'NONE',  ( 1.324216393875425588E-16, -0.000000000000000000, 1.000000000000000000 ) ) ;
#427 = LINE ( 'NONE', #1438, #1610 ) ;
#428 = ORIENTED_EDGE ( 'NONE', *, *, #1830, .F. ) ;
#429 = EDGE_CURVE ( 'NONE', #452, #2556, #89, .T. ) ;
#430 = ORIENTED_EDGE ( 'NONE', *, *, #1570, .F. ) ;
#431 = ITEM_DEFINED_TRANSFORMATION ( 'NONE', 'NONE', #1008,  #403 ) ;
#432 = CARTESIAN_POINT ( 'NONE',  ( 9.000000000000001776, 0.000000000000000000, -1.500000000000000888 ) ) ;
#433 = FILL_AREA_STYLE ('',( #242 ) ) ;
#434 = FACE_OUTER_BOUND ( 'NONE', #2439, .T. ) ;
#435 = ORIENTED_EDGE ( 'NONE', *, *, #167, .T. ) ;
#436 = EDGE_CURVE ( 'NONE', #86, #1302, #738, .T. ) ;
#437 = CIRCLE ( 'NONE', #2335, 0.5500000000000010436 ) ;
#438 = EDGE_CURVE ( 'NONE', #2098, #67, #2552, .T. ) ;
#439 = CARTESIAN_POINT ( 'NONE',  ( -7.249999999999999112, -2.725252258054535748, 0.2500000000000002220 ) ) ;
#440 = VECTOR ( 'NONE', #2284, 999.9999999999998863 ) ;
#441 = ADVANCED_FACE ( 'NONE', ( #723 ), #1112, .T. ) ;
#442 = DIRECTION ( 'NONE',  ( 1.000000000000000000, 0.000000000000000000, 0.000000000000000000 ) ) ;
#443 = PLANE ( 'NONE',  #1685 ) ;
#444 = ORIENTED_EDGE ( 'NONE', *, *, #2042, .T. ) ;
#445 = VECTOR ( 'NONE', #964, 1000.000000000000000 ) ;
#446 = PLANE ( 'NONE',  #2074 ) ;
#447 = EDGE_LOOP ( 'NONE', ( #1113, #2353, #901, #1385 ) ) ;
#448 = AXIS2_PLACEMENT_3D ( 'NONE', #1596, #345, #1981 ) ;
#449 = PRODUCT_DEFINITION ( 'UNKNOWN', '', #1381, #2044 ) ;
#450 = LINE ( 'NONE', #1454, #2076 ) ;
#451 = FACE_OUTER_BOUND ( 'NONE', #1168, .T. ) ;
#452 = VERTEX_POINT ( 'NONE', #1725 ) ;
#453 = LINE ( 'NONE', #2498, #276 ) ;
#454 = CARTESIAN_POINT ( 'NONE',  ( -15.25000000000000000, -2.725252258054540633, -0.2500000000000002220 ) ) ;
#455 = DIRECTION ( 'NONE',  ( 0.000000000000000000, 0.000000000000000000, 1.000000000000000000 ) ) ;
#456 = DIRECTION ( 'NONE',  ( 1.000000000000000000, 0.000000000000000000, 0.000000000000000000 ) ) ;
#457 = ORIENTED_EDGE ( 'NONE', *, *, #2432, .T. ) ;
#458 = ORIENTED_EDGE ( 'NONE', *, *, #438, .T. ) ;
#459 = FACE_OUTER_BOUND ( 'NONE', #491, .T. ) ;
#460 = LINE ( 'NONE', #2493, #2553 ) ;
#461 = DIRECTION ( 'NONE',  ( 0.4393748767463373506, 0.8983038003282302064, 0.000000000000000000 ) ) ;
#462 = EDGE_LOOP ( 'NONE', ( #2480, #1715, #2608, #2342, #1307, #1032, #809, #2547 ) ) ;
#463 = EDGE_CURVE ( 'NONE', #1837, #2320, #2134, .T. ) ;
#464 = ADVANCED_FACE ( 'NONE', ( #1555 ), #148, .F. ) ;
#465 = ORIENTED_EDGE ( 'NONE', *, *, #1732, .F. ) ;
#466 = CARTESIAN_POINT ( 'NONE',  ( -0.8000000000000004885, 3.075000000000000622, -2.200000000000000622 ) ) ;
#467 = FACE_OUTER_BOUND ( 'NONE', #1467, .T. ) ;
#468 = DIRECTION ( 'NONE',  ( 1.000000000000000000, -0.000000000000000000, 0.000000000000000000 ) ) ;
#469 = VERTEX_POINT ( 'NONE', #1524 ) ;
#470 = VECTOR ( 'NONE', #2461, 1000.000000000000000 ) ;
#471 = ORIENTED_EDGE ( 'NONE', *, *, #1267, .T. ) ;
#472 = FILL_AREA_STYLE_COLOUR ( '', #362 ) ;
#473 = EDGE_CURVE ( 'NONE', #503, #1735, #743, .T. ) ;
#474 = CARTESIAN_POINT ( 'NONE',  ( -2.450000000000001510, 1.600000000000000755, -2.649999999999999911 ) ) ;
#475 = ORIENTED_EDGE ( 'NONE', *, *, #1461, .F. ) ;
#476 = ORIENTED_EDGE ( 'NONE', *, *, #1833, .T. ) ;
#477 = CARTESIAN_POINT ( 'NONE',  ( -8.383993632231169002, 7.383993632231169890, 1.031351048774026502 ) ) ;
#478 = CARTESIAN_POINT ( 'NONE',  ( 8.400000000000000355, 6.400000000000001243, 0.7499999999999975575 ) ) ;
#479 = AXIS2_PLACEMENT_3D ( 'NONE', #736, #1337, #708 ) ;
#480 = DIRECTION ( 'NONE',  ( 0.000000000000000000, 0.000000000000000000, 1.000000000000000000 ) ) ;
#481 = ORIENTED_EDGE ( 'NONE', *, *, #2432, .F. ) ;
#482 = CIRCLE ( 'NONE', #1207, 0.04999999999999969746 ) ;
#483 = ORIENTED_EDGE ( 'NONE', *, *, #1750, .T. ) ;
#484 = EDGE_CURVE ( 'NONE', #699, #1176, #499, .T. ) ;
#485 = CIRCLE ( 'NONE', #2298, 0.04999999999999953787 ) ;
#486 = FACE_OUTER_BOUND ( 'NONE', #510, .T. ) ;
#487 = DIRECTION ( 'NONE',  ( 0.000000000000000000, 0.000000000000000000, 1.000000000000000000 ) ) ;
#488 = LINE ( 'NONE', #1568, #2027 ) ;
#489 = DIRECTION ( 'NONE',  ( 0.000000000000000000, 0.000000000000000000, 1.000000000000000000 ) ) ;
#490 = DIRECTION ( 'NONE',  ( 1.000000000000000000, 0.000000000000000000, 0.000000000000000000 ) ) ;
#491 = EDGE_LOOP ( 'NONE', ( #458, #1187, #1905, #410 ) ) ;
#492 = EDGE_LOOP ( 'NONE', ( #858, #1890, #626, #842 ) ) ;
#493 = LINE ( 'NONE', #1488, #1002 ) ;
#494 = DIRECTION ( 'NONE',  ( 1.000000000000000000, 0.000000000000000000, 0.000000000000000000 ) ) ;
#495 = CARTESIAN_POINT ( 'NONE',  ( -7.249999999999999112, -3.000000000000000000, 0.2500000000000002220 ) ) ;
#496 = CARTESIAN_POINT ( 'NONE',  ( -6.749999999999999112, -1.000000000000000222, 0.2500000000000002220 ) ) ;
#497 = ORIENTED_EDGE ( 'NONE', *, *, #553, .F. ) ;
#498 = DIRECTION ( 'NONE',  ( -1.000000000000000000, 0.000000000000000000, 0.000000000000000000 ) ) ;
#499 = LINE ( 'NONE', #1351, #2252 ) ;
#500 = DIRECTION ( 'NONE',  ( 0.000000000000000000, 0.000000000000000000, 1.000000000000000000 ) ) ;
#501 = CARTESIAN_POINT ( 'NONE',  ( -15.25000000000000000, -2.725252258054540633, -0.2500000000000002220 ) ) ;
#502 = ORIENTED_EDGE ( 'NONE', *, *, #711, .F. ) ;
#503 = VERTEX_POINT ( 'NONE', #1538 ) ;
#504 = CARTESIAN_POINT ( 'NONE',  ( -6.949999999999999289, -1.649999999999999911, 0.2500000000000002220 ) ) ;
#505 = EDGE_CURVE ( 'NONE', #77, #311, #1954, .T. ) ;
#506 = CARTESIAN_POINT ( 'NONE',  ( -8.400000000000000355, 1.599999999999998979, -0.8999999999999993561 ) ) ;
#507 = FACE_OUTER_BOUND ( 'NONE', #1184, .T. ) ;
#508 = DIRECTION ( 'NONE',  ( 0.9396926207859079838, 0.3420201433256698786, -0.000000000000000000 ) ) ;
#509 = ORIENTED_EDGE ( 'NONE', *, *, #315, .T. ) ;
#510 = EDGE_LOOP ( 'NONE', ( #122, #1157, #733, #775, #2221 ) ) ;
#511 = ADVANCED_FACE ( 'NONE', ( #534 ), #2197, .F. ) ;
#512 = SURFACE_STYLE_USAGE ( .BOTH. , #2363 ) ;
#513 = DIRECTION ( 'NONE',  ( 0.000000000000000000, 0.000000000000000000, 1.000000000000000000 ) ) ;
#514 = DIRECTION ( 'NONE',  ( -0.3236155771181855600, -0.8891264907159877051, 0.3236155771181855600 ) ) ;
#515 =( LENGTH_UNIT ( ) NAMED_UNIT ( * ) SI_UNIT ( .MILLI., .METRE. ) );
#516 = VERTEX_POINT ( 'NONE', #191 ) ;
#517 = ADVANCED_FACE ( 'NONE', ( #792 ), #1014, .F. ) ;
#518 = ORIENTED_EDGE ( 'NONE', *, *, #2114, .T. ) ;
#519 = DIRECTION ( 'NONE',  ( 0.7071067811865475727, 0.7071067811865475727, 0.000000000000000000 ) ) ;
#520 = CARTESIAN_POINT ( 'NONE',  ( 5.999999999999999112, 7.350000000000000533, 2.050000000000000266 ) ) ;
#521 = DIRECTION ( 'NONE',  ( 0.000000000000000000, 1.000000000000000000, 0.000000000000000000 ) ) ;
#522 = ADVANCED_FACE ( 'NONE', ( #2449 ), #1828, .F. ) ;
#523 = LINE ( 'NONE', #160, #149 ) ;
#524 = VERTEX_POINT ( 'NONE', #1178 ) ;
#525 = AXIS2_PLACEMENT_3D ( 'NONE', #1998, #974, #1206 ) ;
#526 = AXIS2_PLACEMENT_3D ( 'NONE', #328, #1135, #1347 ) ;
#527 = ORIENTED_EDGE ( 'NONE', *, *, #162, .F. ) ;
#528 = ADVANCED_FACE ( 'NONE', ( #810 ), #1773, .T. ) ;
#529 = EDGE_CURVE ( 'NONE', #916, #704, #488, .T. ) ;
#530 = DIRECTION ( 'NONE',  ( -1.445602896647339656E-16, -0.000000000000000000, -1.000000000000000000 ) ) ;
#531 = VECTOR ( 'NONE', #1577, 1000.000000000000000 ) ;
#532 = CARTESIAN_POINT ( 'NONE',  ( -6.749999999999999112, -3.000000000000000000, 0.2500000000000002220 ) ) ;
#533 = CARTESIAN_POINT ( 'NONE',  ( 0.000000000000000000, -3.000000000000000000, 0.000000000000000000 ) ) ;
#534 = FACE_OUTER_BOUND ( 'NONE', #2415, .T. ) ;
#535 = STYLED_ITEM ( 'NONE', ( #400 ), #1316 ) ;
#536 = CARTESIAN_POINT ( 'NONE',  ( -8.400000000000000355, 15.09175507887385415, 5.754673338071190081 ) ) ;
#537 = EDGE_CURVE ( 'NONE', #1735, #1265, #821, .T. ) ;
#538 = ORIENTED_EDGE ( 'NONE', *, *, #1952, .T. ) ;
#539 = ORIENTED_EDGE ( 'NONE', *, *, #70, .T. ) ;
#540 = AXIS2_PLACEMENT_3D ( 'NONE', #2127, #2141, #730 ) ;
#541 = CARTESIAN_POINT ( 'NONE',  ( -7.299999999999998934, -2.300000000000000266, 0.2500000000000002220 ) ) ;
#542 = EDGE_CURVE ( 'NONE', #2361, #1062, #147, .T. ) ;
#543 = DIRECTION ( 'NONE',  ( 1.000000000000000000, 0.000000000000000000, 0.000000000000000000 ) ) ;
#544 = CARTESIAN_POINT ( 'NONE',  ( 8.400000000000000355, 1.599999999999998979, 2.049999999999998046 ) ) ;
#545 = CARTESIAN_POINT ( 'NONE',  ( -6.949999999999999289, -1.649999999999999911, -0.2500000000000002220 ) ) ;
#546 = VERTEX_POINT ( 'NONE', #1165 ) ;
#547 = ORIENTED_EDGE ( 'NONE', *, *, #1312, .F. ) ;
#548 = LINE ( 'NONE', #692, #2340 ) ;
#549 = DIRECTION ( 'NONE',  ( 0.000000000000000000, -0.000000000000000000, -1.000000000000000000 ) ) ;
#550 = VERTEX_POINT ( 'NONE', #1001 ) ;
#551 = EDGE_CURVE ( 'NONE', #24, #1229, #601, .T. ) ;
#552 = ORIENTED_EDGE ( 'NONE', *, *, #246, .T. ) ;
#553 = EDGE_CURVE ( 'NONE', #516, #1757, #1608, .T. ) ;
#554 = CARTESIAN_POINT ( 'NONE',  ( -9.000000000000000000, 5.900000000000000355, 2.649999999999999467 ) ) ;
#555 =( NAMED_UNIT ( * ) PLANE_ANGLE_UNIT ( ) SI_UNIT ( $, .RADIAN. ) );
#556 = CARTESIAN_POINT ( 'NONE',  ( 0.7999999999999997113, 4.900000000000000355, -1.500000000000000444 ) ) ;
#557 = ORIENTED_EDGE ( 'NONE', *, *, #1394, .F. ) ;
#558 = CARTESIAN_POINT ( 'NONE',  ( -14.75000000000000000, -2.725252258054540633, 0.2500000000000002220 ) ) ;
#559 = EDGE_LOOP ( 'NONE', ( #2205, #2443, #2075, #1193, #2366, #262, #1233, #2015, #2151, #1270, #2301, #1380 ) ) ;
#560 = FACE_OUTER_BOUND ( 'NONE', #1885, .T. ) ;
#561 = DIRECTION ( 'NONE',  ( 1.000000000000000000, 0.000000000000000000, -1.445602896647339656E-16 ) ) ;
#562 = EDGE_CURVE ( 'NONE', #129, #1563, #2457, .T. ) ;
#563 = ORIENTED_EDGE ( 'NONE', *, *, #484, .T. ) ;
#564 = PRODUCT_DEFINITION_SHAPE ( 'NONE', 'NONE',  #449 ) ;
#565 = CARTESIAN_POINT ( 'NONE',  ( 0.000000000000000000, 0.000000000000000000, 0.000000000000000000 ) ) ;
#566 = ORIENTED_EDGE ( 'NONE', *, *, #2038, .T. ) ;
#567 = CARTESIAN_POINT ( 'NONE',  ( -7.299999999999998934, -2.300000000000000266, 0.2500000000000002220 ) ) ;
#568 = LINE ( 'NONE', #1766, #2102 ) ;
#569 = ORIENTED_EDGE ( 'NONE', *, *, #293, .T. ) ;
#570 = DIRECTION ( 'NONE',  ( -0.000000000000000000, 0.3420201433256698786, -0.9396926207859079838 ) ) ;
#571 = UNCERTAINTY_MEASURE_WITH_UNIT (LENGTH_MEASURE( 1.000000000000000082E-05 ), #1222, 'distance_accuracy_value', 'NONE');
#572 = CARTESIAN_POINT ( 'NONE',  ( -7.249999999999999112, -2.725252258054535748, 0.2500000000000002220 ) ) ;
#573 = CARTESIAN_POINT ( 'NONE',  ( -6.994915190016411266, -1.671968743837317861, -0.2500000000000002220 ) ) ;
#574 = LINE ( 'NONE', #1375, #1129 ) ;
#575 = DIRECTION ( 'NONE',  ( 1.000000000000000000, -0.000000000000000000, -0.000000000000000000 ) ) ;
#576 = VECTOR ( 'NONE', #648, 1000.000000000000000 ) ;
#577 = APPLICATION_PROTOCOL_DEFINITION ( 'draft international standard', 'automotive_design', 1998, #397 ) ;
#578 = ADVANCED_FACE ( 'NONE', ( #613 ), #1377, .T. ) ;
#579 = ORIENTED_EDGE ( 'NONE', *, *, #1540, .T. ) ;
#580 = AXIS2_PLACEMENT_3D ( 'NONE', #1643, #855, #637 ) ;
#581 = ORIENTED_EDGE ( 'NONE', *, *, #1354, .T. ) ;
#582 =( GEOMETRIC_REPRESENTATION_CONTEXT ( 3 ) GLOBAL_UNCERTAINTY_ASSIGNED_CONTEXT ( ( #2538 ) ) GLOBAL_UNIT_ASSIGNED_CONTEXT ( ( #2014, #798, #206 ) ) REPRESENTATION_CONTEXT ( 'NONE', 'WORKASPACE' ) );
#583 = DIRECTION ( 'NONE',  ( -0.000000000000000000, -0.000000000000000000, 1.000000000000000000 ) ) ;
#584 = LINE ( 'NONE', #1747, #2287 ) ;
#585 = ORIENTED_EDGE ( 'NONE', *, *, #2423, .F. ) ;
#586 = VECTOR ( 'NONE', #913, 999.9999999999998863 ) ;
#587 = LINE ( 'NONE', #143, #406 ) ;
#588 = DIRECTION ( 'NONE',  ( 0.000000000000000000, -0.000000000000000000, 1.000000000000000000 ) ) ;
#589 = CARTESIAN_POINT ( 'NONE',  ( -6.749999999999999112, -2.400000000000000355, -0.2500000000000002220 ) ) ;
#590 = ORIENTED_EDGE ( 'NONE', *, *, #2100, .F. ) ;
#591 = ORIENTED_EDGE ( 'NONE', *, *, #2362, .T. ) ;
#592 = CARTESIAN_POINT ( 'NONE',  ( -7.249999999999999112, -3.000000000000000000, -0.2500000000000002220 ) ) ;
#593 = CARTESIAN_POINT ( 'NONE',  ( -7.249999999999999112, -3.000000000000000000, 0.2500000000000002220 ) ) ;
#594 = ORIENTED_EDGE ( 'NONE', *, *, #1656, .T. ) ;
#595 = EDGE_CURVE ( 'NONE', #91, #1882, #376, .T. ) ;
#596 = ADVANCED_BREP_SHAPE_REPRESENTATION ( '', ( #981, #403 ), #1007 ) ;
#597 = PRODUCT_DEFINITION_CONTEXT ( 'detailed design', #2153, 'design' ) ;
#598 = EDGE_LOOP ( 'NONE', ( #727, #68, #1037, #79 ) ) ;
#599 = CARTESIAN_POINT ( 'NONE',  ( -9.000000000000005329, 2.204364238465236217E-15, -1.499999999999999112 ) ) ;
#600 = LINE ( 'NONE', #2245, #1371 ) ;
#601 = LINE ( 'NONE', #166, #2546 ) ;
#602 = ORIENTED_EDGE ( 'NONE', *, *, #205, .F. ) ;
#603 = DIRECTION ( 'NONE',  ( 0.8983038003282294293, 0.4393748767463390714, 0.000000000000000000 ) ) ;
#604 = EDGE_CURVE ( 'NONE', #2098, #1606, #1362, .T. ) ;
#605 = DIRECTION ( 'NONE',  ( 0.000000000000000000, 0.000000000000000000, 1.000000000000000000 ) ) ;
#606 = DIRECTION ( 'NONE',  ( 0.9396926207859079838, 0.3420201433256698231, -0.000000000000000000 ) ) ;
#607 = VERTEX_POINT ( 'NONE', #2651 ) ;
#608 = AXIS2_PLACEMENT_3D ( 'NONE', #573, #1374, #2223 ) ;
#609 = LINE ( 'NONE', #2242, #611 ) ;
#610 = CARTESIAN_POINT ( 'NONE',  ( -9.000000000000005329, 1.600000000000002309, -2.649999999999999023 ) ) ;
#611 = VECTOR ( 'NONE', #391, 1000.000000000000000 ) ;
#612 = EDGE_CURVE ( 'NONE', #268, #1499, #2208, .T. ) ;
#613 = FACE_OUTER_BOUND ( 'NONE', #1585, .T. ) ;
#614 = AXIS2_PLACEMENT_3D ( 'NONE', #1340, #346, #958 ) ;
#615 = VECTOR ( 'NONE', #1562, 1000.000000000000000 ) ;
#616 = DIRECTION ( 'NONE',  ( 0.000000000000000000, 1.000000000000000000, 0.000000000000000000 ) ) ;
#617 = ADVANCED_FACE ( 'NONE', ( #1598 ), #411, .T. ) ;
#618 = DIRECTION ( 'NONE',  ( 0.000000000000000000, 0.000000000000000000, -1.000000000000000000 ) ) ;
#619 = VECTOR ( 'NONE', #773, 1000.000000000000000 ) ;
#620 = CARTESIAN_POINT ( 'NONE',  ( -6.805932909819473409, -2.058343817789513253, 0.2500000000000002220 ) ) ;
#621 = CARTESIAN_POINT ( 'NONE',  ( 9.000000000000001776, 1.600000000000000089, -2.650000000000001688 ) ) ;
#622 = CARTESIAN_POINT ( 'NONE',  ( -7.249999999999999112, -2.400000000000000355, -0.2500000000000002220 ) ) ;
#623 = DIRECTION ( 'NONE',  ( 0.000000000000000000, 0.000000000000000000, -1.000000000000000000 ) ) ;
#624 = LINE ( 'NONE', #819, #2194 ) ;
#625 = ORIENTED_EDGE ( 'NONE', *, *, #1025, .T. ) ;
#626 = ORIENTED_EDGE ( 'NONE', *, *, #1418, .T. ) ;
#627 = CARTESIAN_POINT ( 'NONE',  ( -9.000000000000000000, 6.400000000000001243, 0.7499999999999995559 ) ) ;
#628 = EDGE_CURVE ( 'NONE', #699, #305, #1220, .T. ) ;
#629 = CARTESIAN_POINT ( 'NONE',  ( -7.249999999999999112, -1.000000000000000222, -0.2500000000000002220 ) ) ;
#630 = ADVANCED_FACE ( 'NONE', ( #213 ), #2248, .T. ) ;
#631 = DIRECTION ( 'NONE',  ( -0.000000000000000000, -0.000000000000000000, -1.000000000000000000 ) ) ;
#632 = DIRECTION ( 'NONE',  ( -1.000000000000000000, 1.224646799147352961E-16, 1.445602896647338670E-16 ) ) ;
#633 = CARTESIAN_POINT ( 'NONE',  ( 0.7999999999999996003, 3.862207322041079749, -2.200000000000000622 ) ) ;
#634 = LINE ( 'NONE', #2244, #886 ) ;
#635 = ORIENTED_EDGE ( 'NONE', *, *, #1289, .T. ) ;
#636 = ORIENTED_EDGE ( 'NONE', *, *, #1857, .T. ) ;
#637 = DIRECTION ( 'NONE',  ( 1.000000000000000000, 0.000000000000000000, -0.000000000000000000 ) ) ;
#638 = EDGE_CURVE ( 'NONE', #1311, #1499, #1335, .T. ) ;
#639 =( NAMED_UNIT ( * ) SI_UNIT ( $, .STERADIAN. ) SOLID_ANGLE_UNIT ( ) );
#640 = CARTESIAN_POINT ( 'NONE',  ( 8.400000000000000355, 7.400000000000000355, 0.7499999999999975575 ) ) ;
#641 = ORIENTED_EDGE ( 'NONE', *, *, #1339, .F. ) ;
#642 = CARTESIAN_POINT ( 'NONE',  ( 6.999999999999999112, 7.400000000000000355, 2.649999999999998135 ) ) ;
#643 = CARTESIAN_POINT ( 'NONE',  ( 0.7999999999999996003, 3.075000000000000622, -2.200000000000000622 ) ) ;
#644 = CARTESIAN_POINT ( 'NONE',  ( -15.25000000000000000, -2.725252258054540633, 0.2500000000000002220 ) ) ;
#645 = ADVANCED_FACE ( 'NONE', ( #2196 ), #145, .F. ) ;
#646 = DIRECTION ( 'NONE',  ( -1.445602896647339656E-16, -0.000000000000000000, -1.000000000000000000 ) ) ;
#647 = EDGE_LOOP ( 'NONE', ( #828, #2026, #471, #457 ) ) ;
#648 = DIRECTION ( 'NONE',  ( 0.000000000000000000, 1.000000000000000000, 0.000000000000000000 ) ) ;
#649 = ORIENTED_EDGE ( 'NONE', *, *, #205, .T. ) ;
#650 = DIRECTION ( 'NONE',  ( 0.000000000000000000, 0.000000000000000000, 1.000000000000000000 ) ) ;
#651 = CARTESIAN_POINT ( 'NONE',  ( -6.949999999999999289, -1.649999999999999911, 0.2500000000000002220 ) ) ;
#652 = VECTOR ( 'NONE', #426, 1000.000000000000000 ) ;
#653 = CARTESIAN_POINT ( 'NONE',  ( -8.400000000000000355, 1.599999999999998979, -0.8999999999999993561 ) ) ;
#654 = VERTEX_POINT ( 'NONE', #344 ) ;
#655 = AXIS2_PLACEMENT_3D ( 'NONE', #190, #2404, #1361 ) ;
#656 = CIRCLE ( 'NONE', #705, 0.5500000000000001554 ) ;
#657 = VECTOR ( 'NONE', #2308, 1000.000000000000000 ) ;
#658 = LINE ( 'NONE', #2290, #2472 ) ;
#659 = DIRECTION ( 'NONE',  ( -0.3236155771181855600, -0.8891264907159877051, -0.3236155771181855600 ) ) ;
#660 = VERTEX_POINT ( 'NONE', #1950 ) ;
#661 = VECTOR ( 'NONE', #1442, 1000.000000000000000 ) ;
#662 = VECTOR ( 'NONE', #416, 1000.000000000000000 ) ;
#663 = ORIENTED_EDGE ( 'NONE', *, *, #1189, .T. ) ;
#664 = EDGE_CURVE ( 'NONE', #2406, #91, #2163, .T. ) ;
#665 = CIRCLE ( 'NONE', #202, 1.000000000000000000 ) ;
#666 = CARTESIAN_POINT ( 'NONE',  ( -7.249999999999999112, 0.000000000000000000, 0.2500000000000002220 ) ) ;
#667 = CARTESIAN_POINT ( 'NONE',  ( 9.000000000000001776, 1.600000000000000089, -1.500000000000001776 ) ) ;
#668 = ORIENTED_EDGE ( 'NONE', *, *, #1142, .T. ) ;
#669 = ORIENTED_EDGE ( 'NONE', *, *, #2390, .F. ) ;
#670 = LINE ( 'NONE', #81, #1679 ) ;
#671 = PLANE ( 'NONE',  #2211 ) ;
#672 = ADVANCED_FACE ( 'NONE', ( #940 ), #373, .T. ) ;
#673 = ORIENTED_EDGE ( 'NONE', *, *, #542, .F. ) ;
#674 = ORIENTED_EDGE ( 'NONE', *, *, #1258, .T. ) ;
#675 = AXIS2_PLACEMENT_3D ( 'NONE', #702, #1504, #2142 ) ;
#676 = DIRECTION ( 'NONE',  ( 0.000000000000000000, 0.000000000000000000, -1.000000000000000000 ) ) ;
#677 = DIRECTION ( 'NONE',  ( -0.8983038003282231010, -0.4393748767463518945, 0.000000000000000000 ) ) ;
#678 = SURFACE_STYLE_USAGE ( .BOTH. , #1259 ) ;
#679 = LINE ( 'NONE', #1069, #31 ) ;
#680 = ORIENTED_EDGE ( 'NONE', *, *, #1179, .F. ) ;
#681 = ORIENTED_EDGE ( 'NONE', *, *, #1221, .F. ) ;
#682 = PLANE ( 'NONE',  #195 ) ;
#683 = ADVANCED_FACE ( 'NONE', ( #560 ), #2416, .F. ) ;
#684 = DIRECTION ( 'NONE',  ( 1.324216393875425588E-16, 0.000000000000000000, 1.000000000000000000 ) ) ;
#685 = ADVANCED_FACE ( 'NONE', ( #1771 ), #316, .T. ) ;
#686 = DIRECTION ( 'NONE',  ( 1.000000000000000000, 0.000000000000000000, 0.000000000000000000 ) ) ;
#687 = ORIENTED_EDGE ( 'NONE', *, *, #963, .T. ) ;
#688 = VECTOR ( 'NONE', #1473, 1000.000000000000000 ) ;
#689 = ORIENTED_EDGE ( 'NONE', *, *, #396, .T. ) ;
#690 = CARTESIAN_POINT ( 'NONE',  ( -9.000000000000005329, 6.924870448613815732, 0.7500000000000008882 ) ) ;
#691 = AXIS2_PLACEMENT_3D ( 'NONE', #2544, #703, #1505 ) ;
#692 = CARTESIAN_POINT ( 'NONE',  ( -8.400000000000000355, 5.900000000000000355, -0.8999999999999993561 ) ) ;
#693 = DIRECTION ( 'NONE',  ( 0.000000000000000000, -1.000000000000000000, 0.000000000000000000 ) ) ;
#694 = CARTESIAN_POINT ( 'NONE',  ( 18.00000000000000355, 2.168404344971008868E-16, -1.867237074836146717E-16 ) ) ;
#695 = CARTESIAN_POINT ( 'NONE',  ( -6.994915190016411266, -1.628031256162682405, -0.2500000000000002220 ) ) ;
#696 = EDGE_LOOP ( 'NONE', ( #1677, #1255, #170, #497 ) ) ;
#697 = AXIS2_PLACEMENT_3D ( 'NONE', #1012, #27, #1652 ) ;
#698 = PRODUCT_DEFINITION ( 'UNKNOWN', '', #1169, #597 ) ;
#699 = VERTEX_POINT ( 'NONE', #2206 ) ;
#700 = LINE ( 'NONE', #1717, #870 ) ;
#701 = DIRECTION ( 'NONE',  ( -1.445602896647339656E-16, -0.000000000000000000, -1.000000000000000000 ) ) ;
#702 = CARTESIAN_POINT ( 'NONE',  ( -15.25000000000000000, -2.725252258054540633, -0.2500000000000002220 ) ) ;
#703 = DIRECTION ( 'NONE',  ( 0.000000000000000000, 0.000000000000000000, -1.000000000000000000 ) ) ;
#704 = VERTEX_POINT ( 'NONE', #1553 ) ;
#705 = AXIS2_PLACEMENT_3D ( 'NONE', #567, #379, #1185 ) ;
#706 = ORIENTED_EDGE ( 'NONE', *, *, #2444, .F. ) ;
#707 = COLOUR_RGB ( '',0.7960784313725489669, 0.8235294117647058432, 0.9372549019607843146 ) ;
#708 = DIRECTION ( 'NONE',  ( 1.000000000000000000, 0.000000000000000000, -0.000000000000000000 ) ) ;
#709 = CARTESIAN_POINT ( 'NONE',  ( 9.000000000000000000, 18.15862284482674482, 0.7499999999999974465 ) ) ;
#710 = CIRCLE ( 'NONE', #448, 0.5000000000000000000 ) ;
#711 = EDGE_CURVE ( 'NONE', #2564, #1476, #785, .T. ) ;
#712 = EDGE_LOOP ( 'NONE', ( #2168, #1749, #1441, #1506 ) ) ;
#713 = ORIENTED_EDGE ( 'NONE', *, *, #2410, .T. ) ;
#714 = DIRECTION ( 'NONE',  ( 0.4393748767463373506, 0.8983038003282302064, 0.000000000000000000 ) ) ;
#715 = CARTESIAN_POINT ( 'NONE',  ( -9.000000000000000000, 5.900000000000000355, 0.2499999999999993616 ) ) ;
#716 = EDGE_CURVE ( 'NONE', #311, #2005, #164, .T. ) ;
#717 = DIRECTION ( 'NONE',  ( -1.324216393875425588E-16, 0.000000000000000000, -1.000000000000000000 ) ) ;
#718 = CARTESIAN_POINT ( 'NONE',  ( 9.000000000000001776, 5.900000000000000355, 2.649999999999999911 ) ) ;
#719 = ORIENTED_EDGE ( 'NONE', *, *, #484, .F. ) ;
#720 = ORIENTED_EDGE ( 'NONE', *, *, #330, .T. ) ;
#721 = SURFACE_STYLE_FILL_AREA ( #1723 ) ;
#722 = DIRECTION ( 'NONE',  ( 1.000000000000000000, 0.000000000000000000, -1.324216393875425095E-16 ) ) ;
#723 = FACE_OUTER_BOUND ( 'NONE', #267, .T. ) ;
#724 = ADVANCED_FACE ( 'NONE', ( #1177 ), #130, .T. ) ;
#725 = ORIENTED_EDGE ( 'NONE', *, *, #2450, .T. ) ;
#726 = ADVANCED_FACE ( 'NONE', ( #780 ), #1579, .T. ) ;
#727 = ORIENTED_EDGE ( 'NONE', *, *, #52, .T. ) ;
#728 = ADVANCED_FACE ( 'NONE', ( #176 ), #985, .F. ) ;
#729 = DIRECTION ( 'NONE',  ( 0.000000000000000000, 0.000000000000000000, -1.000000000000000000 ) ) ;
#730 = DIRECTION ( 'NONE',  ( 1.000000000000000000, 0.000000000000000000, 0.000000000000000000 ) ) ;
#731 = CARTESIAN_POINT ( 'NONE',  ( -14.75000000000000000, -2.725252258054540633, 0.2500000000000002220 ) ) ;
#732 = ORIENTED_EDGE ( 'NONE', *, *, #868, .F. ) ;
#733 = ORIENTED_EDGE ( 'NONE', *, *, #529, .T. ) ;
#734 = EDGE_CURVE ( 'NONE', #1228, #1736, #2280, .T. ) ;
#735 = LINE ( 'NONE', #1799, #977 ) ;
#736 = CARTESIAN_POINT ( 'NONE',  ( -7.444067090180526591, -1.891656182210486925, 0.2500000000000002220 ) ) ;
#737 = FACE_OUTER_BOUND ( 'NONE', #1654, .T. ) ;
#738 = LINE ( 'NONE', #1983, #1199 ) ;
#739 = CARTESIAN_POINT ( 'NONE',  ( 0.000000000000000000, 0.000000000000000000, 0.000000000000000000 ) ) ;
#740 = ORIENTED_EDGE ( 'NONE', *, *, #1485, .F. ) ;
#741 = DIRECTION ( 'NONE',  ( 0.000000000000000000, 0.000000000000000000, -1.000000000000000000 ) ) ;
#742 = FACE_OUTER_BOUND ( 'NONE', #598, .T. ) ;
#743 = CIRCLE ( 'NONE', #193, 0.5500000000000001554 ) ;
#744 = LINE ( 'NONE', #544, #134 ) ;
#745 = FACE_OUTER_BOUND ( 'NONE', #1697, .T. ) ;
#746 = ORIENTED_EDGE ( 'NONE', *, *, #1573, .F. ) ;
#747 = AXIS2_PLACEMENT_3D ( 'NONE', #589, #1393, #2236 ) ;
#748 = AXIS2_PLACEMENT_3D ( 'NONE', #1522, #1738, #498 ) ;
#749 = ORIENTED_EDGE ( 'NONE', *, *, #1161, .T. ) ;
#750 = DIRECTION ( 'NONE',  ( 0.000000000000000000, 0.5591929034707493473, -0.8290375725550400698 ) ) ;
#751 = AXIS2_PLACEMENT_3D ( 'NONE', #1172, #1154, #1744 ) ;
#752 = FACE_OUTER_BOUND ( 'NONE', #938, .T. ) ;
#753 = DIRECTION ( 'NONE',  ( 0.000000000000000000, 0.000000000000000000, 1.000000000000000000 ) ) ;
#754 = EDGE_CURVE ( 'NONE', #2283, #2593, #825, .T. ) ;
#755 = DIRECTION ( 'NONE',  ( 1.000000000000000000, 0.000000000000000000, 0.000000000000000000 ) ) ;
#756 = VERTEX_POINT ( 'NONE', #1226 ) ;
#757 = ADVANCED_FACE ( 'NONE', ( #2447 ), #1864, .F. ) ;
#758 = EDGE_LOOP ( 'NONE', ( #115, #2214, #186, #1479 ) ) ;
#759 = CARTESIAN_POINT ( 'NONE',  ( -8.400000000000000355, 18.15862284482674482, 0.7499999999999995559 ) ) ;
#760 = CARTESIAN_POINT ( 'NONE',  ( 0.7999999999999997113, 3.075000000000000622, -1.500000000000000444 ) ) ;
#761 = LINE ( 'NONE', #126, #1445 ) ;
#762 = ORIENTED_EDGE ( 'NONE', *, *, #754, .T. ) ;
#763 = VECTOR ( 'NONE', #1518, 1000.000000000000000 ) ;
#764 = DIRECTION ( 'NONE',  ( -0.4393748767463385718, 0.8983038003282295403, 0.000000000000000000 ) ) ;
#765 = ADVANCED_FACE ( 'NONE', ( #2268 ), #2466, .F. ) ;
#766 = CARTESIAN_POINT ( 'NONE',  ( 2.449999999999999734, 5.900000000000000355, -1.500000000000000888 ) ) ;
#767 = CARTESIAN_POINT ( 'NONE',  ( -2.450000000000001510, 1.600000000000000755, -1.500000000000000000 ) ) ;
#768 =( NAMED_UNIT ( * ) PLANE_ANGLE_UNIT ( ) SI_UNIT ( $, .RADIAN. ) );
#769 = DIRECTION ( 'NONE',  ( 0.8983038003282283190, -0.4393748767463412919, 0.000000000000000000 ) ) ;
#770 = ORIENTED_EDGE ( 'NONE', *, *, #716, .T. ) ;
#771 = MECHANICAL_DESIGN_GEOMETRIC_PRESENTATION_REPRESENTATION (  '', ( #1874 ), #2136 ) ;
#772 = ORIENTED_EDGE ( 'NONE', *, *, #844, .T. ) ;
#773 = DIRECTION ( 'NONE',  ( -0.000000000000000000, -1.000000000000000000, -0.000000000000000000 ) ) ;
#774 = CARTESIAN_POINT ( 'NONE',  ( -9.000000000000005329, 6.924870448613815732, 0.7500000000000008882 ) ) ;
#775 = ORIENTED_EDGE ( 'NONE', *, *, #2122, .T. ) ;
#776 = EDGE_CURVE ( 'NONE', #2009, #516, #609, .T. ) ;
#777 = DIRECTION ( 'NONE',  ( 0.000000000000000000, 0.000000000000000000, 1.000000000000000000 ) ) ;
#778 = LINE ( 'NONE', #2446, #2124 ) ;
#779 = EDGE_CURVE ( 'NONE', #1439, #1388, #1412, .T. ) ;
#780 = FACE_OUTER_BOUND ( 'NONE', #1993, .T. ) ;
#781 = CARTESIAN_POINT ( 'NONE',  ( -9.000000000000005329, 6.924870448613815732, 0.7500000000000008882 ) ) ;
#782 = ORIENTED_EDGE ( 'NONE', *, *, #47, .F. ) ;
#783 = EDGE_LOOP ( 'NONE', ( #552, #2087, #60, #2018 ) ) ;
#784 = CYLINDRICAL_SURFACE ( 'NONE', #1164, 0.04999999999999969746 ) ;
#785 = CIRCLE ( 'NONE', #1409, 0.5499999999999998224 ) ;
#786 = DIRECTION ( 'NONE',  ( -0.000000000000000000, -1.000000000000000000, -0.000000000000000000 ) ) ;
#787 = ORIENTED_EDGE ( 'NONE', *, *, #1290, .F. ) ;
#788 = CARTESIAN_POINT ( 'NONE',  ( -7.255084809983587846, -2.278031256162684315, 0.2500000000000002220 ) ) ;
#789 = DIRECTION ( 'NONE',  ( -1.000000000000000000, 0.000000000000000000, 0.000000000000000000 ) ) ;
#790 = ORIENTED_EDGE ( 'NONE', *, *, #1025, .F. ) ;
#791 = AXIS2_PLACEMENT_3D ( 'NONE', #1511, #102, #1299 ) ;
#792 = FACE_OUTER_BOUND ( 'NONE', #92, .T. ) ;
#793 = AXIS2_PLACEMENT_3D ( 'NONE', #690, #896, #2116 ) ;
#794 = APPLICATION_PROTOCOL_DEFINITION ( 'draft international standard', 'automotive_design', 1998, #1999 ) ;
#795 = ORIENTED_EDGE ( 'NONE', *, *, #2024, .F. ) ;
#796 = CIRCLE ( 'NONE', #1121, 0.5000000000000000000 ) ;
#797 = EDGE_CURVE ( 'NONE', #1521, #2406, #1859, .T. ) ;
#798 =( NAMED_UNIT ( * ) PLANE_ANGLE_UNIT ( ) SI_UNIT ( $, .RADIAN. ) );
#799 = EDGE_LOOP ( 'NONE', ( #782, #1024, #1070, #1964 ) ) ;
#800 =( GEOMETRIC_REPRESENTATION_CONTEXT ( 3 ) GLOBAL_UNCERTAINTY_ASSIGNED_CONTEXT ( ( #354 ) ) GLOBAL_UNIT_ASSIGNED_CONTEXT ( ( #2460, #215, #1455 ) ) REPRESENTATION_CONTEXT ( 'NONE', 'WORKASPACE' ) );
#801 = CARTESIAN_POINT ( 'NONE',  ( 9.000000000000001776, 6.400000000000001243, 0.2499999999999973910 ) ) ;
#802 = AXIS2_PLACEMENT_3D ( 'NONE', #2521, #1483, #1925 ) ;
#803 = DIRECTION ( 'NONE',  ( -0.8983038003282295403, -0.4393748767463385718, 0.000000000000000000 ) ) ;
#804 = ORIENTED_EDGE ( 'NONE', *, *, #628, .F. ) ;
#805 = CARTESIAN_POINT ( 'NONE',  ( 8.400000000000000355, 18.15862284482674482, 0.7499999999999975575 ) ) ;
#806 = EDGE_CURVE ( 'NONE', #154, #2556, #1621, .T. ) ;
#807 = DIRECTION ( 'NONE',  ( 1.000000000000000000, 0.000000000000000000, -0.000000000000000000 ) ) ;
#808 = CARTESIAN_POINT ( 'NONE',  ( 8.400000000000000355, 6.400000000000001243, 0.2499999999999975020 ) ) ;
#809 = ORIENTED_EDGE ( 'NONE', *, *, #1005, .T. ) ;
#810 = FACE_OUTER_BOUND ( 'NONE', #1886, .T. ) ;
#811 = APPLICATION_PROTOCOL_DEFINITION ( 'draft international standard', 'automotive_design', 1998, #1759 ) ;
#812 = ORIENTED_EDGE ( 'NONE', *, *, #369, .T. ) ;
#813 = CARTESIAN_POINT ( 'NONE',  ( -7.249999999999999112, -2.400000000000000355, 0.2500000000000002220 ) ) ;
#814 = AXIS2_PLACEMENT_3D ( 'NONE', #2396, #207, #717 ) ;
#815 = DIRECTION ( 'NONE',  ( 0.000000000000000000, 1.000000000000000000, 0.000000000000000000 ) ) ;
#816 = FACE_OUTER_BOUND ( 'NONE', #1691, .T. ) ;
#817 = DIRECTION ( 'NONE',  ( 0.000000000000000000, 0.000000000000000000, -1.000000000000000000 ) ) ;
#818 = CARTESIAN_POINT ( 'NONE',  ( 2.449999999999999734, 5.900000000000000355, -1.500000000000000888 ) ) ;
#819 = CARTESIAN_POINT ( 'NONE',  ( -0.8000000000000003775, 3.075000000000000622, -1.500000000000000444 ) ) ;
#820 = CARTESIAN_POINT ( 'NONE',  ( -6.999999999999999112, 7.400000000000000355, 2.649999999999999911 ) ) ;
#821 = LINE ( 'NONE', #1191, #360 ) ;
#822 = DIRECTION ( 'NONE',  ( 0.000000000000000000, -0.000000000000000000, 1.000000000000000000 ) ) ;
#823 = DIRECTION ( 'NONE',  ( -0.8983038003282293182, -0.4393748767463390714, 0.000000000000000000 ) ) ;
#824 = CARTESIAN_POINT ( 'NONE',  ( 0.000000000000000000, 0.000000000000000000, 0.000000000000000000 ) ) ;
#825 = LINE ( 'NONE', #840, #652 ) ;
#826 = FACE_OUTER_BOUND ( 'NONE', #492, .T. ) ;
#827 = ORIENTED_EDGE ( 'NONE', *, *, #2129, .F. ) ;
#828 = ORIENTED_EDGE ( 'NONE', *, *, #2158, .T. ) ;
#829 = ADVANCED_FACE ( 'NONE', ( #1392 ), #671, .T. ) ;
#830 = VECTOR ( 'NONE', #2419, 1000.000000000000000 ) ;
#831 = LINE ( 'NONE', #627, #959 ) ;
#832 = ADVANCED_FACE ( 'NONE', ( #1490 ), #2291, .T. ) ;
#833 = CARTESIAN_POINT ( 'NONE',  ( -7.249999999999999112, -2.725252258054535748, 0.2500000000000002220 ) ) ;
#834 = ADVANCED_FACE ( 'NONE', ( #273 ), #1079, .T. ) ;
#835 = VECTOR ( 'NONE', #1447, 1000.000000000000000 ) ;
#836 = DIRECTION ( 'NONE',  ( -1.000000000000000000, 0.000000000000000000, 0.000000000000000000 ) ) ;
#837 = AXIS2_PLACEMENT_3D ( 'NONE', #321, #2378, #2119 ) ;
#838 = LINE ( 'NONE', #2084, #1546 ) ;
#839 = CARTESIAN_POINT ( 'NONE',  ( 9.000000000000000000, 6.400000000000001243, 0.7499999999999974465 ) ) ;
#840 = CARTESIAN_POINT ( 'NONE',  ( -0.8000000000000004885, 3.075000000000000622, -2.200000000000000622 ) ) ;
#841 = CARTESIAN_POINT ( 'NONE',  ( -7.255084809983587846, -2.278031256162684315, -0.2500000000000002220 ) ) ;
#842 = ORIENTED_EDGE ( 'NONE', *, *, #1632, .F. ) ;
#843 = ORIENTED_EDGE ( 'NONE', *, *, #966, .T. ) ;
#844 = EDGE_CURVE ( 'NONE', #2585, #2394, #74, .T. ) ;
#845 = FACE_OUTER_BOUND ( 'NONE', #353, .T. ) ;
#846 =( NAMED_UNIT ( * ) PLANE_ANGLE_UNIT ( ) SI_UNIT ( $, .RADIAN. ) );
#847 = LINE ( 'NONE', #1873, #688 ) ;
#848 = VERTEX_POINT ( 'NONE', #2526 ) ;
#849 = DIRECTION ( 'NONE',  ( 0.000000000000000000, -0.000000000000000000, -1.000000000000000000 ) ) ;
#850 = DIRECTION ( 'NONE',  ( 0.000000000000000000, 0.000000000000000000, 1.000000000000000000 ) ) ;
#851 = CARTESIAN_POINT ( 'NONE',  ( -7.444067090180526591, -1.891656182210486925, -0.2500000000000002220 ) ) ;
#852 = VERTEX_POINT ( 'NONE', #2332 ) ;
#853 = ORIENTED_EDGE ( 'NONE', *, *, #358, .F. ) ;
#854 = CARTESIAN_POINT ( 'NONE',  ( -7.249999999999999112, -2.725252258054535748, -0.2500000000000002220 ) ) ;
#855 = DIRECTION ( 'NONE',  ( 0.000000000000000000, -0.000000000000000000, 1.000000000000000000 ) ) ;
#856 = SURFACE_STYLE_USAGE ( .BOTH. , #1872 ) ;
#857 = CARTESIAN_POINT ( 'NONE',  ( -7.000000000000000000, -1.649999999999999911, 0.2500000000000002220 ) ) ;
#858 = ORIENTED_EDGE ( 'NONE', *, *, #2122, .F. ) ;
#859 = VECTOR ( 'NONE', #1147, 1000.000000000000000 ) ;
#860 = SURFACE_SIDE_STYLE ('',( #2476 ) ) ;
#861 = LINE ( 'NONE', #1275, #2064 ) ;
#862 = EDGE_LOOP ( 'NONE', ( #435, #1662, #585, #2131 ) ) ;
#863 = EDGE_LOOP ( 'NONE', ( #187, #2602, #673, #932 ) ) ;
#864 = LINE ( 'NONE', #1674, #1855 ) ;
#865 = CARTESIAN_POINT ( 'NONE',  ( -9.000000000000005329, 1.600000000000002309, -1.499999999999999112 ) ) ;
#866 = ORIENTED_EDGE ( 'NONE', *, *, #1686, .F. ) ;
#867 = AXIS2_PLACEMENT_3D ( 'NONE', #1018, #1434, #2239 ) ;
#868 = EDGE_CURVE ( 'NONE', #1970, #2089, #1291, .T. ) ;
#869 = ORIENTED_EDGE ( 'NONE', *, *, #1142, .F. ) ;
#870 = VECTOR ( 'NONE', #1477, 999.9999999999998863 ) ;
#871 = LINE ( 'NONE', #477, #103 ) ;
#872 = DIRECTION ( 'NONE',  ( 0.000000000000000000, 0.000000000000000000, 1.000000000000000000 ) ) ;
#873 = FACE_OUTER_BOUND ( 'NONE', #29, .T. ) ;
#874 = ORIENTED_EDGE ( 'NONE', *, *, #1529, .F. ) ;
#875 = ORIENTED_EDGE ( 'NONE', *, *, #1818, .T. ) ;
#876 = DIRECTION ( 'NONE',  ( -1.000000000000000000, 0.000000000000000000, 0.000000000000000000 ) ) ;
#877 = DIRECTION ( 'NONE',  ( -0.000000000000000000, -0.000000000000000000, -1.000000000000000000 ) ) ;
#878 = ORIENTED_EDGE ( 'NONE', *, *, #2638, .F. ) ;
#879 = ORIENTED_EDGE ( 'NONE', *, *, #2034, .F. ) ;
#880 = PLANE ( 'NONE',  #957 ) ;
#881 = CARTESIAN_POINT ( 'NONE',  ( -9.000000000000005329, 2.204364238465236217E-15, -1.499999999999999112 ) ) ;
#882 = ADVANCED_FACE ( 'NONE', ( #82 ), #1705, .F. ) ;
#883 = DIRECTION ( 'NONE',  ( 0.000000000000000000, 0.000000000000000000, 1.000000000000000000 ) ) ;
#884 = EDGE_LOOP ( 'NONE', ( #2645, #1937, #2471, #1609 ) ) ;
#885 = ORIENTED_EDGE ( 'NONE', *, *, #1235, .F. ) ;
#886 = VECTOR ( 'NONE', #211, 1000.000000000000000 ) ;
#887 = LINE ( 'NONE', #1139, #1543 ) ;
#888 = DIRECTION ( 'NONE',  ( 1.000000000000000000, 0.000000000000000000, 0.000000000000000000 ) ) ;
#889 = ORIENTED_EDGE ( 'NONE', *, *, #1911, .F. ) ;
#890 = ORIENTED_EDGE ( 'NONE', *, *, #1235, .T. ) ;
#891 = LINE ( 'NONE', #1701, #906 ) ;
#892 = DIRECTION ( 'NONE',  ( -0.000000000000000000, -0.000000000000000000, 1.000000000000000000 ) ) ;
#893 = EDGE_LOOP ( 'NONE', ( #843, #923, #235, #687 ) ) ;
#894 = ORIENTED_EDGE ( 'NONE', *, *, #2550, .F. ) ;
#895 = EDGE_CURVE ( 'NONE', #1800, #1957, #298, .T. ) ;
#896 = DIRECTION ( 'NONE',  ( 0.000000000000000000, -0.5224985647159443580, 0.8526401643540950648 ) ) ;
#897 = DIRECTION ( 'NONE',  ( -0.000000000000000000, -0.000000000000000000, 1.000000000000000000 ) ) ;
#898 =( LENGTH_UNIT ( ) NAMED_UNIT ( * ) SI_UNIT ( .MILLI., .METRE. ) );
#899 = EDGE_LOOP ( 'NONE', ( #1261, #1136, #1760, #2066 ) ) ;
#900 = ADVANCED_FACE ( 'NONE', ( #309 ), #968, .F. ) ;
#901 = ORIENTED_EDGE ( 'NONE', *, *, #1354, .F. ) ;
#902 = CARTESIAN_POINT ( 'NONE',  ( 7.916666666666666963, 6.916666666666666963, 1.566666666666665542 ) ) ;
#903 = DIRECTION ( 'NONE',  ( 0.000000000000000000, 0.000000000000000000, -1.000000000000000000 ) ) ;
#904 = VECTOR ( 'NONE', #172, 1000.000000000000000 ) ;
#905 = ORIENTED_EDGE ( 'NONE', *, *, #1435, .F. ) ;
#906 = VECTOR ( 'NONE', #1664, 1000.000000000000000 ) ;
#907 = VERTEX_POINT ( 'NONE', #340 ) ;
#908 = EDGE_CURVE ( 'NONE', #2652, #1476, #2358, .T. ) ;
#909 = AXIS2_PLACEMENT_3D ( 'NONE', #533, #1724, #73 ) ;
#910 = CARTESIAN_POINT ( 'NONE',  ( -6.999999999999999112, 7.350000000000000533, 2.649999999999999911 ) ) ;
#911 = EDGE_CURVE ( 'NONE', #30, #1690, #1209, .T. ) ;
#912 = PLANE ( 'NONE',  #1550 ) ;
#913 = DIRECTION ( 'NONE',  ( 0.5773502691896258421, 0.5773502691896257311, 0.5773502691896257311 ) ) ;
#914 = VECTOR ( 'NONE', #1865, 1000.000000000000000 ) ;
#915 = PRODUCT_CONTEXT ( 'NONE', #69, 'mechanical' ) ;
#916 = VERTEX_POINT ( 'NONE', #2606 ) ;
#917 = VERTEX_POINT ( 'NONE', #2157 ) ;
#918 = PLANE ( 'NONE',  #1895 ) ;
#919 = PRODUCT_DEFINITION ( 'UNKNOWN', '', #1507, #1824 ) ;
#920 = LINE ( 'NONE', #286, #1382 ) ;
#921 = SURFACE_STYLE_FILL_AREA ( #2040 ) ;
#922 = PLANE ( 'NONE',  #1762 ) ;
#923 = ORIENTED_EDGE ( 'NONE', *, *, #2629, .F. ) ;
#924 = ORIENTED_EDGE ( 'NONE', *, *, #1195, .T. ) ;
#925 = CARTESIAN_POINT ( 'NONE',  ( -9.269514757127977640E-17, 3.862207322041079749, -2.200000000000000622 ) ) ;
#926 = FACE_OUTER_BOUND ( 'NONE', #251, .T. ) ;
#927 = PLANE ( 'NONE',  #2469 ) ;
#929 = DIRECTION ( 'NONE',  ( 0.000000000000000000, 0.000000000000000000, 1.000000000000000000 ) ) ;
#928 = VECTOR ( 'NONE', #1517, 1000.000000000000000 ) ;
#930 = DIRECTION ( 'NONE',  ( 0.000000000000000000, 0.000000000000000000, 1.000000000000000000 ) ) ;
#931 = ORIENTED_EDGE ( 'NONE', *, *, #1212, .F. ) ;
#932 = ORIENTED_EDGE ( 'NONE', *, *, #1394, .T. ) ;
#933 = CARTESIAN_POINT ( 'NONE',  ( -6.805932909819473409, -1.241656182210485904, -0.2500000000000002220 ) ) ;
#934 = CARTESIAN_POINT ( 'NONE',  ( -8.400000000000000355, 7.700000000000000178, 2.350000000000000089 ) ) ;
#935 = FACE_OUTER_BOUND ( 'NONE', #1683, .T. ) ;
#936 = EDGE_LOOP ( 'NONE', ( #2367, #1313, #300, #1114 ) ) ;
#937 = DIRECTION ( 'NONE',  ( 1.000000000000000000, 0.000000000000000000, -0.000000000000000000 ) ) ;
#938 = EDGE_LOOP ( 'NONE', ( #1357, #1729, #2160, #337 ) ) ;
#939 = ADVANCED_FACE ( 'NONE', ( #1561 ), #2452, .T. ) ;
#940 = FACE_OUTER_BOUND ( 'NONE', #2334, .T. ) ;
#941 = LINE ( 'NONE', #1359, #2138 ) ;
#942 = CARTESIAN_POINT ( 'NONE',  ( 6.999999999999999112, 18.15862284482674482, 2.049999999999998490 ) ) ;
#943 = LINE ( 'NONE', #1740, #2595 ) ;
#944 = DIRECTION ( 'NONE',  ( 0.000000000000000000, 0.000000000000000000, 1.000000000000000000 ) ) ;
#945 = ORIENTED_EDGE ( 'NONE', *, *, #553, .T. ) ;
#946 = ORIENTED_EDGE ( 'NONE', *, *, #1389, .T. ) ;
#947 = CARTESIAN_POINT ( 'NONE',  ( -7.299999999999998934, -1.000000000000000222, 0.2500000000000002220 ) ) ;
#948 = ADVANCED_FACE ( 'NONE', ( #507 ), #401, .F. ) ;
#949 = AXIS2_PLACEMENT_3D ( 'NONE', #1788, #561, #203 ) ;
#950 = CARTESIAN_POINT ( 'NONE',  ( -7.249999999999999112, -1.000000000000000222, 0.2500000000000002220 ) ) ;
#951 = DIRECTION ( 'NONE',  ( 0.4393748767463373506, 0.8983038003282302064, 0.000000000000000000 ) ) ;
#952 = ORIENTED_EDGE ( 'NONE', *, *, #1648, .F. ) ;
#953 = AXIS2_PLACEMENT_3D ( 'NONE', #731, #1532, #2203 ) ;
#954 = ORIENTED_EDGE ( 'NONE', *, *, #2550, .T. ) ;
#955 = DIRECTION ( 'NONE',  ( -1.000000000000000000, 0.000000000000000000, 0.000000000000000000 ) ) ;
#956 = LINE ( 'NONE', #2635, #1045 ) ;
#957 = AXIS2_PLACEMENT_3D ( 'NONE', #2126, #49, #1462 ) ;
#958 = DIRECTION ( 'NONE',  ( 1.000000000000000000, 0.000000000000000000, -0.000000000000000000 ) ) ;
#959 = VECTOR ( 'NONE', #1853, 1000.000000000000000 ) ;
#960 = ITEM_DEFINED_TRANSFORMATION ( 'NONE', 'NONE', #1210,  #403 ) ;
#961 = ORIENTED_EDGE ( 'NONE', *, *, #2056, .T. ) ;
#962 = VECTOR ( 'NONE', #2634, 1000.000000000000000 ) ;
#963 = EDGE_CURVE ( 'NONE', #62, #1743, #327, .T. ) ;
#964 = DIRECTION ( 'NONE',  ( -0.000000000000000000, 0.000000000000000000, -1.000000000000000000 ) ) ;
#965 = ORIENTED_EDGE ( 'NONE', *, *, #1295, .T. ) ;
#966 = EDGE_CURVE ( 'NONE', #1743, #2111, #1118, .T. ) ;
#967 = LINE ( 'NONE', #2200, #364 ) ;
#968 = PLANE ( 'NONE',  #2572 ) ;
#969 = CARTESIAN_POINT ( 'NONE',  ( -9.000000000000000000, 5.900000000000000355, 2.649999999999999467 ) ) ;
#970 = ORIENTED_EDGE ( 'NONE', *, *, #315, .F. ) ;
#971 = CARTESIAN_POINT ( 'NONE',  ( -8.400000000000000355, 7.400000000000000355, 2.050000000000000266 ) ) ;
#972 = LINE ( 'NONE', #1402, #2384 ) ;
#973 = DIRECTION ( 'NONE',  ( 0.000000000000000000, 0.000000000000000000, -1.000000000000000000 ) ) ;
#974 = DIRECTION ( 'NONE',  ( -0.000000000000000000, 0.000000000000000000, 1.000000000000000000 ) ) ;
#975 = ORIENTED_EDGE ( 'NONE', *, *, #87, .T. ) ;
#976 = VECTOR ( 'NONE', #2369, 1000.000000000000000 ) ;
#977 = VECTOR ( 'NONE', #1752, 1000.000000000000000 ) ;
#978 = LINE ( 'NONE', #2615, #2430 ) ;
#979 = ORIENTED_EDGE ( 'NONE', *, *, #2152, .F. ) ;
#980 = LINE ( 'NONE', #339, #152 ) ;
#981 = MANIFOLD_SOLID_BREP ( 'Sweep1', #1943 ) ;
#982 = DIRECTION ( 'NONE',  ( 0.000000000000000000, -0.8526401643540949538, -0.5224985647159442470 ) ) ;
#983 = ORIENTED_EDGE ( 'NONE', *, *, #1980, .F. ) ;
#984 = CARTESIAN_POINT ( 'NONE',  ( -14.84999999999999787, -3.000000000000000000, 0.1500000000000008271 ) ) ;
#985 = PLANE ( 'NONE',  #2106 ) ;
#986 = VERTEX_POINT ( 'NONE', #760 ) ;
#987 = CARTESIAN_POINT ( 'NONE',  ( -7.249999999999999112, -2.725252258054535748, -0.2500000000000002220 ) ) ;
#988 = EDGE_CURVE ( 'NONE', #2614, #2283, #1531, .T. ) ;
#989 = EDGE_LOOP ( 'NONE', ( #104, #2371, #1391, #2584 ) ) ;
#990 = LINE ( 'NONE', #1006, #1630 ) ;
#991 = ORIENTED_EDGE ( 'NONE', *, *, #1952, .F. ) ;
#992 = EDGE_CURVE ( 'NONE', #48, #1229, #2202, .T. ) ;
#993 = CARTESIAN_POINT ( 'NONE',  ( -7.299999999999998934, -2.300000000000000266, 0.2500000000000002220 ) ) ;
#994 = CYLINDRICAL_SURFACE ( 'NONE', #1327, 0.5500000000000010436 ) ;
#995 = ORIENTED_EDGE ( 'NONE', *, *, #2113, .F. ) ;
#996 = LINE ( 'NONE', #558, #531 ) ;
#997 = CARTESIAN_POINT ( 'NONE',  ( -6.749999999999999112, -1.000000000000000222, 0.2500000000000002220 ) ) ;
#998 = VERTEX_POINT ( 'NONE', #1330 ) ;
#999 = AXIS2_PLACEMENT_3D ( 'NONE', #2592, #777, #128 ) ;
#1000 = DIRECTION ( 'NONE',  ( -1.000000000000000000, 0.000000000000000000, 1.239088197126291063E-16 ) ) ;
#1001 = CARTESIAN_POINT ( 'NONE',  ( 8.400000000000000355, 5.900000000000000355, -0.8999999999999993561 ) ) ;
#1002 = VECTOR ( 'NONE', #1930, 1000.000000000000000 ) ;
#1003 = EDGE_CURVE ( 'NONE', #852, #2389, #1134, .T. ) ;
#1004 = VERTEX_POINT ( 'NONE', #1746 ) ;
#1005 = EDGE_CURVE ( 'NONE', #2528, #917, #744, .T. ) ;
#1006 = CARTESIAN_POINT ( 'NONE',  ( -7.444067090180526591, -1.891656182210486925, 0.2500000000000002220 ) ) ;
#1007 =( GEOMETRIC_REPRESENTATION_CONTEXT ( 3 ) GLOBAL_UNCERTAINTY_ASSIGNED_CONTEXT ( ( #571 ) ) GLOBAL_UNIT_ASSIGNED_CONTEXT ( ( #1222, #1432, #2309 ) ) REPRESENTATION_CONTEXT ( 'NONE', 'WORKASPACE' ) );
#1008 = AXIS2_PLACEMENT_3D ( 'NONE', #2535, #930, #1741 ) ;
#1009 = FACE_OUTER_BOUND ( 'NONE', #1748, .T. ) ;
#1010 = PRODUCT_RELATED_PRODUCT_CATEGORY ( 'part', '', ( #1469 ) ) ;
#1011 = EDGE_LOOP ( 'NONE', ( #875, #2186, #2241, #2345 ) ) ;
#1012 = CARTESIAN_POINT ( 'NONE',  ( -6.949999999999999289, -1.649999999999999911, 0.2500000000000002220 ) ) ;
#1013 = LINE ( 'NONE', #1667, #1468 ) ;
#1014 = PLANE ( 'NONE',  #1671 ) ;
#1015 = SHAPE_DEFINITION_REPRESENTATION ( #387, #5 ) ;
#1016 = DIRECTION ( 'NONE',  ( 0.000000000000000000, 0.000000000000000000, -1.000000000000000000 ) ) ;
#1017 = LINE ( 'NONE', #422, #1745 ) ;
#1018 = CARTESIAN_POINT ( 'NONE',  ( 7.279643158116959751E-16, 7.700000000000000178, 2.350000000000000533 ) ) ;
#1019 = FACE_OUTER_BOUND ( 'NONE', #1343, .T. ) ;
#1020 = CARTESIAN_POINT ( 'NONE',  ( -14.75000000000000000, -3.000000000000000000, -0.2500000000000002220 ) ) ;
#1021 = DIRECTION ( 'NONE',  ( 0.000000000000000000, 1.000000000000000000, 0.000000000000000000 ) ) ;
#1022 = ORIENTED_EDGE ( 'NONE', *, *, #551, .F. ) ;
#1023 = ADVANCED_FACE ( 'NONE', ( #1858 ), #1433, .T. ) ;
#1024 = ORIENTED_EDGE ( 'NONE', *, *, #562, .T. ) ;
#1025 = EDGE_CURVE ( 'NONE', #2468, #85, #2485, .T. ) ;
#1026 = CARTESIAN_POINT ( 'NONE',  ( 0.000000000000000000, 7.700000000000000178, 0.000000000000000000 ) ) ;
#1027 = VECTOR ( 'NONE', #618, 1000.000000000000000 ) ;
#1028 = PLANE ( 'NONE',  #229 ) ;
#1029 = EDGE_CURVE ( 'NONE', #1093, #77, #1017, .T. ) ;
#1030 = DIRECTION ( 'NONE',  ( 1.000000000000000000, -1.770125995894700956E-16, -1.770125995894700956E-16 ) ) ;
#1031 = FACE_OUTER_BOUND ( 'NONE', #2093, .T. ) ;
#1032 = ORIENTED_EDGE ( 'NONE', *, *, #1096, .F. ) ;
#1033 = ORIENTED_EDGE ( 'NONE', *, *, #83, .F. ) ;
#1034 = AXIS2_PLACEMENT_3D ( 'NONE', #2023, #2036, #769 ) ;
#1035 = DIRECTION ( 'NONE',  ( 1.000000000000000000, 0.000000000000000000, -3.097720492815726673E-16 ) ) ;
#1036 = PLANE ( 'NONE',  #1360 ) ;
#1037 = ORIENTED_EDGE ( 'NONE', *, *, #1295, .F. ) ;
#1038 = AXIS2_PLACEMENT_3D ( 'NONE', #1730, #519, #1658 ) ;
#1039 = VECTOR ( 'NONE', #226, 1000.000000000000000 ) ;
#1040 = CLOSED_SHELL ( 'NONE', ( #2247, #2555, #1099, #36, #2477, #2497, #1989, #1642, #1452, #882 ) ) ;
#1041 = EDGE_CURVE ( 'NONE', #1499, #1004, #1840, .T. ) ;
#1042 = LINE ( 'NONE', #388, #2254 ) ;
#1043 = DIRECTION ( 'NONE',  ( 0.000000000000000000, 0.000000000000000000, -1.000000000000000000 ) ) ;
#1044 =( NAMED_UNIT ( * ) PLANE_ANGLE_UNIT ( ) SI_UNIT ( $, .RADIAN. ) );
#1045 = VECTOR ( 'NONE', #789, 1000.000000000000000 ) ;
#1046 = VECTOR ( 'NONE', #701, 1000.000000000000000 ) ;
#1047 = LINE ( 'NONE', #2490, #78 ) ;
#1048 = EDGE_LOOP ( 'NONE', ( #527, #1174, #1721, #2013 ) ) ;
#1049 = ORIENTED_EDGE ( 'NONE', *, *, #2246, .T. ) ;
#1050 = LINE ( 'NONE', #59, #320 ) ;
#1051 = FILL_AREA_STYLE ('',( #2052 ) ) ;
#1052 = DIRECTION ( 'NONE',  ( -1.000000000000000000, 0.000000000000000000, -0.000000000000000000 ) ) ;
#1053 = ORIENTED_EDGE ( 'NONE', *, *, #2246, .F. ) ;
#1054 = LINE ( 'NONE', #2256, #231 ) ;
#1055 = CARTESIAN_POINT ( 'NONE',  ( 2.449999999999999734, 5.900000000000000355, -2.650000000000000799 ) ) ;
#1056 = CARTESIAN_POINT ( 'NONE',  ( 6.999999999999999112, 7.400000000000000355, 2.049999999999998490 ) ) ;
#1057 = ORIENTED_EDGE ( 'NONE', *, *, #2390, .T. ) ;
#1058 = VERTEX_POINT ( 'NONE', #1269 ) ;
#1059 = DIRECTION ( 'NONE',  ( 0.000000000000000000, 1.000000000000000000, 0.000000000000000000 ) ) ;
#1060 = SURFACE_STYLE_FILL_AREA ( #433 ) ;
#1061 = DIRECTION ( 'NONE',  ( -1.000000000000000000, 0.000000000000000000, 0.000000000000000000 ) ) ;
#1062 = VERTEX_POINT ( 'NONE', #629 ) ;
#1063 = VERTEX_POINT ( 'NONE', #2092 ) ;
#1064 = DIRECTION ( 'NONE',  ( 0.000000000000000000, -1.000000000000000000, 0.000000000000000000 ) ) ;
#1065 =( LENGTH_UNIT ( ) NAMED_UNIT ( * ) SI_UNIT ( .MILLI., .METRE. ) );
#1066 = VERTEX_POINT ( 'NONE', #10 ) ;
#1067 = ORIENTED_EDGE ( 'NONE', *, *, #1003, .F. ) ;
#1068 = DIRECTION ( 'NONE',  ( 0.000000000000000000, 0.000000000000000000, 1.000000000000000000 ) ) ;
#1069 = CARTESIAN_POINT ( 'NONE',  ( -7.249999999999999112, -1.000000000000000222, -0.2500000000000002220 ) ) ;
#1070 = ORIENTED_EDGE ( 'NONE', *, *, #2264, .T. ) ;
#1071 = AXIS2_PLACEMENT_3D ( 'NONE', #395, #2613, #1798 ) ;
#1072 = STYLED_ITEM ( 'NONE', ( #1321 ), #1929 ) ;
#1073 = EDGE_CURVE ( 'NONE', #848, #1370, #1422, .T. ) ;
#1074 = ORIENTED_EDGE ( 'NONE', *, *, #429, .F. ) ;
#1075 = AXIS2_PLACEMENT_3D ( 'NONE', #2560, #1515, #285 ) ;
#1076 = DIRECTION ( 'NONE',  ( 0.5773502691896258421, 0.5773502691896257311, 0.5773502691896257311 ) ) ;
#1077 = PRESENTATION_LAYER_ASSIGNMENT (  '', '', ( #2505 ) ) ;
#1078 = CARTESIAN_POINT ( 'NONE',  ( 0.7999999999999996003, 3.075000000000000622, -2.200000000000000622 ) ) ;
#1079 = PLANE ( 'NONE',  #1963 ) ;
#1080 = EDGE_CURVE ( 'NONE', #1576, #986, #847, .T. ) ;
#1081 = EDGE_LOOP ( 'NONE', ( #2097, #1171, #1053, #2144 ) ) ;
#1082 = ORIENTED_EDGE ( 'NONE', *, *, #2146, .T. ) ;
#1083 = CARTESIAN_POINT ( 'NONE',  ( -9.000000000000000000, 7.700000000000000178, 2.649999999999999467 ) ) ;
#1084 = DIRECTION ( 'NONE',  ( -1.000000000000000000, 0.000000000000000000, 0.000000000000000000 ) ) ;
#1085 = DIRECTION ( 'NONE',  ( 1.000000000000000000, 0.000000000000000000, 0.000000000000000000 ) ) ;
#1086 = ORIENTED_EDGE ( 'NONE', *, *, #1429, .T. ) ;
#1087 = AXIS2_PLACEMENT_3D ( 'NONE', #2359, #508, #480 ) ;
#1088 = ORIENTED_EDGE ( 'NONE', *, *, #2187, .F. ) ;
#1089 = FACE_OUTER_BOUND ( 'NONE', #2540, .T. ) ;
#1090 = EDGE_CURVE ( 'NONE', #1606, #48, #1232, .T. ) ;
#1091 = FACE_OUTER_BOUND ( 'NONE', #363, .T. ) ;
#1092 = EDGE_CURVE ( 'NONE', #660, #2180, #2656, .T. ) ;
#1093 = VERTEX_POINT ( 'NONE', #2275 ) ;
#1094 = VECTOR ( 'NONE', #2379, 1000.000000000000000 ) ;
#1095 = ORIENTED_EDGE ( 'NONE', *, *, #1258, .F. ) ;
#1096 = EDGE_CURVE ( 'NONE', #2528, #550, #2263, .T. ) ;
#1097 = CARTESIAN_POINT ( 'NONE',  ( 2.449999999999999734, 1.600000000000000089, -1.500000000000000888 ) ) ;
#1098 = CARTESIAN_POINT ( 'NONE',  ( -7.444067090180526591, -1.891656182210486925, -0.2500000000000002220 ) ) ;
#1099 = ADVANCED_FACE ( 'NONE', ( #227 ), #1036, .T. ) ;
#1100 =( NAMED_UNIT ( * ) SI_UNIT ( $, .STERADIAN. ) SOLID_ANGLE_UNIT ( ) );
#1101 = ORIENTED_EDGE ( 'NONE', *, *, #2639, .F. ) ;
#1102 = ORIENTED_EDGE ( 'NONE', *, *, #2276, .T. ) ;
#1103 = DIRECTION ( 'NONE',  ( -0.000000000000000000, -0.000000000000000000, -1.000000000000000000 ) ) ;
#1104 = CARTESIAN_POINT ( 'NONE',  ( -6.994915190016410378, -1.628031256162682405, -0.2500000000000002220 ) ) ;
#1105 = ADVANCED_FACE ( 'NONE', ( #2103 ), #2053, .T. ) ;
#1106 = VERTEX_POINT ( 'NONE', #865 ) ;
#1107 = ORIENTED_EDGE ( 'NONE', *, *, #1212, .T. ) ;
#1108 = EDGE_CURVE ( 'NONE', #311, #35, #1248, .T. ) ;
#1109 = AXIS2_PLACEMENT_3D ( 'NONE', #310, #1548, #1173 ) ;
#1110 = DIRECTION ( 'NONE',  ( -0.8983038003282231010, -0.4393748767463518945, 0.000000000000000000 ) ) ;
#1111 = FACE_OUTER_BOUND ( 'NONE', #375, .T. ) ;
#1112 = PLANE ( 'NONE',  #791 ) ;
#1113 = ORIENTED_EDGE ( 'NONE', *, *, #1080, .F. ) ;
#1114 = ORIENTED_EDGE ( 'NONE', *, *, #2318, .T. ) ;
#1115 = ADVANCED_FACE ( 'NONE', ( #434 ), #1831, .F. ) ;
#1116 = CARTESIAN_POINT ( 'NONE',  ( 9.000000000000001776, 0.000000000000000000, 2.649999999999999911 ) ) ;
#1117 = AXIS2_PLACEMENT_3D ( 'NONE', #230, #2442, #849 ) ;
#1118 = LINE ( 'NONE', #125, #210 ) ;
#1119 = DIRECTION ( 'NONE',  ( -0.000000000000000000, -0.000000000000000000, -1.000000000000000000 ) ) ;
#1120 = VERTEX_POINT ( 'NONE', #857 ) ;
#1121 = AXIS2_PLACEMENT_3D ( 'NONE', #801, #1268, #1068 ) ;
#1122 = ORIENTED_EDGE ( 'NONE', *, *, #214, .T. ) ;
#1123 = VECTOR ( 'NONE', #22, 1000.000000000000000 ) ;
#1124 = DIRECTION ( 'NONE',  ( -0.000000000000000000, -0.000000000000000000, 1.000000000000000000 ) ) ;
#1125 = CARTESIAN_POINT ( 'NONE',  ( -6.949999999999999289, -1.649999999999999911, -0.2500000000000002220 ) ) ;
#1126 = DIRECTION ( 'NONE',  ( 0.000000000000000000, 0.000000000000000000, 1.000000000000000000 ) ) ;
#1127 = DIRECTION ( 'NONE',  ( -0.3236155771181856156, 0.8891264907159877051, -0.3236155771181856156 ) ) ;
#1128 =( REPRESENTATION_RELATIONSHIP ('NONE','NONE', #1162, #1821 ) REPRESENTATION_RELATIONSHIP_WITH_TRANSFORMATION ( #1870 )SHAPE_REPRESENTATION_RELATIONSHIP( ) );
#1129 = VECTOR ( 'NONE', #374, 1000.000000000000000 ) ;
#1130 = CARTESIAN_POINT ( 'NONE',  ( 0.000000000000000000, 0.000000000000000000, -0.3999999999999988565 ) ) ;
#1131 = VERTEX_POINT ( 'NONE', #653 ) ;
#1132 = CARTESIAN_POINT ( 'NONE',  ( -6.949999999999999289, -1.649999999999999911, -0.2500000000000002220 ) ) ;
#1133 = DIRECTION ( 'NONE',  ( 0.000000000000000000, 0.000000000000000000, 1.000000000000000000 ) ) ;
#1134 = LINE ( 'NONE', #1960, #3 ) ;
#1135 = DIRECTION ( 'NONE',  ( -1.000000000000000000, 0.000000000000000000, 0.000000000000000000 ) ) ;
#1136 = ORIENTED_EDGE ( 'NONE', *, *, #43, .T. ) ;
#1137 = ORIENTED_EDGE ( 'NONE', *, *, #1774, .F. ) ;
#1138 = DIRECTION ( 'NONE',  ( 0.000000000000000000, 1.000000000000000000, 0.000000000000000000 ) ) ;
#1139 = CARTESIAN_POINT ( 'NONE',  ( 9.000000000000001776, 5.900000000000000355, 2.649999999999999911 ) ) ;
#1140 = CARTESIAN_POINT ( 'NONE',  ( 9.000000000000001776, 5.900000000000000355, 0.2499999999999971967 ) ) ;
#1141 = LINE ( 'NONE', #1711, #1805 ) ;
#1142 = EDGE_CURVE ( 'NONE', #1190, #2178, #2300, .T. ) ;
#1143 = AXIS2_PLACEMENT_3D ( 'NONE', #2508, #2310, #461 ) ;
#1144 = ADVANCED_FACE ( 'NONE', ( #451 ), #1676, .T. ) ;
#1145 = ORIENTED_EDGE ( 'NONE', *, *, #356, .T. ) ;
#1146 = DIRECTION ( 'NONE',  ( 1.000000000000000000, -0.000000000000000000, 0.000000000000000000 ) ) ;
#1147 = DIRECTION ( 'NONE',  ( -0.000000000000000000, -1.000000000000000000, -0.000000000000000000 ) ) ;
#1148 = EDGE_LOOP ( 'NONE', ( #1600, #1450, #1074, #1933 ) ) ;
#1149 = ORIENTED_EDGE ( 'NONE', *, *, #779, .F. ) ;
#1150 = VECTOR ( 'NONE', #521, 1000.000000000000000 ) ;
#1151 = CARTESIAN_POINT ( 'NONE',  ( -7.255084809983587846, -2.278031256162684315, -0.2500000000000002220 ) ) ;
#1152 = CONTEXT_DEPENDENT_SHAPE_REPRESENTATION ( #2289, #1256 ) ;
#1153 = EDGE_LOOP ( 'NONE', ( #2204, #140, #1266, #1480 ) ) ;
#1154 = DIRECTION ( 'NONE',  ( 0.000000000000000000, 0.000000000000000000, 1.000000000000000000 ) ) ;
#1155 = CARTESIAN_POINT ( 'NONE',  ( 9.000000000000000000, 7.700000000000000178, 2.649999999999997247 ) ) ;
#1156 = CARTESIAN_POINT ( 'NONE',  ( -5.999999999999999112, 6.350000000000000533, 2.649999999999999911 ) ) ;
#1157 = ORIENTED_EDGE ( 'NONE', *, *, #1899, .F. ) ;
#1158 = CARTESIAN_POINT ( 'NONE',  ( 2.449999999999999734, 1.600000000000000089, -1.500000000000000888 ) ) ;
#1159 = VECTOR ( 'NONE', #2530, 1000.000000000000000 ) ;
#1160 = DIRECTION ( 'NONE',  ( -1.000000000000000000, 0.000000000000000000, 0.000000000000000000 ) ) ;
#1161 = EDGE_CURVE ( 'NONE', #1062, #2652, #679, .T. ) ;
#1162 = SHAPE_REPRESENTATION ( '08', ( #802, #2222, #1210, #2179, #1817, #837, #2341, #1008, #1552, #405 ), #2261 ) ;
#1163 = DIRECTION ( 'NONE',  ( 0.8983038003282297623, -0.4393748767463380722, 0.000000000000000000 ) ) ;
#1164 = AXIS2_PLACEMENT_3D ( 'NONE', #947, #1386, #157 ) ;
#1165 = CARTESIAN_POINT ( 'NONE',  ( 9.000000000000001776, 1.600000000000000089, -2.650000000000001688 ) ) ;
#1166 = AXIS2_PLACEMENT_3D ( 'NONE', #942, #1753, #2596 ) ;
#1167 = CONTEXT_DEPENDENT_SHAPE_REPRESENTATION ( #2568, #204 ) ;
#1168 = EDGE_LOOP ( 'NONE', ( #668, #991, #874, #1484 ) ) ;
#1169 = PRODUCT_DEFINITION_FORMATION_WITH_SPECIFIED_SOURCE ( 'ANY', '', #1580, .NOT_KNOWN. ) ;
#1170 = VECTOR ( 'NONE', #543, 1000.000000000000000 ) ;
#1171 = ORIENTED_EDGE ( 'NONE', *, *, #1175, .T. ) ;
#1172 = CARTESIAN_POINT ( 'NONE',  ( -9.000000000000000000, 18.15862284482674482, 0.7499999999999995559 ) ) ;
#1173 = DIRECTION ( 'NONE',  ( -1.000000000000000000, 0.000000000000000000, -2.409338161078898503E-17 ) ) ;
#1174 = ORIENTED_EDGE ( 'NONE', *, *, #1179, .T. ) ;
#1175 = EDGE_CURVE ( 'NONE', #386, #1576, #1926, .T. ) ;
#1176 = VERTEX_POINT ( 'NONE', #1512 ) ;
#1177 = FACE_OUTER_BOUND ( 'NONE', #712, .T. ) ;
#1178 = CARTESIAN_POINT ( 'NONE',  ( -2.450000000000001510, 1.600000000000000755, -2.649999999999999911 ) ) ;
#1179 = EDGE_CURVE ( 'NONE', #2468, #168, #1910, .T. ) ;
#1180 = APPLICATION_PROTOCOL_DEFINITION ( 'draft international standard', 'automotive_design', 1998, #1589 ) ;
#1181 = ORIENTED_EDGE ( 'NONE', *, *, #992, .F. ) ;
#1182 = AXIS2_PLACEMENT_3D ( 'NONE', #1274, #66, #442 ) ;
#1183 = CARTESIAN_POINT ( 'NONE',  ( -0.8000000000000003775, 3.075000000000000622, -1.500000000000000444 ) ) ;
#1184 = EDGE_LOOP ( 'NONE', ( #581, #2503, #465, #762 ) ) ;
#1185 = DIRECTION ( 'NONE',  ( 1.000000000000000000, 0.000000000000000000, 0.000000000000000000 ) ) ;
#1186 = CARTESIAN_POINT ( 'NONE',  ( 9.000000000000001776, 6.924870448613815732, 0.7500000000000008882 ) ) ;
#1187 = ORIENTED_EDGE ( 'NONE', *, *, #178, .F. ) ;
#1188 = DIRECTION ( 'NONE',  ( 0.000000000000000000, 0.000000000000000000, -1.000000000000000000 ) ) ;
#1189 = EDGE_CURVE ( 'NONE', #1063, #546, #120, .T. ) ;
#1190 = VERTEX_POINT ( 'NONE', #695 ) ;
#1191 = CARTESIAN_POINT ( 'NONE',  ( -6.805932909819473409, -2.058343817789514141, -0.2500000000000002220 ) ) ;
#1192 = ITEM_DEFINED_TRANSFORMATION ( 'NONE', 'NONE', #2341,  #403 ) ;
#1193 = ORIENTED_EDGE ( 'NONE', *, *, #1820, .T. ) ;
#1194 = FILL_AREA_STYLE_COLOUR ( '', #16 ) ;
#1195 = EDGE_CURVE ( 'NONE', #1563, #907, #2583, .T. ) ;
#1196 = VECTOR ( 'NONE', #951, 1000.000000000000114 ) ;
#1197 = LINE ( 'NONE', #1186, #99 ) ;
#1198 = CARTESIAN_POINT ( 'NONE',  ( 8.699999999999999289, 7.700000000000000178, 0.000000000000000000 ) ) ;
#1199 = VECTOR ( 'NONE', #897, 1000.000000000000000 ) ;
#1200 = PLANE ( 'NONE',  #1502 ) ;
#1201 = DIRECTION ( 'NONE',  ( -0.000000000000000000, -1.000000000000000000, -0.000000000000000000 ) ) ;
#1202 = DIRECTION ( 'NONE',  ( 1.000000000000000000, 0.000000000000000000, 0.000000000000000000 ) ) ;
#1203 = VECTOR ( 'NONE', #2636, 1000.000000000000000 ) ;
#1204 = VECTOR ( 'NONE', #836, 1000.000000000000000 ) ;
#1205 = LINE ( 'NONE', #1627, #1714 ) ;
#1206 = DIRECTION ( 'NONE',  ( 1.000000000000000000, 0.000000000000000000, 0.000000000000000000 ) ) ;
#1207 = AXIS2_PLACEMENT_3D ( 'NONE', #541, #2605, #1972 ) ;
#1208 = SURFACE_STYLE_FILL_AREA ( #169 ) ;
#1209 = LINE ( 'NONE', #1155, #2271 ) ;
#1210 = AXIS2_PLACEMENT_3D ( 'NONE', #739, #1525, #490 ) ;
#1211 =( REPRESENTATION_RELATIONSHIP ('NONE','NONE', #1162, #5 ) REPRESENTATION_RELATIONSHIP_WITH_TRANSFORMATION ( #377 )SHAPE_REPRESENTATION_RELATIONSHIP( ) );
#1212 = EDGE_CURVE ( 'NONE', #261, #756, #2181, .T. ) ;
#1213 = CARTESIAN_POINT ( 'NONE',  ( -7.249999999999999112, -2.400000000000000355, -0.2500000000000002220 ) ) ;
#1214 = LINE ( 'NONE', #2288, #2118 ) ;
#1215 = EDGE_CURVE ( 'NONE', #1962, #1927, #941, .T. ) ;
#1216 = PRESENTATION_STYLE_ASSIGNMENT (( #1463 ) ) ;
#1217 = CARTESIAN_POINT ( 'NONE',  ( -9.000000000000005329, 1.600000000000002309, -1.499999999999999112 ) ) ;
#1218 = DIRECTION ( 'NONE',  ( 0.000000000000000000, 0.000000000000000000, -1.000000000000000000 ) ) ;
#1219 = ORIENTED_EDGE ( 'NONE', *, *, #1913, .T. ) ;
#1220 = LINE ( 'NONE', #1404, #2253 ) ;
#1221 = EDGE_CURVE ( 'NONE', #2170, #85, #735, .T. ) ;
#1222 =( LENGTH_UNIT ( ) NAMED_UNIT ( * ) SI_UNIT ( .MILLI., .METRE. ) );
#1223 = DIRECTION ( 'NONE',  ( -0.000000000000000000, 1.000000000000000000, -0.000000000000000000 ) ) ;
#1224 = DIRECTION ( 'NONE',  ( 0.000000000000000000, 0.000000000000000000, 1.000000000000000000 ) ) ;
#1225 = FILL_AREA_STYLE_COLOUR ( '', #156 ) ;
#1226 = CARTESIAN_POINT ( 'NONE',  ( -9.000000000000000000, 0.000000000000000000, 2.649999999999999467 ) ) ;
#1227 = DIRECTION ( 'NONE',  ( 0.000000000000000000, -0.000000000000000000, 1.000000000000000000 ) ) ;
#1228 = VERTEX_POINT ( 'NONE', #2594 ) ;
#1229 = VERTEX_POINT ( 'NONE', #1350 ) ;
#1230 = EDGE_CURVE ( 'NONE', #329, #268, #710, .T. ) ;
#1231 = LINE ( 'NONE', #2504, #1459 ) ;
#1232 = LINE ( 'NONE', #833, #2201 ) ;
#1233 = ORIENTED_EDGE ( 'NONE', *, *, #1215, .F. ) ;
#1234 = PRODUCT ( 'BxB-PASK(1)2-9_8', 'BxB-PASK(1)2-9_8', '', ( #2420 ) ) ;
#1235 = EDGE_CURVE ( 'NONE', #1063, #91, #956, .T. ) ;
#1236 = CARTESIAN_POINT ( 'NONE',  ( -7.299999999999998934, 7.700000000000000178, 2.649999999999999467 ) ) ;
#1237 = DIRECTION ( 'NONE',  ( 2.317378689281993732E-16, 1.000000000000000000, -3.350009345854864842E-32 ) ) ;
#1238 = CARTESIAN_POINT ( 'NONE',  ( -7.255084809983587846, -1.021968743837317062, -0.2500000000000002220 ) ) ;
#1239 = ORIENTED_EDGE ( 'NONE', *, *, #595, .F. ) ;
#1240 = AXIS2_PLACEMENT_3D ( 'NONE', #2046, #2235, #623 ) ;
#1241 = ORIENTED_EDGE ( 'NONE', *, *, #369, .F. ) ;
#1242 = ITEM_DEFINED_TRANSFORMATION ( 'NONE', 'NONE', #405,  #403 ) ;
#1243 = DIRECTION ( 'NONE',  ( 0.000000000000000000, 0.3420201433256698231, 0.9396926207859079838 ) ) ;
#1244 = CARTESIAN_POINT ( 'NONE',  ( 6.999999999999999112, 18.15862284482674482, 2.649999999999998135 ) ) ;
#1245 = VECTOR ( 'NONE', #185, 1000.000000000000000 ) ;
#1246 =( LENGTH_UNIT ( ) NAMED_UNIT ( * ) SI_UNIT ( .MILLI., .METRE. ) );
#1247 = SHAPE_REPRESENTATION ( 'BxB-PASK(1)2-9_8', ( #403 ), #582 ) ;
#1248 = LINE ( 'NONE', #2285, #2354 ) ;
#1249 = ORIENTED_EDGE ( 'NONE', *, *, #1003, .T. ) ;
#1250 = CIRCLE ( 'NONE', #1941, 0.05000000000000079381 ) ;
#1251 = AXIS2_PLACEMENT_3D ( 'NONE', #2566, #1309, #722 ) ;
#1252 = ADVANCED_FACE ( 'NONE', ( #2612 ), #2623, .F. ) ;
#1253 = DIRECTION ( 'NONE',  ( 1.000000000000000000, -0.000000000000000000, 0.000000000000000000 ) ) ;
#1254 = ORIENTED_EDGE ( 'NONE', *, *, #2209, .F. ) ;
#1255 = ORIENTED_EDGE ( 'NONE', *, *, #1557, .T. ) ;
#1256 = PRODUCT_DEFINITION_SHAPE ( 'NONE', 'NONE',  #2658 ) ;
#1257 = CARTESIAN_POINT ( 'NONE',  ( 8.699999999999999289, 7.700000000000000178, 2.349999999999997868 ) ) ;
#1258 = EDGE_CURVE ( 'NONE', #2320, #2413, #359, .T. ) ;
#1259 = SURFACE_SIDE_STYLE ('',( #2299 ) ) ;
#1260 = DIRECTION ( 'NONE',  ( -0.000000000000000000, 0.000000000000000000, 1.000000000000000000 ) ) ;
#1261 = ORIENTED_EDGE ( 'NONE', *, *, #1918, .F. ) ;
#1262 = DIRECTION ( 'NONE',  ( 0.6488140039676243420, -0.6488140039676243420, -0.3975937329875803838 ) ) ;
#1263 = DIRECTION ( 'NONE',  ( 1.000000000000000000, -2.317378689281993732E-16, -1.324216393875424849E-16 ) ) ;
#1264 = FACE_OUTER_BOUND ( 'NONE', #2240, .T. ) ;
#1265 = VERTEX_POINT ( 'NONE', #2417 ) ;
#1266 = ORIENTED_EDGE ( 'NONE', *, *, #162, .T. ) ;
#1267 = EDGE_CURVE ( 'NONE', #67, #2135, #574, .T. ) ;
#1268 = DIRECTION ( 'NONE',  ( -1.000000000000000000, 0.000000000000000000, 0.000000000000000000 ) ) ;
#1269 = CARTESIAN_POINT ( 'NONE',  ( -6.994915190016411266, -1.628031256162682405, 0.2500000000000002220 ) ) ;
#1270 = ORIENTED_EDGE ( 'NONE', *, *, #1485, .T. ) ;
#1271 = ORIENTED_EDGE ( 'NONE', *, *, #2189, .F. ) ;
#1272 = DIRECTION ( 'NONE',  ( 0.000000000000000000, 0.000000000000000000, -1.000000000000000000 ) ) ;
#1273 = DIRECTION ( 'NONE',  ( 0.000000000000000000, 0.000000000000000000, 1.000000000000000000 ) ) ;
#1274 = CARTESIAN_POINT ( 'NONE',  ( 0.000000000000000000, 7.700000000000000178, 2.350000000000000089 ) ) ;
#1275 = CARTESIAN_POINT ( 'NONE',  ( 6.999999999999999112, 7.350000000000000533, 2.649999999999998135 ) ) ;
#1276 = ORIENTED_EDGE ( 'NONE', *, *, #2100, .T. ) ;
#1277 = VERTEX_POINT ( 'NONE', #851 ) ;
#1278 = LINE ( 'NONE', #1935, #1673 ) ;
#1279 = LINE ( 'NONE', #592, #2171 ) ;
#1280 = VECTOR ( 'NONE', #2375, 1000.000000000000000 ) ;
#1281 = APPLICATION_PROTOCOL_DEFINITION ( 'draft international standard', 'automotive_design', 1998, #69 ) ;
#1282 = ORIENTED_EDGE ( 'NONE', *, *, #1570, .T. ) ;
#1283 = AXIS2_PLACEMENT_3D ( 'NONE', #1424, #605, #381 ) ;
#1284 = EDGE_LOOP ( 'NONE', ( #2372, #1668, #2326, #1860 ) ) ;
#1285 = CIRCLE ( 'NONE', #55, 0.5500000000000010436 ) ;
#1286 = DIRECTION ( 'NONE',  ( 0.4393748767463373506, 0.8983038003282302064, 0.000000000000000000 ) ) ;
#1287 = AXIS2_PLACEMENT_3D ( 'NONE', #993, #487, #1909 ) ;
#1288 = LINE ( 'NONE', #1704, #1046 ) ;
#1289 = EDGE_CURVE ( 'NONE', #261, #1106, #1607, .T. ) ;
#1290 = EDGE_CURVE ( 'NONE', #1388, #524, #1403, .T. ) ;
#1291 = LINE ( 'NONE', #2128, #1520 ) ;
#1292 = LINE ( 'NONE', #1880, #2458 ) ;
#1293 = ORIENTED_EDGE ( 'NONE', *, *, #214, .F. ) ;
#1294 = VECTOR ( 'NONE', #2095, 1000.000000000000000 ) ;
#1295 = EDGE_CURVE ( 'NONE', #998, #1277, #1826, .T. ) ;
#1296 =( REPRESENTATION_RELATIONSHIP ('NONE','NONE', #1162, #1821 ) REPRESENTATION_RELATIONSHIP_WITH_TRANSFORMATION ( #1395 )SHAPE_REPRESENTATION_RELATIONSHIP( ) );
#1297 = CARTESIAN_POINT ( 'NONE',  ( -2.450000000000001510, 1.600000000000000755, -1.500000000000000000 ) ) ;
#1298 = FACE_BOUND ( 'NONE', #447, .T. ) ;
#1299 = DIRECTION ( 'NONE',  ( 0.000000000000000000, 0.000000000000000000, -1.000000000000000000 ) ) ;
#1300 = ORIENTED_EDGE ( 'NONE', *, *, #1429, .F. ) ;
#1301 = EDGE_CURVE ( 'NONE', #1302, #2005, #249, .T. ) ;
#1302 = VERTEX_POINT ( 'NONE', #1414 ) ;
#1303 = ADVANCED_FACE ( 'NONE', ( #826 ), #1428, .T. ) ;
#1304 = LINE ( 'NONE', #296, #1500 ) ;
#1305 = LINE ( 'NONE', #1078, #2611 ) ;
#1306 = EDGE_LOOP ( 'NONE', ( #275, #1326, #674, #649, #301, #2121 ) ) ;
#1307 = ORIENTED_EDGE ( 'NONE', *, *, #2209, .T. ) ;
#1308 = CARTESIAN_POINT ( 'NONE',  ( -7.249999999999999112, -2.725252258054535748, 0.2500000000000002220 ) ) ;
#1309 = DIRECTION ( 'NONE',  ( 1.324216393875425095E-16, -0.000000000000000000, 1.000000000000000000 ) ) ;
#1310 = FACE_OUTER_BOUND ( 'NONE', #989, .T. ) ;
#1311 = VERTEX_POINT ( 'NONE', #15 ) ;
#1312 = EDGE_CURVE ( 'NONE', #2180, #699, #1678, .T. ) ;
#1313 = ORIENTED_EDGE ( 'NONE', *, *, #1833, .F. ) ;
#1314 = FACE_OUTER_BOUND ( 'NONE', #783, .T. ) ;
#1315 = LINE ( 'NONE', #1503, #1341 ) ;
#1316 = ADVANCED_BREP_SHAPE_REPRESENTATION ( '', ( #1929, #403 ), #582 ) ;
#1317 = CARTESIAN_POINT ( 'NONE',  ( -7.255084809983587846, -2.278031256162684315, 0.2500000000000002220 ) ) ;
#1318 = ORIENTED_EDGE ( 'NONE', *, *, #664, .F. ) ;
#1319 = UNCERTAINTY_MEASURE_WITH_UNIT (LENGTH_MEASURE( 1.000000000000000082E-05 ), #1065, 'distance_accuracy_value', 'NONE');
#1320 = ORIENTED_EDGE ( 'NONE', *, *, #1569, .T. ) ;
#1321 = PRESENTATION_STYLE_ASSIGNMENT (( #512 ) ) ;
#1322 = DIRECTION ( 'NONE',  ( 1.000000000000000000, 0.000000000000000000, -0.000000000000000000 ) ) ;
#1323 = DIRECTION ( 'NONE',  ( 1.000000000000000000, 0.000000000000000000, 0.000000000000000000 ) ) ;
#1324 = DIRECTION ( 'NONE',  ( 1.000000000000000000, 0.000000000000000000, 0.000000000000000000 ) ) ;
#1325 = ORIENTED_EDGE ( 'NONE', *, *, #2146, .F. ) ;
#1326 = ORIENTED_EDGE ( 'NONE', *, *, #463, .T. ) ;
#1327 = AXIS2_PLACEMENT_3D ( 'NONE', #2475, #631, #1862 ) ;
#1328 = CARTESIAN_POINT ( 'NONE',  ( -15.15000000000000036, -3.000000000000000000, -0.1500000000000008271 ) ) ;
#1329 = VECTOR ( 'NONE', #1076, 999.9999999999998863 ) ;
#1330 = CARTESIAN_POINT ( 'NONE',  ( -7.255084809983587846, -2.278031256162684315, -0.2500000000000002220 ) ) ;
#1331 = DIRECTION ( 'NONE',  ( 1.000000000000000000, 0.000000000000000000, 0.000000000000000000 ) ) ;
#1332 = ORIENTED_EDGE ( 'NONE', *, *, #895, .T. ) ;
#1333 = EDGE_LOOP ( 'NONE', ( #1605, #1713, #594, #946, #1332, #2154 ) ) ;
#1334 = ADVANCED_FACE ( 'NONE', ( #1031 ), #2479, .T. ) ;
#1335 = LINE ( 'NONE', #1595, #2598 ) ;
#1336 = VECTOR ( 'NONE', #2257, 1000.000000000000000 ) ;
#1337 = DIRECTION ( 'NONE',  ( 0.000000000000000000, 0.000000000000000000, 1.000000000000000000 ) ) ;
#1338 = DIRECTION ( 'NONE',  ( 0.000000000000000000, -1.000000000000000000, 0.000000000000000000 ) ) ;
#1339 = EDGE_CURVE ( 'NONE', #1927, #2585, #1421, .T. ) ;
#1340 = CARTESIAN_POINT ( 'NONE',  ( 9.000000000000001776, 5.900000000000000355, -2.650000000000000355 ) ) ;
#1341 = VECTOR ( 'NONE', #1273, 1000.000000000000000 ) ;
#1342 = VERTEX_POINT ( 'NONE', #1836 ) ;
#1343 = EDGE_LOOP ( 'NONE', ( #1241, #1349, #1348, #2424 ) ) ;
#1344 = CARTESIAN_POINT ( 'NONE',  ( 0.7999999999999996003, 3.862207322041079749, -2.200000000000000622 ) ) ;
#1345 = DIRECTION ( 'NONE',  ( 0.000000000000000000, 0.000000000000000000, -1.000000000000000000 ) ) ;
#1346 = SURFACE_STYLE_USAGE ( .BOTH. , #1780 ) ;
#1347 = DIRECTION ( 'NONE',  ( 0.000000000000000000, 0.000000000000000000, 1.000000000000000000 ) ) ;
#1348 = ORIENTED_EDGE ( 'NONE', *, *, #2152, .T. ) ;
#1349 = ORIENTED_EDGE ( 'NONE', *, *, #1092, .F. ) ;
#1350 = CARTESIAN_POINT ( 'NONE',  ( -7.249999999999999112, -2.300000000000000266, 0.2500000000000002220 ) ) ;
#1351 = CARTESIAN_POINT ( 'NONE',  ( -9.000000000000005329, 6.924870448613815732, 0.7500000000000008882 ) ) ;
#1352 = ORIENTED_EDGE ( 'NONE', *, *, #83, .T. ) ;
#1353 = CARTESIAN_POINT ( 'NONE',  ( 8.400000000000000355, 5.900000000000000355, 2.049999999999998046 ) ) ;
#1354 = EDGE_CURVE ( 'NONE', #2593, #386, #624, .T. ) ;
#1355 = DIRECTION ( 'NONE',  ( 0.000000000000000000, 1.000000000000000000, 0.000000000000000000 ) ) ;
#1356 = ORIENTED_EDGE ( 'NONE', *, *, #241, .F. ) ;
#1357 = ORIENTED_EDGE ( 'NONE', *, *, #1557, .F. ) ;
#1358 = DIRECTION ( 'NONE',  ( -1.000000000000000000, 0.000000000000000000, 0.000000000000000000 ) ) ;
#1359 = CARTESIAN_POINT ( 'NONE',  ( -6.999999999999999112, 18.15862284482674482, 2.649999999999999911 ) ) ;
#1360 = AXIS2_PLACEMENT_3D ( 'NONE', #44, #1633, #23 ) ;
#1361 = DIRECTION ( 'NONE',  ( 0.000000000000000000, 0.000000000000000000, 1.000000000000000000 ) ) ;
#1362 = LINE ( 'NONE', #987, #1892 ) ;
#1363 = ITEM_DEFINED_TRANSFORMATION ( 'NONE', 'NONE', #837,  #403 ) ;
#1364 = ORIENTED_EDGE ( 'NONE', *, *, #2048, .T. ) ;
#1365 = AXIS2_PLACEMENT_3D ( 'NONE', #1996, #1751, #1358 ) ;
#1366 = EDGE_CURVE ( 'NONE', #1370, #607, #427, .T. ) ;
#1367 = ORIENTED_EDGE ( 'NONE', *, *, #1041, .F. ) ;
#1368 = DIRECTION ( 'NONE',  ( -1.000000000000000000, 0.000000000000000000, 0.000000000000000000 ) ) ;
#1369 = DIRECTION ( 'NONE',  ( -0.000000000000000000, -1.000000000000000000, -0.000000000000000000 ) ) ;
#1370 = VERTEX_POINT ( 'NONE', #1639 ) ;
#1371 = VECTOR ( 'NONE', #394, 1000.000000000000000 ) ;
#1372 = EDGE_LOOP ( 'NONE', ( #878, #192, #566, #1971 ) ) ;
#1373 = EDGE_CURVE ( 'NONE', #1782, #516, #28, .T. ) ;
#1374 = DIRECTION ( 'NONE',  ( -0.000000000000000000, 0.000000000000000000, -1.000000000000000000 ) ) ;
#1375 = CARTESIAN_POINT ( 'NONE',  ( -6.850000000000000533, -3.000000000000000000, 0.000000000000000000 ) ) ;
#1376 = AXIS2_PLACEMENT_3D ( 'NONE', #1769, #570, #937 ) ;
#1377 = CYLINDRICAL_SURFACE ( 'NONE', #398, 0.5500000000000001554 ) ;
#1378 = MECHANICAL_DESIGN_GEOMETRIC_PRESENTATION_REPRESENTATION (  '', ( #2033 ), #2509 ) ;
#1379 = VECTOR ( 'NONE', #2267, 1000.000000000000000 ) ;
#1380 = ORIENTED_EDGE ( 'NONE', *, *, #1446, .F. ) ;
#1381 = PRODUCT_DEFINITION_FORMATION_WITH_SPECIFIED_SOURCE ( 'ANY', '', #1234, .NOT_KNOWN. ) ;
#1382 = VECTOR ( 'NONE', #1720, 1000.000000000000000 ) ;
#1383 = CARTESIAN_POINT ( 'NONE',  ( 0.7999999999999996003, 3.075000000000000622, -2.200000000000000622 ) ) ;
#1384 = EDGE_CURVE ( 'NONE', #1736, #1444, #634, .T. ) ;
#1385 = ORIENTED_EDGE ( 'NONE', *, *, #246, .F. ) ;
#1386 = DIRECTION ( 'NONE',  ( 0.000000000000000000, 0.000000000000000000, 1.000000000000000000 ) ) ;
#1387 = DIRECTION ( 'NONE',  ( 0.000000000000000000, -0.000000000000000000, 1.000000000000000000 ) ) ;
#1388 = VERTEX_POINT ( 'NONE', #2047 ) ;
#1389 = EDGE_CURVE ( 'NONE', #1912, #1800, #2269, .T. ) ;
#1390 = UNCERTAINTY_MEASURE_WITH_UNIT (LENGTH_MEASURE( 1.000000000000000082E-05 ), #898, 'distance_accuracy_value', 'NONE');
#1391 = ORIENTED_EDGE ( 'NONE', *, *, #272, .F. ) ;
#1392 = FACE_OUTER_BOUND ( 'NONE', #161, .T. ) ;
#1393 = DIRECTION ( 'NONE',  ( 0.000000000000000000, 0.000000000000000000, -1.000000000000000000 ) ) ;
#1394 = EDGE_CURVE ( 'NONE', #2361, #277, #2281, .T. ) ;
#1395 = ITEM_DEFINED_TRANSFORMATION ( 'NONE', 'NONE', #1817,  #403 ) ;
#1396 = ORIENTED_EDGE ( 'NONE', *, *, #1398, .F. ) ;
#1397 = VECTOR ( 'NONE', #2570, 1000.000000000000000 ) ;
#1398 = EDGE_CURVE ( 'NONE', #1521, #2563, #1047, .T. ) ;
#1399 = LINE ( 'NONE', #1244, #661 ) ;
#1400 = DIRECTION ( 'NONE',  ( 1.000000000000000000, 0.000000000000000000, 0.000000000000000000 ) ) ;
#1401 = ORIENTED_EDGE ( 'NONE', *, *, #2068, .T. ) ;
#1402 = CARTESIAN_POINT ( 'NONE',  ( -6.994915190016411266, -1.628031256162682849, -0.2500000000000002220 ) ) ;
#1403 = LINE ( 'NONE', #610, #1819 ) ;
#1404 = CARTESIAN_POINT ( 'NONE',  ( 8.400000000000000355, 18.15862284482674482, 0.7499999999999975575 ) ) ;
#1405 = ORIENTED_EDGE ( 'NONE', *, *, #1029, .F. ) ;
#1406 = PRODUCT_DEFINITION_SHAPE ( 'NONE', 'NONE',  #2660 ) ;
#1407 = SURFACE_STYLE_USAGE ( .BOTH. , #1790 ) ;
#1408 =( LENGTH_UNIT ( ) NAMED_UNIT ( * ) SI_UNIT ( .MILLI., .METRE. ) );
#1409 = AXIS2_PLACEMENT_3D ( 'NONE', #2622, #357, #1163 ) ;
#1410 = CYLINDRICAL_SURFACE ( 'NONE', #194, 0.04999999999999969746 ) ;
#1411 = DIRECTION ( 'NONE',  ( 0.000000000000000000, 1.000000000000000000, 0.000000000000000000 ) ) ;
#1412 = LINE ( 'NONE', #2057, #142 ) ;
#1413 = ADVANCED_FACE ( 'NONE', ( #1449 ), #443, .T. ) ;
#1414 = CARTESIAN_POINT ( 'NONE',  ( -15.25000000000000000, 0.000000000000000000, 0.2500000000000002220 ) ) ;
#1415 = VECTOR ( 'NONE', #2260, 1000.000000000000000 ) ;
#1416 = CIRCLE ( 'NONE', #2599, 1.000000000000000000 ) ;
#1417 = DIRECTION ( 'NONE',  ( 1.000000000000000000, 0.000000000000000000, 0.000000000000000000 ) ) ;
#1418 = EDGE_CURVE ( 'NONE', #1957, #1986, #1811, .T. ) ;
#1419 = VECTOR ( 'NONE', #583, 1000.000000000000000 ) ;
#1420 = VECTOR ( 'NONE', #2077, 1000.000000000000000 ) ;
#1421 = LINE ( 'NONE', #2004, #445 ) ;
#1422 = LINE ( 'NONE', #1884, #470 ) ;
#1423 = DIRECTION ( 'NONE',  ( -0.4393748767463373506, -0.8983038003282302064, 0.000000000000000000 ) ) ;
#1424 = CARTESIAN_POINT ( 'NONE',  ( -7.299999999999998934, -1.000000000000000222, -0.2500000000000002220 ) ) ;
#1425 = DIRECTION ( 'NONE',  ( 0.000000000000000000, 0.000000000000000000, 1.000000000000000000 ) ) ;
#1426 = PRODUCT_DEFINITION_SHAPE ( 'NONE', 'NONE',  #2662 ) ;
#1427 = EDGE_CURVE ( 'NONE', #305, #294, #114, .T. ) ;
#1428 = PLANE ( 'NONE',  #2435 ) ;
#1429 = EDGE_CURVE ( 'NONE', #85, #35, #1013, .T. ) ;
#1430 = ORIENTED_EDGE ( 'NONE', *, *, #1398, .T. ) ;
#1431 = LINE ( 'NONE', #57, #1420 ) ;
#1432 =( NAMED_UNIT ( * ) PLANE_ANGLE_UNIT ( ) SI_UNIT ( $, .RADIAN. ) );
#1433 = PLANE ( 'NONE',  #1487 ) ;
#1434 = DIRECTION ( 'NONE',  ( -2.190419166690534448E-16, 0.7071067811865475727, -0.7071067811865475727 ) ) ;
#1435 = EDGE_CURVE ( 'NONE', #8, #2135, #96, .T. ) ;
#1436 = DIRECTION ( 'NONE',  ( 0.000000000000000000, 1.000000000000000000, 0.000000000000000000 ) ) ;
#1437 = PLANE ( 'NONE',  #2506 ) ;
#1438 = CARTESIAN_POINT ( 'NONE',  ( 5.999999999999999112, 6.350000000000000533, 2.049999999999998490 ) ) ;
#1439 = VERTEX_POINT ( 'NONE', #84 ) ;
#1440 = LINE ( 'NONE', #2049, #576 ) ;
#1441 = ORIENTED_EDGE ( 'NONE', *, *, #2034, .T. ) ;
#1442 = DIRECTION ( 'NONE',  ( -0.000000000000000000, -1.000000000000000000, -0.000000000000000000 ) ) ;
#1443 = DIRECTION ( 'NONE',  ( 0.000000000000000000, 0.000000000000000000, 1.000000000000000000 ) ) ;
#1444 = VERTEX_POINT ( 'NONE', #1056 ) ;
#1445 = VECTOR ( 'NONE', #786, 1000.000000000000000 ) ;
#1446 = EDGE_CURVE ( 'NONE', #30, #852, #2143, .T. ) ;
#1447 = DIRECTION ( 'NONE',  ( -0.000000000000000000, -1.000000000000000000, -0.000000000000000000 ) ) ;
#1448 = CARTESIAN_POINT ( 'NONE',  ( -6.749999999999999112, -2.725252258054535748, 0.2500000000000002220 ) ) ;
#1449 = FACE_OUTER_BOUND ( 'NONE', #899, .T. ) ;
#1450 = ORIENTED_EDGE ( 'NONE', *, *, #806, .T. ) ;
#1451 = VECTOR ( 'NONE', #200, 1000.000000000000114 ) ;
#1452 = ADVANCED_FACE ( 'NONE', ( #873 ), #1904, .F. ) ;
#1453 = ORIENTED_EDGE ( 'NONE', *, *, #1911, .T. ) ;
#1454 = CARTESIAN_POINT ( 'NONE',  ( 6.999999999999999112, 7.700000000000000178, 2.649999999999998135 ) ) ;
#1455 =( NAMED_UNIT ( * ) SI_UNIT ( $, .STERADIAN. ) SOLID_ANGLE_UNIT ( ) );
#1456 = DIRECTION ( 'NONE',  ( 0.4393748767463373506, 0.8983038003282302064, 0.000000000000000000 ) ) ;
#1457 = ORIENTED_EDGE ( 'NONE', *, *, #2388, .T. ) ;
#1458 = AXIS2_PLACEMENT_3D ( 'NONE', #824, #1411, #245 ) ;
#1459 = VECTOR ( 'NONE', #2078, 1000.000000000000000 ) ;
#1460 = VECTOR ( 'NONE', #1846, 1000.000000000000000 ) ;
#1461 = EDGE_CURVE ( 'NONE', #2199, #469, #861, .T. ) ;
#1462 = DIRECTION ( 'NONE',  ( 0.000000000000000000, -0.000000000000000000, 1.000000000000000000 ) ) ;
#1463 = SURFACE_STYLE_USAGE ( .BOTH. , #860 ) ;
#1464 = VECTOR ( 'NONE', #1021, 1000.000000000000000 ) ;
#1465 = EDGE_CURVE ( 'NONE', #1229, #54, #1292, .T. ) ;
#1466 = ORIENTED_EDGE ( 'NONE', *, *, #1542, .F. ) ;
#1467 = EDGE_LOOP ( 'NONE', ( #879, #1049, #2591, #1513 ) ) ;
#1468 = VECTOR ( 'NONE', #2562, 1000.000000000000000 ) ;
#1469 = PRODUCT ( 'pin', 'pin', '', ( #2625 ) ) ;
#1470 = ADVANCED_FACE ( 'NONE', ( #1264 ), #53, .F. ) ;
#1471 = DIRECTION ( 'NONE',  ( -0.3236155771181855600, 0.8891264907159877051, -0.3236155771181855600 ) ) ;
#1472 = PRESENTATION_STYLE_ASSIGNMENT (( #678 ) ) ;
#1473 = DIRECTION ( 'NONE',  ( -0.000000000000000000, -1.000000000000000000, -0.000000000000000000 ) ) ;
#1474 = ORIENTED_EDGE ( 'NONE', *, *, #1889, .F. ) ;
#1475 = ADVANCED_FACE ( 'NONE', ( #2096 ), #260, .T. ) ;
#1476 = VERTEX_POINT ( 'NONE', #496 ) ;
#1477 = DIRECTION ( 'NONE',  ( -7.404924101147645824E-17, -0.8290375725550400698, -0.5591929034707493473 ) ) ;
#1478 = FACE_OUTER_BOUND ( 'NONE', #382, .T. ) ;
#1479 = ORIENTED_EDGE ( 'NONE', *, *, #1976, .T. ) ;
#1480 = ORIENTED_EDGE ( 'NONE', *, *, #1913, .F. ) ;
#1481 = DIRECTION ( 'NONE',  ( -0.000000000000000000, -0.8526401643540950648, -0.5224985647159442470 ) ) ;
#1482 = CARTESIAN_POINT ( 'NONE',  ( 2.449999999999999734, 5.900000000000000355, -1.500000000000000888 ) ) ;
#1483 = DIRECTION ( 'NONE',  ( 0.000000000000000000, 0.000000000000000000, 1.000000000000000000 ) ) ;
#1484 = ORIENTED_EDGE ( 'NONE', *, *, #2129, .T. ) ;
#1485 = EDGE_CURVE ( 'NONE', #1922, #756, #299, .T. ) ;
#1486 = VERTEX_POINT ( 'NONE', #2218 ) ;
#1487 = AXIS2_PLACEMENT_3D ( 'NONE', #1026, #2474, #822 ) ;
#1488 = CARTESIAN_POINT ( 'NONE',  ( -6.805932909819473409, -2.058343817789513253, 0.2500000000000002220 ) ) ;
#1489 = CARTESIAN_POINT ( 'NONE',  ( -7.249999999999999112, 0.000000000000000000, 0.2500000000000002220 ) ) ;
#1490 = FACE_OUTER_BOUND ( 'NONE', #2307, .T. ) ;
#1491 = ORIENTED_EDGE ( 'NONE', *, *, #2056, .F. ) ;
#1492 = ORIENTED_EDGE ( 'NONE', *, *, #963, .F. ) ;
#1493 = FACE_OUTER_BOUND ( 'NONE', #2495, .T. ) ;
#1494 = ADVANCED_FACE ( 'NONE', ( #370 ), #1961, .F. ) ;
#1495 = PLANE ( 'NONE',  #1251 ) ;
#1496 = LINE ( 'NONE', #1098, #2069 ) ;
#1497 = ORIENTED_EDGE ( 'NONE', *, *, #537, .F. ) ;
#1498 = AXIS2_PLACEMENT_3D ( 'NONE', #218, #2453, #823 ) ;
#1499 = VERTEX_POINT ( 'NONE', #1591 ) ;
#1500 = VECTOR ( 'NONE', #1286, 1000.000000000000114 ) ;
#1501 = PRESENTATION_LAYER_ASSIGNMENT (  '', '', ( #2033 ) ) ;
#1502 = AXIS2_PLACEMENT_3D ( 'NONE', #2234, #2021, #1160 ) ;
#1503 = CARTESIAN_POINT ( 'NONE',  ( 7.299999999999998934, 7.700000000000000178, 2.649999999999998135 ) ) ;
#1504 = DIRECTION ( 'NONE',  ( 0.000000000000000000, 0.3420201433256698786, 0.9396926207859079838 ) ) ;
#1505 = DIRECTION ( 'NONE',  ( -1.000000000000000000, 0.000000000000000000, -0.000000000000000000 ) ) ;
#1506 = ORIENTED_EDGE ( 'NONE', *, *, #988, .T. ) ;
#1507 = PRODUCT_DEFINITION_FORMATION_WITH_SPECIFIED_SOURCE ( 'ANY', '', #1469, .NOT_KNOWN. ) ;
#1508 = ORIENTED_EDGE ( 'NONE', *, *, #1947, .T. ) ;
#1509 = EDGE_CURVE ( 'NONE', #8, #54, #1973, .T. ) ;
#1510 = DIRECTION ( 'NONE',  ( -0.8983038003282293182, -0.4393748767463390714, 0.000000000000000000 ) ) ;
#1511 = CARTESIAN_POINT ( 'NONE',  ( 7.299999999999998934, 7.700000000000000178, 0.000000000000000000 ) ) ;
#1512 = CARTESIAN_POINT ( 'NONE',  ( 9.000000000000001776, 6.924870448613815732, 0.7500000000000008882 ) ) ;
#1513 = ORIENTED_EDGE ( 'NONE', *, *, #256, .F. ) ;
#1514 = ORIENTED_EDGE ( 'NONE', *, *, #436, .T. ) ;
#1515 = DIRECTION ( 'NONE',  ( 2.409338161078898503E-17, 0.000000000000000000, -1.000000000000000000 ) ) ;
#1516 = PLANE ( 'NONE',  #282 ) ;
#1517 = DIRECTION ( 'NONE',  ( 1.000000000000000000, 0.000000000000000000, 0.000000000000000000 ) ) ;
#1518 = DIRECTION ( 'NONE',  ( -0.000000000000000000, -1.000000000000000000, -0.000000000000000000 ) ) ;
#1519 = ORIENTED_EDGE ( 'NONE', *, *, #358, .T. ) ;
#1520 = VECTOR ( 'NONE', #2543, 1000.000000000000000 ) ;
#1521 = VERTEX_POINT ( 'NONE', #352 ) ;
#1522 = CARTESIAN_POINT ( 'NONE',  ( -6.949999999999999289, -1.649999999999999911, 0.2500000000000002220 ) ) ;
#1523 = CARTESIAN_POINT ( 'NONE',  ( 0.000000000000000000, 0.000000000000000000, 0.000000000000000000 ) ) ;
#1524 = CARTESIAN_POINT ( 'NONE',  ( 6.999999999999999112, 7.350000000000000533, 2.649999999999998135 ) ) ;
#1525 = DIRECTION ( 'NONE',  ( 0.000000000000000000, 0.000000000000000000, 1.000000000000000000 ) ) ;
#1526 = ORIENTED_EDGE ( 'NONE', *, *, #2410, .F. ) ;
#1527 = ORIENTED_EDGE ( 'NONE', *, *, #908, .F. ) ;
#1528 = CARTESIAN_POINT ( 'NONE',  ( -8.400000000000000355, 18.15862284482674482, 0.7499999999999995559 ) ) ;
#1529 = EDGE_CURVE ( 'NONE', #1058, #2564, #2590, .T. ) ;
#1530 = CARTESIAN_POINT ( 'NONE',  ( -7.255084809983587846, -1.021968743837316840, 0.2500000000000002220 ) ) ;
#1531 = LINE ( 'NONE', #1765, #976 ) ;
#1532 = DIRECTION ( 'NONE',  ( -0.9396926207859079838, 0.3420201433256698786, 0.000000000000000000 ) ) ;
#1533 = ORIENTED_EDGE ( 'NONE', *, *, #664, .T. ) ;
#1534 = ORIENTED_EDGE ( 'NONE', *, *, #1366, .F. ) ;
#1535 = DIRECTION ( 'NONE',  ( -1.000000000000000000, 0.000000000000000000, 1.807003620809174878E-16 ) ) ;
#1536 = CARTESIAN_POINT ( 'NONE',  ( -9.000000000000005329, 6.924870448613815732, 0.7500000000000008882 ) ) ;
#1537 = DIRECTION ( 'NONE',  ( 0.000000000000000000, 0.000000000000000000, 1.000000000000000000 ) ) ;
#1538 = CARTESIAN_POINT ( 'NONE',  ( -6.749999999999999112, -2.300000000000000266, -0.2500000000000002220 ) ) ;
#1539 = SHAPE_REPRESENTATION_RELATIONSHIP ( 'NONE' , 'NONE' ,  #1821, #2210 ) ;
#1540 = EDGE_CURVE ( 'NONE', #660, #917, #139, .T. ) ;
#1541 = ORIENTED_EDGE ( 'NONE', *, *, #2038, .F. ) ;
#1542 = EDGE_CURVE ( 'NONE', #35, #1093, #568, .T. ) ;
#1543 = VECTOR ( 'NONE', #676, 1000.000000000000000 ) ;
#1544 = FACE_OUTER_BOUND ( 'NONE', #1602, .T. ) ;
#1545 = PLANE ( 'NONE',  #2559 ) ;
#1546 = VECTOR ( 'NONE', #1436, 1000.000000000000000 ) ;
#1547 = DIRECTION ( 'NONE',  ( -0.000000000000000000, 0.000000000000000000, -1.000000000000000000 ) ) ;
#1548 = DIRECTION ( 'NONE',  ( 2.409338161078898503E-17, 0.000000000000000000, -1.000000000000000000 ) ) ;
#1549 = ORIENTED_EDGE ( 'NONE', *, *, #95, .F. ) ;
#1550 = AXIS2_PLACEMENT_3D ( 'NONE', #1523, #1338, #2133 ) ;
#1551 = ORIENTED_EDGE ( 'NONE', *, *, #2462, .F. ) ;
#1552 = AXIS2_PLACEMENT_3D ( 'NONE', #694, #944, #1756 ) ;
#1553 = CARTESIAN_POINT ( 'NONE',  ( -8.699999999999999289, 7.700000000000000178, 1.225000000000000533 ) ) ;
#1554 = PLANE ( 'NONE',  #2259 ) ;
#1555 = FACE_OUTER_BOUND ( 'NONE', #2311, .T. ) ;
#1556 =( NAMED_UNIT ( * ) PLANE_ANGLE_UNIT ( ) SI_UNIT ( $, .RADIAN. ) );
#1557 = EDGE_CURVE ( 'NONE', #2009, #1062, #584, .T. ) ;
#1558 = EDGE_LOOP ( 'NONE', ( #220, #749, #961, #2232 ) ) ;
#1559 = EDGE_LOOP ( 'NONE', ( #804, #563, #1519, #975 ) ) ;
#1560 = DIRECTION ( 'NONE',  ( -1.000000000000000000, 0.000000000000000000, 0.000000000000000000 ) ) ;
#1561 = FACE_OUTER_BOUND ( 'NONE', #758, .T. ) ;
#1562 = DIRECTION ( 'NONE',  ( -1.000000000000000000, 0.000000000000000000, 0.000000000000000000 ) ) ;
#1563 = VERTEX_POINT ( 'NONE', #2008 ) ;
#1564 = CARTESIAN_POINT ( 'NONE',  ( -7.249999999999999112, -2.300000000000000266, -0.2500000000000002220 ) ) ;
#1565 = DIRECTION ( 'NONE',  ( 0.000000000000000000, 0.000000000000000000, 1.000000000000000000 ) ) ;
#1566 = AXIS2_PLACEMENT_3D ( 'NONE', #1879, #883, #686 ) ;
#1567 = VECTOR ( 'NONE', #1324, 1000.000000000000000 ) ;
#1568 = CARTESIAN_POINT ( 'NONE',  ( -9.000000000000005329, 7.700000000000000178, 1.225000000000000755 ) ) ;
#1569 = EDGE_CURVE ( 'NONE', #2089, #2389, #761, .T. ) ;
#1570 = EDGE_CURVE ( 'NONE', #2394, #848, #2191, .T. ) ;
#1571 = DIRECTION ( 'NONE',  ( 1.000000000000000000, 0.000000000000000000, 0.000000000000000000 ) ) ;
#1572 = ORIENTED_EDGE ( 'NONE', *, *, #2462, .T. ) ;
#1573 = EDGE_CURVE ( 'NONE', #2563, #1439, #1734, .T. ) ;
#1574 = CARTESIAN_POINT ( 'NONE',  ( 6.999999999999999112, 7.350000000000000533, 2.049999999999998490 ) ) ;
#1575 = DIRECTION ( 'NONE',  ( 1.000000000000000000, -0.000000000000000000, 2.168404344971008868E-16 ) ) ;
#1576 = VERTEX_POINT ( 'NONE', #556 ) ;
#1577 = DIRECTION ( 'NONE',  ( 0.000000000000000000, 0.000000000000000000, -1.000000000000000000 ) ) ;
#1578 = PLANE ( 'NONE',  #106 ) ;
#1579 = PLANE ( 'NONE',  #608 ) ;
#1580 = PRODUCT ( '08', '08', '', ( #915 ) ) ;
#1581 = DIRECTION ( 'NONE',  ( -1.000000000000000000, 0.000000000000000000, 3.097720492815726673E-16 ) ) ;
#1582 =( NAMED_UNIT ( * ) SI_UNIT ( $, .STERADIAN. ) SOLID_ANGLE_UNIT ( ) );
#1583 = CARTESIAN_POINT ( 'NONE',  ( 9.000000000000001776, 5.900000000000000355, 2.649999999999999911 ) ) ;
#1584 = EDGE_CURVE ( 'NONE', #1066, #1190, #2500, .T. ) ;
#1585 = EDGE_LOOP ( 'NONE', ( #483, #2192, #502, #538 ) ) ;
#1586 = ADVANCED_FACE ( 'NONE', ( #112 ), #922, .F. ) ;
#1587 = ORIENTED_EDGE ( 'NONE', *, *, #1041, .T. ) ;
#1588 = LINE ( 'NONE', #554, #1419 ) ;
#1589 = APPLICATION_CONTEXT ( 'automotive_design' ) ;
#1590 = VECTOR ( 'NONE', #514, 1000.000000000000227 ) ;
#1591 = CARTESIAN_POINT ( 'NONE',  ( -8.400000000000000355, 5.900000000000000355, 0.2499999999999995837 ) ) ;
#1592 = ORIENTED_EDGE ( 'NONE', *, *, #868, .T. ) ;
#1593 = LINE ( 'NONE', #2609, #1764 ) ;
#1594 = CARTESIAN_POINT ( 'NONE',  ( -6.850000000000000533, -3.000000000000000000, -0.1499999999999990785 ) ) ;
#1595 = CARTESIAN_POINT ( 'NONE',  ( -8.400000000000000355, 5.900000000000000355, 2.050000000000000266 ) ) ;
#1596 = CARTESIAN_POINT ( 'NONE',  ( -9.000000000000000000, 6.400000000000001243, 0.2499999999999995837 ) ) ;
#1597 = AXIS2_PLACEMENT_3D ( 'NONE', #2101, #421, #677 ) ;
#1598 = FACE_OUTER_BOUND ( 'NONE', #884, .T. ) ;
#1599 = VECTOR ( 'NONE', #1471, 1000.000000000000227 ) ;
#1600 = ORIENTED_EDGE ( 'NONE', *, *, #1947, .F. ) ;
#1601 = DIRECTION ( 'NONE',  ( 0.000000000000000000, 0.000000000000000000, 1.000000000000000000 ) ) ;
#1602 = EDGE_LOOP ( 'NONE', ( #331, #924, #1932, #2227, #1655, #1276, #287, #1587 ) ) ;
#1603 = FACE_OUTER_BOUND ( 'NONE', #893, .T. ) ;
#1604 = CARTESIAN_POINT ( 'NONE',  ( -6.994915190016411266, -1.671968743837316973, -0.2500000000000002220 ) ) ;
#1605 = ORIENTED_EDGE ( 'NONE', *, *, #529, .F. ) ;
#1606 = VERTEX_POINT ( 'NONE', #1945 ) ;
#1607 = LINE ( 'NONE', #599, #1464 ) ;
#1608 = LINE ( 'NONE', #2624, #1624 ) ;
#1609 = ORIENTED_EDGE ( 'NONE', *, *, #175, .T. ) ;
#1610 = VECTOR ( 'NONE', #2456, 1000.000000000000000 ) ;
#1611 = DIRECTION ( 'NONE',  ( 1.000000000000000000, 0.000000000000000000, -1.807003620809174878E-16 ) ) ;
#1612 = DIRECTION ( 'NONE',  ( -0.000000000000000000, -0.8526401643540950648, -0.5224985647159442470 ) ) ;
#1613 = PLANE ( 'NONE',  #1458 ) ;
#1614 = ORIENTED_EDGE ( 'NONE', *, *, #2362, .F. ) ;
#1615 = CARTESIAN_POINT ( 'NONE',  ( 8.400000000000000355, 15.09175507887385415, 5.754673338071187416 ) ) ;
#1616 = DIRECTION ( 'NONE',  ( -0.4393748767463385718, 0.8983038003282295403, 0.000000000000000000 ) ) ;
#1617 = VECTOR ( 'NONE', #1843, 1000.000000000000114 ) ;
#1618 = PRODUCT_DEFINITION_SHAPE ( 'NONE', 'NONE',  #2665 ) ;
#1619 = CARTESIAN_POINT ( 'NONE',  ( -8.699999999999999289, 7.700000000000000178, 0.7499999999999995559 ) ) ;
#1620 = CARTESIAN_POINT ( 'NONE',  ( -14.80236352087676721, -2.869119849266601463, -0.1976364791232319840 ) ) ;
#1621 = CIRCLE ( 'NONE', #697, 0.5500000000000010436 ) ;
#1622 = DIRECTION ( 'NONE',  ( -1.000000000000000000, 0.000000000000000000, 0.000000000000000000 ) ) ;
#1623 = FACE_OUTER_BOUND ( 'NONE', #2350, .T. ) ;
#1624 = VECTOR ( 'NONE', #2405, 1000.000000000000000 ) ;
#1625 = CARTESIAN_POINT ( 'NONE',  ( -6.749999999999999112, -3.000000000000000000, 0.2500000000000002220 ) ) ;
#1626 = VECTOR ( 'NONE', #12, 1000.000000000000114 ) ;
#1627 = CARTESIAN_POINT ( 'NONE',  ( -6.805932909819473409, -1.241656182210486126, 0.2500000000000002220 ) ) ;
#1628 = ORIENTED_EDGE ( 'NONE', *, *, #2537, .F. ) ;
#1629 = VECTOR ( 'NONE', #2617, 999.9999999999998863 ) ;
#1630 = VECTOR ( 'NONE', #181, 1000.000000000000227 ) ;
#1631 = STYLED_ITEM ( 'NONE', ( #1216 ), #107 ) ;
#1632 = EDGE_CURVE ( 'NONE', #907, #1986, #1794, .T. ) ;
#1633 = DIRECTION ( 'NONE',  ( -1.000000000000000000, 0.000000000000000000, 0.000000000000000000 ) ) ;
#1634 = FACE_OUTER_BOUND ( 'NONE', #2573, .T. ) ;
#1635 = VECTOR ( 'NONE', #892, 1000.000000000000000 ) ;
#1636 = LINE ( 'NONE', #2278, #2464 ) ;
#1637 = LINE ( 'NONE', #2499, #1294 ) ;
#1638 = PRODUCT ( 'pin_bent', 'pin_bent', '', ( #2637 ) ) ;
#1639 = CARTESIAN_POINT ( 'NONE',  ( 6.000000000000000000, 6.350000000000000533, 2.649999999999998135 ) ) ;
#1640 = ORIENTED_EDGE ( 'NONE', *, *, #71, .T. ) ;
#1641 = DIRECTION ( 'NONE',  ( 1.000000000000000000, 0.000000000000000000, -0.000000000000000000 ) ) ;
#1642 = ADVANCED_FACE ( 'NONE', ( #935 ), #2397, .F. ) ;
#1643 = CARTESIAN_POINT ( 'NONE',  ( -7.255084809983587846, -2.278031256162684315, 0.2500000000000002220 ) ) ;
#1644 = SHAPE_REPRESENTATION_RELATIONSHIP ( 'NONE' , 'NONE' ,  #5, #596 ) ;
#1645 = DIRECTION ( 'NONE',  ( 0.000000000000000000, 0.000000000000000000, 1.000000000000000000 ) ) ;
#1646 = ORIENTED_EDGE ( 'NONE', *, *, #1939, .T. ) ;
#1647 = AXIS2_PLACEMENT_3D ( 'NONE', #667, #34, #1443 ) ;
#1648 = EDGE_CURVE ( 'NONE', #48, #8, #523, .T. ) ;
#1649 = CARTESIAN_POINT ( 'NONE',  ( -6.805932909819473409, -2.058343817789513253, -0.2500000000000002220 ) ) ;
#1650 = LINE ( 'NONE', #643, #835 ) ;
#1651 = DIRECTION ( 'NONE',  ( 1.000000000000000000, 0.000000000000000000, -0.000000000000000000 ) ) ;
#1652 = DIRECTION ( 'NONE',  ( -0.8983038003282293182, -0.4393748767463390714, 0.000000000000000000 ) ) ;
#1653 = DIRECTION ( 'NONE',  ( 0.000000000000000000, 0.000000000000000000, -1.000000000000000000 ) ) ;
#1654 = EDGE_LOOP ( 'NONE', ( #1775, #1789, #1086, #250 ) ) ;
#1655 = ORIENTED_EDGE ( 'NONE', *, *, #2189, .T. ) ;
#1656 = EDGE_CURVE ( 'NONE', #1922, #1912, #1781, .T. ) ;
#1657 = DIRECTION ( 'NONE',  ( -1.000000000000000000, 0.000000000000000000, 0.000000000000000000 ) ) ;
#1658 = DIRECTION ( 'NONE',  ( 0.000000000000000000, -0.000000000000000000, 1.000000000000000000 ) ) ;
#1659 = ADVANCED_FACE ( 'NONE', ( #745 ), #2177, .F. ) ;
#1660 = PRESENTATION_STYLE_ASSIGNMENT (( #856 ) ) ;
#1661 = CARTESIAN_POINT ( 'NONE',  ( -6.994915190016410378, -1.628031256162682405, -0.2500000000000002220 ) ) ;
#1662 = ORIENTED_EDGE ( 'NONE', *, *, #1461, .T. ) ;
#1663 = ADVANCED_FACE ( 'NONE', ( #1009 ), #1823, .T. ) ;
#1664 = DIRECTION ( 'NONE',  ( -0.000000000000000000, 1.000000000000000000, -0.000000000000000000 ) ) ;
#1665 = CARTESIAN_POINT ( 'NONE',  ( -9.000000000000005329, 6.924870448613815732, 0.7500000000000008882 ) ) ;
#1666 = ADVANCED_FACE ( 'NONE', ( #2487 ), #994, .T. ) ;
#1667 = CARTESIAN_POINT ( 'NONE',  ( -14.84999999999999787, -3.000000000000000000, 0.000000000000000000 ) ) ;
#1668 = ORIENTED_EDGE ( 'NONE', *, *, #283, .F. ) ;
#1669 = CARTESIAN_POINT ( 'NONE',  ( -7.444067090180525703, -1.408343817789513563, -0.2500000000000002220 ) ) ;
#1670 = ORIENTED_EDGE ( 'NONE', *, *, #1876, .F. ) ;
#1671 = AXIS2_PLACEMENT_3D ( 'NONE', #1583, #1814, #361 ) ;
#1672 = CONTEXT_DEPENDENT_SHAPE_REPRESENTATION ( #1901, #1618 ) ;
#1673 = VECTOR ( 'NONE', #2336, 999.9999999999998863 ) ;
#1674 = CARTESIAN_POINT ( 'NONE',  ( 4.517509052022919940E-17, 5.900000000000000355, 0.2499999999999990286 ) ) ;
#1675 = VECTOR ( 'NONE', #1692, 1000.000000000000000 ) ;
#1676 = PLANE ( 'NONE',  #1143 ) ;
#1677 = ORIENTED_EDGE ( 'NONE', *, *, #776, .F. ) ;
#1678 = LINE ( 'NONE', #1615, #2051 ) ;
#1679 = VECTOR ( 'NONE', #2575, 1000.000000000000000 ) ;
#1680 = ORIENTED_EDGE ( 'NONE', *, *, #291, .T. ) ;
#1681 = LINE ( 'NONE', #2513, #1675 ) ;
#1682 = VECTOR ( 'NONE', #297, 1000.000000000000000 ) ;
#1683 = EDGE_LOOP ( 'NONE', ( #366, #1300, #790, #983 ) ) ;
#1684 = ORIENTED_EDGE ( 'NONE', *, *, #1774, .T. ) ;
#1685 = AXIS2_PLACEMENT_3D ( 'NONE', #1625, #1253, #2086 ) ;
#1686 = EDGE_CURVE ( 'NONE', #998, #62, #2277, .T. ) ;
#1687 = CARTESIAN_POINT ( 'NONE',  ( 5.999999999999999112, 7.350000000000000533, 2.649999999999999911 ) ) ;
#1688 = CARTESIAN_POINT ( 'NONE',  ( 7.299999999999998934, 7.700000000000000178, 2.349999999999998312 ) ) ;
#1689 = EDGE_CURVE ( 'NONE', #1265, #1277, #2028, .T. ) ;
#1690 = VERTEX_POINT ( 'NONE', #26 ) ;
#1691 = EDGE_LOOP ( 'NONE', ( #931, #338, #1067, #1356 ) ) ;
#1692 = DIRECTION ( 'NONE',  ( 0.000000000000000000, 0.000000000000000000, -1.000000000000000000 ) ) ;
#1693 = COLOUR_RGB ( '',0.7960784313725489669, 0.8235294117647058432, 0.9372549019607843146 ) ;
#1694 = LINE ( 'NONE', #270, #2473 ) ;
#1695 = EDGE_CURVE ( 'NONE', #503, #24, #2017, .T. ) ;
#1696 = ORIENTED_EDGE ( 'NONE', *, *, #1876, .T. ) ;
#1697 = EDGE_LOOP ( 'NONE', ( #1367, #347, #1707, #1628 ) ) ;
#1698 = CARTESIAN_POINT ( 'NONE',  ( 8.700000000000002842, 7.700000000000000178, 1.225000000000001199 ) ) ;
#1699 = ORIENTED_EDGE ( 'NONE', *, *, #2444, .T. ) ;
#1700 = VERTEX_POINT ( 'NONE', #2231 ) ;
#1701 = CARTESIAN_POINT ( 'NONE',  ( -8.400000000000000355, -15.45703667112197977, -0.8999999999999993561 ) ) ;
#1702 = EDGE_CURVE ( 'NONE', #1962, #1912, #1832, .T. ) ;
#1703 =( REPRESENTATION_RELATIONSHIP ('NONE','NONE', #1162, #1821 ) REPRESENTATION_RELATIONSHIP_WITH_TRANSFORMATION ( #1192 )SHAPE_REPRESENTATION_RELATIONSHIP( ) );
#1704 = CARTESIAN_POINT ( 'NONE',  ( 9.000000000000001776, 1.600000000000000089, -1.500000000000001776 ) ) ;
#1705 = PLANE ( 'NONE',  #675 ) ;
#1706 = DIRECTION ( 'NONE',  ( 1.000000000000000000, 0.000000000000000000, -0.000000000000000000 ) ) ;
#1707 = ORIENTED_EDGE ( 'NONE', *, *, #1230, .F. ) ;
#1708 = ORIENTED_EDGE ( 'NONE', *, *, #1301, .T. ) ;
#1709 = PLANE ( 'NONE',  #479 ) ;
#1710 = CARTESIAN_POINT ( 'NONE',  ( -14.75000000000000000, -2.725252258054540633, -0.2500000000000002220 ) ) ;
#1711 = CARTESIAN_POINT ( 'NONE',  ( -15.19763647912323101, -2.869119849266601463, -0.1976364791232319840 ) ) ;
#1712 =( NAMED_UNIT ( * ) SI_UNIT ( $, .STERADIAN. ) SOLID_ANGLE_UNIT ( ) );
#1713 = ORIENTED_EDGE ( 'NONE', *, *, #280, .T. ) ;
#1714 = VECTOR ( 'NONE', #2470, 1000.000000000000000 ) ;
#1715 = ORIENTED_EDGE ( 'NONE', *, *, #1312, .T. ) ;
#1716 = AXIS2_PLACEMENT_3D ( 'NONE', #439, #606, #850 ) ;
#1717 = CARTESIAN_POINT ( 'NONE',  ( -0.8000000000000004885, 3.862207322041079749, -2.200000000000000622 ) ) ;
#1718 = VECTOR ( 'NONE', #616, 1000.000000000000000 ) ;
#1719 = VECTOR ( 'NONE', #4, 1000.000000000000000 ) ;
#1720 = DIRECTION ( 'NONE',  ( 1.000000000000000000, 0.000000000000000000, 0.000000000000000000 ) ) ;
#1721 = ORIENTED_EDGE ( 'NONE', *, *, #2638, .T. ) ;
#1722 = ORIENTED_EDGE ( 'NONE', *, *, #2351, .F. ) ;
#1723 = FILL_AREA_STYLE ('',( #472 ) ) ;
#1724 = DIRECTION ( 'NONE',  ( 0.000000000000000000, -1.000000000000000000, 0.000000000000000000 ) ) ;
#1725 = CARTESIAN_POINT ( 'NONE',  ( -7.444067090180526591, -1.408343817789512675, -0.2500000000000002220 ) ) ;
#1726 = APPLICATION_PROTOCOL_DEFINITION ( 'draft international standard', 'automotive_design', 1998, #2153 ) ;
#1727 = ADVANCED_FACE ( 'NONE', ( #1 ), #2655, .T. ) ;
#1728 = ORIENTED_EDGE ( 'NONE', *, *, #58, .F. ) ;
#1729 = ORIENTED_EDGE ( 'NONE', *, *, #1750, .F. ) ;
#1730 = CARTESIAN_POINT ( 'NONE',  ( -7.299999999999998934, 7.700000000000000178, 0.000000000000000000 ) ) ;
#1731 = DIRECTION ( 'NONE',  ( -1.000000000000000000, -0.000000000000000000, -0.000000000000000000 ) ) ;
#1732 = EDGE_CURVE ( 'NONE', #2283, #2145, #1042, .T. ) ;
#1733 =( NAMED_UNIT ( * ) SI_UNIT ( $, .STERADIAN. ) SOLID_ANGLE_UNIT ( ) );
#1734 = LINE ( 'NONE', #341, #615 ) ;
#1735 = VERTEX_POINT ( 'NONE', #1649 ) ;
#1736 = VERTEX_POINT ( 'NONE', #642 ) ;
#1737 = DIRECTION ( 'NONE',  ( -1.000000000000000000, 0.000000000000000000, 0.000000000000000000 ) ) ;
#1738 = DIRECTION ( 'NONE',  ( -0.000000000000000000, -0.000000000000000000, -1.000000000000000000 ) ) ;
#1739 = FACE_OUTER_BOUND ( 'NONE', #2408, .T. ) ;
#1740 = CARTESIAN_POINT ( 'NONE',  ( 8.383993632231169002, 7.383993632231169890, 1.031351048774026502 ) ) ;
#1741 = DIRECTION ( 'NONE',  ( 1.000000000000000000, 0.000000000000000000, 0.000000000000000000 ) ) ;
#1742 = ORIENTED_EDGE ( 'NONE', *, *, #895, .F. ) ;
#1743 = VERTEX_POINT ( 'NONE', #620 ) ;
#1744 = DIRECTION ( 'NONE',  ( 1.000000000000000000, 0.000000000000000000, -0.000000000000000000 ) ) ;
#1745 = VECTOR ( 'NONE', #254, 1000.000000000000114 ) ;
#1746 = CARTESIAN_POINT ( 'NONE',  ( -8.400000000000000355, 6.400000000000001243, 0.7499999999999995559 ) ) ;
#1747 = CARTESIAN_POINT ( 'NONE',  ( -6.749999999999999112, -1.000000000000000222, -0.2500000000000002220 ) ) ;
#1748 = EDGE_LOOP ( 'NONE', ( #1145, #1095, #979, #151 ) ) ;
#1749 = ORIENTED_EDGE ( 'NONE', *, *, #1978, .T. ) ;
#1750 = EDGE_CURVE ( 'NONE', #2178, #2009, #2215, .T. ) ;
#1751 = DIRECTION ( 'NONE',  ( 0.000000000000000000, 0.000000000000000000, -1.000000000000000000 ) ) ;
#1752 = DIRECTION ( 'NONE',  ( 1.000000000000000000, 0.000000000000000000, 0.000000000000000000 ) ) ;
#1753 = DIRECTION ( 'NONE',  ( 1.000000000000000000, 0.000000000000000000, 0.000000000000000000 ) ) ;
#1754 = CARTESIAN_POINT ( 'NONE',  ( 0.000000000000000000, 6.350000000000000533, 0.000000000000000000 ) ) ;
#1755 = AXIS2_PLACEMENT_3D ( 'NONE', #1217, #1237, #2071 ) ;
#1756 = DIRECTION ( 'NONE',  ( 1.000000000000000000, 0.000000000000000000, 0.000000000000000000 ) ) ;
#1757 = VERTEX_POINT ( 'NONE', #2266 ) ;
#1758 = AXIS2_PLACEMENT_3D ( 'NONE', #1754, #693, #549 ) ;
#1759 = APPLICATION_CONTEXT ( 'automotive_design' ) ;
#1760 = ORIENTED_EDGE ( 'NONE', *, *, #776, .T. ) ;
#1761 = AXIS2_PLACEMENT_3D ( 'NONE', #2434, #1535, #1565 ) ;
#1762 = AXIS2_PLACEMENT_3D ( 'NONE', #774, #2576, #982 ) ;
#1763 = CARTESIAN_POINT ( 'NONE',  ( -6.999999999999999112, 7.400000000000000355, 2.050000000000000266 ) ) ;
#1764 = VECTOR ( 'NONE', #2454, 1000.000000000000000 ) ;
#1765 = CARTESIAN_POINT ( 'NONE',  ( -0.8000000000000004885, 3.075000000000000622, -2.200000000000000622 ) ) ;
#1766 = CARTESIAN_POINT ( 'NONE',  ( 0.000000000000000000, -3.000000000000000000, 0.1500000000000008271 ) ) ;
#1767 = ORIENTED_EDGE ( 'NONE', *, *, #551, .T. ) ;
#1768 = MECHANICAL_DESIGN_GEOMETRIC_PRESENTATION_REPRESENTATION (  '', ( #2505 ), #196 ) ;
#1769 = CARTESIAN_POINT ( 'NONE',  ( -15.25000000000000000, -2.725252258054540633, 0.2500000000000002220 ) ) ;
#1770 = ORIENTED_EDGE ( 'NONE', *, *, #1784, .F. ) ;
#1771 = FACE_OUTER_BOUND ( 'NONE', #1081, .T. ) ;
#1772 = DIRECTION ( 'NONE',  ( 0.000000000000000000, 0.8526401643540950648, 0.5224985647159442470 ) ) ;
#1773 = PLANE ( 'NONE',  #525 ) ;
#1774 = EDGE_CURVE ( 'NONE', #1690, #1176, #1197, .T. ) ;
#1775 = ORIENTED_EDGE ( 'NONE', *, *, #336, .T. ) ;
#1776 = ADVANCED_FACE ( 'NONE', ( #208 ), #197, .T. ) ;
#1777 = CARTESIAN_POINT ( 'NONE',  ( -15.25000000000000000, -3.000000000000000000, -0.2500000000000002220 ) ) ;
#1778 = EDGE_LOOP ( 'NONE', ( #2319, #1497, #2616, #965 ) ) ;
#1779 = LINE ( 'NONE', #759, #619 ) ;
#1780 = SURFACE_SIDE_STYLE ('',( #921 ) ) ;
#1781 = LINE ( 'NONE', #2619, #1850 ) ;
#1782 = VERTEX_POINT ( 'NONE', #1807 ) ;
#1783 = FACE_OUTER_BOUND ( 'NONE', #462, .T. ) ;
#1784 = EDGE_CURVE ( 'NONE', #45, #154, #2425, .T. ) ;
#1785 = DIRECTION ( 'NONE',  ( -1.000000000000000000, 0.000000000000000000, -0.000000000000000000 ) ) ;
#1786 = AXIS2_PLACEMENT_3D ( 'NONE', #2251, #1547, #2588 ) ;
#1787 = ADVANCED_FACE ( 'NONE', ( #1634 ), #1410, .F. ) ;
#1788 = CARTESIAN_POINT ( 'NONE',  ( 2.449999999999999734, 1.600000000000000089, -1.500000000000000888 ) ) ;
#1789 = ORIENTED_EDGE ( 'NONE', *, *, #1221, .T. ) ;
#1790 = SURFACE_SIDE_STYLE ('',( #1208 ) ) ;
#1791 = EDGE_LOOP ( 'NONE', ( #389, #1527, #1101, #954 ) ) ;
#1792 = DIRECTION ( 'NONE',  ( -0.000000000000000000, -0.000000000000000000, -1.000000000000000000 ) ) ;
#1793 = ADVANCED_FACE ( 'NONE', ( #404 ), #1028, .T. ) ;
#1794 = LINE ( 'NONE', #2428, #51 ) ;
#1795 = EDGE_LOOP ( 'NONE', ( #812, #1640, #1684, #719, #547 ) ) ;
#1796 = LINE ( 'NONE', #372, #962 ) ;
#1797 = EDGE_CURVE ( 'NONE', #1735, #998, #2055, .T. ) ;
#1798 = DIRECTION ( 'NONE',  ( -0.4393748767463385163, 0.8983038003282295403, 0.000000000000000000 ) ) ;
#1799 = CARTESIAN_POINT ( 'NONE',  ( 0.000000000000000000, -3.000000000000000000, -0.1500000000000008271 ) ) ;
#1800 = VERTEX_POINT ( 'NONE', #37 ) ;
#1801 = DIRECTION ( 'NONE',  ( -1.000000000000000000, 0.000000000000000000, 0.000000000000000000 ) ) ;
#1802 = DIRECTION ( 'NONE',  ( 0.000000000000000000, 0.000000000000000000, 1.000000000000000000 ) ) ;
#1803 = ORIENTED_EDGE ( 'NONE', *, *, #283, .T. ) ;
#1804 = DIRECTION ( 'NONE',  ( 1.000000000000000000, -0.000000000000000000, -1.807003620809174878E-16 ) ) ;
#1805 = VECTOR ( 'NONE', #1127, 1000.000000000000114 ) ;
#1806 = VECTOR ( 'NONE', #1481, 1000.000000000000114 ) ;
#1807 = CARTESIAN_POINT ( 'NONE',  ( -6.749999999999999112, 0.000000000000000000, 0.2500000000000002220 ) ) ;
#1808 = ORIENTED_EDGE ( 'NONE', *, *, #1702, .F. ) ;
#1809 =( GEOMETRIC_REPRESENTATION_CONTEXT ( 3 ) GLOBAL_UNCERTAINTY_ASSIGNED_CONTEXT ( ( #1914 ) ) GLOBAL_UNIT_ASSIGNED_CONTEXT ( ( #2519, #768, #1582 ) ) REPRESENTATION_CONTEXT ( 'NONE', 'WORKASPACE' ) );
#1810 = ORIENTED_EDGE ( 'NONE', *, *, #330, .F. ) ;
#1811 = LINE ( 'NONE', #2650, #2438 ) ;
#1812 = ORIENTED_EDGE ( 'NONE', *, *, #272, .T. ) ;
#1813 = VECTOR ( 'NONE', #1103, 1000.000000000000000 ) ;
#1814 = DIRECTION ( 'NONE',  ( -1.000000000000000000, 0.000000000000000000, 0.000000000000000000 ) ) ;
#1815 = AXIS2_PLACEMENT_3D ( 'NONE', #2337, #1126, #1322 ) ;
#1816 = ORIENTED_EDGE ( 'NONE', *, *, #1784, .T. ) ;
#1817 = AXIS2_PLACEMENT_3D ( 'NONE', #292, #2349, #888 ) ;
#1818 = EDGE_CURVE ( 'NONE', #2421, #48, #88, .T. ) ;
#1819 = VECTOR ( 'NONE', #234, 1000.000000000000000 ) ;
#1820 = EDGE_CURVE ( 'NONE', #469, #1370, #1416, .T. ) ;
#1821 = SHAPE_REPRESENTATION ( 'pin', ( #403 ), #2079 ) ;
#1822 = PRODUCT_DEFINITION_SHAPE ( 'NONE', 'NONE',  #2664 ) ;
#1823 = PLANE ( 'NONE',  #867 ) ;
#1824 = PRODUCT_DEFINITION_CONTEXT ( 'detailed design', #1759, 'design' ) ;
#1825 = LINE ( 'NONE', #997, #2647 ) ;
#1826 = LINE ( 'NONE', #841, #2224 ) ;
#1827 = ORIENTED_EDGE ( 'NONE', *, *, #2274, .F. ) ;
#1828 = PLANE ( 'NONE',  #949 ) ;
#1829 = APPLICATION_PROTOCOL_DEFINITION ( 'draft international standard', 'automotive_design', 1998, #263 ) ;
#1830 = EDGE_CURVE ( 'NONE', #2556, #1058, #1278, .T. ) ;
#1831 = PLANE ( 'NONE',  #2272 ) ;
#1832 = LINE ( 'NONE', #1236, #2294 ) ;
#1833 = EDGE_CURVE ( 'NONE', #221, #524, #1923, .T. ) ;
#1834 = DIRECTION ( 'NONE',  ( -0.8983038003282302064, 0.4393748767463372951, 0.000000000000000000 ) ) ;
#1835 = LINE ( 'NONE', #209, #1460 ) ;
#1836 = CARTESIAN_POINT ( 'NONE',  ( -7.500000000000000888, -1.649999999999999911, -0.2500000000000002220 ) ) ;
#1837 = VERTEX_POINT ( 'NONE', #1698 ) ;
#1838 = ORIENTED_EDGE ( 'NONE', *, *, #1230, .T. ) ;
#1839 = PRODUCT_RELATED_PRODUCT_CATEGORY ( 'part', '', ( #1234 ) ) ;
#1840 = CIRCLE ( 'NONE', #2324, 0.5000000000000000000 ) ;
#1841 = PRODUCT_DEFINITION_SHAPE ( 'NONE', 'NONE',  #2659 ) ;
#1842 = SHAPE_REPRESENTATION_RELATIONSHIP ( 'NONE' , 'NONE' ,  #1247, #1316 ) ;
#1843 = DIRECTION ( 'NONE',  ( -0.3236155771181856156, -0.8891264907159877051, 0.3236155771181856156 ) ) ;
#1844 = CARTESIAN_POINT ( 'NONE',  ( -6.805932909819473409, -2.058343817789513253, -0.2500000000000002220 ) ) ;
#1845 = DIRECTION ( 'NONE',  ( -0.7071067811865475727, 0.7071067811865475727, 0.000000000000000000 ) ) ;
#1846 = DIRECTION ( 'NONE',  ( -1.000000000000000000, 0.000000000000000000, 1.290716872006553027E-16 ) ) ;
#1847 = ADVANCED_FACE ( 'NONE', ( #486 ), #2132, .F. ) ;
#1848 = DIRECTION ( 'NONE',  ( 0.000000000000000000, 1.000000000000000000, 0.000000000000000000 ) ) ;
#1849 = ORIENTED_EDGE ( 'NONE', *, *, #2328, .T. ) ;
#1850 = VECTOR ( 'NONE', #1575, 1000.000000000000000 ) ;
#1851 = ORIENTED_EDGE ( 'NONE', *, *, #2399, .T. ) ;
#1852 = AXIS2_PLACEMENT_3D ( 'NONE', #2155, #1064, #1942 ) ;
#1853 = DIRECTION ( 'NONE',  ( -1.000000000000000000, 0.000000000000000000, 0.000000000000000000 ) ) ;
#1854 = CARTESIAN_POINT ( 'NONE',  ( -6.516666666666665719, 6.916666666666666075, 1.566666666666666652 ) ) ;
#1855 = VECTOR ( 'NONE', #1804, 1000.000000000000000 ) ;
#1856 = PRESENTATION_LAYER_ASSIGNMENT (  '', '', ( #1631 ) ) ;
#1857 = EDGE_CURVE ( 'NONE', #1342, #452, #437, .T. ) ;
#1858 = FACE_OUTER_BOUND ( 'NONE', #1333, .T. ) ;
#1859 = LINE ( 'NONE', #818, #2109 ) ;
#1860 = ORIENTED_EDGE ( 'NONE', *, *, #2113, .T. ) ;
#1861 = AXIS2_PLACEMENT_3D ( 'NONE', #767, #2403, #2207 ) ;
#1862 = DIRECTION ( 'NONE',  ( -1.000000000000000000, 0.000000000000000000, 0.000000000000000000 ) ) ;
#1863 = PLANE ( 'NONE',  #1716 ) ;
#1864 = PLANE ( 'NONE',  #1755 ) ;
#1865 = DIRECTION ( 'NONE',  ( 1.000000000000000000, 0.000000000000000000, 0.000000000000000000 ) ) ;
#1866 = EDGE_LOOP ( 'NONE', ( #1491, #2022, #113, #706 ) ) ;
#1867 = ORIENTED_EDGE ( 'NONE', *, *, #505, .T. ) ;
#1868 = ADVANCED_FACE ( 'NONE', ( #1493 ), #1709, .T. ) ;
#1869 =( REPRESENTATION_RELATIONSHIP ('NONE','NONE', #1162, #1247 ) REPRESENTATION_RELATIONSHIP_WITH_TRANSFORMATION ( #238 )SHAPE_REPRESENTATION_RELATIONSHIP( ) );
#1870 = ITEM_DEFINED_TRANSFORMATION ( 'NONE', 'NONE', #1552,  #403 ) ;
#1871 = LINE ( 'NONE', #2323, #1599 ) ;
#1872 = SURFACE_SIDE_STYLE ('',( #1060 ) ) ;
#1873 = CARTESIAN_POINT ( 'NONE',  ( 0.7999999999999997113, 3.075000000000000622, -1.500000000000000444 ) ) ;
#1874 = STYLED_ITEM ( 'NONE', ( #2190 ), #981 ) ;
#1875 = ORIENTED_EDGE ( 'NONE', *, *, #356, .F. ) ;
#1876 = EDGE_CURVE ( 'NONE', #2482, #1063, #887, .T. ) ;
#1877 = UNCERTAINTY_MEASURE_WITH_UNIT (LENGTH_MEASURE( 1.000000000000000082E-05 ), #515, 'distance_accuracy_value', 'NONE');
#1878 = CARTESIAN_POINT ( 'NONE',  ( -15.25000000000000000, -2.725252258054540633, 0.2500000000000002220 ) ) ;
#1879 = CARTESIAN_POINT ( 'NONE',  ( -5.999999999999999112, 7.350000000000000533, 2.050000000000000266 ) ) ;
#1880 = CARTESIAN_POINT ( 'NONE',  ( -7.249999999999999112, -2.300000000000000266, 0.2500000000000002220 ) ) ;
#1881 = ORIENTED_EDGE ( 'NONE', *, *, #2042, .F. ) ;
#1882 = VERTEX_POINT ( 'NONE', #1908 ) ;
#1883 = CARTESIAN_POINT ( 'NONE',  ( -7.255084809983587846, -1.021968743837316840, -0.2500000000000002220 ) ) ;
#1884 = CARTESIAN_POINT ( 'NONE',  ( 6.999999999999999112, 6.350000000000000533, 2.649999999999998135 ) ) ;
#1885 = EDGE_LOOP ( 'NONE', ( #2137, #641, #1974, #430 ) ) ;
#1886 = EDGE_LOOP ( 'NONE', ( #2295, #894, #1928, #97 ) ) ;
#1887 = LINE ( 'NONE', #902, #1329 ) ;
#1888 = CARTESIAN_POINT ( 'NONE',  ( -7.255084809983587846, -1.021968743837317062, 0.2500000000000002220 ) ) ;
#1889 = EDGE_CURVE ( 'NONE', #1265, #1066, #1987, .T. ) ;
#1890 = ORIENTED_EDGE ( 'NONE', *, *, #2604, .F. ) ;
#1891 = ORIENTED_EDGE ( 'NONE', *, *, #1648, .T. ) ;
#1892 = VECTOR ( 'NONE', #1801, 1000.000000000000000 ) ;
#1893 = VECTOR ( 'NONE', #2147, 1000.000000000000000 ) ;
#1894 = CARTESIAN_POINT ( 'NONE',  ( 8.400000000000000355, 7.400000000000000355, 2.049999999999998046 ) ) ;
#1895 = AXIS2_PLACEMENT_3D ( 'NONE', #2630, #1146, #729 ) ;
#1896 = DIRECTION ( 'NONE',  ( 0.000000000000000000, 0.000000000000000000, 1.000000000000000000 ) ) ;
#1897 = VERTEX_POINT ( 'NONE', #116 ) ;
#1898 = ADVANCED_FACE ( 'NONE', ( #926 ), #2322, .F. ) ;
#1899 = EDGE_CURVE ( 'NONE', #916, #129, #289, .T. ) ;
#1900 = ORIENTED_EDGE ( 'NONE', *, *, #87, .F. ) ;
#1901 =( REPRESENTATION_RELATIONSHIP ('NONE','NONE', #1162, #1821 ) REPRESENTATION_RELATIONSHIP_WITH_TRANSFORMATION ( #1242 )SHAPE_REPRESENTATION_RELATIONSHIP( ) );
#1902 = DIRECTION ( 'NONE',  ( -0.000000000000000000, -1.000000000000000000, -0.000000000000000000 ) ) ;
#1903 = DIRECTION ( 'NONE',  ( 1.000000000000000000, 0.000000000000000000, -0.000000000000000000 ) ) ;
#1904 = PLANE ( 'NONE',  #1087 ) ;
#1905 = ORIENTED_EDGE ( 'NONE', *, *, #2441, .T. ) ;
#1906 = ORIENTED_EDGE ( 'NONE', *, *, #505, .F. ) ;
#1907 = AXIS2_PLACEMENT_3D ( 'NONE', #808, #1202, #201 ) ;
#1908 = CARTESIAN_POINT ( 'NONE',  ( 2.449999999999999734, 1.600000000000000089, -2.650000000000000799 ) ) ;
#1909 = DIRECTION ( 'NONE',  ( 1.000000000000000000, 0.000000000000000000, 0.000000000000000000 ) ) ;
#1910 = LINE ( 'NONE', #501, #1094 ) ;
#1911 = EDGE_CURVE ( 'NONE', #2406, #1970, #2579, .T. ) ;
#1912 = VERTEX_POINT ( 'NONE', #318 ) ;
#1913 = EDGE_CURVE ( 'NONE', #2005, #654, #2549, .T. ) ;
#1914 = UNCERTAINTY_MEASURE_WITH_UNIT (LENGTH_MEASURE( 1.000000000000000082E-05 ), #2519, 'distance_accuracy_value', 'NONE');
#1915 = PRESENTATION_LAYER_ASSIGNMENT (  '', '', ( #1874 ) ) ;
#1916 = ORIENTED_EDGE ( 'NONE', *, *, #429, .T. ) ;
#1917 = FACE_OUTER_BOUND ( 'NONE', #1306, .T. ) ;
#1918 = EDGE_CURVE ( 'NONE', #1476, #1782, #302, .T. ) ;
#1919 = CARTESIAN_POINT ( 'NONE',  ( -14.75000000000000000, -2.725252258054540633, 0.2500000000000002220 ) ) ;
#1920 = CARTESIAN_POINT ( 'NONE',  ( -6.749999999999999112, -2.725252258054535748, 0.2500000000000002220 ) ) ;
#1921 = ORIENTED_EDGE ( 'NONE', *, *, #1689, .T. ) ;
#1922 = VERTEX_POINT ( 'NONE', #1083 ) ;
#1923 = LINE ( 'NONE', #1297, #1938 ) ;
#1924 = CARTESIAN_POINT ( 'NONE',  ( -6.999999999999999112, 18.15862284482674482, 2.050000000000000266 ) ) ;
#1925 = DIRECTION ( 'NONE',  ( 1.000000000000000000, 0.000000000000000000, 0.000000000000000000 ) ) ;
#1926 = LINE ( 'NONE', #2120, #1567 ) ;
#1927 = VERTEX_POINT ( 'NONE', #910 ) ;
#1928 = ORIENTED_EDGE ( 'NONE', *, *, #2068, .F. ) ;
#1929 = MANIFOLD_SOLID_BREP ( 'Chamfer2', #17 ) ;
#1930 = DIRECTION ( 'NONE',  ( 0.000000000000000000, 0.000000000000000000, -1.000000000000000000 ) ) ;
#1931 = CARTESIAN_POINT ( 'NONE',  ( -6.994915190016411266, -1.671968743837316973, 0.2500000000000002220 ) ) ;
#1932 = ORIENTED_EDGE ( 'NONE', *, *, #1632, .T. ) ;
#1933 = ORIENTED_EDGE ( 'NONE', *, *, #1857, .F. ) ;
#1934 = ADVANCED_FACE ( 'NONE', ( #2391 ), #72, .F. ) ;
#1935 = CARTESIAN_POINT ( 'NONE',  ( -7.444067090180525703, -1.408343817789512675, 0.2500000000000002220 ) ) ;
#1936 = CARTESIAN_POINT ( 'NONE',  ( -0.8000000000000004885, 4.900000000000000355, -1.500000000000000444 ) ) ;
#1937 = ORIENTED_EDGE ( 'NONE', *, *, #1956, .F. ) ;
#1938 = VECTOR ( 'NONE', #100, 1000.000000000000000 ) ;
#1939 = EDGE_CURVE ( 'NONE', #607, #2394, #177, .T. ) ;
#1940 = ORIENTED_EDGE ( 'NONE', *, *, #1289, .F. ) ;
#1941 = AXIS2_PLACEMENT_3D ( 'NONE', #651, #877, #265 ) ;
#1942 = DIRECTION ( 'NONE',  ( 0.000000000000000000, -0.000000000000000000, -1.000000000000000000 ) ) ;
#1943 = CLOSED_SHELL ( 'NONE', ( #2167, #672, #2060, #1475, #1776, #834, #1413, #2531, #578, #121, #2237, #233, #1144, #528, #1959, #726, #1898, #1868, #1666, #41, #630, #2321, #348, #939, #2459, #2481, #1787, #617, #829, #2515, #1793, #1727, #1470, #765, #2031, #2539 ) ) ;
#1944 = DIRECTION ( 'NONE',  ( -0.4393748767463385718, 0.8983038003282295403, 0.000000000000000000 ) ) ;
#1945 = CARTESIAN_POINT ( 'NONE',  ( -7.249999999999999112, -2.725252258054535748, -0.2500000000000002220 ) ) ;
#1946 = ORIENTED_EDGE ( 'NONE', *, *, #2328, .F. ) ;
#1947 = EDGE_CURVE ( 'NONE', #154, #1342, #600, .T. ) ;
#1948 = VECTOR ( 'NONE', #1581, 1000.000000000000000 ) ;
#1949 = ORIENTED_EDGE ( 'NONE', *, *, #734, .F. ) ;
#1950 = CARTESIAN_POINT ( 'NONE',  ( 8.400000000000000355, 7.400000000000000355, 2.049999999999998046 ) ) ;
#1951 = DIRECTION ( 'NONE',  ( -0.000000000000000000, -0.000000000000000000, -1.000000000000000000 ) ) ;
#1952 = EDGE_CURVE ( 'NONE', #2564, #2178, #1205, .T. ) ;
#1953 = FACE_OUTER_BOUND ( 'NONE', #324, .T. ) ;
#1954 = LINE ( 'NONE', #118, #1280 ) ;
#1955 =( NAMED_UNIT ( * ) PLANE_ANGLE_UNIT ( ) SI_UNIT ( $, .RADIAN. ) );
#1956 = EDGE_CURVE ( 'NONE', #2098, #503, #1440, .T. ) ;
#1957 = VERTEX_POINT ( 'NONE', #2059 ) ;
#1958 = FACE_OUTER_BOUND ( 'NONE', #1153, .T. ) ;
#1959 = ADVANCED_FACE ( 'NONE', ( #2088 ), #446, .T. ) ;
#1960 = CARTESIAN_POINT ( 'NONE',  ( 9.000000000000001776, 0.000000000000000000, 2.649999999999999911 ) ) ;
#1961 = PLANE ( 'NONE',  #1109 ) ;
#1962 = VERTEX_POINT ( 'NONE', #820 ) ;
#1963 = AXIS2_PLACEMENT_3D ( 'NONE', #495, #455, #1903 ) ;
#1964 = ORIENTED_EDGE ( 'NONE', *, *, #2537, .T. ) ;
#1965 = CARTESIAN_POINT ( 'NONE',  ( -9.269514757127977640E-17, 0.000000000000000000, -2.200000000000000622 ) ) ;
#1966 = CARTESIAN_POINT ( 'NONE',  ( -6.949999999999999289, -1.649999999999999911, -0.2500000000000002220 ) ) ;
#1967 = CARTESIAN_POINT ( 'NONE',  ( 8.400000000000000355, 1.599999999999998979, -0.8999999999999993561 ) ) ;
#1968 = PLANE ( 'NONE',  #2376 ) ;
#1969 = DIRECTION ( 'NONE',  ( 1.000000000000000000, 0.000000000000000000, 0.000000000000000000 ) ) ;
#1970 = VERTEX_POINT ( 'NONE', #1158 ) ;
#1971 = ORIENTED_EDGE ( 'NONE', *, *, #436, .F. ) ;
#1972 = DIRECTION ( 'NONE',  ( 1.000000000000000000, 0.000000000000000000, 0.000000000000000000 ) ) ;
#1973 = LINE ( 'NONE', #2412, #2633 ) ;
#1974 = ORIENTED_EDGE ( 'NONE', *, *, #2162, .F. ) ;
#1975 = DIRECTION ( 'NONE',  ( 1.000000000000000000, 0.000000000000000000, 0.000000000000000000 ) ) ;
#1976 = EDGE_CURVE ( 'NONE', #24, #998, #2165, .T. ) ;
#1977 = DIRECTION ( 'NONE',  ( 1.000000000000000000, 0.000000000000000000, 0.000000000000000000 ) ) ;
#1978 = EDGE_CURVE ( 'NONE', #2145, #127, #2019, .T. ) ;
#1979 = CARTESIAN_POINT ( 'NONE',  ( -6.949999999999999289, -1.649999999999999911, 0.2500000000000002220 ) ) ;
#1980 = EDGE_CURVE ( 'NONE', #311, #2468, #996, .T. ) ;
#1981 = DIRECTION ( 'NONE',  ( 0.000000000000000000, 0.000000000000000000, -1.000000000000000000 ) ) ;
#1982 = AXIS2_PLACEMENT_3D ( 'NONE', #1979, #2402, #955 ) ;
#1983 = CARTESIAN_POINT ( 'NONE',  ( -15.25000000000000000, 0.000000000000000000, 0.2500000000000002220 ) ) ;
#1984 = CONTEXT_DEPENDENT_SHAPE_REPRESENTATION ( #1211, #1841 ) ;
#1985 = CARTESIAN_POINT ( 'NONE',  ( -7.249999999999999112, -1.000000000000000222, 0.2500000000000002220 ) ) ;
#1986 = VERTEX_POINT ( 'NONE', #971 ) ;
#1987 = CIRCLE ( 'NONE', #399, 0.05000000000000079381 ) ;
#1988 = DIRECTION ( 'NONE',  ( -0.8983038003282293182, -0.4393748767463390714, 0.000000000000000000 ) ) ;
#1989 = ADVANCED_FACE ( 'NONE', ( #141 ), #2414, .F. ) ;
#1990 = VECTOR ( 'NONE', #2081, 1000.000000000000000 ) ;
#1991 = DIRECTION ( 'NONE',  ( 0.000000000000000000, 0.000000000000000000, -1.000000000000000000 ) ) ;
#1992 = DIRECTION ( 'NONE',  ( -0.8983038003282231010, -0.4393748767463518945, 0.000000000000000000 ) ) ;
#1993 = EDGE_LOOP ( 'NONE', ( #2104, #56, #1474, #1921, #2382, #636 ) ) ;
#1994 = CARTESIAN_POINT ( 'NONE',  ( 0.7999999999999996003, 3.862207322041079749, -2.200000000000000622 ) ) ;
#1995 = DIRECTION ( 'NONE',  ( 0.000000000000000000, 0.000000000000000000, -1.000000000000000000 ) ) ;
#1996 = CARTESIAN_POINT ( 'NONE',  ( -5.999999999999999112, 7.350000000000000533, 0.000000000000000000 ) ) ;
#1997 = CARTESIAN_POINT ( 'NONE',  ( 6.999999999999999112, 7.700000000000000178, 2.349999999999998312 ) ) ;
#1998 = CARTESIAN_POINT ( 'NONE',  ( -7.444067090180525703, -1.408343817789513563, 0.2500000000000002220 ) ) ;
#1999 = APPLICATION_CONTEXT ( 'automotive_design' ) ;
#2000 = VECTOR ( 'NONE', #903, 1000.000000000000000 ) ;
#2001 = ORIENTED_EDGE ( 'NONE', *, *, #1373, .T. ) ;
#2002 = PRODUCT_DEFINITION_SHAPE ( 'NONE', 'NONE',  #2663 ) ;
#2003 = EDGE_CURVE ( 'NONE', #2293, #1962, #1593, .T. ) ;
#2004 = CARTESIAN_POINT ( 'NONE',  ( -6.999999999999999112, 7.350000000000000533, 2.050000000000000266 ) ) ;
#2005 = VERTEX_POINT ( 'NONE', #2445 ) ;
#2006 = ADVANCED_FACE ( 'NONE', ( #1019 ), #2, .T. ) ;
#2007 = DIRECTION ( 'NONE',  ( -0.000000000000000000, -0.000000000000000000, -1.000000000000000000 ) ) ;
#2008 = CARTESIAN_POINT ( 'NONE',  ( -8.400000000000000355, 6.924870448613815732, 0.7500000000000008882 ) ) ;
#2009 = VERTEX_POINT ( 'NONE', #2488 ) ;
#2010 = ORIENTED_EDGE ( 'NONE', *, *, #136, .F. ) ;
#2011 = CARTESIAN_POINT ( 'NONE',  ( 2.449999999999999734, 1.600000000000000089, -2.650000000000000799 ) ) ;
#2012 = APPLICATION_PROTOCOL_DEFINITION ( 'draft international standard', 'automotive_design', 1998, #2654 ) ;
#2013 = ORIENTED_EDGE ( 'NONE', *, *, #2355, .F. ) ;
#2014 =( LENGTH_UNIT ( ) NAMED_UNIT ( * ) SI_UNIT ( .MILLI., .METRE. ) );
#2015 = ORIENTED_EDGE ( 'NONE', *, *, #1702, .T. ) ;
#2016 = PLANE ( 'NONE',  #751 ) ;
#2017 = LINE ( 'NONE', #423, #1204 ) ;
#2018 = ORIENTED_EDGE ( 'NONE', *, *, #256, .T. ) ;
#2019 = LINE ( 'NONE', #1994, #2296 ) ;
#2020 = UNCERTAINTY_MEASURE_WITH_UNIT (LENGTH_MEASURE( 1.000000000000000082E-05 ), #2507, 'distance_accuracy_value', 'NONE');
#2021 = DIRECTION ( 'NONE',  ( 0.000000000000000000, 0.000000000000000000, -1.000000000000000000 ) ) ;
#2022 = ORIENTED_EDGE ( 'NONE', *, *, #908, .T. ) ;
#2023 = CARTESIAN_POINT ( 'NONE',  ( -7.299999999999998934, -1.000000000000000222, -0.2500000000000002220 ) ) ;
#2024 = EDGE_CURVE ( 'NONE', #2178, #2361, #1214, .T. ) ;
#2025 = VECTOR ( 'NONE', #1369, 1000.000000000000000 ) ;
#2026 = ORIENTED_EDGE ( 'NONE', *, *, #178, .T. ) ;
#2027 = VECTOR ( 'NONE', #575, 1000.000000000000000 ) ;
#2028 = LINE ( 'NONE', #1604, #2115 ) ;
#2029 = VECTOR ( 'NONE', #714, 1000.000000000000114 ) ;
#2030 = ORIENTED_EDGE ( 'NONE', *, *, #2450, .F. ) ;
#2031 = ADVANCED_FACE ( 'NONE', ( #198 ), #1863, .F. ) ;
#2032 = DIRECTION ( 'NONE',  ( 0.000000000000000000, -0.000000000000000000, 1.000000000000000000 ) ) ;
#2033 = STYLED_ITEM ( 'NONE', ( #1660 ), #2210 ) ;
#2034 = EDGE_CURVE ( 'NONE', #127, #2614, #1650, .T. ) ;
#2035 = DIRECTION ( 'NONE',  ( -0.8983038003282302064, 0.4393748767463373506, 0.000000000000000000 ) ) ;
#2036 = DIRECTION ( 'NONE',  ( 0.000000000000000000, 0.000000000000000000, 1.000000000000000000 ) ) ;
#2037 = CARTESIAN_POINT ( 'NONE',  ( -6.749999999999999112, -2.725252258054535748, 0.2500000000000002220 ) ) ;
#2038 = EDGE_CURVE ( 'NONE', #77, #1302, #838, .T. ) ;
#2039 = DIRECTION ( 'NONE',  ( -0.000000000000000000, 0.000000000000000000, 1.000000000000000000 ) ) ;
#2040 = FILL_AREA_STYLE ('',( #159 ) ) ;
#2041 = DIRECTION ( 'NONE',  ( 0.000000000000000000, 0.000000000000000000, 1.000000000000000000 ) ) ;
#2042 = EDGE_CURVE ( 'NONE', #1882, #546, #424, .T. ) ;
#2043 = DIRECTION ( 'NONE',  ( 0.000000000000000000, 1.000000000000000000, 0.000000000000000000 ) ) ;
#2044 = PRODUCT_DEFINITION_CONTEXT ( 'detailed design', #397, 'design' ) ;
#2045 = FILL_AREA_STYLE ('',( #1225 ) ) ;
#2046 = CARTESIAN_POINT ( 'NONE',  ( -6.749999999999999112, -2.725252258054535748, 0.2500000000000002220 ) ) ;
#2047 = CARTESIAN_POINT ( 'NONE',  ( -9.000000000000005329, 1.600000000000002309, -2.649999999999999023 ) ) ;
#2048 = EDGE_CURVE ( 'NONE', #2389, #261, #1636, .T. ) ;
#2049 = CARTESIAN_POINT ( 'NONE',  ( -6.749999999999999112, -2.400000000000000355, -0.2500000000000002220 ) ) ;
#2050 = DIRECTION ( 'NONE',  ( -0.000000000000000000, -1.000000000000000000, -0.000000000000000000 ) ) ;
#2051 = VECTOR ( 'NONE', #2467, 1000.000000000000114 ) ;
#2052 = FILL_AREA_STYLE_COLOUR ( '', #707 ) ;
#2053 = PLANE ( 'NONE',  #1647 ) ;
#2054 = ADVANCED_FACE ( 'NONE', ( #816 ), #1613, .F. ) ;
#2055 = LINE ( 'NONE', #1844, #1626 ) ;
#2056 = EDGE_CURVE ( 'NONE', #2652, #349, #1054, .T. ) ;
#2057 = CARTESIAN_POINT ( 'NONE',  ( -9.000000000000000000, 5.900000000000000355, -2.650000000000000355 ) ) ;
#2058 = CARTESIAN_POINT ( 'NONE',  ( -15.25000000000000000, 0.000000000000000000, 0.2500000000000002220 ) ) ;
#2059 = CARTESIAN_POINT ( 'NONE',  ( -8.699999999999999289, 7.700000000000000178, 2.350000000000000089 ) ) ;
#2060 = ADVANCED_FACE ( 'NONE', ( #1623 ), #2524, .F. ) ;
#2061 = ORIENTED_EDGE ( 'NONE', *, *, #1569, .F. ) ;
#2062 = ADVANCED_FACE ( 'NONE', ( #1917 ), #880, .T. ) ;
#2063 = LINE ( 'NONE', #666, #1039 ) ;
#2064 = VECTOR ( 'NONE', #2516, 1000.000000000000000 ) ;
#2065 = CARTESIAN_POINT ( 'NONE',  ( -8.400000000000000355, 6.400000000000001243, 0.2499999999999995837 ) ) ;
#2066 = ORIENTED_EDGE ( 'NONE', *, *, #1373, .F. ) ;
#2067 = DIRECTION ( 'NONE',  ( -0.7071067811865474617, 0.7071067811865474617, -1.703659351870415401E-17 ) ) ;
#2068 = EDGE_CURVE ( 'NONE', #2556, #277, #2107, .T. ) ;
#2069 = VECTOR ( 'NONE', #929, 1000.000000000000000 ) ;
#2070 = ADVANCED_FACE ( 'NONE', ( #1314 ), #682, .F. ) ;
#2071 = DIRECTION ( 'NONE',  ( -1.000000000000000000, 2.317378689281993732E-16, 0.000000000000000000 ) ) ;
#2072 = DIRECTION ( 'NONE',  ( 0.000000000000000000, 0.000000000000000000, 1.000000000000000000 ) ) ;
#2073 = EDGE_LOOP ( 'NONE', ( #663, #1881, #1239, #885 ) ) ;
#2074 = AXIS2_PLACEMENT_3D ( 'NONE', #1669, #2035, #1423 ) ;
#2075 = ORIENTED_EDGE ( 'NONE', *, *, #2423, .T. ) ;
#2076 = VECTOR ( 'NONE', #2090, 1000.000000000000000 ) ;
#2077 = DIRECTION ( 'NONE',  ( 0.8983038003282302064, -0.4393748767463372951, 0.000000000000000000 ) ) ;
#2078 = DIRECTION ( 'NONE',  ( -1.000000000000000000, 0.000000000000000000, 0.000000000000000000 ) ) ;
#2079 =( GEOMETRIC_REPRESENTATION_CONTEXT ( 3 ) GLOBAL_UNCERTAINTY_ASSIGNED_CONTEXT ( ( #2020 ) ) GLOBAL_UNIT_ASSIGNED_CONTEXT ( ( #2507, #2325, #639 ) ) REPRESENTATION_CONTEXT ( 'NONE', 'WORKASPACE' ) );
#2080 = CARTESIAN_POINT ( 'NONE',  ( -8.400000000000000355, -15.45703667112197977, -0.8999999999999993561 ) ) ;
#2081 = DIRECTION ( 'NONE',  ( 1.000000000000000000, -0.000000000000000000, -1.324216393875425095E-16 ) ) ;
#2082 = ORIENTED_EDGE ( 'NONE', *, *, #2003, .F. ) ;
#2083 = VECTOR ( 'NONE', #2365, 1000.000000000000000 ) ;
#2084 = CARTESIAN_POINT ( 'NONE',  ( -15.25000000000000000, -3.000000000000000000, 0.2500000000000002220 ) ) ;
#2085 = CARTESIAN_POINT ( 'NONE',  ( -7.500000000000000888, -1.649999999999999911, 0.2500000000000002220 ) ) ;
#2086 = DIRECTION ( 'NONE',  ( 0.000000000000000000, 0.000000000000000000, -1.000000000000000000 ) ) ;
#2087 = ORIENTED_EDGE ( 'NONE', *, *, #754, .F. ) ;
#2088 = FACE_OUTER_BOUND ( 'NONE', #2536, .T. ) ;
#2089 = VERTEX_POINT ( 'NONE', #2315 ) ;
#2090 = DIRECTION ( 'NONE',  ( 1.000000000000000000, 0.000000000000000000, -4.336808689942017736E-16 ) ) ;
#2091 =( NAMED_UNIT ( * ) SI_UNIT ( $, .STERADIAN. ) SOLID_ANGLE_UNIT ( ) );
#2092 = CARTESIAN_POINT ( 'NONE',  ( 9.000000000000001776, 5.900000000000000355, -2.650000000000000355 ) ) ;
#2093 = EDGE_LOOP ( 'NONE', ( #2512, #1551, #1254, #713, #1696, #890, #1318, #2640, #1430, #378, #371, #2112 ) ) ;
#2094 = LINE ( 'NONE', #93, #2169 ) ;
#2095 = DIRECTION ( 'NONE',  ( 1.000000000000000000, -0.000000000000000000, -0.000000000000000000 ) ) ;
#2096 = FACE_OUTER_BOUND ( 'NONE', #696, .T. ) ;
#2097 = ORIENTED_EDGE ( 'NONE', *, *, #2161, .F. ) ;
#2098 = VERTEX_POINT ( 'NONE', #269 ) ;
#2099 = PLANE ( 'NONE',  #2646 ) ;
#2100 = EDGE_CURVE ( 'NONE', #1131, #1311, #891, .T. ) ;
#2101 = CARTESIAN_POINT ( 'NONE',  ( -6.949999999999999289, -1.649999999999999911, 0.2500000000000002220 ) ) ;
#2102 = VECTOR ( 'NONE', #2631, 1000.000000000000000 ) ;
#2103 = FACE_OUTER_BOUND ( 'NONE', #2522, .T. ) ;
#2104 = ORIENTED_EDGE ( 'NONE', *, *, #32, .F. ) ;
#2105 = ORIENTED_EDGE ( 'NONE', *, *, #1073, .T. ) ;
#2106 = AXIS2_PLACEMENT_3D ( 'NONE', #188, #588, #807 ) ;
#2107 = LINE ( 'NONE', #109, #2029 ) ;
#2108 = DIRECTION ( 'NONE',  ( 0.000000000000000000, 0.000000000000000000, -1.000000000000000000 ) ) ;
#2109 = VECTOR ( 'NONE', #1030, 1000.000000000000000 ) ;
#2110 = CARTESIAN_POINT ( 'NONE',  ( -7.249999999999999112, -2.725252258054535748, 0.2500000000000002220 ) ) ;
#2111 = VERTEX_POINT ( 'NONE', #307 ) ;
#2112 = ORIENTED_EDGE ( 'NONE', *, *, #612, .T. ) ;
#2113 = EDGE_CURVE ( 'NONE', #1743, #1735, #493, .T. ) ;
#2114 = EDGE_CURVE ( 'NONE', #54, #503, #2094, .T. ) ;
#2115 = VECTOR ( 'NONE', #803, 1000.000000000000227 ) ;
#2116 = DIRECTION ( 'NONE',  ( 0.000000000000000000, -0.8526401643540949538, -0.5224985647159442470 ) ) ;
#2117 = FACE_OUTER_BOUND ( 'NONE', #862, .T. ) ;
#2118 = VECTOR ( 'NONE', #1834, 1000.000000000000000 ) ;
#2119 = DIRECTION ( 'NONE',  ( 1.000000000000000000, 0.000000000000000000, 0.000000000000000000 ) ) ;
#2120 = CARTESIAN_POINT ( 'NONE',  ( -0.8000000000000003775, 4.900000000000000355, -1.500000000000000444 ) ) ;
#2121 = ORIENTED_EDGE ( 'NONE', *, *, #911, .T. ) ;
#2122 = EDGE_CURVE ( 'NONE', #704, #907, #871, .T. ) ;
#2123 = COLOUR_RGB ( '',0.7960784313725489669, 0.8235294117647058432, 0.9372549019607843146 ) ;
#2124 = VECTOR ( 'NONE', #2431, 1000.000000000000000 ) ;
#2125 = ORIENTED_EDGE ( 'NONE', *, *, #992, .T. ) ;
#2126 = CARTESIAN_POINT ( 'NONE',  ( 0.000000000000000000, 7.700000000000000178, 0.000000000000000000 ) ) ;
#2127 = CARTESIAN_POINT ( 'NONE',  ( 5.999999999999999112, 7.350000000000000533, 0.000000000000000000 ) ) ;
#2128 = CARTESIAN_POINT ( 'NONE',  ( 9.000000000000001776, 1.600000000000000089, -1.500000000000001776 ) ) ;
#2129 = EDGE_CURVE ( 'NONE', #1058, #1190, #453, .T. ) ;
#2130 = ORIENTED_EDGE ( 'NONE', *, *, #336, .F. ) ;
#2131 = ORIENTED_EDGE ( 'NONE', *, *, #1384, .T. ) ;
#2132 = PLANE ( 'NONE',  #793 ) ;
#2133 = DIRECTION ( 'NONE',  ( 0.000000000000000000, -0.000000000000000000, -1.000000000000000000 ) ) ;
#2134 = LINE ( 'NONE', #2567, #2213 ) ;
#2135 = VERTEX_POINT ( 'NONE', #258 ) ;
#2136 =( GEOMETRIC_REPRESENTATION_CONTEXT ( 3 ) GLOBAL_UNCERTAINTY_ASSIGNED_CONTEXT ( ( #2327 ) ) GLOBAL_UNIT_ASSIGNED_CONTEXT ( ( #1408, #555, #1733 ) ) REPRESENTATION_CONTEXT ( 'NONE', 'WORKASPACE' ) );
#2137 = ORIENTED_EDGE ( 'NONE', *, *, #844, .F. ) ;
#2138 = VECTOR ( 'NONE', #131, 1000.000000000000000 ) ;
#2139 = DIRECTION ( 'NONE',  ( -0.000000000000000000, 1.000000000000000000, 0.000000000000000000 ) ) ;
#2140 = EDGE_CURVE ( 'NONE', #452, #2361, #1304, .T. ) ;
#2141 = DIRECTION ( 'NONE',  ( -0.000000000000000000, 0.000000000000000000, 1.000000000000000000 ) ) ;
#2142 = DIRECTION ( 'NONE',  ( -1.000000000000000000, 0.000000000000000000, 0.000000000000000000 ) ) ;
#2143 = LINE ( 'NONE', #718, #763 ) ;
#2144 = ORIENTED_EDGE ( 'NONE', *, *, #1978, .F. ) ;
#2145 = VERTEX_POINT ( 'NONE', #63 ) ;
#2146 = EDGE_CURVE ( 'NONE', #1120, #1066, #2330, .T. ) ;
#2147 = DIRECTION ( 'NONE',  ( -0.000000000000000000, -1.000000000000000000, -0.000000000000000000 ) ) ;
#2148 = PLANE ( 'NONE',  #1815 ) ;
#2149 = DIRECTION ( 'NONE',  ( 0.6488140039676243420, 0.6488140039676243420, 0.3975937329875803838 ) ) ;
#2150 = CARTESIAN_POINT ( 'NONE',  ( 0.000000000000000000, 0.000000000000000000, 0.000000000000000000 ) ) ;
#2151 = ORIENTED_EDGE ( 'NONE', *, *, #1656, .F. ) ;
#2152 = EDGE_CURVE ( 'NONE', #660, #2320, #1887, .T. ) ;
#2153 = APPLICATION_CONTEXT ( 'automotive_design' ) ;
#2154 = ORIENTED_EDGE ( 'NONE', *, *, #2604, .T. ) ;
#2155 = CARTESIAN_POINT ( 'NONE',  ( 0.000000000000000000, 0.000000000000000000, 0.000000000000000000 ) ) ;
#2156 = LINE ( 'NONE', #1116, #1682 ) ;
#2157 = CARTESIAN_POINT ( 'NONE',  ( 8.400000000000000355, 1.599999999999998979, 2.049999999999998046 ) ) ;
#2158 = EDGE_CURVE ( 'NONE', #2421, #1897, #1681, .T. ) ;
#2159 = ORIENTED_EDGE ( 'NONE', *, *, #806, .F. ) ;
#2160 = ORIENTED_EDGE ( 'NONE', *, *, #2024, .T. ) ;
#2161 = EDGE_CURVE ( 'NONE', #386, #2145, #700, .T. ) ;
#2162 = EDGE_CURVE ( 'NONE', #848, #1927, #2381, .T. ) ;
#2163 = LINE ( 'NONE', #766, #50 ) ;
#2164 = DIRECTION ( 'NONE',  ( -1.000000000000000000, 0.000000000000000000, 0.000000000000000000 ) ) ;
#2165 = CIRCLE ( 'NONE', #999, 0.04999999999999969746 ) ;
#2166 = DIRECTION ( 'NONE',  ( 0.000000000000000000, 0.000000000000000000, 1.000000000000000000 ) ) ;
#2167 = ADVANCED_FACE ( 'NONE', ( #1089 ), #2356, .F. ) ;
#2168 = ORIENTED_EDGE ( 'NONE', *, *, #1732, .T. ) ;
#2169 = VECTOR ( 'NONE', #1272, 1000.000000000000000 ) ;
#2170 = VERTEX_POINT ( 'NONE', #1328 ) ;
#2171 = VECTOR ( 'NONE', #1059, 1000.000000000000000 ) ;
#2172 = CARTESIAN_POINT ( 'NONE',  ( 8.400000000000000355, 7.400000000000000355, 1.041159763558023199 ) ) ;
#2173 = AXIS2_PLACEMENT_3D ( 'NONE', #21, #650, #1641 ) ;
#2174 = MECHANICAL_DESIGN_GEOMETRIC_PRESENTATION_REPRESENTATION (  '', ( #1631 ), #2557 ) ;
#2175 = PLANE ( 'NONE',  #61 ) ;
#2176 = CARTESIAN_POINT ( 'NONE',  ( 9.000000000000000000, 18.15862284482674482, 0.7499999999999974465 ) ) ;
#2177 = CYLINDRICAL_SURFACE ( 'NONE', #526, 0.5000000000000000000 ) ;
#2178 = VERTEX_POINT ( 'NONE', #933 ) ;
#2179 = AXIS2_PLACEMENT_3D ( 'NONE', #2150, #335, #75 ) ;
#2180 = VERTEX_POINT ( 'NONE', #2172 ) ;
#2181 = LINE ( 'NONE', #146, #252 ) ;
#2182 = DIRECTION ( 'NONE',  ( -0.000000000000000000, -0.000000000000000000, -1.000000000000000000 ) ) ;
#2183 = DIRECTION ( 'NONE',  ( 1.000000000000000000, 0.000000000000000000, -0.000000000000000000 ) ) ;
#2184 = DIRECTION ( 'NONE',  ( -0.8983038003282296513, -0.4393748767463385718, 0.000000000000000000 ) ) ;
#2185 = EDGE_LOOP ( 'NONE', ( #725, #1396, #1827, #476 ) ) ;
#2186 = ORIENTED_EDGE ( 'NONE', *, *, #1090, .F. ) ;
#2187 = EDGE_CURVE ( 'NONE', #1229, #62, #482, .T. ) ;
#2188 = DIRECTION ( 'NONE',  ( 0.000000000000000000, 0.000000000000000000, 1.000000000000000000 ) ) ;
#2189 = EDGE_CURVE ( 'NONE', #1486, #1131, #980, .T. ) ;
#2190 = PRESENTATION_STYLE_ASSIGNMENT (( #1346 ) ) ;
#2191 = LINE ( 'NONE', #1156, #904 ) ;
#2192 = ORIENTED_EDGE ( 'NONE', *, *, #43, .F. ) ;
#2193 = VECTOR ( 'NONE', #603, 1000.000000000000114 ) ;
#2194 = VECTOR ( 'NONE', #2292, 1000.000000000000000 ) ;
#2195 = DIRECTION ( 'NONE',  ( -1.000000000000000000, 0.000000000000000000, -0.000000000000000000 ) ) ;
#2196 = FACE_OUTER_BOUND ( 'NONE', #2518, .T. ) ;
#2197 = PLANE ( 'NONE',  #614 ) ;
#2198 = EDGE_CURVE ( 'NONE', #1277, #1342, #1285, .T. ) ;
#2199 = VERTEX_POINT ( 'NONE', #1574 ) ;
#2200 = CARTESIAN_POINT ( 'NONE',  ( -2.450000000000001510, 1.600000000000000755, -1.500000000000000000 ) ) ;
#2201 = VECTOR ( 'NONE', #1645, 1000.000000000000000 ) ;
#2202 = LINE ( 'NONE', #813, #1150 ) ;
#2203 = DIRECTION ( 'NONE',  ( 0.000000000000000000, 0.000000000000000000, -1.000000000000000000 ) ) ;
#2204 = ORIENTED_EDGE ( 'NONE', *, *, #716, .F. ) ;
#2205 = ORIENTED_EDGE ( 'NONE', *, *, #2344, .F. ) ;
#2206 = CARTESIAN_POINT ( 'NONE',  ( 8.400000000000000355, 6.924870448613815732, 0.7500000000000008882 ) ) ;
#2207 = DIRECTION ( 'NONE',  ( -2.017120320903263456E-16, -1.000000000000000000, 0.000000000000000000 ) ) ;
#2208 = LINE ( 'NONE', #179, #1203 ) ;
#2209 = EDGE_CURVE ( 'NONE', #294, #550, #137, .T. ) ;
#2210 = ADVANCED_BREP_SHAPE_REPRESENTATION ( '', ( #107, #403 ), #2079 ) ;
#2211 = AXIS2_PLACEMENT_3D ( 'NONE', #2304, #468, #248 ) ;
#2212 = ORIENTED_EDGE ( 'NONE', *, *, #2629, .T. ) ;
#2213 = VECTOR ( 'NONE', #334, 1000.000000000000000 ) ;
#2214 = ORIENTED_EDGE ( 'NONE', *, *, #473, .F. ) ;
#2215 = CIRCLE ( 'NONE', #1283, 0.5499999999999998224 ) ;
#2216 = PLANE ( 'NONE',  #1038 ) ;
#2217 = AXIS2_PLACEMENT_3D ( 'NONE', #1528, #1368, #2188 ) ;
#2218 = CARTESIAN_POINT ( 'NONE',  ( -8.400000000000000355, 1.599999999999998979, 2.050000000000000266 ) ) ;
#2219 = ORIENTED_EDGE ( 'NONE', *, *, #1584, .T. ) ;
#2220 = UNCERTAINTY_MEASURE_WITH_UNIT (LENGTH_MEASURE( 1.000000000000000082E-05 ), #1246, 'distance_accuracy_value', 'NONE');
#2221 = ORIENTED_EDGE ( 'NONE', *, *, #1195, .F. ) ;
#2222 = AXIS2_PLACEMENT_3D ( 'NONE', #1130, #2166, #1085 ) ;
#2223 = DIRECTION ( 'NONE',  ( -1.000000000000000000, 0.000000000000000000, 0.000000000000000000 ) ) ;
#2224 = VECTOR ( 'NONE', #219, 1000.000000000000227 ) ;
#2225 = CARTESIAN_POINT ( 'NONE',  ( -7.299999999999998934, -1.000000000000000222, 0.2500000000000002220 ) ) ;
#2226 = CONTEXT_DEPENDENT_SHAPE_REPRESENTATION ( #1869, #2243 ) ;
#2227 = ORIENTED_EDGE ( 'NONE', *, *, #58, .T. ) ;
#2228 = DIRECTION ( 'NONE',  ( 0.8983038003282283190, -0.4393748767463412919, 0.000000000000000000 ) ) ;
#2229 = ORIENTED_EDGE ( 'NONE', *, *, #175, .F. ) ;
#2230 = DIRECTION ( 'NONE',  ( 1.000000000000000000, -0.000000000000000000, 0.000000000000000000 ) ) ;
#2231 = CARTESIAN_POINT ( 'NONE',  ( 9.000000000000000000, 6.400000000000001243, 0.7499999999999974465 ) ) ;
#2232 = ORIENTED_EDGE ( 'NONE', *, *, #291, .F. ) ;
#2233 = ADVANCED_FACE ( 'NONE', ( #2586 ), #918, .F. ) ;
#2234 = CARTESIAN_POINT ( 'NONE',  ( -6.805932909819473409, -2.058343817789514141, -0.2500000000000002220 ) ) ;
#2235 = DIRECTION ( 'NONE',  ( -0.9396926207859079838, 0.3420201433256698231, 0.000000000000000000 ) ) ;
#2236 = DIRECTION ( 'NONE',  ( -1.000000000000000000, 0.000000000000000000, -0.000000000000000000 ) ) ;
#2237 = ADVANCED_FACE ( 'NONE', ( #2368 ), #784, .F. ) ;
#2238 = ADVANCED_FACE ( 'NONE', ( #368 ), #2016, .F. ) ;
#2239 = DIRECTION ( 'NONE',  ( 1.000000000000000000, 0.000000000000000000, -3.097720492815726673E-16 ) ) ;
#2240 = EDGE_LOOP ( 'NONE', ( #2545, #481, #905, #952 ) ) ;
#2241 = ORIENTED_EDGE ( 'NONE', *, *, #2441, .F. ) ;
#2242 = CARTESIAN_POINT ( 'NONE',  ( -6.749999999999999112, -3.000000000000000000, -0.2500000000000002220 ) ) ;
#2243 = PRODUCT_DEFINITION_SHAPE ( 'NONE', 'NONE',  #2657 ) ;
#2244 = CARTESIAN_POINT ( 'NONE',  ( 6.999999999999999112, 7.400000000000000355, 2.049999999999998490 ) ) ;
#2245 = CARTESIAN_POINT ( 'NONE',  ( -7.500000000000000888, -1.649999999999999911, 0.2500000000000002220 ) ) ;
#2246 = EDGE_CURVE ( 'NONE', #127, #1576, #2574, .T. ) ;
#2247 = ADVANCED_FACE ( 'NONE', ( #1958 ), #171, .T. ) ;
#2248 = PLANE ( 'NONE',  #1071 ) ;
#2249 = SHAPE_DEFINITION_REPRESENTATION ( #25, #1821 ) ;
#2250 = PRODUCT_DEFINITION ( 'UNKNOWN', '', #19, #407 ) ;
#2251 = CARTESIAN_POINT ( 'NONE',  ( -6.749999999999999112, -2.300000000000000266, -0.2500000000000002220 ) ) ;
#2252 = VECTOR ( 'NONE', #319, 1000.000000000000000 ) ;
#2253 = VECTOR ( 'NONE', #2050, 1000.000000000000000 ) ;
#2254 = VECTOR ( 'NONE', #815, 1000.000000000000000 ) ;
#2255 = DIRECTION ( 'NONE',  ( 0.000000000000000000, 0.000000000000000000, 1.000000000000000000 ) ) ;
#2256 = CARTESIAN_POINT ( 'NONE',  ( -7.249999999999999112, -3.000000000000000000, 0.2500000000000002220 ) ) ;
#2257 = DIRECTION ( 'NONE',  ( 0.000000000000000000, 0.000000000000000000, -1.000000000000000000 ) ) ;
#2258 = CARTESIAN_POINT ( 'NONE',  ( -8.699999999999999289, 7.700000000000000178, 0.000000000000000000 ) ) ;
#2259 = AXIS2_PLACEMENT_3D ( 'NONE', #2392, #279, #1084 ) ;
#2260 = DIRECTION ( 'NONE',  ( -0.000000000000000000, -1.000000000000000000, -0.000000000000000000 ) ) ;
#2261 =( GEOMETRIC_REPRESENTATION_CONTEXT ( 3 ) GLOBAL_UNCERTAINTY_ASSIGNED_CONTEXT ( ( #1390 ) ) GLOBAL_UNIT_ASSIGNED_CONTEXT ( ( #898, #1556, #1712 ) ) REPRESENTATION_CONTEXT ( 'NONE', 'WORKASPACE' ) );
#2262 = VECTOR ( 'NONE', #1731, 1000.000000000000000 ) ;
#2263 = LINE ( 'NONE', #413, #2534 ) ;
#2264 = EDGE_CURVE ( 'NONE', #1563, #1004, #1779, .T. ) ;
#2265 = EDGE_CURVE ( 'NONE', #1439, #268, #1588, .T. ) ;
#2266 = CARTESIAN_POINT ( 'NONE',  ( -7.249999999999999112, 0.000000000000000000, -0.2500000000000002220 ) ) ;
#2267 = DIRECTION ( 'NONE',  ( 0.000000000000000000, 1.000000000000000000, 0.000000000000000000 ) ) ;
#2268 = FACE_OUTER_BOUND ( 'NONE', #2339, .T. ) ;
#2269 = LINE ( 'NONE', #6, #212 ) ;
#2270 = ORIENTED_EDGE ( 'NONE', *, *, #911, .F. ) ;
#2271 = VECTOR ( 'NONE', #1991, 1000.000000000000000 ) ;
#2272 = AXIS2_PLACEMENT_3D ( 'NONE', #2080, #243, #1052 ) ;
#2273 = DIRECTION ( 'NONE',  ( -1.000000000000000000, -0.000000000000000000, -0.000000000000000000 ) ) ;
#2274 = EDGE_CURVE ( 'NONE', #221, #1521, #967, .T. ) ;
#2275 = CARTESIAN_POINT ( 'NONE',  ( -15.15000000000000036, -3.000000000000000000, 0.1500000000000008271 ) ) ;
#2276 = EDGE_CURVE ( 'NONE', #54, #1743, #656, .T. ) ;
#2277 = LINE ( 'NONE', #2463, #1245 ) ;
#2278 = CARTESIAN_POINT ( 'NONE',  ( -9.000000000000005329, 2.204364238465236217E-15, -1.499999999999999112 ) ) ;
#2279 = CARTESIAN_POINT ( 'NONE',  ( 6.999999999999999112, 18.15862284482674482, 2.049999999999998490 ) ) ;
#2280 = LINE ( 'NONE', #2649, #1451 ) ;
#2281 = LINE ( 'NONE', #1238, #2400 ) ;
#2282 = ORIENTED_EDGE ( 'NONE', *, *, #1465, .F. ) ;
#2283 = VERTEX_POINT ( 'NONE', #2426 ) ;
#2284 = DIRECTION ( 'NONE',  ( 0.5773502691896257311, -0.5773502691896257311, -0.5773502691896257311 ) ) ;
#2285 = CARTESIAN_POINT ( 'NONE',  ( -14.75000000000000000, -2.725252258054540633, 0.2500000000000002220 ) ) ;
#2286 = ORIENTED_EDGE ( 'NONE', *, *, #32, .T. ) ;
#2287 = VECTOR ( 'NONE', #2386, 1000.000000000000000 ) ;
#2288 = CARTESIAN_POINT ( 'NONE',  ( -6.805932909819473409, -1.241656182210486126, -0.2500000000000002220 ) ) ;
#2289 =( REPRESENTATION_RELATIONSHIP ('NONE','NONE', #1162, #5 ) REPRESENTATION_RELATIONSHIP_WITH_TRANSFORMATION ( #960 )SHAPE_REPRESENTATION_RELATIONSHIP( ) );
#2290 = CARTESIAN_POINT ( 'NONE',  ( -9.000000000000005329, 1.600000000000002309, -1.499999999999999112 ) ) ;
#2291 = PLANE ( 'NONE',  #1182 ) ;
#2292 = DIRECTION ( 'NONE',  ( 0.000000000000000000, 1.000000000000000000, 0.000000000000000000 ) ) ;
#2293 = VERTEX_POINT ( 'NONE', #1763 ) ;
#2294 = VECTOR ( 'NONE', #2067, 1000.000000000000114 ) ;
#2295 = ORIENTED_EDGE ( 'NONE', *, *, #1529, .T. ) ;
#2296 = VECTOR ( 'NONE', #1975, 1000.000000000000000 ) ;
#2297 = LINE ( 'NONE', #474, #1123 ) ;
#2298 = AXIS2_PLACEMENT_3D ( 'NONE', #2407, #1802, #2228 ) ;
#2299 = SURFACE_STYLE_FILL_AREA ( #1051 ) ;
#2300 = LINE ( 'NONE', #1661, #2312 ) ;
#2301 = ORIENTED_EDGE ( 'NONE', *, *, #241, .T. ) ;
#2302 = DIRECTION ( 'NONE',  ( 0.000000000000000000, 0.000000000000000000, -1.000000000000000000 ) ) ;
#2303 = LINE ( 'NONE', #2279, #236 ) ;
#2304 = CARTESIAN_POINT ( 'NONE',  ( -6.749999999999999112, -2.400000000000000355, 0.2500000000000002220 ) ) ;
#2305 = ADVANCED_FACE ( 'NONE', ( #1544 ), #2383, .F. ) ;
#2306 = ORIENTED_EDGE ( 'NONE', *, *, #1096, .T. ) ;
#2307 = EDGE_LOOP ( 'NONE', ( #1457, #281, #2578, #1742 ) ) ;
#2308 = DIRECTION ( 'NONE',  ( -1.445602896647339656E-16, -0.000000000000000000, -1.000000000000000000 ) ) ;
#2309 =( NAMED_UNIT ( * ) SI_UNIT ( $, .STERADIAN. ) SOLID_ANGLE_UNIT ( ) );
#2310 = DIRECTION ( 'NONE',  ( 0.8983038003282302064, -0.4393748767463373506, 0.000000000000000000 ) ) ;
#2311 = EDGE_LOOP ( 'NONE', ( #1646, #1282, #2105, #7 ) ) ;
#2312 = VECTOR ( 'NONE', #1456, 1000.000000000000114 ) ;
#2313 = VECTOR ( 'NONE', #1218, 1000.000000000000000 ) ;
#2314 = ORIENTED_EDGE ( 'NONE', *, *, #136, .T. ) ;
#2315 = CARTESIAN_POINT ( 'NONE',  ( 9.000000000000001776, 1.600000000000000089, -1.500000000000001776 ) ) ;
#2316 = ADVANCED_FACE ( 'NONE', ( #350 ), #2216, .T. ) ;
#2317 = LINE ( 'NONE', #94, #2262 ) ;
#2318 = EDGE_CURVE ( 'NONE', #1106, #1388, #460, .T. ) ;
#2319 = ORIENTED_EDGE ( 'NONE', *, *, #1689, .F. ) ;
#2320 = VERTEX_POINT ( 'NONE', #1257 ) ;
#2321 = ADVANCED_FACE ( 'NONE', ( #1603 ), #2484, .T. ) ;
#2322 = CYLINDRICAL_SURFACE ( 'NONE', #748, 0.05000000000000056483 ) ;
#2323 = CARTESIAN_POINT ( 'NONE',  ( -7.197636479123231013, -2.869119849266596578, -0.1976364791232320395 ) ) ;
#2324 = AXIS2_PLACEMENT_3D ( 'NONE', #2065, #1061, #2494 ) ;
#2325 =( NAMED_UNIT ( * ) PLANE_ANGLE_UNIT ( ) SI_UNIT ( $, .RADIAN. ) );
#2326 = ORIENTED_EDGE ( 'NONE', *, *, #966, .F. ) ;
#2327 = UNCERTAINTY_MEASURE_WITH_UNIT (LENGTH_MEASURE( 1.000000000000000082E-05 ), #1408, 'distance_accuracy_value', 'NONE');
#2328 = EDGE_CURVE ( 'NONE', #1120, #1058, #1250, .T. ) ;
#2329 = ORIENTED_EDGE ( 'NONE', *, *, #1189, .F. ) ;
#2330 = LINE ( 'NONE', #2541, #1813 ) ;
#2331 = CARTESIAN_POINT ( 'NONE',  ( 8.400000000000000355, 5.900000000000000355, 0.2499999999999975020 ) ) ;
#2332 = CARTESIAN_POINT ( 'NONE',  ( 9.000000000000001776, 0.000000000000000000, 2.649999999999999911 ) ) ;
#2333 = ORIENTED_EDGE ( 'NONE', *, *, #797, .T. ) ;
#2334 = EDGE_LOOP ( 'NONE', ( #1816, #1508, #180, #689 ) ) ;
#2335 = AXIS2_PLACEMENT_3D ( 'NONE', #1125, #1951, #1510 ) ;
#2336 = DIRECTION ( 'NONE',  ( 0.8983038003282285411, -0.4393748767463407923, 0.000000000000000000 ) ) ;
#2337 = CARTESIAN_POINT ( 'NONE',  ( -7.249999999999999112, -2.300000000000000266, 0.2500000000000002220 ) ) ;
#2338 = CARTESIAN_POINT ( 'NONE',  ( 6.516666666666666607, 6.916666666666666963, 1.566666666666665986 ) ) ;
#2339 = EDGE_LOOP ( 'NONE', ( #2626, #174, #2437, #2010 ) ) ;
#2340 = VECTOR ( 'NONE', #2551, 1000.000000000000000 ) ;
#2341 = AXIS2_PLACEMENT_3D ( 'NONE', #119, #500, #1969 ) ;
#2342 = ORIENTED_EDGE ( 'NONE', *, *, #1427, .T. ) ;
#2343 = DIRECTION ( 'NONE',  ( 1.324216393875425588E-16, -0.000000000000000000, 1.000000000000000000 ) ) ;
#2344 = EDGE_CURVE ( 'NONE', #1228, #30, #450, .T. ) ;
#2345 = ORIENTED_EDGE ( 'NONE', *, *, #2158, .F. ) ;
#2346 = ORIENTED_EDGE ( 'NONE', *, *, #1029, .T. ) ;
#2347 = DIRECTION ( 'NONE',  ( -0.3236155771181855600, 0.8891264907159877051, 0.3236155771181855600 ) ) ;
#2348 = CARTESIAN_POINT ( 'NONE',  ( -6.802363520876767211, -2.869119849266596578, -0.1976364791232320395 ) ) ;
#2349 = DIRECTION ( 'NONE',  ( 0.000000000000000000, 0.000000000000000000, 1.000000000000000000 ) ) ;
#2350 = EDGE_LOOP ( 'NONE', ( #2001, #945, #1680, #1699 ) ) ;
#2351 = EDGE_CURVE ( 'NONE', #1970, #1882, #33, .T. ) ;
#2352 = EDGE_CURVE ( 'NONE', #1062, #1757, #1279, .T. ) ;
#2353 = ORIENTED_EDGE ( 'NONE', *, *, #1175, .F. ) ;
#2354 = VECTOR ( 'NONE', #216, 1000.000000000000114 ) ;
#2355 = EDGE_CURVE ( 'NONE', #654, #86, #1050, .T. ) ;
#2356 = CYLINDRICAL_SURFACE ( 'NONE', #13, 0.05000000000000056483 ) ;
#2357 = LINE ( 'NONE', #506, #1170 ) ;
#2358 = LINE ( 'NONE', #950, #928 ) ;
#2359 = CARTESIAN_POINT ( 'NONE',  ( -15.25000000000000000, -2.725252258054540633, 0.2500000000000002220 ) ) ;
#2360 = EDGE_LOOP ( 'NONE', ( #1102, #1492, #1088, #18 ) ) ;
#2361 = VERTEX_POINT ( 'NONE', #1883 ) ;
#2362 = EDGE_CURVE ( 'NONE', #2111, #1120, #2427, .T. ) ;
#2363 = SURFACE_SIDE_STYLE ('',( #721 ) ) ;
#2364 = CARTESIAN_POINT ( 'NONE',  ( -8.400000000000000355, 18.15862284482674482, 2.050000000000000266 ) ) ;
#2365 = DIRECTION ( 'NONE',  ( -0.000000000000000000, -1.000000000000000000, -0.000000000000000000 ) ) ;
#2366 = ORIENTED_EDGE ( 'NONE', *, *, #1073, .F. ) ;
#2367 = ORIENTED_EDGE ( 'NONE', *, *, #1290, .T. ) ;
#2368 = FACE_OUTER_BOUND ( 'NONE', #863, .T. ) ;
#2369 = DIRECTION ( 'NONE',  ( -1.000000000000000000, -0.000000000000000000, -0.000000000000000000 ) ) ;
#2370 = CARTESIAN_POINT ( 'NONE',  ( -6.994915190016410378, -1.628031256162682405, 0.2500000000000002220 ) ) ;
#2371 = ORIENTED_EDGE ( 'NONE', *, *, #1339, .T. ) ;
#2372 = ORIENTED_EDGE ( 'NONE', *, *, #537, .T. ) ;
#2373 = CARTESIAN_POINT ( 'NONE',  ( -14.75000000000000000, 0.000000000000000000, 0.2500000000000002220 ) ) ;
#2374 = FACE_OUTER_BOUND ( 'NONE', #390, .T. ) ;
#2375 = DIRECTION ( 'NONE',  ( 1.000000000000000000, 0.000000000000000000, 0.000000000000000000 ) ) ;
#2376 = AXIS2_PLACEMENT_3D ( 'NONE', #1924, #2164, #303 ) ;
#2377 = VECTOR ( 'NONE', #2347, 1000.000000000000227 ) ;
#2378 = DIRECTION ( 'NONE',  ( 0.000000000000000000, 0.000000000000000000, 1.000000000000000000 ) ) ;
#2379 = DIRECTION ( 'NONE',  ( -1.000000000000000000, 0.000000000000000000, 0.000000000000000000 ) ) ;
#2380 = ORIENTED_EDGE ( 'NONE', *, *, #1899, .T. ) ;
#2381 = CIRCLE ( 'NONE', #1075, 1.000000000000000000 ) ;
#2382 = ORIENTED_EDGE ( 'NONE', *, *, #2198, .T. ) ;
#2383 = PLANE ( 'NONE',  #2217 ) ;
#2384 = VECTOR ( 'NONE', #355, 999.9999999999998863 ) ;
#2385 = CARTESIAN_POINT ( 'NONE',  ( -15.15000000000000036, -3.000000000000000000, -0.000000000000000000 ) ) ;
#2386 = DIRECTION ( 'NONE',  ( -1.000000000000000000, 0.000000000000000000, 0.000000000000000000 ) ) ;
#2387 = EDGE_LOOP ( 'NONE', ( #135, #1722, #889, #1533 ) ) ;
#2388 = EDGE_CURVE ( 'NONE', #1800, #2293, #2642, .T. ) ;
#2389 = VERTEX_POINT ( 'NONE', #432 ) ;
#2390 = EDGE_CURVE ( 'NONE', #2482, #1700, #796, .T. ) ;
#2391 = FACE_OUTER_BOUND ( 'NONE', #257, .T. ) ;
#2392 = CARTESIAN_POINT ( 'NONE',  ( -6.805932909819473409, -1.241656182210486126, -0.2500000000000002220 ) ) ;
#2393 = LINE ( 'NONE', #709, #2083 ) ;
#2394 = VERTEX_POINT ( 'NONE', #42 ) ;
#2395 = DIRECTION ( 'NONE',  ( 0.000000000000000000, 0.000000000000000000, -1.000000000000000000 ) ) ;
#2396 = CARTESIAN_POINT ( 'NONE',  ( -0.8000000000000004885, 3.075000000000000622, -2.200000000000000622 ) ) ;
#2397 = PLANE ( 'NONE',  #953 ) ;
#2398 = ORIENTED_EDGE ( 'NONE', *, *, #1446, .T. ) ;
#2399 = EDGE_CURVE ( 'NONE', #1444, #660, #240, .T. ) ;
#2400 = VECTOR ( 'NONE', #2072, 1000.000000000000000 ) ;
#2401 = EDGE_LOOP ( 'NONE', ( #1405, #1466, #284, #1906 ) ) ;
#2402 = DIRECTION ( 'NONE',  ( -0.000000000000000000, -0.000000000000000000, -1.000000000000000000 ) ) ;
#2403 = DIRECTION ( 'NONE',  ( -1.000000000000000000, 2.017120320903263456E-16, 1.445602896647339656E-16 ) ) ;
#2404 = DIRECTION ( 'NONE',  ( 0.000000000000000000, 1.000000000000000000, -0.000000000000000000 ) ) ;
#2405 = DIRECTION ( 'NONE',  ( -1.000000000000000000, -0.000000000000000000, -0.000000000000000000 ) ) ;
#2406 = VERTEX_POINT ( 'NONE', #1482 ) ;
#2407 = CARTESIAN_POINT ( 'NONE',  ( -7.299999999999998934, -1.000000000000000222, 0.2500000000000002220 ) ) ;
#2408 = EDGE_LOOP ( 'NONE', ( #1728, #569, #1812, #772, #2451, #1122, #393, #1851, #579, #1352 ) ) ;
#2409 = DIRECTION ( 'NONE',  ( 2.017120320903263702E-16, 1.000000000000000000, 0.000000000000000000 ) ) ;
#2410 = EDGE_CURVE ( 'NONE', #294, #2482, #864, .T. ) ;
#2411 = PRODUCT_DEFINITION_SHAPE ( 'NONE', 'NONE',  #698 ) ;
#2412 = CARTESIAN_POINT ( 'NONE',  ( -6.749999999999999112, -2.400000000000000355, 0.2500000000000002220 ) ) ;
#2413 = VERTEX_POINT ( 'NONE', #1688 ) ;
#2414 = PLANE ( 'NONE',  #1376 ) ;
#2415 = EDGE_LOOP ( 'NONE', ( #746, #2030, #787, #1149 ) ) ;
#2416 = CYLINDRICAL_SURFACE ( 'NONE', #1365, 1.000000000000000000 ) ;
#2417 = CARTESIAN_POINT ( 'NONE',  ( -6.994915190016411266, -1.671968743837316973, -0.2500000000000002220 ) ) ;
#2418 = CARTESIAN_POINT ( 'NONE',  ( 6.999999999999999112, 6.350000000000000533, 2.049999999999998490 ) ) ;
#2419 = DIRECTION ( 'NONE',  ( 1.000000000000000000, -0.000000000000000000, -0.000000000000000000 ) ) ;
#2420 = PRODUCT_CONTEXT ( 'NONE', #263, 'mechanical' ) ;
#2421 = VERTEX_POINT ( 'NONE', #2440 ) ;
#2422 = VECTOR ( 'NONE', #489, 1000.000000000000000 ) ;
#2423 = EDGE_CURVE ( 'NONE', #1736, #469, #1399, .T. ) ;
#2424 = ORIENTED_EDGE ( 'NONE', *, *, #463, .F. ) ;
#2425 = CIRCLE ( 'NONE', #1498, 0.5500000000000010436 ) ;
#2426 = CARTESIAN_POINT ( 'NONE',  ( -0.8000000000000004885, 3.075000000000000622, -2.200000000000000622 ) ) ;
#2427 = CIRCLE ( 'NONE', #1597, 0.05000000000000079381 ) ;
#2428 = CARTESIAN_POINT ( 'NONE',  ( -8.400000000000000355, 7.400000000000000355, 2.050000000000000266 ) ) ;
#2429 = ORIENTED_EDGE ( 'NONE', *, *, #1889, .T. ) ;
#2430 = VECTOR ( 'NONE', #2039, 1000.000000000000000 ) ;
#2431 = DIRECTION ( 'NONE',  ( -0.000000000000000000, -1.000000000000000000, -0.000000000000000000 ) ) ;
#2432 = EDGE_CURVE ( 'NONE', #2135, #2421, #1231, .T. ) ;
#2433 = AXIS2_PLACEMENT_3D ( 'NONE', #2582, #90, #304 ) ;
#2434 = CARTESIAN_POINT ( 'NONE',  ( 9.000000000000000000, 6.400000000000001243, 0.2499999999999973910 ) ) ;
#2435 = AXIS2_PLACEMENT_3D ( 'NONE', #2258, #417, #1227 ) ;
#2436 = DIRECTION ( 'NONE',  ( 0.000000000000000000, 0.000000000000000000, 1.000000000000000000 ) ) ;
#2437 = ORIENTED_EDGE ( 'NONE', *, *, #438, .F. ) ;
#2438 = VECTOR ( 'NONE', #392, 999.9999999999998863 ) ;
#2439 = EDGE_LOOP ( 'NONE', ( #720, #2306, #1572, #590 ) ) ;
#2440 = CARTESIAN_POINT ( 'NONE',  ( -7.149999999999998579, -3.000000000000000000, 0.1499999999999990785 ) ) ;
#2441 = EDGE_CURVE ( 'NONE', #1897, #1606, #1871, .T. ) ;
#2442 = DIRECTION ( 'NONE',  ( 0.000000000000000000, -1.000000000000000000, 0.000000000000000000 ) ) ;
#2443 = ORIENTED_EDGE ( 'NONE', *, *, #734, .T. ) ;
#2444 = EDGE_CURVE ( 'NONE', #349, #1782, #2063, .T. ) ;
#2445 = CARTESIAN_POINT ( 'NONE',  ( -14.75000000000000000, 0.000000000000000000, 0.2500000000000002220 ) ) ;
#2446 = CARTESIAN_POINT ( 'NONE',  ( -9.000000000000000000, 18.15862284482674482, 0.7499999999999995559 ) ) ;
#2447 = FACE_OUTER_BOUND ( 'NONE', #936, .T. ) ;
#2448 = CARTESIAN_POINT ( 'NONE',  ( -6.749999999999999112, 0.000000000000000000, 0.2500000000000002220 ) ) ;
#2449 = FACE_OUTER_BOUND ( 'NONE', #2387, .T. ) ;
#2450 = EDGE_CURVE ( 'NONE', #524, #2563, #2297, .T. ) ;
#2451 = ORIENTED_EDGE ( 'NONE', *, *, #1939, .F. ) ;
#2452 = PLANE ( 'NONE',  #1786 ) ;
#2453 = DIRECTION ( 'NONE',  ( -0.000000000000000000, -0.000000000000000000, -1.000000000000000000 ) ) ;
#2454 = DIRECTION ( 'NONE',  ( 0.000000000000000000, -0.000000000000000000, 1.000000000000000000 ) ) ;
#2455 = CARTESIAN_POINT ( 'NONE',  ( -7.444067090180526591, -1.891656182210486925, 0.2500000000000002220 ) ) ;
#2456 = DIRECTION ( 'NONE',  ( 0.000000000000000000, 0.000000000000000000, -1.000000000000000000 ) ) ;
#2457 = LINE ( 'NONE', #781, #830 ) ;
#2458 = VECTOR ( 'NONE', #456, 1000.000000000000000 ) ;
#2459 = ADVANCED_FACE ( 'NONE', ( #845 ), #184, .T. ) ;
#2460 =( LENGTH_UNIT ( ) NAMED_UNIT ( * ) SI_UNIT ( .MILLI., .METRE. ) );
#2461 = DIRECTION ( 'NONE',  ( 1.000000000000000000, -0.000000000000000000, -9.293161478447182976E-17 ) ) ;
#2462 = EDGE_CURVE ( 'NONE', #550, #1311, #548, .T. ) ;
#2463 = CARTESIAN_POINT ( 'NONE',  ( -7.255084809983587846, -2.278031256162684315, -0.2500000000000002220 ) ) ;
#2464 = VECTOR ( 'NONE', #632, 1000.000000000000000 ) ;
#2465 = CARTESIAN_POINT ( 'NONE',  ( -15.25000000000000000, 0.000000000000000000, -0.2500000000000002220 ) ) ;
#2466 = PLANE ( 'NONE',  #1240 ) ;
#2467 = DIRECTION ( 'NONE',  ( 0.000000000000000000, -0.8526401643540949538, -0.5224985647159442470 ) ) ;
#2468 = VERTEX_POINT ( 'NONE', #1710 ) ;
#2469 = AXIS2_PLACEMENT_3D ( 'NONE', #2580, #1537, #333 ) ;
#2470 = DIRECTION ( 'NONE',  ( 0.000000000000000000, 0.000000000000000000, -1.000000000000000000 ) ) ;
#2471 = ORIENTED_EDGE ( 'NONE', *, *, #604, .T. ) ;
#2472 = VECTOR ( 'NONE', #1263, 1000.000000000000000 ) ;
#2473 = VECTOR ( 'NONE', #1902, 1000.000000000000000 ) ;
#2474 = DIRECTION ( 'NONE',  ( 0.000000000000000000, 1.000000000000000000, 0.000000000000000000 ) ) ;
#2475 = CARTESIAN_POINT ( 'NONE',  ( -6.949999999999999289, -1.649999999999999911, 0.2500000000000002220 ) ) ;
#2476 = SURFACE_STYLE_FILL_AREA ( #2045 ) ;
#2477 = ADVANCED_FACE ( 'NONE', ( #737 ), #117, .T. ) ;
#2478 = ADVANCED_FACE ( 'NONE', ( #2374, #1298 ), #1495, .F. ) ;
#2479 = PLANE ( 'NONE',  #418 ) ;
#2480 = ORIENTED_EDGE ( 'NONE', *, *, #1092, .T. ) ;
#2481 = ADVANCED_FACE ( 'NONE', ( #101 ), #2148, .T. ) ;
#2482 = VERTEX_POINT ( 'NONE', #1140 ) ;
#2483 = CARTESIAN_POINT ( 'NONE',  ( -7.444067090180526591, -1.408343817789512675, 0.2500000000000002220 ) ) ;
#2484 = PLANE ( 'NONE',  #580 ) ;
#2485 = LINE ( 'NONE', #1620, #1617 ) ;
#2486 = ORIENTED_EDGE ( 'NONE', *, *, #2274, .T. ) ;
#2487 = FACE_OUTER_BOUND ( 'NONE', #1148, .T. ) ;
#2488 = CARTESIAN_POINT ( 'NONE',  ( -6.749999999999999112, -1.000000000000000222, -0.2500000000000002220 ) ) ;
#2489 =( NAMED_UNIT ( * ) SI_UNIT ( $, .STERADIAN. ) SOLID_ANGLE_UNIT ( ) );
#2490 = CARTESIAN_POINT ( 'NONE',  ( -2.450000000000000622, 5.900000000000001243, -1.500000000000000000 ) ) ;
#2491 = ORIENTED_EDGE ( 'NONE', *, *, #1389, .F. ) ;
#2492 = ORIENTED_EDGE ( 'NONE', *, *, #412, .F. ) ;
#2493 = CARTESIAN_POINT ( 'NONE',  ( -9.000000000000005329, 1.600000000000002309, -1.499999999999999112 ) ) ;
#2494 = DIRECTION ( 'NONE',  ( 0.000000000000000000, 0.000000000000000000, 1.000000000000000000 ) ) ;
#2495 = EDGE_LOOP ( 'NONE', ( #591, #1849, #428, #2159, #1770, #2212 ) ) ;
#2496 = VECTOR ( 'NONE', #1138, 1000.000000000000000 ) ;
#2497 = ADVANCED_FACE ( 'NONE', ( #1111 ), #912, .F. ) ;
#2498 = CARTESIAN_POINT ( 'NONE',  ( -6.994915190016411266, -1.628031256162682849, 0.2500000000000002220 ) ) ;
#2499 = CARTESIAN_POINT ( 'NONE',  ( -9.000000000000005329, 7.700000000000000178, 1.225000000000000755 ) ) ;
#2500 = CIRCLE ( 'NONE', #313, 0.05000000000000079381 ) ;
#2501 = EDGE_LOOP ( 'NONE', ( #2125, #1022, #2229, #98 ) ) ;
#2502 = AXIS2_PLACEMENT_3D ( 'NONE', #1198, #1845, #1043 ) ;
#2503 = ORIENTED_EDGE ( 'NONE', *, *, #2161, .T. ) ;
#2504 = CARTESIAN_POINT ( 'NONE',  ( 0.000000000000000000, -3.000000000000000000, 0.1499999999999990785 ) ) ;
#2505 = STYLED_ITEM ( 'NONE', ( #1472 ), #596 ) ;
#2506 = AXIS2_PLACEMENT_3D ( 'NONE', #1888, #872, #1651 ) ;
#2507 =( LENGTH_UNIT ( ) NAMED_UNIT ( * ) SI_UNIT ( .MILLI., .METRE. ) );
#2508 = CARTESIAN_POINT ( 'NONE',  ( -6.994915190016410378, -1.628031256162682405, 0.2500000000000002220 ) ) ;
#2509 =( GEOMETRIC_REPRESENTATION_CONTEXT ( 3 ) GLOBAL_UNCERTAINTY_ASSIGNED_CONTEXT ( ( #1877 ) ) GLOBAL_UNIT_ASSIGNED_CONTEXT ( ( #515, #1955, #1100 ) ) REPRESENTATION_CONTEXT ( 'NONE', 'WORKASPACE' ) );
#2510 = ORIENTED_EDGE ( 'NONE', *, *, #779, .T. ) ;
#2511 = ADVANCED_FACE ( 'NONE', ( #1739 ), #2532, .F. ) ;
#2512 = ORIENTED_EDGE ( 'NONE', *, *, #638, .F. ) ;
#2513 = CARTESIAN_POINT ( 'NONE',  ( -7.149999999999998579, -3.000000000000000000, -0.000000000000000000 ) ) ;
#2514 = LINE ( 'NONE', #1448, #1336 ) ;
#2515 = ADVANCED_FACE ( 'NONE', ( #1953 ), #927, .T. ) ;
#2516 = DIRECTION ( 'NONE',  ( -0.000000000000000000, 0.000000000000000000, 1.000000000000000000 ) ) ;
#2517 = ORIENTED_EDGE ( 'NONE', *, *, #2351, .T. ) ;
#2518 = EDGE_LOOP ( 'NONE', ( #669, #1526, #306, #1900 ) ) ;
#2519 =( LENGTH_UNIT ( ) NAMED_UNIT ( * ) SI_UNIT ( .MILLI., .METRE. ) );
#2520 = DIRECTION ( 'NONE',  ( -1.445602896647339656E-16, -0.000000000000000000, -1.000000000000000000 ) ) ;
#2521 = CARTESIAN_POINT ( 'NONE',  ( 0.000000000000000000, 0.000000000000000000, 0.000000000000000000 ) ) ;
#2522 = EDGE_LOOP ( 'NONE', ( #1271, #1033, #419, #1810 ) ) ;
#2523 = ORIENTED_EDGE ( 'NONE', *, *, #1820, .F. ) ;
#2524 = PLANE ( 'NONE',  #1852 ) ;
#2525 = LINE ( 'NONE', #1931, #2000 ) ;
#2526 = CARTESIAN_POINT ( 'NONE',  ( -5.999999999999994671, 6.350000000000000533, 2.649999999999999467 ) ) ;
#2527 = ORIENTED_EDGE ( 'NONE', *, *, #1956, .T. ) ;
#2528 = VERTEX_POINT ( 'NONE', #1967 ) ;
#2529 = ADVANCED_FACE ( 'NONE', ( #2117 ), #132, .F. ) ;
#2530 = DIRECTION ( 'NONE',  ( 0.000000000000000000, 0.000000000000000000, -1.000000000000000000 ) ) ;
#2531 = ADVANCED_FACE ( 'NONE', ( #752 ), #1554, .T. ) ;
#2532 = PLANE ( 'NONE',  #105 ) ;
#2533 = DIRECTION ( 'NONE',  ( 0.4393748767463385163, -0.8983038003282295403, 0.000000000000000000 ) ) ;
#2534 = VECTOR ( 'NONE', #1223, 1000.000000000000000 ) ;
#2535 = CARTESIAN_POINT ( 'NONE',  ( 16.00000000000000000, 2.168404344971008868E-16, -2.349104707051926602E-16 ) ) ;
#2536 = EDGE_LOOP ( 'NONE', ( #1401, #557, #255, #1916 ) ) ;
#2537 = EDGE_CURVE ( 'NONE', #1004, #329, #831, .T. ) ;
#2538 = UNCERTAINTY_MEASURE_WITH_UNIT (LENGTH_MEASURE( 1.000000000000000082E-05 ), #2014, 'distance_accuracy_value', 'NONE');
#2539 = ADVANCED_FACE ( 'NONE', ( #459 ), #2099, .F. ) ;
#2540 = EDGE_LOOP ( 'NONE', ( #1946, #1082, #2219, #827 ) ) ;
#2541 = CARTESIAN_POINT ( 'NONE',  ( -7.000000000000000000, -1.649999999999999911, 0.2500000000000002220 ) ) ;
#2542 = CYLINDRICAL_SURFACE ( 'NONE', #540, 1.000000000000000000 ) ;
#2543 = DIRECTION ( 'NONE',  ( 1.000000000000000000, -0.000000000000000000, -1.324216393875425095E-16 ) ) ;
#2544 = CARTESIAN_POINT ( 'NONE',  ( -7.249999999999999112, -3.000000000000000000, -0.2500000000000002220 ) ) ;
#2545 = ORIENTED_EDGE ( 'NONE', *, *, #1818, .F. ) ;
#2546 = VECTOR ( 'NONE', #384, 1000.000000000000000 ) ;
#2547 = ORIENTED_EDGE ( 'NONE', *, *, #1540, .F. ) ;
#2548 = VECTOR ( 'NONE', #1000, 1000.000000000000000 ) ;
#2549 = LINE ( 'NONE', #2373, #1159 ) ;
#2550 = EDGE_CURVE ( 'NONE', #277, #2564, #1431, .T. ) ;
#2551 = DIRECTION ( 'NONE',  ( -1.000000000000000000, -0.000000000000000000, -0.000000000000000000 ) ) ;
#2552 = LINE ( 'NONE', #2348, #1590 ) ;
#2553 = VECTOR ( 'NONE', #2520, 1000.000000000000000 ) ;
#2554 = CARTESIAN_POINT ( 'NONE',  ( 20.00000000000000355, 2.168404344971008868E-16, -1.385369442620367078E-16 ) ) ;
#2555 = ADVANCED_FACE ( 'NONE', ( #420 ), #225, .T. ) ;
#2556 = VERTEX_POINT ( 'NONE', #2483 ) ;
#2557 =( GEOMETRIC_REPRESENTATION_CONTEXT ( 3 ) GLOBAL_UNCERTAINTY_ASSIGNED_CONTEXT ( ( #1319 ) ) GLOBAL_UNIT_ASSIGNED_CONTEXT ( ( #1065, #1044, #2489 ) ) REPRESENTATION_CONTEXT ( 'NONE', 'WORKASPACE' ) );
#2558 = ORIENTED_EDGE ( 'NONE', *, *, #2140, .T. ) ;
#2559 = AXIS2_PLACEMENT_3D ( 'NONE', #1151, #2184, #2533 ) ;
#2560 = CARTESIAN_POINT ( 'NONE',  ( -5.999999999999999112, 7.350000000000000533, 2.649999999999999467 ) ) ;
#2561 = CARTESIAN_POINT ( 'NONE',  ( -9.000000000000000000, 6.400000000000001243, 0.7499999999999995559 ) ) ;
#2562 = DIRECTION ( 'NONE',  ( 0.000000000000000000, 0.000000000000000000, 1.000000000000000000 ) ) ;
#2563 = VERTEX_POINT ( 'NONE', #239 ) ;
#2564 = VERTEX_POINT ( 'NONE', #2653 ) ;
#2565 = DIRECTION ( 'NONE',  ( 2.409338161078898503E-17, 0.000000000000000000, -1.000000000000000000 ) ) ;
#2566 = CARTESIAN_POINT ( 'NONE',  ( -1.846730112625436539E-16, 0.000000000000000000, -1.500000000000000444 ) ) ;
#2567 = CARTESIAN_POINT ( 'NONE',  ( 8.699999999999999289, 7.700000000000000178, 2.049999999999998046 ) ) ;
#2568 =( REPRESENTATION_RELATIONSHIP ('NONE','NONE', #1162, #1821 ) REPRESENTATION_RELATIONSHIP_WITH_TRANSFORMATION ( #1363 )SHAPE_REPRESENTATION_RELATIONSHIP( ) );
#2569 = SHAPE_DEFINITION_REPRESENTATION ( #2411, #1162 ) ;
#2570 = DIRECTION ( 'NONE',  ( -0.000000000000000000, -1.000000000000000000, -0.000000000000000000 ) ) ;
#2571 = EDGE_LOOP ( 'NONE', ( #342, #2380, #383, #1838, #39, #2510, #2628, #1940, #1107, #740 ) ) ;
#2572 = AXIS2_PLACEMENT_3D ( 'NONE', #2176, #351, #1611 ) ;
#2573 = EDGE_LOOP ( 'NONE', ( #183, #866, #244, #1767 ) ) ;
#2574 = LINE ( 'NONE', #1344, #1629 ) ;
#2575 = DIRECTION ( 'NONE',  ( 1.000000000000000000, 0.000000000000000000, 0.000000000000000000 ) ) ;
#2576 = DIRECTION ( 'NONE',  ( 0.000000000000000000, -0.5224985647159443580, 0.8526401643540950648 ) ) ;
#2577 = ORIENTED_EDGE ( 'NONE', *, *, #1509, .F. ) ;
#2578 = ORIENTED_EDGE ( 'NONE', *, *, #1418, .F. ) ;
#2579 = LINE ( 'NONE', #1097, #1893 ) ;
#2580 = CARTESIAN_POINT ( 'NONE',  ( -7.249999999999999112, -2.400000000000000355, 0.2500000000000002220 ) ) ;
#2581 = LINE ( 'NONE', #2338, #586 ) ;
#2582 = CARTESIAN_POINT ( 'NONE',  ( 0.000000000000000000, 0.000000000000000000, 0.000000000000000000 ) ) ;
#2583 = LINE ( 'NONE', #536, #2618 ) ;
#2584 = ORIENTED_EDGE ( 'NONE', *, *, #2003, .T. ) ;
#2585 = VERTEX_POINT ( 'NONE', #153 ) ;
#2586 = FACE_OUTER_BOUND ( 'NONE', #2571, .T. ) ;
#2587 = LINE ( 'NONE', #2385, #20 ) ;
#2588 = DIRECTION ( 'NONE',  ( -1.000000000000000000, 0.000000000000000000, 0.000000000000000000 ) ) ;
#2589 = AXIS2_PLACEMENT_3D ( 'NONE', #925, #750, #1737 ) ;
#2590 = LINE ( 'NONE', #2370, #1196 ) ;
#2591 = ORIENTED_EDGE ( 'NONE', *, *, #1080, .T. ) ;
#2592 = CARTESIAN_POINT ( 'NONE',  ( -7.299999999999998934, -2.300000000000000266, -0.2500000000000002220 ) ) ;
#2593 = VERTEX_POINT ( 'NONE', #1183 ) ;
#2594 = CARTESIAN_POINT ( 'NONE',  ( 7.299999999999998934, 7.700000000000000178, 2.649999999999998135 ) ) ;
#2595 = VECTOR ( 'NONE', #2149, 999.9999999999998863 ) ;
#2596 = DIRECTION ( 'NONE',  ( 0.000000000000000000, 0.000000000000000000, -1.000000000000000000 ) ) ;
#2597 = CARTESIAN_POINT ( 'NONE',  ( -7.299999999999998934, -2.300000000000000266, -0.2500000000000002220 ) ) ;
#2598 = VECTOR ( 'NONE', #1124, 1000.000000000000000 ) ;
#2599 = AXIS2_PLACEMENT_3D ( 'NONE', #1687, #2565, #876 ) ;
#2600 = DIRECTION ( 'NONE',  ( 0.000000000000000000, 0.000000000000000000, 1.000000000000000000 ) ) ;
#2601 = AXIS2_PLACEMENT_3D ( 'NONE', #123, #2230, #741 ) ;
#2602 = ORIENTED_EDGE ( 'NONE', *, *, #1161, .F. ) ;
#2603 = PRESENTATION_LAYER_ASSIGNMENT (  '', '', ( #535 ) ) ;
#2604 = EDGE_CURVE ( 'NONE', #1957, #704, #2627, .T. ) ;
#2605 = DIRECTION ( 'NONE',  ( 0.000000000000000000, 0.000000000000000000, 1.000000000000000000 ) ) ;
#2606 = CARTESIAN_POINT ( 'NONE',  ( -9.000000000000005329, 7.700000000000000178, 1.225000000000000755 ) ) ;
#2607 = CARTESIAN_POINT ( 'NONE',  ( 8.400000000000000355, 18.15862284482674482, 2.049999999999998046 ) ) ;
#2608 = ORIENTED_EDGE ( 'NONE', *, *, #628, .T. ) ;
#2609 = CARTESIAN_POINT ( 'NONE',  ( -6.999999999999999112, 7.400000000000000355, 2.649999999999999911 ) ) ;
#2610 = CARTESIAN_POINT ( 'NONE',  ( 9.000000000000000000, 7.700000000000000178, 2.649999999999997247 ) ) ;
#2611 = VECTOR ( 'NONE', #2343, 1000.000000000000000 ) ;
#2612 = FACE_OUTER_BOUND ( 'NONE', #2185, .T. ) ;
#2613 = DIRECTION ( 'NONE',  ( 0.8983038003282296513, 0.4393748767463385718, 0.000000000000000000 ) ) ;
#2614 = VERTEX_POINT ( 'NONE', #1383 ) ;
#2615 = CARTESIAN_POINT ( 'NONE',  ( -9.000000000000000000, 7.700000000000000178, 2.649999999999999467 ) ) ;
#2616 = ORIENTED_EDGE ( 'NONE', *, *, #1797, .T. ) ;
#2617 = DIRECTION ( 'NONE',  ( 7.404924101147645824E-17, 0.8290375725550400698, 0.5591929034707493473 ) ) ;
#2618 = VECTOR ( 'NONE', #1772, 999.9999999999998863 ) ;
#2619 = CARTESIAN_POINT ( 'NONE',  ( -6.999999999999999112, 7.700000000000000178, 2.649999999999999911 ) ) ;
#2620 = EDGE_LOOP ( 'NONE', ( #1808, #2082, #295, #2491 ) ) ;
#2621 = PLANE ( 'NONE',  #367 ) ;
#2622 = CARTESIAN_POINT ( 'NONE',  ( -7.299999999999998934, -1.000000000000000222, 0.2500000000000002220 ) ) ;
#2623 = PLANE ( 'NONE',  #1861 ) ;
#2624 = CARTESIAN_POINT ( 'NONE',  ( -7.249999999999999112, 0.000000000000000000, -0.2500000000000002220 ) ) ;
#2625 = PRODUCT_CONTEXT ( 'NONE', #1589, 'mechanical' ) ;
#2626 = ORIENTED_EDGE ( 'NONE', *, *, #1435, .T. ) ;
#2627 = LINE ( 'NONE', #1619, #155 ) ;
#2628 = ORIENTED_EDGE ( 'NONE', *, *, #2318, .F. ) ;
#2629 = EDGE_CURVE ( 'NONE', #45, #2111, #990, .T. ) ;
#2630 = CARTESIAN_POINT ( 'NONE',  ( -9.000000000000000000, 5.900000000000000355, 2.649999999999999467 ) ) ;
#2631 = DIRECTION ( 'NONE',  ( -1.000000000000000000, 0.000000000000000000, 0.000000000000000000 ) ) ;
#2632 = EDGE_LOOP ( 'NONE', ( #1541, #1867, #770, #237 ) ) ;
#2633 = VECTOR ( 'NONE', #1355, 1000.000000000000000 ) ;
#2634 = DIRECTION ( 'NONE',  ( -0.000000000000000000, -1.000000000000000000, -0.000000000000000000 ) ) ;
#2635 = CARTESIAN_POINT ( 'NONE',  ( 9.000000000000001776, 5.900000000000000355, -2.650000000000000355 ) ) ;
#2636 = DIRECTION ( 'NONE',  ( 1.000000000000000000, -0.000000000000000000, -0.000000000000000000 ) ) ;
#2637 = PRODUCT_CONTEXT ( 'NONE', #2654, 'mechanical' ) ;
#2638 = EDGE_CURVE ( 'NONE', #168, #86, #365, .T. ) ;
#2639 = EDGE_CURVE ( 'NONE', #277, #2652, #485, .T. ) ;
#2640 = ORIENTED_EDGE ( 'NONE', *, *, #797, .F. ) ;
#2641 = AXIS2_PLACEMENT_3D ( 'NONE', #593, #414, #1224 ) ;
#2642 = LINE ( 'NONE', #1854, #440 ) ;
#2643 = VECTOR ( 'NONE', #1035, 1000.000000000000000 ) ;
#2644 = CARTESIAN_POINT ( 'NONE',  ( -7.299999999999998934, -2.300000000000000266, 0.2500000000000002220 ) ) ;
#2645 = ORIENTED_EDGE ( 'NONE', *, *, #1695, .F. ) ;
#2646 = AXIS2_PLACEMENT_3D ( 'NONE', #854, #1243, #1657 ) ;
#2647 = VECTOR ( 'NONE', #817, 1000.000000000000000 ) ;
#2648 = FACE_OUTER_BOUND ( 'NONE', #1778, .T. ) ;
#2649 = CARTESIAN_POINT ( 'NONE',  ( 7.299999999999998934, 7.700000000000000178, 2.649999999999999911 ) ) ;
#2650 = CARTESIAN_POINT ( 'NONE',  ( -7.916666666666665186, 6.916666666666666075, 1.566666666666666652 ) ) ;
#2651 = CARTESIAN_POINT ( 'NONE',  ( 6.000000000000000000, 6.350000000000000533, 2.049999999999998490 ) ) ;
#2652 = VERTEX_POINT ( 'NONE', #1985 ) ;
#2653 = CARTESIAN_POINT ( 'NONE',  ( -6.805932909819473409, -1.241656182210485904, 0.2500000000000002220 ) ) ;
#2654 = APPLICATION_CONTEXT ( 'automotive_design' ) ;
#2655 = PLANE ( 'NONE',  #1117 ) ;
#2656 = LINE ( 'NONE', #640, #1027 ) ;
#2657 = NEXT_ASSEMBLY_USAGE_OCCURRENCE ( 'NAUO1', ' ', ' ', #698, #449, $ ) ;
#2658 = NEXT_ASSEMBLY_USAGE_OCCURRENCE ( 'NAUO2', ' ', ' ', #698, #2250, $ ) ;
#2659 = NEXT_ASSEMBLY_USAGE_OCCURRENCE ( 'NAUO3', ' ', ' ', #698, #2250, $ ) ;
#2660 = NEXT_ASSEMBLY_USAGE_OCCURRENCE ( 'NAUO4', ' ', ' ', #698, #919, $ ) ;
#2661 = NEXT_ASSEMBLY_USAGE_OCCURRENCE ( 'NAUO5', ' ', ' ', #698, #919, $ ) ;
#2662 = NEXT_ASSEMBLY_USAGE_OCCURRENCE ( 'NAUO6', ' ', ' ', #698, #919, $ ) ;
#2663 = NEXT_ASSEMBLY_USAGE_OCCURRENCE ( 'NAUO7', ' ', ' ', #698, #919, $ ) ;
#2664 = NEXT_ASSEMBLY_USAGE_OCCURRENCE ( 'NAUO8', ' ', ' ', #698, #919, $ ) ;
#2665 = NEXT_ASSEMBLY_USAGE_OCCURRENCE ( 'NAUO9', ' ', ' ', #698, #919, $ ) ;
ENDSEC;
END-ISO-10303-21;
