ISO-10303-21;
HEADER;
FILE_DESCRIPTION (( 'STEP AP214' ),
    '1' );
FILE_NAME ('SS-90000-006.STEP',
    '2026-09-15T06:38:46',
    ( '' ),
    ( '' ),
    'SwSTEP 2.0',
    'SolidWorks 2021',
    '' );
FILE_SCHEMA (( 'AUTOMOTIVE_DESIGN' ));
ENDSEC;

DATA;
#1 = CARTESIAN_POINT ( 'NONE',  ( -1.810000000000000053, 14.00000000000000000, -7.014234558991999435 ) ) ;
#2 = CIRCLE ( 'NONE', #6386, 0.1400000000000004297 ) ;
#3 = ORIENTED_EDGE ( 'NONE', *, *, #11351, .T. ) ;
#4 = VECTOR ( 'NONE', #3310, 1000.000000000000000 ) ;
#5 = DIRECTION ( 'NONE',  ( 0.000000000000000000, 0.000000000000000000, 1.000000000000000000 ) ) ;
#6 = ORIENTED_EDGE ( 'NONE', *, *, #4137, .T. ) ;
#7 = VECTOR ( 'NONE', #9395, 1000.000000000000000 ) ;
#8 = LINE ( 'NONE', #755, #575 ) ;
#9 = EDGE_LOOP ( 'NONE', ( #7888, #906, #7212, #4298, #7181, #8832 ) ) ;
#10 = DIRECTION ( 'NONE',  ( -1.000000000000000000, 0.000000000000000000, 0.000000000000000000 ) ) ;
#11 = CARTESIAN_POINT ( 'NONE',  ( 0.9200000000000000400, 8.419999999999999929, -6.490000000000000213 ) ) ;
#12 = CARTESIAN_POINT ( 'NONE',  ( -0.2389158105180000102, 9.085841931843999575, -7.616891352449000507 ) ) ;
#13 = DIRECTION ( 'NONE',  ( -0.8784405254313309985, -0.4657665326191748889, -0.1067884842660402067 ) ) ;
#14 = VECTOR ( 'NONE', #3168, 1000.000000000000000 ) ;
#15 = AXIS2_PLACEMENT_3D ( 'NONE', #2678, #757, #5639 ) ;
#16 = ORIENTED_EDGE ( 'NONE', *, *, #4096, .F. ) ;
#17 = VECTOR ( 'NONE', #5188, 1000.000000000000000 ) ;
#18 = DIRECTION ( 'NONE',  ( 0.000000000000000000, 0.000000000000000000, 1.000000000000000000 ) ) ;
#19 = ORIENTED_EDGE ( 'NONE', *, *, #2646, .F. ) ;
#20 = FACE_OUTER_BOUND ( 'NONE', #9767, .T. ) ;
#21 = ORIENTED_EDGE ( 'NONE', *, *, #10332, .F. ) ;
#22 = ADVANCED_FACE ( 'NONE', ( #8065 ), #9692, .F. ) ;
#23 = CARTESIAN_POINT ( 'NONE',  ( -0.2350000000000000144, 13.96993164062500092, -4.623949218749999091 ) ) ;
#24 = CARTESIAN_POINT ( 'NONE',  ( 1.804999999999999938, 14.08960226692341955, -6.210386651258014368 ) ) ;
#25 = ORIENTED_EDGE ( 'NONE', *, *, #2029, .T. ) ;
#26 = CARTESIAN_POINT ( 'NONE',  ( -1.255000000000000115, 13.48134016943100022, 5.151525677993999963 ) ) ;
#27 = VECTOR ( 'NONE', #4109, 1000.000000000000114 ) ;
#28 = CIRCLE ( 'NONE', #11784, 0.1400000000000004297 ) ;
#29 = VERTEX_POINT ( 'NONE', #1274 ) ;
#30 = VECTOR ( 'NONE', #7659, 1000.000000000000000 ) ;
#31 = FACE_OUTER_BOUND ( 'NONE', #4860, .T. ) ;
#32 = EDGE_CURVE ( 'NONE', #6132, #7612, #3061, .T. ) ;
#33 = CARTESIAN_POINT ( 'NONE',  ( 1.630287381003000080, 1.100000000000000089, -8.749426706754999117 ) ) ;
#34 = EDGE_CURVE ( 'NONE', #4276, #3530, #9083, .T. ) ;
#35 = CARTESIAN_POINT ( 'NONE',  ( 0.1800000000000000211, 15.69999999999999929, -0.3649999999999998801 ) ) ;
#36 = CARTESIAN_POINT ( 'NONE',  ( 0.9200000000000000400, 1.100000000000000089, -6.490000000000000213 ) ) ;
#37 = ORIENTED_EDGE ( 'NONE', *, *, #8146, .F. ) ;
#38 = PLANE ( 'NONE',  #9123 ) ;
#39 = ADVANCED_FACE ( 'NONE', ( #2316 ), #9940, .T. ) ;
#40 = CIRCLE ( 'NONE', #630, 1.714203002955001498 ) ;
#41 = ORIENTED_EDGE ( 'NONE', *, *, #2079, .T. ) ;
#42 = EDGE_CURVE ( 'NONE', #5597, #8304, #4068, .T. ) ;
#43 = ORIENTED_EDGE ( 'NONE', *, *, #5679, .F. ) ;
#44 = ORIENTED_EDGE ( 'NONE', *, *, #4163, .F. ) ;
#45 = ADVANCED_FACE ( 'NONE', ( #8006 ), #8875, .F. ) ;
#46 = CARTESIAN_POINT ( 'NONE',  ( -4.859999999999999432, 3.000000000000000000, -10.25000000000000000 ) ) ;
#47 = DIRECTION ( 'NONE',  ( 1.000000000000000000, 0.000000000000000000, 0.000000000000000000 ) ) ;
#48 = CARTESIAN_POINT ( 'NONE',  ( 1.804999999999999938, 9.377205983516001098, -3.778469117984000203 ) ) ;
#49 = CARTESIAN_POINT ( 'NONE',  ( -0.7900000000000000355, 15.69999999999999929, -4.699234558991999045 ) ) ;
#50 = DIRECTION ( 'NONE',  ( 1.000000000000000000, 0.000000000000000000, 0.000000000000000000 ) ) ;
#51 = EDGE_CURVE ( 'NONE', #6485, #3762, #451, .T. ) ;
#52 = DIRECTION ( 'NONE',  ( 0.000000000000000000, 0.000000000000000000, -1.000000000000000000 ) ) ;
#53 = DIRECTION ( 'NONE',  ( 0.000000000000000000, 0.4176365570259273907, 0.9086141679698426232 ) ) ;
#54 = VERTEX_POINT ( 'NONE', #4127 ) ;
#55 = ORIENTED_EDGE ( 'NONE', *, *, #7210, .F. ) ;
#56 = CARTESIAN_POINT ( 'NONE',  ( -4.629696307966640667, -3.223478441773741654, -1.273734666247000158 ) ) ;
#57 = ORIENTED_EDGE ( 'NONE', *, *, #3877, .T. ) ;
#58 = COLOUR_RGB ( '',1.000000000000000000, 0.8117647058823529438, 0.5019607843137254832 ) ;
#59 = CIRCLE ( 'NONE', #450, 0.1399999999999996803 ) ;
#60 = CARTESIAN_POINT ( 'NONE',  ( -0.2300000000000000100, 15.80000000000000071, 5.159999999999999254 ) ) ;
#61 = EDGE_LOOP ( 'NONE', ( #9652, #10457, #10652, #10120 ) ) ;
#62 = CARTESIAN_POINT ( 'NONE',  ( -3.600000000000000089, 0.000000000000000000, -3.559999999999999609 ) ) ;
#63 = CYLINDRICAL_SURFACE ( 'NONE', #7799, 0.2599999999999997868 ) ;
#64 = CARTESIAN_POINT ( 'NONE',  ( -0.2350000000000000144, 13.47720598351600074, 5.141530882016000170 ) ) ;
#65 = CARTESIAN_POINT ( 'NONE',  ( -0.7900000000000000355, 14.12086359458399976, -6.488795888121999589 ) ) ;
#66 = VECTOR ( 'NONE', #7542, 1000.000000000000000 ) ;
#67 = EDGE_CURVE ( 'NONE', #1526, #9146, #324, .T. ) ;
#68 = EDGE_CURVE ( 'NONE', #9174, #11571, #7826, .T. ) ;
#69 = DIRECTION ( 'NONE',  ( 1.000000000000000000, 0.000000000000000000, 0.000000000000000000 ) ) ;
#70 = VERTEX_POINT ( 'NONE', #266 ) ;
#71 = DIRECTION ( 'NONE',  ( 1.000000000000000000, 0.000000000000000000, 0.000000000000000000 ) ) ;
#72 = VERTEX_POINT ( 'NONE', #6128 ) ;
#73 = LINE ( 'NONE', #9376, #2765 ) ;
#74 = ORIENTED_EDGE ( 'NONE', *, *, #104, .F. ) ;
#75 = DIRECTION ( 'NONE',  ( 0.000000000000000000, 0.000000000000000000, 1.000000000000000000 ) ) ;
#76 = CARTESIAN_POINT ( 'NONE',  ( 5.599999999999999645, 0.000000000000000000, 6.740000000000000213 ) ) ;
#77 = FACE_OUTER_BOUND ( 'NONE', #8542, .T. ) ;
#78 = ADVANCED_FACE ( 'NONE', ( #1145 ), #4951, .T. ) ;
#79 = FACE_OUTER_BOUND ( 'NONE', #739, .T. ) ;
#80 = ORIENTED_EDGE ( 'NONE', *, *, #11405, .T. ) ;
#81 = DIRECTION ( 'NONE',  ( -1.000000000000000000, 0.000000000000000000, 0.000000000000000000 ) ) ;
#82 = ORIENTED_EDGE ( 'NONE', *, *, #277, .T. ) ;
#83 = DIRECTION ( 'NONE',  ( 1.000000000000000000, 0.000000000000000000, 0.000000000000000000 ) ) ;
#84 = LINE ( 'NONE', #9579, #11378 ) ;
#85 = ORIENTED_EDGE ( 'NONE', *, *, #5761, .F. ) ;
#86 = LINE ( 'NONE', #3886, #11959 ) ;
#87 = ORIENTED_EDGE ( 'NONE', *, *, #1783, .F. ) ;
#88 = CARTESIAN_POINT ( 'NONE',  ( 0.2300000000000000100, 9.122794016484000679, -3.661530882016000188 ) ) ;
#89 = LINE ( 'NONE', #6716, #8768 ) ;
#90 = CARTESIAN_POINT ( 'NONE',  ( 1.804999999999999938, 15.79759791836103133, 5.189882150341832201 ) ) ;
#91 = CARTESIAN_POINT ( 'NONE',  ( -0.7900000000000000355, 15.79999999999954774, 5.159999999999999254 ) ) ;
#92 = VERTEX_POINT ( 'NONE', #6069 ) ;
#93 = DIRECTION ( 'NONE',  ( 0.000000000000000000, 0.000000000000000000, -1.000000000000000000 ) ) ;
#94 = EDGE_CURVE ( 'NONE', #583, #4505, #8754, .T. ) ;
#95 = ORIENTED_EDGE ( 'NONE', *, *, #483, .F. ) ;
#96 = EDGE_CURVE ( 'NONE', #10343, #3846, #4882, .T. ) ;
#97 = ORIENTED_EDGE ( 'NONE', *, *, #3538, .F. ) ;
#98 = EDGE_LOOP ( 'NONE', ( #2707, #10730, #3371, #3338, #2142, #12362, #9736, #954, #10277, #12051, #6471, #1914, #3486, #9815, #3516, #11951, #2064, #9763, #6929, #7414, #430, #885, #2840, #9190, #9159, #10988, #249, #7770 ) ) ;
#99 = CARTESIAN_POINT ( 'NONE',  ( -0.2300000000000000100, 14.08947998063599982, -6.210395812409999827 ) ) ;
#100 = DIRECTION ( 'NONE',  ( -1.000000000000000000, 0.000000000000000000, 0.000000000000000000 ) ) ;
#101 = CARTESIAN_POINT ( 'NONE',  ( 2.190286205994000035, 1.100000000000000089, -8.750573880748998334 ) ) ;
#102 = PLANE ( 'NONE',  #9508 ) ;
#103 = CARTESIAN_POINT ( 'NONE',  ( -1.860000000000000098, 13.08000000000000007, -5.620000000000000107 ) ) ;
#104 = EDGE_CURVE ( 'NONE', #11085, #3673, #10685, .T. ) ;
#105 = DIRECTION ( 'NONE',  ( -1.000000000000000000, 0.000000000000000000, 0.000000000000000000 ) ) ;
#106 = ADVANCED_FACE ( 'NONE', ( #4192 ), #5142, .F. ) ;
#107 = CARTESIAN_POINT ( 'NONE',  ( -5.079999999999999183, -0.7200000000000001954, -1.273734666246999936 ) ) ;
#108 = EDGE_CURVE ( 'NONE', #11838, #12022, #5947, .T. ) ;
#109 = ORIENTED_EDGE ( 'NONE', *, *, #4553, .T. ) ;
#110 = VERTEX_POINT ( 'NONE', #5022 ) ;
#111 = FACE_OUTER_BOUND ( 'NONE', #7337, .T. ) ;
#112 = ORIENTED_EDGE ( 'NONE', *, *, #4997, .T. ) ;
#113 = FACE_OUTER_BOUND ( 'NONE', #7925, .T. ) ;
#114 = ORIENTED_EDGE ( 'NONE', *, *, #2225, .F. ) ;
#115 = DIRECTION ( 'NONE',  ( 1.000000000000000000, 0.000000000000000000, 0.000000000000000000 ) ) ;
#116 = LINE ( 'NONE', #2913, #7207 ) ;
#117 = CARTESIAN_POINT ( 'NONE',  ( -0.7900000000000000355, 15.52000012041266785, -4.249816382101536227 ) ) ;
#118 = DIRECTION ( 'NONE',  ( 0.000000000000000000, 0.9086141679698415130, -0.4176365570259298332 ) ) ;
#119 = EDGE_CURVE ( 'NONE', #8187, #8375, #8059, .T. ) ;
#120 = CARTESIAN_POINT ( 'NONE',  ( -1.140152015019000041E-16, 9.004366709456999018, -5.070000000000000284 ) ) ;
#121 = VERTEX_POINT ( 'NONE', #2560 ) ;
#122 = VECTOR ( 'NONE', #9353, 1000.000000000000000 ) ;
#123 = CARTESIAN_POINT ( 'NONE',  ( -1.810000000000000053, 15.79999999999954774, 5.159999999999999254 ) ) ;
#124 = VERTEX_POINT ( 'NONE', #1581 ) ;
#125 = DIRECTION ( 'NONE',  ( 0.000000000000000000, 0.000000000000000000, -1.000000000000000000 ) ) ;
#126 = EDGE_LOOP ( 'NONE', ( #1225, #1040, #6901, #2161 ) ) ;
#127 = CARTESIAN_POINT ( 'NONE',  ( 5.527325384927620711, -1.639999999999999902, -1.273734666246999936 ) ) ;
#128 = EDGE_CURVE ( 'NONE', #9577, #11278, #12067, .T. ) ;
#129 = CARTESIAN_POINT ( 'NONE',  ( -0.7949278209363112024, 9.155036814449223570, -7.601141086871781916 ) ) ;
#130 = DIRECTION ( 'NONE',  ( -0.4684452144620719904, 0.8834925472507300093, 0.000000000000000000 ) ) ;
#131 = AXIS2_PLACEMENT_3D ( 'NONE', #8157, #6287, #4421 ) ;
#132 = ADVANCED_FACE ( 'NONE', ( #8192 ), #5389, .T. ) ;
#133 = AXIS2_PLACEMENT_3D ( 'NONE', #2903, #3794, #3854 ) ;
#134 = FACE_OUTER_BOUND ( 'NONE', #4396, .T. ) ;
#135 = VERTEX_POINT ( 'NONE', #11067 ) ;
#136 = DIRECTION ( 'NONE',  ( -1.000000000000000000, 0.000000000000000000, 0.000000000000000000 ) ) ;
#137 = ORIENTED_EDGE ( 'NONE', *, *, #2235, .F. ) ;
#138 = DIRECTION ( 'NONE',  ( 0.000000000000000000, -0.9381440673623766546, 0.3462451571831385855 ) ) ;
#139 = DIRECTION ( 'NONE',  ( 0.000000000000000000, 0.9495692212737610882, 0.3135574811889244584 ) ) ;
#140 = ORIENTED_EDGE ( 'NONE', *, *, #4897, .F. ) ;
#141 = CARTESIAN_POINT ( 'NONE',  ( -1.250000000000000000, 14.09999999999999964, -6.209999999999999964 ) ) ;
#142 = VECTOR ( 'NONE', #12272, 1000.000000000000000 ) ;
#143 = AXIS2_PLACEMENT_3D ( 'NONE', #8884, #333, #4134 ) ;
#144 = ORIENTED_EDGE ( 'NONE', *, *, #11483, .F. ) ;
#145 = EDGE_CURVE ( 'NONE', #12153, #2767, #3908, .T. ) ;
#146 = LINE ( 'NONE', #33, #5198 ) ;
#147 = PLANE ( 'NONE',  #7947 ) ;
#148 = VECTOR ( 'NONE', #3426, 1000.000000000000000 ) ;
#149 = ORIENTED_EDGE ( 'NONE', *, *, #4895, .F. ) ;
#150 = LINE ( 'NONE', #3952, #6522 ) ;
#151 = ORIENTED_EDGE ( 'NONE', *, *, #8028, .T. ) ;
#152 = DIRECTION ( 'NONE',  ( 1.000000000000000000, -1.110223024624999878E-16, 0.000000000000000000 ) ) ;
#153 = VERTEX_POINT ( 'NONE', #2378 ) ;
#154 = ORIENTED_EDGE ( 'NONE', *, *, #8252, .F. ) ;
#155 = CARTESIAN_POINT ( 'NONE',  ( 1.532761052182173733, 9.069398338315277641, -7.333385438909165721 ) ) ;
#156 = FACE_OUTER_BOUND ( 'NONE', #417, .T. ) ;
#157 = DIRECTION ( 'NONE',  ( 0.000000000000000000, 1.000000000000000000, 0.000000000000000000 ) ) ;
#158 = DIRECTION ( 'NONE',  ( -1.000000000000000000, 0.000000000000000000, 0.000000000000000000 ) ) ;
#159 = DIRECTION ( 'NONE',  ( -1.000000000000000000, 0.000000000000000000, 0.000000000000000000 ) ) ;
#160 = CARTESIAN_POINT ( 'NONE',  ( 4.819999999999999396, -3.700000000000000178, -1.324726386844000015 ) ) ;
#161 = VECTOR ( 'NONE', #5900, 999.9999999999998863 ) ;
#162 = DIRECTION ( 'NONE',  ( 1.000000000000000000, 0.000000000000000000, 0.000000000000000000 ) ) ;
#163 = VERTEX_POINT ( 'NONE', #3501 ) ;
#164 = ORIENTED_EDGE ( 'NONE', *, *, #11620, .T. ) ;
#165 = EDGE_CURVE ( 'NONE', #5019, #3843, #6382, .T. ) ;
#166 = LINE ( 'NONE', #4802, #12301 ) ;
#167 = ORIENTED_EDGE ( 'NONE', *, *, #1405, .T. ) ;
#168 = ADVANCED_FACE ( 'NONE', ( #6194 ), #8126, .F. ) ;
#169 = DIRECTION ( 'NONE',  ( 0.000000000000000000, 0.9763850306004406843, 0.2160376634278765307 ) ) ;
#170 = VERTEX_POINT ( 'NONE', #4574 ) ;
#171 = CIRCLE ( 'NONE', #9152, 1.363702780452000107 ) ;
#172 = CARTESIAN_POINT ( 'NONE',  ( -1.255000000000000115, 9.099999999999999645, -6.209999999999999964 ) ) ;
#173 = DIRECTION ( 'NONE',  ( 0.000000000000000000, 0.000000000000000000, 1.000000000000000000 ) ) ;
#174 = EDGE_CURVE ( 'NONE', #10522, #5348, #4509, .T. ) ;
#175 = ADVANCED_FACE ( 'NONE', ( #8251 ), #12006, .F. ) ;
#176 = AXIS2_PLACEMENT_3D ( 'NONE', #4765, #8443, #1012 ) ;
#177 = ORIENTED_EDGE ( 'NONE', *, *, #2268, .F. ) ;
#178 = DIRECTION ( 'NONE',  ( 0.000000000000000000, 0.000000000000000000, -1.000000000000000000 ) ) ;
#179 = ORIENTED_EDGE ( 'NONE', *, *, #4326, .T. ) ;
#180 = EDGE_CURVE ( 'NONE', #8968, #8265, #507, .T. ) ;
#181 = VERTEX_POINT ( 'NONE', #4387 ) ;
#182 = LINE ( 'NONE', #2985, #3391 ) ;
#183 = VERTEX_POINT ( 'NONE', #2622 ) ;
#184 = PLANE ( 'NONE',  #421 ) ;
#185 = VECTOR ( 'NONE', #1996, 1000.000000000000000 ) ;
#186 = DIRECTION ( 'NONE',  ( 0.000000000000000000, 0.000000000000000000, 1.000000000000000000 ) ) ;
#187 = AXIS2_PLACEMENT_3D ( 'NONE', #4399, #2510, #5335 ) ;
#188 = EDGE_CURVE ( 'NONE', #11462, #4379, #6319, .T. ) ;
#189 = CARTESIAN_POINT ( 'NONE',  ( -4.859999999999999432, 14.00000000000000000, -6.480650477015999833 ) ) ;
#190 = LINE ( 'NONE', #1316, #4371 ) ;
#191 = AXIS2_PLACEMENT_3D ( 'NONE', #5097, #342, #4144 ) ;
#192 = AXIS2_PLACEMENT_3D ( 'NONE', #2942, #5660, #4890 ) ;
#193 = CARTESIAN_POINT ( 'NONE',  ( -1.815000000000000169, 15.51998668538456982, -4.260059949487317255 ) ) ;
#194 = EDGE_LOOP ( 'NONE', ( #8306, #818, #4874, #9371 ) ) ;
#195 = VECTOR ( 'NONE', #2441, 1000.000000000000000 ) ;
#196 = LINE ( 'NONE', #7069, #10817 ) ;
#197 = ORIENTED_EDGE ( 'NONE', *, *, #5782, .T. ) ;
#198 = CARTESIAN_POINT ( 'NONE',  ( -6.540000000000000036, 3.000000000000000000, -10.22999999999999865 ) ) ;
#199 = LINE ( 'NONE', #11680, #798 ) ;
#200 = EDGE_LOOP ( 'NONE', ( #10678, #10656, #2468, #4049 ) ) ;
#201 = CARTESIAN_POINT ( 'NONE',  ( 1.625287868967999927, 8.318637635501001881, -7.508997548347000617 ) ) ;
#202 = CARTESIAN_POINT ( 'NONE',  ( 2.185000000000000497, -3.700000000000000178, -9.029999999999999361 ) ) ;
#203 = AXIS2_PLACEMENT_3D ( 'NONE', #2515, #12211, #7461 ) ;
#204 = DIRECTION ( 'NONE',  ( 0.000000000000000000, 1.000000000000000000, 0.000000000000000000 ) ) ;
#205 = VECTOR ( 'NONE', #12122, 1000.000000000000000 ) ;
#206 = CARTESIAN_POINT ( 'NONE',  ( 2.880000000000002558, 15.45000000000000107, -0.3649999999999989919 ) ) ;
#207 = DIRECTION ( 'NONE',  ( 0.000000000000000000, -1.000000000000000000, 0.000000000000000000 ) ) ;
#208 = VECTOR ( 'NONE', #10785, 1000.000000000000227 ) ;
#209 = ORIENTED_EDGE ( 'NONE', *, *, #8588, .T. ) ;
#210 = EDGE_CURVE ( 'NONE', #10715, #8424, #3249, .T. ) ;
#211 = PRESENTATION_LAYER_ASSIGNMENT (  '', '', ( #9397 ) ) ;
#212 = DIRECTION ( 'NONE',  ( -1.000000000000000000, 0.000000000000000000, 0.000000000000000000 ) ) ;
#213 = EDGE_CURVE ( 'NONE', #8217, #9281, #3441, .T. ) ;
#214 = AXIS2_PLACEMENT_3D ( 'NONE', #929, #4921, #8613 ) ;
#215 = ORIENTED_EDGE ( 'NONE', *, *, #7131, .F. ) ;
#216 = CARTESIAN_POINT ( 'NONE',  ( -0.8400000000000000799, 13.01999999999999957, -0.3649999999999998801 ) ) ;
#217 = VERTEX_POINT ( 'NONE', #7141 ) ;
#218 = EDGE_LOOP ( 'NONE', ( #7119, #10680, #2558, #5579 ) ) ;
#219 = DIRECTION ( 'NONE',  ( -1.000000000000000000, 0.000000000000000000, 0.000000000000000000 ) ) ;
#220 = CARTESIAN_POINT ( 'NONE',  ( 0.7900000000000000355, 9.122794016484000679, -3.661530882016000188 ) ) ;
#221 = CARTESIAN_POINT ( 'NONE',  ( 1.810000000000000053, 15.69999999999999929, -5.336197087740999656 ) ) ;
#222 = FACE_OUTER_BOUND ( 'NONE', #520, .T. ) ;
#223 = DIRECTION ( 'NONE',  ( 1.000000000000000000, 0.000000000000000000, 0.000000000000000000 ) ) ;
#224 = VECTOR ( 'NONE', #4610, 1000.000000000000000 ) ;
#225 = DIRECTION ( 'NONE',  ( 1.000000000000000000, 0.000000000000000000, 0.000000000000000000 ) ) ;
#226 = ORIENTED_EDGE ( 'NONE', *, *, #12043, .T. ) ;
#227 = ORIENTED_EDGE ( 'NONE', *, *, #712, .F. ) ;
#228 = CARTESIAN_POINT ( 'NONE',  ( -0.3499039373569999833, 1.100000000000000089, -9.029807709702000196 ) ) ;
#229 = VERTEX_POINT ( 'NONE', #3563 ) ;
#230 = DIRECTION ( 'NONE',  ( -0.000000000000000000, 1.000000000000000000, -0.000000000000000000 ) ) ;
#231 = ORIENTED_EDGE ( 'NONE', *, *, #9795, .F. ) ;
#232 = LINE ( 'NONE', #11658, #6371 ) ;
#233 = CARTESIAN_POINT ( 'NONE',  ( -4.456627914201258811, -3.087763000476353437, 1.227361129902214465 ) ) ;
#234 = VECTOR ( 'NONE', #5, 1000.000000000000000 ) ;
#235 = DIRECTION ( 'NONE',  ( -7.598657404680488629E-16, -0.9740264650302564720, -0.2264341966679561946 ) ) ;
#236 = DIRECTION ( 'NONE',  ( 0.000000000000000000, -0.9740264650303404048, -0.2264341966675951223 ) ) ;
#237 = DIRECTION ( 'NONE',  ( -1.224646799146999945E-16, -5.419139909170681923E-16, -1.000000000000000000 ) ) ;
#238 = AXIS2_PLACEMENT_3D ( 'NONE', #3533, #8224, #9163 ) ;
#239 = ADVANCED_FACE ( 'NONE', ( #10935 ), #11194, .F. ) ;
#240 = AXIS2_PLACEMENT_3D ( 'NONE', #873, #9609, #2860 ) ;
#241 = VECTOR ( 'NONE', #6928, 1000.000000000000114 ) ;
#242 = CARTESIAN_POINT ( 'NONE',  ( 0.7900000000000000355, 14.28619153674800124, -4.603223830734999744 ) ) ;
#243 = EDGE_CURVE ( 'NONE', #5582, #11617, #9312, .T. ) ;
#244 = ORIENTED_EDGE ( 'NONE', *, *, #7664, .T. ) ;
#245 = EDGE_CURVE ( 'NONE', #10443, #7871, #11005, .T. ) ;
#246 = DIRECTION ( 'NONE',  ( 0.000000000000000000, 9.993466352650292719E-15, -1.000000000000000000 ) ) ;
#247 = ORIENTED_EDGE ( 'NONE', *, *, #3331, .F. ) ;
#248 = PLANE ( 'NONE',  #11772 ) ;
#249 = ORIENTED_EDGE ( 'NONE', *, *, #4764, .F. ) ;
#250 = FACE_OUTER_BOUND ( 'NONE', #3831, .T. ) ;
#251 = CARTESIAN_POINT ( 'NONE',  ( -7.000000000000000000, 2.979999999999999982, 6.089999999999999858 ) ) ;
#252 = CARTESIAN_POINT ( 'NONE',  ( 4.879999999999999893, 13.02500000000000036, 4.890000000000000568 ) ) ;
#253 = CIRCLE ( 'NONE', #9439, 1.349999999999536460 ) ;
#254 = AXIS2_PLACEMENT_3D ( 'NONE', #10289, #7480, #152 ) ;
#255 = LINE ( 'NONE', #8996, #12146 ) ;
#256 = EDGE_CURVE ( 'NONE', #1901, #3749, #10064, .T. ) ;
#257 = ADVANCED_FACE ( 'NONE', ( #570 ), #10311, .F. ) ;
#258 = EDGE_CURVE ( 'NONE', #5780, #9075, #6641, .T. ) ;
#259 = ORIENTED_EDGE ( 'NONE', *, *, #2156, .F. ) ;
#260 = DIRECTION ( 'NONE',  ( 0.000000000000000000, 0.9763850306004407953, 0.2160376634278763919 ) ) ;
#261 = VERTEX_POINT ( 'NONE', #10445 ) ;
#262 = CARTESIAN_POINT ( 'NONE',  ( -5.029999999999999361, 7.000000000000000000, -5.009999999999999787 ) ) ;
#263 = DIRECTION ( 'NONE',  ( 1.000000000000000000, 0.000000000000000000, 0.000000000000000000 ) ) ;
#264 = EDGE_LOOP ( 'NONE', ( #5219, #5771, #4872, #9061 ) ) ;
#265 = DIRECTION ( 'NONE',  ( -0.002048524442171069208, 0.2271447400290079188, -0.9738588555970336680 ) ) ;
#266 = CARTESIAN_POINT ( 'NONE',  ( 0.2300000000000000100, 9.122794016484000679, -3.661530882016000188 ) ) ;
#267 = CARTESIAN_POINT ( 'NONE',  ( -1.810000000000000053, 9.122794016484000679, -3.661530882016000188 ) ) ;
#268 = DIRECTION ( 'NONE',  ( -1.000000000000000000, 0.000000000000000000, 0.000000000000000000 ) ) ;
#269 = DIRECTION ( 'NONE',  ( 0.000000000000000000, -1.000000000000000000, 0.000000000000000000 ) ) ;
#270 = ORIENTED_EDGE ( 'NONE', *, *, #4839, .F. ) ;
#271 = EDGE_CURVE ( 'NONE', #3937, #602, #8563, .T. ) ;
#272 = CARTESIAN_POINT ( 'NONE',  ( 3.600000000000000089, 13.02999999999999936, 10.35999999999999943 ) ) ;
#273 = ORIENTED_EDGE ( 'NONE', *, *, #10667, .T. ) ;
#274 = LINE ( 'NONE', #4077, #8826 ) ;
#275 = ORIENTED_EDGE ( 'NONE', *, *, #6279, .F. ) ;
#276 = ORIENTED_EDGE ( 'NONE', *, *, #1561, .F. ) ;
#277 = EDGE_CURVE ( 'NONE', #1522, #12335, #10412, .T. ) ;
#278 = ORIENTED_EDGE ( 'NONE', *, *, #7701, .T. ) ;
#279 = FACE_OUTER_BOUND ( 'NONE', #7682, .T. ) ;
#280 = CARTESIAN_POINT ( 'NONE',  ( -1.255000000000000115, 15.79293969097799888, 5.203898047366000590 ) ) ;
#281 = DIRECTION ( 'NONE',  ( 0.000000000000000000, 1.000000000000000000, 0.000000000000000000 ) ) ;
#282 = DIRECTION ( 'NONE',  ( 1.000000000000000000, 0.000000000000000000, 0.000000000000000000 ) ) ;
#283 = PLANE ( 'NONE',  #11539 ) ;
#284 = EDGE_CURVE ( 'NONE', #788, #7890, #3689, .T. ) ;
#285 = LINE ( 'NONE', #8898, #1330 ) ;
#286 = ORIENTED_EDGE ( 'NONE', *, *, #11687, .F. ) ;
#287 = ORIENTED_EDGE ( 'NONE', *, *, #4069, .T. ) ;
#288 = CARTESIAN_POINT ( 'NONE',  ( -0.4423508638954651295, 13.23227422129038899, -6.687839907739153489 ) ) ;
#289 = CARTESIAN_POINT ( 'NONE',  ( 1.256522369617999901, 9.040769427492826082, -7.626969854704213070 ) ) ;
#290 = VERTEX_POINT ( 'NONE', #11382 ) ;
#291 = DIRECTION ( 'NONE',  ( 1.000000000000000000, 0.000000000000000000, 0.000000000000000000 ) ) ;
#292 = PLANE ( 'NONE',  #8172 ) ;
#293 = ADVANCED_FACE ( 'NONE', ( #11255 ), #7445, .F. ) ;
#294 = DIRECTION ( 'NONE',  ( 0.000000000000000000, 1.000000000000000000, 0.000000000000000000 ) ) ;
#295 = DIRECTION ( 'NONE',  ( 0.000000000000000000, 0.000000000000000000, 1.000000000000000000 ) ) ;
#296 = FACE_OUTER_BOUND ( 'NONE', #349, .T. ) ;
#297 = EDGE_CURVE ( 'NONE', #1614, #6736, #9792, .T. ) ;
#298 = FACE_OUTER_BOUND ( 'NONE', #7519, .T. ) ;
#299 = ORIENTED_EDGE ( 'NONE', *, *, #68, .F. ) ;
#300 = CARTESIAN_POINT ( 'NONE',  ( 1.629999999999999893, 1.100000000000000311, -8.750000000000000000 ) ) ;
#301 = VERTEX_POINT ( 'NONE', #4643 ) ;
#302 = CARTESIAN_POINT ( 'NONE',  ( 5.527325384929412166, -3.200000000000831513, -1.273734666246370884 ) ) ;
#303 = ORIENTED_EDGE ( 'NONE', *, *, #5385, .F. ) ;
#304 = CLOSED_SHELL ( 'NONE', ( #3693, #9264, #132, #8882, #6131, #7220, #11247, #5492, #10620, #7997, #11849, #5180, #9100, #11396, #4538, #9717, #322, #6520, #10185, #9069, #10937, #11104, #641, #3145 ) ) ;
#305 = DIRECTION ( 'NONE',  ( 0.000000000000000000, 0.000000000000000000, 1.000000000000000000 ) ) ;
#306 =( BOUNDED_SURFACE ( )  B_SPLINE_SURFACE ( 1, 3, ( 
 ( #6868, #4987, #7796, #4867 ),
 ( #9730, #2108, #10791, #117 ) ),
 .UNSPECIFIED., .F., .F., .F. ) 
 B_SPLINE_SURFACE_WITH_KNOTS ( ( 2, 2 ),
 ( 4, 4 ),
 ( 0.008928571428571454097, 1.000000000000000000 ),
 ( 0.000000000000000000, 1.000000000000000000 ),
 .UNSPECIFIED. ) 
 GEOMETRIC_REPRESENTATION_ITEM ( )  RATIONAL_B_SPLINE_SURFACE ( (
 ( 1.000000000000000000, 0.9960048365411836579, 0.9960048365411836579, 1.000000000000000000),
 ( 1.000000000000000000, 0.9960048365411836579, 0.9960048365411836579, 1.000000000000000000) ) ) 
 REPRESENTATION_ITEM ( '' )  SURFACE ( )  );
#307 = DIRECTION ( 'NONE',  ( -1.000000000000000000, 0.000000000000000000, 0.000000000000000000 ) ) ;
#308 = DIRECTION ( 'NONE',  ( 0.000000000000000000, 0.000000000000000000, 1.000000000000000000 ) ) ;
#309 = LINE ( 'NONE', #8739, #5601 ) ;
#310 = LINE ( 'NONE', #5936, #780 ) ;
#311 = EDGE_CURVE ( 'NONE', #11341, #12326, #7026, .T. ) ;
#312 = LINE ( 'NONE', #5300, #11675 ) ;
#313 = AXIS2_PLACEMENT_3D ( 'NONE', #3879, #5762, #11500 ) ;
#314 = ORIENTED_EDGE ( 'NONE', *, *, #5906, .T. ) ;
#315 = CARTESIAN_POINT ( 'NONE',  ( 2.220000000000000195, 15.69999999999999929, 6.119999999999999218 ) ) ;
#316 = ORIENTED_EDGE ( 'NONE', *, *, #8027, .T. ) ;
#317 = CARTESIAN_POINT ( 'NONE',  ( -0.7900000000000000355, 15.80000000000000071, 5.159999999999999254 ) ) ;
#318 = ORIENTED_EDGE ( 'NONE', *, *, #8906, .T. ) ;
#319 = CARTESIAN_POINT ( 'NONE',  ( 4.629696307966640667, -3.223478441773741654, -1.273734666247000158 ) ) ;
#320 = ORIENTED_EDGE ( 'NONE', *, *, #6713, .T. ) ;
#321 = DIRECTION ( 'NONE',  ( -1.000000000000000000, 0.000000000000000000, 0.000000000000000000 ) ) ;
#322 = ADVANCED_FACE ( 'NONE', ( #10661 ), #4043, .T. ) ;
#323 = EDGE_CURVE ( 'NONE', #2590, #8062, #824, .T. ) ;
#324 = LINE ( 'NONE', #5886, #9661 ) ;
#325 = AXIS2_PLACEMENT_3D ( 'NONE', #4734, #3664, #10230 ) ;
#326 = CARTESIAN_POINT ( 'NONE',  ( -1.199999999999999956, 15.69999999999999929, 6.119999999999999218 ) ) ;
#327 = VECTOR ( 'NONE', #1294, 1000.000000000000000 ) ;
#328 = CARTESIAN_POINT ( 'NONE',  ( -6.541141843972000380, 3.318858156027999939, 8.789999999999999147 ) ) ;
#329 = CARTESIAN_POINT ( 'NONE',  ( -0.9148316251209891448, 8.451745079851198383, -7.766554232374637046 ) ) ;
#330 = EDGE_CURVE ( 'NONE', #3400, #5510, #1894, .T. ) ;
#331 = APPLICATION_PROTOCOL_DEFINITION ( 'draft international standard', 'automotive_design', 1998, #11940 ) ;
#332 = ORIENTED_EDGE ( 'NONE', *, *, #9193, .T. ) ;
#333 = DIRECTION ( 'NONE',  ( 0.000000000000000000, 0.000000000000000000, 1.000000000000000000 ) ) ;
#334 = VECTOR ( 'NONE', #2205, 1000.000000000000114 ) ;
#335 = ORIENTED_EDGE ( 'NONE', *, *, #9415, .T. ) ;
#336 = VECTOR ( 'NONE', #9949, 1000.000000000000000 ) ;
#337 = PLANE ( 'NONE',  #6653 ) ;
#338 = ORIENTED_EDGE ( 'NONE', *, *, #5698, .T. ) ;
#339 = ORIENTED_EDGE ( 'NONE', *, *, #9071, .F. ) ;
#340 = ORIENTED_EDGE ( 'NONE', *, *, #6751, .T. ) ;
#341 = CARTESIAN_POINT ( 'NONE',  ( 2.880000000000000338, 15.69999999999999929, -5.620000000000000107 ) ) ;
#342 = DIRECTION ( 'NONE',  ( -1.000000000000000000, 0.000000000000000000, 0.000000000000000000 ) ) ;
#343 = DIRECTION ( 'NONE',  ( 0.000000000000000000, 0.9086141679698426232, -0.4176365570259273907 ) ) ;
#344 = CARTESIAN_POINT ( 'NONE',  ( -0.7900000000000000355, 15.79293969097799888, 5.203898047366000590 ) ) ;
#345 = DIRECTION ( 'NONE',  ( 0.000000000000000000, 0.000000000000000000, -1.000000000000000000 ) ) ;
#346 = AXIS2_PLACEMENT_3D ( 'NONE', #1447, #11924, #7371 ) ;
#347 = PLANE ( 'NONE',  #7518 ) ;
#348 = ORIENTED_EDGE ( 'NONE', *, *, #11547, .T. ) ;
#349 = EDGE_LOOP ( 'NONE', ( #679, #4206 ) ) ;
#350 = CARTESIAN_POINT ( 'NONE',  ( -6.540000000000000036, 3.000000000000000000, -10.22999999999999865 ) ) ;
#351 = DIRECTION ( 'NONE',  ( -1.000000000000000000, 0.000000000000000000, 0.000000000000000000 ) ) ;
#352 = ORIENTED_EDGE ( 'NONE', *, *, #12011, .T. ) ;
#353 = DIRECTION ( 'NONE',  ( 0.000000000000000000, 0.000000000000000000, 1.000000000000000000 ) ) ;
#354 = DIRECTION ( 'NONE',  ( -3.662845177315896756E-17, 0.000000000000000000, -1.000000000000000000 ) ) ;
#355 = CARTESIAN_POINT ( 'NONE',  ( -2.481703076265318497, 2.300000021310628195, -9.030000091669524664 ) ) ;
#356 = FACE_BOUND ( 'NONE', #5364, .T. ) ;
#357 = LINE ( 'NONE', #5175, #6574 ) ;
#358 = AXIS2_PLACEMENT_3D ( 'NONE', #6965, #975, #8597 ) ;
#359 = EDGE_CURVE ( 'NONE', #2190, #2951, #5697, .T. ) ;
#360 = ORIENTED_EDGE ( 'NONE', *, *, #7765, .T. ) ;
#361 = AXIS2_PLACEMENT_3D ( 'NONE', #408, #4212, #7226 ) ;
#362 = ADVANCED_FACE ( 'NONE', ( #9729 ), #946, .F. ) ;
#363 = DIRECTION ( 'NONE',  ( 0.000000000000000000, 1.000000000000000000, 0.000000000000000000 ) ) ;
#364 = EDGE_CURVE ( 'NONE', #2588, #4139, #1767, .T. ) ;
#365 = DIRECTION ( 'NONE',  ( 0.000000000000000000, -0.9381440673623764326, 0.3462451571831393071 ) ) ;
#366 = ORIENTED_EDGE ( 'NONE', *, *, #7053, .F. ) ;
#367 = CARTESIAN_POINT ( 'NONE',  ( 6.540000000000000036, 0.000000000000000000, -10.22999999999999865 ) ) ;
#368 = ORIENTED_EDGE ( 'NONE', *, *, #7552, .T. ) ;
#369 = DIRECTION ( 'NONE',  ( -1.000000000000000000, 0.000000000000000000, 0.000000000000000000 ) ) ;
#370 = ORIENTED_EDGE ( 'NONE', *, *, #8460, .F. ) ;
#371 = DIRECTION ( 'NONE',  ( -1.000000000000000000, 0.000000000000000000, 0.000000000000000000 ) ) ;
#372 = DIRECTION ( 'NONE',  ( 1.000000000000000000, 0.000000000000000000, 0.000000000000000000 ) ) ;
#373 = PLANE ( 'NONE',  #2393 ) ;
#374 = CARTESIAN_POINT ( 'NONE',  ( -0.2350000000000000144, 9.069398338315636465, -7.333385438908943676 ) ) ;
#375 = CARTESIAN_POINT ( 'NONE',  ( -0.2350000000000001810, 9.130601661684515591, -7.606614561091587845 ) ) ;
#376 = VECTOR ( 'NONE', #7095, 1000.000000000000000 ) ;
#377 = ORIENTED_EDGE ( 'NONE', *, *, #8492, .F. ) ;
#378 = CARTESIAN_POINT ( 'NONE',  ( 2.880000000000000338, 13.01999999999999957, 10.33999999999999808 ) ) ;
#379 = ORIENTED_EDGE ( 'NONE', *, *, #7083, .T. ) ;
#380 = AXIS2_PLACEMENT_3D ( 'NONE', #2344, #5290, #6092 ) ;
#381 = DIRECTION ( 'NONE',  ( 0.000000000000000000, -1.000000000000000000, 0.000000000000000000 ) ) ;
#382 = VECTOR ( 'NONE', #11070, 1000.000000000000114 ) ;
#383 = DIRECTION ( 'NONE',  ( 1.000000000000000000, 0.000000000000000000, 0.000000000000000000 ) ) ;
#384 = ORIENTED_EDGE ( 'NONE', *, *, #10340, .F. ) ;
#385 = DIRECTION ( 'NONE',  ( 0.000000000000000000, 1.000000000000000000, 0.000000000000000000 ) ) ;
#386 = CARTESIAN_POINT ( 'NONE',  ( 1.804999999999999938, 14.49800950369600017, 4.776298838437000427 ) ) ;
#387 = LINE ( 'NONE', #11686, #598 ) ;
#388 = DIRECTION ( 'NONE',  ( 0.000000000000000000, 0.000000000000000000, -1.000000000000000000 ) ) ;
#389 = CARTESIAN_POINT ( 'NONE',  ( 1.770039473681625175, 9.200934899011555146, -7.303921249313116704 ) ) ;
#390 = CIRCLE ( 'NONE', #5192, 0.1399999999999985978 ) ;
#391 = AXIS2_PLACEMENT_3D ( 'NONE', #569, #4451, #6259 ) ;
#392 = EDGE_LOOP ( 'NONE', ( #1731, #1703, #8102, #6783 ) ) ;
#393 = DIRECTION ( 'NONE',  ( -1.000000000000000000, 0.000000000000000000, 0.000000000000000000 ) ) ;
#394 = ORIENTED_EDGE ( 'NONE', *, *, #6693, .T. ) ;
#395 = DIRECTION ( 'NONE',  ( 1.000000000000000000, -1.110223024624999878E-16, 0.000000000000000000 ) ) ;
#396 = ORIENTED_EDGE ( 'NONE', *, *, #8866, .F. ) ;
#397 = ORIENTED_EDGE ( 'NONE', *, *, #5000, .T. ) ;
#398 = AXIS2_PLACEMENT_3D ( 'NONE', #88, #5772, #7646 ) ;
#399 = EDGE_CURVE ( 'NONE', #10173, #871, #11311, .T. ) ;
#400 = VECTOR ( 'NONE', #1213, 1000.000000000000000 ) ;
#401 = EDGE_CURVE ( 'NONE', #1372, #6008, #1176, .T. ) ;
#402 = VERTEX_POINT ( 'NONE', #3633 ) ;
#403 = VECTOR ( 'NONE', #6769, 1000.000000000000000 ) ;
#404 = CARTESIAN_POINT ( 'NONE',  ( -0.3500961946529999591, 3.000000000000000000, -8.749807775706999635 ) ) ;
#405 = DIRECTION ( 'NONE',  ( 0.000000000000000000, -0.07514299545580413464, 0.9971727684979814210 ) ) ;
#406 = DIRECTION ( 'NONE',  ( 0.000000000000000000, 1.000000000000000000, -3.469446951953635882E-15 ) ) ;
#407 = DIRECTION ( 'NONE',  ( 0.000000000000000000, -0.9465272815540003437, -0.3226237828710001310 ) ) ;
#408 = CARTESIAN_POINT ( 'NONE',  ( 5.080000000000000071, -1.639999999999999902, 0.000000000000000000 ) ) ;
#409 = ORIENTED_EDGE ( 'NONE', *, *, #5409, .T. ) ;
#410 = ADVANCED_FACE ( 'NONE', ( #2740 ), #4701, .F. ) ;
#411 = AXIS2_PLACEMENT_3D ( 'NONE', #2988, #1895, #7632 ) ;
#412 = ADVANCED_FACE ( 'NONE', ( #11845 ), #3220, .T. ) ;
#413 = ORIENTED_EDGE ( 'NONE', *, *, #1552, .T. ) ;
#414 = CARTESIAN_POINT ( 'NONE',  ( 2.880000000000000338, 15.11999999999999922, -0.3649999999999999911 ) ) ;
#415 = ORIENTED_EDGE ( 'NONE', *, *, #9786, .T. ) ;
#416 = EDGE_CURVE ( 'NONE', #7639, #2469, #7913, .T. ) ;
#417 = EDGE_LOOP ( 'NONE', ( #11435, #10224, #7035, #2457, #8651, #7764 ) ) ;
#418 = VERTEX_POINT ( 'NONE', #2233 ) ;
#419 = CARTESIAN_POINT ( 'NONE',  ( -1.810000000000000053, 13.96993164062500092, -4.623949218749999091 ) ) ;
#420 = FACE_OUTER_BOUND ( 'NONE', #12202, .T. ) ;
#421 = AXIS2_PLACEMENT_3D ( 'NONE', #3045, #7808, #5999 ) ;
#422 = CARTESIAN_POINT ( 'NONE',  ( -1.199999999999999956, 13.08000000000001783, -0.3649999999999912204 ) ) ;
#423 = CARTESIAN_POINT ( 'NONE',  ( 0.7900000000000000355, 13.96993164062500092, -4.623949218749999091 ) ) ;
#424 = DIRECTION ( 'NONE',  ( 0.000000000000000000, 1.000000000000000000, 0.000000000000000000 ) ) ;
#425 = ORIENTED_EDGE ( 'NONE', *, *, #8864, .T. ) ;
#426 = DIRECTION ( 'NONE',  ( 0.000000000000000000, 1.000000000000000000, 0.000000000000000000 ) ) ;
#427 = CARTESIAN_POINT ( 'NONE',  ( -0.2341682447260000077, 9.021753155543001057, -7.344324727511999384 ) ) ;
#428 = ORIENTED_EDGE ( 'NONE', *, *, #10092, .F. ) ;
#429 = VECTOR ( 'NONE', #7136, 1000.000000000000000 ) ;
#430 = ORIENTED_EDGE ( 'NONE', *, *, #11089, .F. ) ;
#431 = DIRECTION ( 'NONE',  ( 0.000000000000000000, 1.000000000000000000, 0.000000000000000000 ) ) ;
#432 = ORIENTED_EDGE ( 'NONE', *, *, #8262, .T. ) ;
#433 = LINE ( 'NONE', #8291, #11354 ) ;
#434 = ORIENTED_EDGE ( 'NONE', *, *, #3492, .T. ) ;
#435 = DIRECTION ( 'NONE',  ( 0.000000000000000000, 0.000000000000000000, -1.000000000000000000 ) ) ;
#436 = EDGE_CURVE ( 'NONE', #12044, #3229, #6045, .T. ) ;
#437 = DIRECTION ( 'NONE',  ( 0.000000000000000000, 1.000000000000000000, 0.000000000000000000 ) ) ;
#438 = CARTESIAN_POINT ( 'NONE',  ( -2.220000000000000195, 13.08000000000000007, -5.620000000000000107 ) ) ;
#439 = CARTESIAN_POINT ( 'NONE',  ( -0.2349999999999972111, 9.115573152558006598, -7.609980947135920992 ) ) ;
#440 = EDGE_CURVE ( 'NONE', #3139, #2071, #2473, .T. ) ;
#441 = EDGE_CURVE ( 'NONE', #7316, #5328, #5111, .T. ) ;
#442 = VECTOR ( 'NONE', #4105, 1000.000000000000000 ) ;
#443 = ORIENTED_EDGE ( 'NONE', *, *, #9801, .T. ) ;
#444 = DIRECTION ( 'NONE',  ( -1.000000000000000000, 0.000000000000000000, 0.000000000000000000 ) ) ;
#445 = EDGE_LOOP ( 'NONE', ( #11923, #4327, #7955, #11178 ) ) ;
#446 = CARTESIAN_POINT ( 'NONE',  ( 4.629696307966640667, -3.223478441773741654, -1.273734666247000158 ) ) ;
#447 = CARTESIAN_POINT ( 'NONE',  ( 2.185286226976472346, 8.388426839447923555, -7.494185293359133304 ) ) ;
#448 = ORIENTED_EDGE ( 'NONE', *, *, #8337, .F. ) ;
#449 = LINE ( 'NONE', #4256, #6778 ) ;
#450 = AXIS2_PLACEMENT_3D ( 'NONE', #8931, #3433, #7133 ) ;
#451 = LINE ( 'NONE', #11817, #3677 ) ;
#452 = PLANE ( 'NONE',  #4991 ) ;
#453 = ORIENTED_EDGE ( 'NONE', *, *, #10830, .F. ) ;
#454 = DIRECTION ( 'NONE',  ( 0.000000000000000000, 0.000000000000000000, -1.000000000000000000 ) ) ;
#455 = DIRECTION ( 'NONE',  ( -0.0006866331995831718993, 0.000000000000000000, 0.9999997642673967846 ) ) ;
#456 = EDGE_CURVE ( 'NONE', #7413, #7057, #7976, .T. ) ;
#457 = EDGE_LOOP ( 'NONE', ( #4859, #2526, #9051, #5514, #5797, #11326, #4417, #3287, #428, #9431 ) ) ;
#458 = DIRECTION ( 'NONE',  ( 0.000000000000000000, 0.9763850306004407953, 0.2160376634278763919 ) ) ;
#459 = VERTEX_POINT ( 'NONE', #5241 ) ;
#460 = CARTESIAN_POINT ( 'NONE',  ( 0.7900000000000000355, 13.47720598351600074, 5.141530882016000170 ) ) ;
#461 = EDGE_LOOP ( 'NONE', ( #9580, #7185, #10930, #5432 ) ) ;
#462 = ORIENTED_EDGE ( 'NONE', *, *, #10739, .F. ) ;
#463 = ORIENTED_EDGE ( 'NONE', *, *, #5764, .F. ) ;
#464 = DIRECTION ( 'NONE',  ( 1.000000000000000000, 0.000000000000000000, 0.000000000000000000 ) ) ;
#465 = CARTESIAN_POINT ( 'NONE',  ( -0.3500960626650000407, -0.3499999999999999778, -8.750000000000000000 ) ) ;
#466 = DIRECTION ( 'NONE',  ( 0.000000000000000000, 1.000000000000000000, 0.000000000000000000 ) ) ;
#467 = DIRECTION ( 'NONE',  ( 0.000000000000000000, 1.000000000000000000, 0.000000000000000000 ) ) ;
#468 = CARTESIAN_POINT ( 'NONE',  ( -0.6321804546450000561, 8.388299544004999220, -7.493637721036000343 ) ) ;
#469 = EDGE_CURVE ( 'NONE', #1483, #9137, #10094, .T. ) ;
#470 = EDGE_CURVE ( 'NONE', #838, #5855, #10907, .T. ) ;
#471 = ORIENTED_EDGE ( 'NONE', *, *, #2235, .T. ) ;
#472 = CARTESIAN_POINT ( 'NONE',  ( 3.600000000000000089, 15.11999999999999922, -4.580000000000000071 ) ) ;
#473 = ORIENTED_EDGE ( 'NONE', *, *, #9568, .T. ) ;
#474 = ORIENTED_EDGE ( 'NONE', *, *, #12341, .F. ) ;
#475 = ORIENTED_EDGE ( 'NONE', *, *, #6673, .F. ) ;
#476 = DIRECTION ( 'NONE',  ( 0.000000000000000000, 0.9495692212737610882, 0.3135574811889244584 ) ) ;
#477 = DIRECTION ( 'NONE',  ( 1.000000000000000000, 0.000000000000000000, 0.000000000000000000 ) ) ;
#478 = ADVANCED_FACE ( 'NONE', ( #9911 ), #3275, .F. ) ;
#479 = DIRECTION ( 'NONE',  ( 0.000000000000000000, 1.000000000000000000, 0.000000000000000000 ) ) ;
#480 = ADVANCED_FACE ( 'NONE', ( #8038 ), #8910, .T. ) ;
#481 = CARTESIAN_POINT ( 'NONE',  ( -0.3549999999999999822, -3.700000000000000178, -8.750000000000000000 ) ) ;
#482 = DIRECTION ( 'NONE',  ( 1.224646799146999945E-16, 0.000000000000000000, 1.000000000000000000 ) ) ;
#483 = EDGE_CURVE ( 'NONE', #841, #3812, #11971, .T. ) ;
#484 = VECTOR ( 'NONE', #9878, 1000.000000000000000 ) ;
#485 = VERTEX_POINT ( 'NONE', #10848 ) ;
#486 = DIRECTION ( 'NONE',  ( 1.000000000000000000, 0.000000000000000000, 0.000000000000000000 ) ) ;
#487 = PLANE ( 'NONE',  #9122 ) ;
#488 = ORIENTED_EDGE ( 'NONE', *, *, #2086, .T. ) ;
#489 = ORIENTED_EDGE ( 'NONE', *, *, #3839, .T. ) ;
#490 = CARTESIAN_POINT ( 'NONE',  ( 1.625287381002999965, 8.388169399271001581, -7.493077892102999904 ) ) ;
#491 = VERTEX_POINT ( 'NONE', #4228 ) ;
#492 = CARTESIAN_POINT ( 'NONE',  ( 1.860000000000000098, 15.69999999999999929, -0.3649999999999998801 ) ) ;
#493 = ORIENTED_EDGE ( 'NONE', *, *, #3919, .T. ) ;
#494 = FACE_OUTER_BOUND ( 'NONE', #2547, .T. ) ;
#495 = VECTOR ( 'NONE', #12351, 1000.000000000000000 ) ;
#496 = CARTESIAN_POINT ( 'NONE',  ( -1.810000000000000053, 14.11052001936399947, -6.489604187589999462 ) ) ;
#497 = DIRECTION ( 'NONE',  ( -0.9963842914767929715, 0.08290633504962278966, 0.01857103408345614493 ) ) ;
#498 = CARTESIAN_POINT ( 'NONE',  ( -2.605135556437999877, 3.000000000000000000, -8.747659063676998414 ) ) ;
#499 = ORIENTED_EDGE ( 'NONE', *, *, #8252, .T. ) ;
#500 = DIRECTION ( 'NONE',  ( -1.000000000000000000, 0.000000000000000000, 0.000000000000000000 ) ) ;
#501 = VERTEX_POINT ( 'NONE', #11783 ) ;
#502 = CARTESIAN_POINT ( 'NONE',  ( 1.804999999999999938, 14.12086359458399976, -6.488795888121999589 ) ) ;
#503 = CARTESIAN_POINT ( 'NONE',  ( 2.220000000000000195, 13.01999999999999957, -0.3649999999999998801 ) ) ;
#504 = ORIENTED_EDGE ( 'NONE', *, *, #6177, .F. ) ;
#505 = DIRECTION ( 'NONE',  ( -0.000000000000000000, -1.000000000000000000, -0.000000000000000000 ) ) ;
#506 = EDGE_CURVE ( 'NONE', #1483, #805, #2288, .T. ) ;
#507 = LINE ( 'NONE', #10195, #5717 ) ;
#508 = CARTESIAN_POINT ( 'NONE',  ( -1.860000000000000098, 13.01999999999999957, -0.3649999999999998801 ) ) ;
#509 = CARTESIAN_POINT ( 'NONE',  ( 0.2300000000000000100, 14.09999999999999964, -6.490000000000000213 ) ) ;
#510 = CARTESIAN_POINT ( 'NONE',  ( -5.029999999999999361, 15.11999999999999922, 4.890000000000000568 ) ) ;
#511 = ORIENTED_EDGE ( 'NONE', *, *, #401, .F. ) ;
#512 = DIRECTION ( 'NONE',  ( 1.000000000000000000, 0.000000000000000000, 0.000000000000000000 ) ) ;
#513 = ORIENTED_EDGE ( 'NONE', *, *, #12228, .T. ) ;
#514 = LINE ( 'NONE', #9885, #1672 ) ;
#515 = EDGE_CURVE ( 'NONE', #7871, #10917, #1363, .T. ) ;
#516 = ORIENTED_EDGE ( 'NONE', *, *, #5074, .F. ) ;
#517 = AXIS2_PLACEMENT_3D ( 'NONE', #3473, #2474, #10096 ) ;
#518 = ADVANCED_FACE ( 'NONE', ( #5173 ), #1431, .F. ) ;
#519 = VECTOR ( 'NONE', #612, 1000.000000000000000 ) ;
#520 = EDGE_LOOP ( 'NONE', ( #9047, #724, #9817 ) ) ;
#521 = CARTESIAN_POINT ( 'NONE',  ( 5.339999999999998970, -3.450004514748930440, -1.239698830745242342 ) ) ;
#522 = PLANE ( 'NONE',  #11185 ) ;
#523 = CARTESIAN_POINT ( 'NONE',  ( -5.029999999999999361, 13.01999999999999957, 4.890000000000000568 ) ) ;
#524 = CARTESIAN_POINT ( 'NONE',  ( -0.3549999999999999822, 1.100000000000000089, -9.029999999999999361 ) ) ;
#525 = FACE_OUTER_BOUND ( 'NONE', #9157, .T. ) ;
#526 = VECTOR ( 'NONE', #1462, 1000.000000000000000 ) ;
#527 = VECTOR ( 'NONE', #3268, 1000.000000000000114 ) ;
#528 = ORIENTED_EDGE ( 'NONE', *, *, #9758, .F. ) ;
#529 = DIRECTION ( 'NONE',  ( -7.598657404680488629E-16, -0.9740264650302564720, -0.2264341966679561946 ) ) ;
#530 = VERTEX_POINT ( 'NONE', #4285 ) ;
#531 = ORIENTED_EDGE ( 'NONE', *, *, #11260, .T. ) ;
#532 = VERTEX_POINT ( 'NONE', #4097 ) ;
#533 = CARTESIAN_POINT ( 'NONE',  ( -3.600000000000000089, 0.000000000000000000, -3.559999999999999609 ) ) ;
#534 = PLANE ( 'NONE',  #9202 ) ;
#535 = VECTOR ( 'NONE', #7300, 1000.000000000000000 ) ;
#536 = DIRECTION ( 'NONE',  ( 1.000000000000000000, 0.000000000000000000, 0.000000000000000000 ) ) ;
#537 = AXIS2_PLACEMENT_3D ( 'NONE', #9632, #6765, #1775 ) ;
#538 = PLANE ( 'NONE',  #3309 ) ;
#539 = CARTESIAN_POINT ( 'NONE',  ( -0.7900000000000000355, 13.96993164062500092, -4.623949218749999091 ) ) ;
#540 = VERTEX_POINT ( 'NONE', #8091 ) ;
#541 = EDGE_CURVE ( 'NONE', #1575, #5710, #5293, .T. ) ;
#542 = CARTESIAN_POINT ( 'NONE',  ( 0.9149999999999495204, 8.419999999999999929, -6.209999999999999964 ) ) ;
#543 = CIRCLE ( 'NONE', #2532, 0.1399999999999995415 ) ;
#544 = ADVANCED_FACE ( 'NONE', ( #3409 ), #7236, .T. ) ;
#545 = CARTESIAN_POINT ( 'NONE',  ( 2.185000000000000497, 2.299999999999999822, -9.029999999999999361 ) ) ;
#546 = CARTESIAN_POINT ( 'NONE',  ( -1.810000000000000053, 15.69999999999999929, 5.420429353323000576 ) ) ;
#547 = ORIENTED_EDGE ( 'NONE', *, *, #7465, .T. ) ;
#548 = ORIENTED_EDGE ( 'NONE', *, *, #1249, .T. ) ;
#549 = FACE_OUTER_BOUND ( 'NONE', #4162, .T. ) ;
#550 = EDGE_LOOP ( 'NONE', ( #80, #2356, #8421, #6467 ) ) ;
#551 = CARTESIAN_POINT ( 'NONE',  ( -1.814999999999999947, 9.122794016484000679, -3.661530882016000188 ) ) ;
#552 = ORIENTED_EDGE ( 'NONE', *, *, #8197, .F. ) ;
#553 = DIRECTION ( 'NONE',  ( 0.000000000000000000, -9.255439220693158304E-07, -0.9999999999995716760 ) ) ;
#554 = EDGE_CURVE ( 'NONE', #9610, #5054, #10402, .T. ) ;
#555 = EDGE_CURVE ( 'NONE', #7221, #491, #9284, .T. ) ;
#556 = CARTESIAN_POINT ( 'NONE',  ( 1.810000000000000053, 11.10139700824200126, -5.620000000000000107 ) ) ;
#557 = CARTESIAN_POINT ( 'NONE',  ( -0.7900000000000000355, 9.122794016484000679, -3.661530882016000188 ) ) ;
#558 = DIRECTION ( 'NONE',  ( 0.000000000000000000, -1.000000000000000000, 0.000000000000000000 ) ) ;
#559 = AXIS2_PLACEMENT_3D ( 'NONE', #9225, #669, #11159 ) ;
#560 = ADVANCED_FACE ( 'NONE', ( #7473 ), #10160, .F. ) ;
#561 = EDGE_CURVE ( 'NONE', #5093, #8046, #10229, .T. ) ;
#562 = ORIENTED_EDGE ( 'NONE', *, *, #9540, .T. ) ;
#563 = CARTESIAN_POINT ( 'NONE',  ( -1.250000000000000000, 14.09999999999999964, -6.209999999999999964 ) ) ;
#564 = ORIENTED_EDGE ( 'NONE', *, *, #3537, .T. ) ;
#565 = CARTESIAN_POINT ( 'NONE',  ( 1.283701020826837125, 9.001473038252029824, -7.636220488108055093 ) ) ;
#566 = EDGE_CURVE ( 'NONE', #11035, #5476, #1804, .T. ) ;
#567 = PLANE ( 'NONE',  #10378 ) ;
#568 = EDGE_LOOP ( 'NONE', ( #2485, #3666, #4463, #4066 ) ) ;
#569 = CARTESIAN_POINT ( 'NONE',  ( -0.6328849395860000060, 8.450749724481999792, -7.762272624359000339 ) ) ;
#570 = FACE_OUTER_BOUND ( 'NONE', #6055, .T. ) ;
#571 = VECTOR ( 'NONE', #11516, 1000.000000000000000 ) ;
#572 = DIRECTION ( 'NONE',  ( -1.000000000000000000, 0.000000000000000000, 0.000000000000000000 ) ) ;
#573 = CARTESIAN_POINT ( 'NONE',  ( -6.540000000000000036, 1.100000000000000089, 10.33999999999999986 ) ) ;
#574 = CARTESIAN_POINT ( 'NONE',  ( 1.245000000000000107, 15.79293969097799888, 5.203898047366000590 ) ) ;
#575 = VECTOR ( 'NONE', #4571, 1000.000000000000000 ) ;
#576 = ORIENTED_EDGE ( 'NONE', *, *, #4897, .T. ) ;
#577 = VECTOR ( 'NONE', #7258, 1000.000000000000000 ) ;
#578 = DIRECTION ( 'NONE',  ( 1.000000000000000000, 0.000000000000000000, 0.000000000000000000 ) ) ;
#579 = ORIENTED_EDGE ( 'NONE', *, *, #165, .T. ) ;
#580 = LINE ( 'NONE', #6267, #6021 ) ;
#581 = ORIENTED_EDGE ( 'NONE', *, *, #8064, .T. ) ;
#582 = CARTESIAN_POINT ( 'NONE',  ( -1.199999999999999956, 13.08000000000000007, -5.620000000000000107 ) ) ;
#583 = VERTEX_POINT ( 'NONE', #731 ) ;
#584 = ORIENTED_EDGE ( 'NONE', *, *, #9703, .T. ) ;
#585 = FACE_OUTER_BOUND ( 'NONE', #2148, .T. ) ;
#586 = CARTESIAN_POINT ( 'NONE',  ( -0.2350000000000000144, 15.79293969097799888, 5.203898047367000679 ) ) ;
#587 = EDGE_CURVE ( 'NONE', #11091, #10799, #1729, .T. ) ;
#588 = CARTESIAN_POINT ( 'NONE',  ( -2.180000000000000160, -3.700000000000000178, -6.209999999999999964 ) ) ;
#589 = AXIS2_PLACEMENT_3D ( 'NONE', #103, #1980, #11593 ) ;
#590 = CARTESIAN_POINT ( 'NONE',  ( -0.2350000000000000144, 13.48134016943098068, 5.151525677994007069 ) ) ;
#591 = CARTESIAN_POINT ( 'NONE',  ( 1.245000000000000107, 13.96993164062500092, -4.623949218749999091 ) ) ;
#592 = VECTOR ( 'NONE', #11572, 1000.000000000000000 ) ;
#593 = EDGE_CURVE ( 'NONE', #301, #6499, #3297, .T. ) ;
#594 = ADVANCED_FACE ( 'NONE', ( #5609 ), #4420, .F. ) ;
#595 = VERTEX_POINT ( 'NONE', #672 ) ;
#596 = VECTOR ( 'NONE', #976, 1000.000000000000000 ) ;
#597 = CARTESIAN_POINT ( 'NONE',  ( 0.2300000000000000100, 13.96993164062500092, -4.623949218749999091 ) ) ;
#598 = VECTOR ( 'NONE', #4194, 1000.000000000000000 ) ;
#599 = VERTEX_POINT ( 'NONE', #7417 ) ;
#600 = AXIS2_PLACEMENT_3D ( 'NONE', #9689, #1390, #4189 ) ;
#601 = VERTEX_POINT ( 'NONE', #4612 ) ;
#602 = VERTEX_POINT ( 'NONE', #6349 ) ;
#603 = DIRECTION ( 'NONE',  ( 0.000000000000000000, 0.9763850306004407953, 0.2160376634278763919 ) ) ;
#604 = CARTESIAN_POINT ( 'NONE',  ( -0.9107362099979349201, 8.498789276435363860, -7.755552272287277837 ) ) ;
#605 = DIRECTION ( 'NONE',  ( 0.000000000000000000, 1.000000000000000000, 0.000000000000000000 ) ) ;
#606 = DIRECTION ( 'NONE',  ( 0.000000000000000000, -1.000000000000000000, -2.198461434901000047E-16 ) ) ;
#607 = DIRECTION ( 'NONE',  ( -1.000000000000000000, 0.000000000000000000, 0.000000000000000000 ) ) ;
#608 = VECTOR ( 'NONE', #6629, 1000.000000000000000 ) ;
#609 = VECTOR ( 'NONE', #6114, 1000.000000000000000 ) ;
#610 = CIRCLE ( 'NONE', #1824, 0.2599999999999997868 ) ;
#611 = ORIENTED_EDGE ( 'NONE', *, *, #11244, .F. ) ;
#612 = DIRECTION ( 'NONE',  ( 0.000000000000000000, 1.000000000000000000, 0.000000000000000000 ) ) ;
#613 = DIRECTION ( 'NONE',  ( 0.9999979017704854201, 0.0004638561100252255962, -0.001995317552647970713 ) ) ;
#614 = CARTESIAN_POINT ( 'NONE',  ( -1.810000000000000053, 15.55369816261100091, -5.620000000000000107 ) ) ;
#615 = ORIENTED_EDGE ( 'NONE', *, *, #6597, .T. ) ;
#616 = VECTOR ( 'NONE', #1635, 1000.000000000000000 ) ;
#617 = ORIENTED_EDGE ( 'NONE', *, *, #2614, .T. ) ;
#618 = CARTESIAN_POINT ( 'NONE',  ( -5.339999999999998970, -3.500000000000000000, 1.222661032339174447 ) ) ;
#619 = ORIENTED_EDGE ( 'NONE', *, *, #11934, .T. ) ;
#620 = CARTESIAN_POINT ( 'NONE',  ( 1.804999999999999938, 13.96993164062500092, -4.623949218749999091 ) ) ;
#621 = EDGE_LOOP ( 'NONE', ( #820, #9935, #3814, #7410 ) ) ;
#622 = LINE ( 'NONE', #7551, #12193 ) ;
#623 = ORIENTED_EDGE ( 'NONE', *, *, #11015, .T. ) ;
#624 = CARTESIAN_POINT ( 'NONE',  ( 3.971129570381793261, -1.639999999999999902, -1.097272240749140426 ) ) ;
#625 = DIRECTION ( 'NONE',  ( -0.9999978741628190448, -0.0002349796750125575286, 0.002048524931505630361 ) ) ;
#626 = CARTESIAN_POINT ( 'NONE',  ( 0.7900000000000000355, 13.96993164062500092, -4.623949218749999091 ) ) ;
#627 = EDGE_LOOP ( 'NONE', ( #7628, #10292 ) ) ;
#628 = B_SPLINE_CURVE_WITH_KNOTS ( 'NONE', 3,
 ( #9488, #743, #3618, #806 ),
 .UNSPECIFIED., .F., .F.,
 ( 4, 4 ),
 ( 0.0001625118707631328528, 0.0002984994154067086816 ),
 .UNSPECIFIED. ) ;
#629 = EDGE_CURVE ( 'NONE', #2650, #7316, #9416, .T. ) ;
#630 = AXIS2_PLACEMENT_3D ( 'NONE', #835, #4586, #4397 ) ;
#631 = EDGE_CURVE ( 'NONE', #9198, #5617, #5481, .T. ) ;
#632 = DIRECTION ( 'NONE',  ( 0.000000000000000000, 1.000000000000000000, 0.000000000000000000 ) ) ;
#633 = ORIENTED_EDGE ( 'NONE', *, *, #436, .F. ) ;
#634 = CARTESIAN_POINT ( 'NONE',  ( 1.277821237415823985, 8.998355460849106535, -7.636935269746762955 ) ) ;
#635 = ORIENTED_EDGE ( 'NONE', *, *, #2200, .T. ) ;
#636 = DIRECTION ( 'NONE',  ( 0.000000000000000000, 1.000000000000000000, 0.000000000000000000 ) ) ;
#637 = ORIENTED_EDGE ( 'NONE', *, *, #4219, .T. ) ;
#638 = LINE ( 'NONE', #7075, #2963 ) ;
#639 = CARTESIAN_POINT ( 'NONE',  ( -4.859999999999999432, 3.000000000000000000, -5.989999999999999325 ) ) ;
#640 = EDGE_CURVE ( 'NONE', #4889, #3417, #8342, .T. ) ;
#641 = ADVANCED_FACE ( 'NONE', ( #857 ), #5353, .T. ) ;
#642 = DIRECTION ( 'NONE',  ( 1.000000000000000000, 0.000000000000000000, 0.000000000000000000 ) ) ;
#643 = CIRCLE ( 'NONE', #7420, 1.358858635772000722 ) ;
#644 = ADVANCED_FACE ( 'NONE', ( #8471 ), #6476, .F. ) ;
#645 = LINE ( 'NONE', #761, #5532 ) ;
#646 = CARTESIAN_POINT ( 'NONE',  ( 1.250000000000000000, 15.69999999999999929, 5.420429353323000576 ) ) ;
#647 = ORIENTED_EDGE ( 'NONE', *, *, #5537, .F. ) ;
#648 = PLANE ( 'NONE',  #4928 ) ;
#649 = VECTOR ( 'NONE', #1991, 1000.000000000000000 ) ;
#650 = EDGE_LOOP ( 'NONE', ( #1524, #9561, #4322, #10732 ) ) ;
#651 = VECTOR ( 'NONE', #5014, 1000.000000000000000 ) ;
#652 = DIRECTION ( 'NONE',  ( 0.000000000000000000, 0.000000000000000000, -1.000000000000000000 ) ) ;
#653 = ORIENTED_EDGE ( 'NONE', *, *, #2200, .F. ) ;
#654 = CARTESIAN_POINT ( 'NONE',  ( -2.185000000000000053, -3.700000000000000178, -6.490000000000000213 ) ) ;
#655 = ORIENTED_EDGE ( 'NONE', *, *, #2769, .F. ) ;
#656 = ORIENTED_EDGE ( 'NONE', *, *, #10446, .T. ) ;
#657 = CARTESIAN_POINT ( 'NONE',  ( -0.7900000000000000355, 9.122794016484000679, -3.661530882016000188 ) ) ;
#658 = LINE ( 'NONE', #12142, #3987 ) ;
#659 = DIRECTION ( 'NONE',  ( -1.000000000000000000, 0.000000000000000000, 1.224646799146999945E-16 ) ) ;
#660 = DIRECTION ( 'NONE',  ( 0.000000000000000000, 0.000000000000000000, -1.000000000000000000 ) ) ;
#661 = FACE_OUTER_BOUND ( 'NONE', #3403, .T. ) ;
#662 = B_SPLINE_CURVE_WITH_KNOTS ( 'NONE', 3,
 ( #12156, #10283, #10347, #5542 ),
 .UNSPECIFIED., .F., .F.,
 ( 4, 4 ),
 ( 0.000000000000000000, 8.465118828250610967E-07 ),
 .UNSPECIFIED. ) ;
#663 = VECTOR ( 'NONE', #867, 1000.000000000000000 ) ;
#664 = ORIENTED_EDGE ( 'NONE', *, *, #2310, .F. ) ;
#665 = FACE_OUTER_BOUND ( 'NONE', #1774, .T. ) ;
#666 = ORIENTED_EDGE ( 'NONE', *, *, #188, .T. ) ;
#667 = ORIENTED_EDGE ( 'NONE', *, *, #11346, .F. ) ;
#668 = ORIENTED_EDGE ( 'NONE', *, *, #1626, .T. ) ;
#669 = DIRECTION ( 'NONE',  ( 0.9855641870644102909, -0.1650087725240685643, -0.03788585707316573931 ) ) ;
#670 = CARTESIAN_POINT ( 'NONE',  ( -0.3500935658640000336, 3.000000000000000000, -8.750000000000000000 ) ) ;
#671 = ADVANCED_FACE ( 'NONE', ( #5543 ), #11345, .F. ) ;
#672 = CARTESIAN_POINT ( 'NONE',  ( -0.2350000000000000144, 9.377205983516001098, -3.778469117984000203 ) ) ;
#673 = CARTESIAN_POINT ( 'NONE',  ( -2.880000000000000338, 15.45000000000000107, -0.3649999999999989919 ) ) ;
#674 = LINE ( 'NONE', #10287, #8159 ) ;
#675 = ADVANCED_FACE ( 'NONE', ( #3722 ), #12224, .T. ) ;
#676 = CARTESIAN_POINT ( 'NONE',  ( -0.2350000000000000144, 14.08960226692341955, -6.210386651258014368 ) ) ;
#677 = CARTESIAN_POINT ( 'NONE',  ( 2.220000000000000195, 1.840000000000000080, 10.33999999999999986 ) ) ;
#678 = FACE_OUTER_BOUND ( 'NONE', #10639, .T. ) ;
#679 = ORIENTED_EDGE ( 'NONE', *, *, #8619, .F. ) ;
#680 = VERTEX_POINT ( 'NONE', #915 ) ;
#681 = CARTESIAN_POINT ( 'NONE',  ( -1.199999999999999956, 15.11999999999999922, 4.890000000000000568 ) ) ;
#682 = VERTEX_POINT ( 'NONE', #5787 ) ;
#683 = CARTESIAN_POINT ( 'NONE',  ( -3.055000000000000160, 3.000000000000000000, -6.209999999999999964 ) ) ;
#684 = ORIENTED_EDGE ( 'NONE', *, *, #9386, .F. ) ;
#685 = DIRECTION ( 'NONE',  ( 0.000000000000000000, -0.9381440673623764326, 0.3462451571831393071 ) ) ;
#686 = EDGE_CURVE ( 'NONE', #1596, #11968, #4793, .T. ) ;
#687 = CARTESIAN_POINT ( 'NONE',  ( -0.9107127013208149435, 8.498916512555538816, -7.755517689496582712 ) ) ;
#688 = DIRECTION ( 'NONE',  ( 0.8783887681239731515, -0.4779468297139850552, -2.220446049249930483E-16 ) ) ;
#689 = DIRECTION ( 'NONE',  ( 1.224646799146999945E-16, 0.000000000000000000, 1.000000000000000000 ) ) ;
#690 = ORIENTED_EDGE ( 'NONE', *, *, #180, .F. ) ;
#691 = CARTESIAN_POINT ( 'NONE',  ( 1.625287405558377918, 8.318689019337652368, -7.509217851073300309 ) ) ;
#692 = ORIENTED_EDGE ( 'NONE', *, *, #2394, .F. ) ;
#693 = FACE_OUTER_BOUND ( 'NONE', #10452, .T. ) ;
#694 = VERTEX_POINT ( 'NONE', #48 ) ;
#695 = DIRECTION ( 'NONE',  ( 0.9999997642673967846, -0.000000000000000000, 0.0006866331995831718993 ) ) ;
#696 = CARTESIAN_POINT ( 'NONE',  ( -3.600000000000000089, 0.000000000000000000, -3.559999999999999609 ) ) ;
#697 = ADVANCED_FACE ( 'NONE', ( #9475 ), #4903, .T. ) ;
#698 = DIRECTION ( 'NONE',  ( 0.000000000000000000, -0.9381440673623764326, 0.3462451571831393071 ) ) ;
#699 = CARTESIAN_POINT ( 'NONE',  ( 0.7900000000000000355, 15.69999999999999929, 5.420429353323000576 ) ) ;
#700 = DIRECTION ( 'NONE',  ( -0.8783887681239731515, 0.4779468297139850552, 2.220446049249930730E-16 ) ) ;
#701 = ORIENTED_EDGE ( 'NONE', *, *, #5614, .T. ) ;
#702 = CARTESIAN_POINT ( 'NONE',  ( -0.7900000000000000355, 14.06939833831586562, -6.213385438908392011 ) ) ;
#703 = ADVANCED_FACE ( 'NONE', ( #1864 ), #8599, .T. ) ;
#704 = ORIENTED_EDGE ( 'NONE', *, *, #749, .F. ) ;
#705 = EDGE_CURVE ( 'NONE', #10075, #12326, #2094, .T. ) ;
#706 = CARTESIAN_POINT ( 'NONE',  ( 8.751918340712878219, 15.45000000000000107, -0.3649999999999989919 ) ) ;
#707 = ORIENTED_EDGE ( 'NONE', *, *, #4031, .F. ) ;
#708 = FACE_OUTER_BOUND ( 'NONE', #3701, .T. ) ;
#709 = ORIENTED_EDGE ( 'NONE', *, *, #3811, .F. ) ;
#710 = CARTESIAN_POINT ( 'NONE',  ( 0.2300000000000000100, 15.79999999999954774, 5.159999999999999254 ) ) ;
#711 = ORIENTED_EDGE ( 'NONE', *, *, #8578, .F. ) ;
#712 = EDGE_CURVE ( 'NONE', #8949, #9771, #4854, .T. ) ;
#713 = DIRECTION ( 'NONE',  ( 0.9822119151142681970, 0.1877758073010515338, -2.220446049250607425E-16 ) ) ;
#714 = PLANE ( 'NONE',  #7389 ) ;
#715 = EDGE_CURVE ( 'NONE', #5259, #8031, #1030, .T. ) ;
#716 =( BOUNDED_SURFACE ( )  B_SPLINE_SURFACE ( 1, 3, ( 
 ( #9138, #11072, #2506, #9261 ),
 ( #702, #3574, #8688, #11390 ) ),
 .UNSPECIFIED., .F., .F., .F. ) 
 B_SPLINE_SURFACE_WITH_KNOTS ( ( 2, 2 ),
 ( 4, 4 ),
 ( 0.000000000000000000, 1.000000000000000000 ),
 ( 0.000000000000000000, 1.000000000000000000 ),
 .UNSPECIFIED. ) 
 GEOMETRIC_REPRESENTATION_ITEM ( )  RATIONAL_B_SPLINE_SURFACE ( (
 ( 1.000000000000000000, 0.9982450957397747127, 0.9982450957397747127, 1.000000000000000000),
 ( 1.000000000000000000, 0.9982450957397747127, 0.9982450957397747127, 1.000000000000000000) ) ) 
 REPRESENTATION_ITEM ( '' )  SURFACE ( )  );
#717 = LINE ( 'NONE', #4407, #6185 ) ;
#718 = EDGE_CURVE ( 'NONE', #9243, #1452, #1922, .T. ) ;
#719 = PLANE ( 'NONE',  #3317 ) ;
#720 = CARTESIAN_POINT ( 'NONE',  ( 2.189712618997000426, 3.000000000000000000, -9.030573293245000244 ) ) ;
#721 = ORIENTED_EDGE ( 'NONE', *, *, #7080, .F. ) ;
#722 = AXIS2_PLACEMENT_3D ( 'NONE', #7355, #6610, #6415 ) ;
#723 = CARTESIAN_POINT ( 'NONE',  ( -1.810000000000000053, 15.79293969097799888, 5.203898047366000590 ) ) ;
#724 = ORIENTED_EDGE ( 'NONE', *, *, #2551, .T. ) ;
#725 = AXIS2_PLACEMENT_3D ( 'NONE', #1897, #1956, #7450 ) ;
#726 = ORIENTED_EDGE ( 'NONE', *, *, #4997, .F. ) ;
#727 = VERTEX_POINT ( 'NONE', #4733 ) ;
#728 = EDGE_CURVE ( 'NONE', #7577, #4605, #9598, .T. ) ;
#729 = CARTESIAN_POINT ( 'NONE',  ( -7.900000000000000355, 3.319999999999999840, 10.08999999999999986 ) ) ;
#730 = CARTESIAN_POINT ( 'NONE',  ( 6.948513531309000513, 8.234999999999999432, 8.789999999999999147 ) ) ;
#731 = CARTESIAN_POINT ( 'NONE',  ( 4.879999999999999893, 13.02999999999999936, 10.33999999999999986 ) ) ;
#732 = FACE_OUTER_BOUND ( 'NONE', #10249, .T. ) ;
#733 = CIRCLE ( 'NONE', #4102, 1.363702780452000107 ) ;
#734 = VECTOR ( 'NONE', #3780, 1000.000000000000000 ) ;
#735 = FACE_OUTER_BOUND ( 'NONE', #9113, .T. ) ;
#736 = DIRECTION ( 'NONE',  ( 0.000000000000000000, -1.000000000000000000, 0.000000000000000000 ) ) ;
#737 = VECTOR ( 'NONE', #4532, 1000.000000000000000 ) ;
#738 = CARTESIAN_POINT ( 'NONE',  ( -0.8400000000000000799, 15.45000000000000107, 6.119999999999999218 ) ) ;
#739 = EDGE_LOOP ( 'NONE', ( #3353, #10869, #516, #6995 ) ) ;
#740 = VECTOR ( 'NONE', #5398, 1000.000000000000114 ) ;
#741 = DIRECTION ( 'NONE',  ( 0.000000000000000000, -1.000000000000000000, -9.993466352650292719E-15 ) ) ;
#742 = ORIENTED_EDGE ( 'NONE', *, *, #5075, .T. ) ;
#743 = CARTESIAN_POINT ( 'NONE',  ( 2.173914580815011544, 8.477238098009195255, -7.473481101557799100 ) ) ;
#744 = ORIENTED_EDGE ( 'NONE', *, *, #2270, .T. ) ;
#745 = CARTESIAN_POINT ( 'NONE',  ( 8.751918340712878219, 15.69999999999999929, -0.3649999999999998801 ) ) ;
#746 = DIRECTION ( 'NONE',  ( 0.000000000000000000, 1.000000000000000000, 0.000000000000000000 ) ) ;
#747 = DIRECTION ( 'NONE',  ( 0.000000000000000000, 0.000000000000000000, 1.000000000000000000 ) ) ;
#748 = VECTOR ( 'NONE', #9182, 1000.000000000000000 ) ;
#749 = EDGE_CURVE ( 'NONE', #7671, #301, #9479, .T. ) ;
#750 = EDGE_CURVE ( 'NONE', #229, #6086, #2041, .T. ) ;
#751 = DIRECTION ( 'NONE',  ( -1.000000000000000000, 0.000000000000000000, 0.000000000000000000 ) ) ;
#752 = ORIENTED_EDGE ( 'NONE', *, *, #1061, .F. ) ;
#753 = CARTESIAN_POINT ( 'NONE',  ( 1.279851775847017592, 8.999432092467374744, -7.636688425350319775 ) ) ;
#754 = VERTEX_POINT ( 'NONE', #977 ) ;
#755 = CARTESIAN_POINT ( 'NONE',  ( 1.250000000000000000, 15.55369816261100091, -5.620000000000000107 ) ) ;
#756 = VERTEX_POINT ( 'NONE', #101 ) ;
#757 = DIRECTION ( 'NONE',  ( -0.0006866331995825453388, -0.2264341432898830941, 0.9740262354204972661 ) ) ;
#758 = CARTESIAN_POINT ( 'NONE',  ( 1.810000000000000053, 14.06939833831600062, -6.213385438909000413 ) ) ;
#759 = VERTEX_POINT ( 'NONE', #11467 ) ;
#760 = CARTESIAN_POINT ( 'NONE',  ( 0.7900000000000000355, 14.09462133319000010, -6.209999999999999964 ) ) ;
#761 = CARTESIAN_POINT ( 'NONE',  ( -3.334999999999999964, 3.000000000000000000, -6.490000000000000213 ) ) ;
#762 = LINE ( 'NONE', #6505, #1987 ) ;
#763 = AXIS2_PLACEMENT_3D ( 'NONE', #2275, #464, #7281 ) ;
#764 = CARTESIAN_POINT ( 'NONE',  ( 5.079999999999998295, -3.500000000000000000, 0.000000000000000000 ) ) ;
#765 = ORIENTED_EDGE ( 'NONE', *, *, #8039, .F. ) ;
#766 = PLANE ( 'NONE',  #11907 ) ;
#767 = ORIENTED_EDGE ( 'NONE', *, *, #12159, .T. ) ;
#768 = LINE ( 'NONE', #2570, #2850 ) ;
#769 = VERTEX_POINT ( 'NONE', #3788 ) ;
#770 = VECTOR ( 'NONE', #7464, 1000.000000000000000 ) ;
#771 = DIRECTION ( 'NONE',  ( 1.000000000000000000, 0.000000000000000000, 0.000000000000000000 ) ) ;
#772 = ORIENTED_EDGE ( 'NONE', *, *, #5524, .T. ) ;
#773 = LINE ( 'NONE', #10509, #6378 ) ;
#774 = VERTEX_POINT ( 'NONE', #2897 ) ;
#775 = DIRECTION ( 'NONE',  ( 1.000000000000000000, 0.000000000000000000, 0.000000000000000000 ) ) ;
#776 = DIRECTION ( 'NONE',  ( -0.8783887681239727074, 0.4779468297139857214, 0.000000000000000000 ) ) ;
#777 = FACE_OUTER_BOUND ( 'NONE', #7351, .T. ) ;
#778 = CARTESIAN_POINT ( 'NONE',  ( 2.078291878136999671, 8.429905869087999548, -7.484317541139001051 ) ) ;
#779 = DIRECTION ( 'NONE',  ( 0.9999979017704854201, 0.000000000000000000, -0.002048524988061995854 ) ) ;
#780 = VECTOR ( 'NONE', #7067, 1000.000000000000000 ) ;
#781 = ORIENTED_EDGE ( 'NONE', *, *, #2010, .T. ) ;
#782 = CYLINDRICAL_SURFACE ( 'NONE', #9509, 1.870944562245001386 ) ;
#783 = EDGE_CURVE ( 'NONE', #8580, #12017, #7477, .T. ) ;
#784 = VERTEX_POINT ( 'NONE', #6789 ) ;
#785 = EDGE_CURVE ( 'NONE', #754, #11795, #5849, .T. ) ;
#786 = ORIENTED_EDGE ( 'NONE', *, *, #6770, .T. ) ;
#787 = AXIS2_PLACEMENT_3D ( 'NONE', #11909, #7916, #3277 ) ;
#788 = VERTEX_POINT ( 'NONE', #6852 ) ;
#789 = AXIS2_PLACEMENT_3D ( 'NONE', #2375, #1392, #8124 ) ;
#790 = DIRECTION ( 'NONE',  ( 0.000000000000000000, 0.9495692212737610882, 0.3135574811889244584 ) ) ;
#791 = CARTESIAN_POINT ( 'NONE',  ( 3.600000000000000089, 0.000000000000000000, 6.740000000000000213 ) ) ;
#792 = DIRECTION ( 'NONE',  ( 0.000000000000000000, -1.000000000000000000, 0.000000000000000000 ) ) ;
#793 = CARTESIAN_POINT ( 'NONE',  ( -0.9150000000000000355, 2.300000021310628195, -9.030000091669524664 ) ) ;
#794 = EDGE_CURVE ( 'NONE', #10409, #5162, #3849, .T. ) ;
#795 = EDGE_CURVE ( 'NONE', #7304, #11888, #3074, .T. ) ;
#796 = EDGE_CURVE ( 'NONE', #5929, #7680, #1158, .T. ) ;
#797 = VECTOR ( 'NONE', #642, 1000.000000000000000 ) ;
#798 = VECTOR ( 'NONE', #5204, 1000.000000000000000 ) ;
#799 = DIRECTION ( 'NONE',  ( 0.000000000000000000, 0.9740264650302591365, 0.2264341966679444540 ) ) ;
#800 = ORIENTED_EDGE ( 'NONE', *, *, #3299, .F. ) ;
#801 = CARTESIAN_POINT ( 'NONE',  ( 0.1800000000000000488, 13.01999999999999957, 10.33999999999999808 ) ) ;
#802 = CARTESIAN_POINT ( 'NONE',  ( -5.029999999999999361, 13.01999999999999957, -5.009999999999999787 ) ) ;
#803 = EDGE_LOOP ( 'NONE', ( #6619, #12014, #5244, #1254 ) ) ;
#804 = DIRECTION ( 'NONE',  ( 0.000000000000000000, 0.000000000000000000, -1.000000000000000000 ) ) ;
#805 = VERTEX_POINT ( 'NONE', #221 ) ;
#806 = CARTESIAN_POINT ( 'NONE',  ( 2.185286226976472346, 8.388426839447923555, -7.494185293359133304 ) ) ;
#807 = EDGE_LOOP ( 'NONE', ( #7088, #9030, #12209, #8675, #5346, #149, #2867 ) ) ;
#808 = LINE ( 'NONE', #3674, #6206 ) ;
#809 = AXIS2_PLACEMENT_3D ( 'NONE', #9120, #2488, #4304 ) ;
#810 = CIRCLE ( 'NONE', #11964, 0.1399999999999985978 ) ;
#811 = CARTESIAN_POINT ( 'NONE',  ( -2.390000000000000124, 1.840000000000000080, 10.33278260869600018 ) ) ;
#812 = DIRECTION ( 'NONE',  ( 0.000000000000000000, 0.000000000000000000, -1.000000000000000000 ) ) ;
#813 = VECTOR ( 'NONE', #125, 1000.000000000000000 ) ;
#814 = VECTOR ( 'NONE', #237, 1000.000000000000000 ) ;
#815 = VECTOR ( 'NONE', #11068, 1000.000000000000000 ) ;
#816 = DIRECTION ( 'NONE',  ( 0.000000000000000000, 0.000000000000000000, 1.000000000000000000 ) ) ;
#817 = EDGE_CURVE ( 'NONE', #3530, #9720, #4026, .T. ) ;
#818 = ORIENTED_EDGE ( 'NONE', *, *, #1328, .F. ) ;
#819 = CARTESIAN_POINT ( 'NONE',  ( 0.9200000000000000400, -3.700000000000000178, -6.209999999999999964 ) ) ;
#820 = ORIENTED_EDGE ( 'NONE', *, *, #9098, .F. ) ;
#821 = DIRECTION ( 'NONE',  ( -1.000000000000000000, 0.000000000000000000, 0.000000000000000000 ) ) ;
#822 = ORIENTED_EDGE ( 'NONE', *, *, #3976, .F. ) ;
#823 = DIRECTION ( 'NONE',  ( 0.000000000000000000, 1.000000000000000000, 0.000000000000000000 ) ) ;
#824 = LINE ( 'NONE', #7853, #6834 ) ;
#825 = VERTEX_POINT ( 'NONE', #8022 ) ;
#826 = ADVANCED_FACE ( 'NONE', ( #8836 ), #3136, .T. ) ;
#827 = LINE ( 'NONE', #8441, #3187 ) ;
#828 = VECTOR ( 'NONE', #9056, 999.9999999999998863 ) ;
#829 = DIRECTION ( 'NONE',  ( 1.000000000000000000, 0.000000000000000000, 0.000000000000000000 ) ) ;
#830 = CARTESIAN_POINT ( 'NONE',  ( 4.632674615072380320, -1.639999999999999902, -1.273734666246999936 ) ) ;
#831 = CARTESIAN_POINT ( 'NONE',  ( 0.2349806637679501820, 9.047422773955991815, -6.209999999999999964 ) ) ;
#832 = EDGE_LOOP ( 'NONE', ( #2497, #6524, #9502, #3456, #1776, #179 ) ) ;
#833 = DIRECTION ( 'NONE',  ( -1.000000000000000000, 0.000000000000000000, 0.000000000000000000 ) ) ;
#834 = ORIENTED_EDGE ( 'NONE', *, *, #8412, .T. ) ;
#835 = CARTESIAN_POINT ( 'NONE',  ( 0.2300000000000000100, 14.28619153674800124, -4.603223830734999744 ) ) ;
#836 = ORIENTED_EDGE ( 'NONE', *, *, #11147, .T. ) ;
#837 = CARTESIAN_POINT ( 'NONE',  ( -1.814999999999999947, 9.377205983516001098, -3.778469117984000203 ) ) ;
#838 = VERTEX_POINT ( 'NONE', #6967 ) ;
#839 = PLANE ( 'NONE',  #2775 ) ;
#840 = VECTOR ( 'NONE', #10746, 1000.000000000000000 ) ;
#841 = VERTEX_POINT ( 'NONE', #3394 ) ;
#842 = PLANE ( 'NONE',  #6752 ) ;
#843 = LINE ( 'NONE', #1910, #1620 ) ;
#844 = EDGE_CURVE ( 'NONE', #4835, #6964, #2217, .T. ) ;
#845 = LINE ( 'NONE', #10274, #6947 ) ;
#846 = CARTESIAN_POINT ( 'NONE',  ( -2.220000000000000195, 15.45000000000000107, 6.119999999999999218 ) ) ;
#847 = DIRECTION ( 'NONE',  ( 1.000000000000000000, 0.000000000000000000, 0.000000000000000000 ) ) ;
#848 = AXIS2_PLACEMENT_3D ( 'NONE', #4817, #7495, #11551 ) ;
#849 = VECTOR ( 'NONE', #69, 1000.000000000000000 ) ;
#850 = ORIENTED_EDGE ( 'NONE', *, *, #1098, .F. ) ;
#851 = LINE ( 'NONE', #3893, #8103 ) ;
#852 = ORIENTED_EDGE ( 'NONE', *, *, #2463, .T. ) ;
#853 = ORIENTED_EDGE ( 'NONE', *, *, #2193, .T. ) ;
#854 = ORIENTED_EDGE ( 'NONE', *, *, #4937, .F. ) ;
#855 = DIRECTION ( 'NONE',  ( 0.000000000000000000, 0.000000000000000000, -1.000000000000000000 ) ) ;
#856 = DIRECTION ( 'NONE',  ( 0.000000000000000000, 1.000000000000000000, 0.000000000000000000 ) ) ;
#857 = FACE_OUTER_BOUND ( 'NONE', #5975, .T. ) ;
#858 = LINE ( 'NONE', #8472, #11685 ) ;
#859 = VECTOR ( 'NONE', #7197, 1000.000000000000000 ) ;
#860 = CARTESIAN_POINT ( 'NONE',  ( 0.2300000000000000100, 12.60677285372899981, -6.955531889406000090 ) ) ;
#861 = EDGE_CURVE ( 'NONE', #7195, #11077, #6147, .T. ) ;
#862 = DIRECTION ( 'NONE',  ( 1.000000000000000000, -1.110223024624999878E-16, 0.000000000000000000 ) ) ;
#863 = ADVANCED_FACE ( 'NONE', ( #5042 ), #4272, .F. ) ;
#864 = DIRECTION ( 'NONE',  ( 0.000000000000000000, 0.000000000000000000, 1.000000000000000000 ) ) ;
#865 =( BOUNDED_SURFACE ( )  B_SPLINE_SURFACE ( 1, 3, ( 
 ( #3424, #3164, #6999, #11862 ),
 ( #5190, #8991, #7124, #2361 ),
 ( #9991, #2247, #4301, #6056 ) ),
 .UNSPECIFIED., .F., .F., .F. ) 
 B_SPLINE_SURFACE_WITH_KNOTS ( ( 2, 1, 2 ),
 ( 4, 4 ),
 ( -0.008928571428571452362, 0.000000000000000000, 0.9910714285714284921 ),
 ( 0.000000000000000000, 1.000000000000000000 ),
 .UNSPECIFIED. ) 
 GEOMETRIC_REPRESENTATION_ITEM ( )  RATIONAL_B_SPLINE_SURFACE ( (
 ( 1.000000000000000000, 0.9995229553506527198, 0.9995229553506527198, 1.000000000000000000),
 ( 1.000000000000000000, 0.9995229553506527198, 0.9995229553506527198, 1.000000000000000000),
 ( 1.000000000000000000, 0.9995229553506527198, 0.9995229553506527198, 1.000000000000000000) ) ) 
 REPRESENTATION_ITEM ( '' )  SURFACE ( )  );
#866 = ORIENTED_EDGE ( 'NONE', *, *, #4378, .T. ) ;
#867 = DIRECTION ( 'NONE',  ( -0.000000000000000000, -1.000000000000000000, -0.000000000000000000 ) ) ;
#868 = ORIENTED_EDGE ( 'NONE', *, *, #1394, .T. ) ;
#869 = EDGE_CURVE ( 'NONE', #1761, #10570, #11764, .T. ) ;
#870 = CARTESIAN_POINT ( 'NONE',  ( 3.500000000000000000, 8.000000000000000000, 10.35999999999999943 ) ) ;
#871 = VERTEX_POINT ( 'NONE', #4335 ) ;
#872 = EDGE_CURVE ( 'NONE', #2673, #1096, #9840, .T. ) ;
#873 = CARTESIAN_POINT ( 'NONE',  ( 8.751918340712878219, 15.45000000000000107, -0.3649999999999989919 ) ) ;
#874 = ORIENTED_EDGE ( 'NONE', *, *, #1721, .F. ) ;
#875 = DIRECTION ( 'NONE',  ( 1.000000000000000000, 0.000000000000000000, 0.000000000000000000 ) ) ;
#876 = DIRECTION ( 'NONE',  ( 1.000000000000000000, 0.000000000000000000, 0.000000000000000000 ) ) ;
#877 = CARTESIAN_POINT ( 'NONE',  ( 0.7900000000000000355, 14.09999999999999964, -6.349999999999999645 ) ) ;
#878 = CARTESIAN_POINT ( 'NONE',  ( -6.540000000000000036, 0.000000000000000000, -10.22999999999999865 ) ) ;
#879 = EDGE_CURVE ( 'NONE', #11600, #4899, #7030, .T. ) ;
#880 = PLANE ( 'NONE',  #6645 ) ;
#881 = ORIENTED_EDGE ( 'NONE', *, *, #4837, .T. ) ;
#882 = DIRECTION ( 'NONE',  ( -1.000000000000000000, 0.000000000000000000, 1.224646799146999945E-16 ) ) ;
#883 = ORIENTED_EDGE ( 'NONE', *, *, #11622, .T. ) ;
#884 = DIRECTION ( 'NONE',  ( -1.000000000000000000, 0.000000000000000000, 0.000000000000000000 ) ) ;
#885 = ORIENTED_EDGE ( 'NONE', *, *, #8577, .F. ) ;
#886 = CARTESIAN_POINT ( 'NONE',  ( -0.1800000000000000211, 13.08000000000001783, -0.3649999999999912204 ) ) ;
#887 = DIRECTION ( 'NONE',  ( -1.224646799146796321E-16, 0.2185832977459636062, -0.9758182935088373089 ) ) ;
#888 = CARTESIAN_POINT ( 'NONE',  ( 2.190000587505000151, 3.000000000000000000, -8.890000000000000568 ) ) ;
#889 = CARTESIAN_POINT ( 'NONE',  ( 1.810000000000000053, 15.79293969097784966, 5.203898047366450896 ) ) ;
#890 = LINE ( 'NONE', #5701, #8888 ) ;
#891 = EDGE_LOOP ( 'NONE', ( #666, #5763, #2583, #3556 ) ) ;
#892 = LINE ( 'NONE', #4827, #3523 ) ;
#893 = EDGE_CURVE ( 'NONE', #8424, #769, #11703, .T. ) ;
#894 = ORIENTED_EDGE ( 'NONE', *, *, #7856, .T. ) ;
#895 = DIRECTION ( 'NONE',  ( -1.000000000000000000, 0.000000000000000000, 0.000000000000000000 ) ) ;
#896 = ORIENTED_EDGE ( 'NONE', *, *, #11288, .T. ) ;
#897 = LINE ( 'NONE', #11269, #5989 ) ;
#898 = ORIENTED_EDGE ( 'NONE', *, *, #3538, .T. ) ;
#899 = FACE_OUTER_BOUND ( 'NONE', #2360, .T. ) ;
#900 = ORIENTED_EDGE ( 'NONE', *, *, #8397, .T. ) ;
#901 = PLANE ( 'NONE',  #9929 ) ;
#902 = DIRECTION ( 'NONE',  ( 1.000000000000000000, 0.000000000000000000, 0.000000000000000000 ) ) ;
#903 = CARTESIAN_POINT ( 'NONE',  ( -0.2300000000000000100, 14.08947998063599982, -6.210395812409999827 ) ) ;
#904 = DIRECTION ( 'NONE',  ( 1.000000000000000000, 0.000000000000000000, 0.000000000000000000 ) ) ;
#905 = DIRECTION ( 'NONE',  ( -1.000000000000000000, 0.000000000000000000, 0.000000000000000000 ) ) ;
#906 = ORIENTED_EDGE ( 'NONE', *, *, #5334, .T. ) ;
#907 = EDGE_CURVE ( 'NONE', #9876, #6075, #10022, .T. ) ;
#908 = PLANE ( 'NONE',  #5533 ) ;
#909 = ADVANCED_FACE ( 'NONE', ( #8892 ), #4145, .F. ) ;
#910 = ORIENTED_EDGE ( 'NONE', *, *, #5751, .F. ) ;
#911 = EDGE_LOOP ( 'NONE', ( #1675, #6916, #5738, #8620, #7090, #4805, #5205, #1949 ) ) ;
#912 = ORIENTED_EDGE ( 'NONE', *, *, #3864, .T. ) ;
#913 = CARTESIAN_POINT ( 'NONE',  ( 5.408321952665001042, -3.309006828402554223, -1.273734666246999936 ) ) ;
#914 = LINE ( 'NONE', #10644, #5394 ) ;
#915 = CARTESIAN_POINT ( 'NONE',  ( -0.9150000000000000355, 1.100000000000000089, -10.22999999999999865 ) ) ;
#916 = CARTESIAN_POINT ( 'NONE',  ( -0.8400000000000000799, 13.01999999999999957, -0.3649999999999998801 ) ) ;
#917 = CARTESIAN_POINT ( 'NONE',  ( -5.029999999999999361, 6.400000000000000355, -3.759999999999999787 ) ) ;
#918 = LINE ( 'NONE', #4737, #6971 ) ;
#919 = VECTOR ( 'NONE', #6355, 1000.000000000000000 ) ;
#920 = LINE ( 'NONE', #4740, #5922 ) ;
#921 = ORIENTED_EDGE ( 'NONE', *, *, #5456, .T. ) ;
#922 = ORIENTED_EDGE ( 'NONE', *, *, #5659, .T. ) ;
#923 = CARTESIAN_POINT ( 'NONE',  ( -4.045669772406511377, -2.301151051812843740, -1.117245227685316866 ) ) ;
#924 = ORIENTED_EDGE ( 'NONE', *, *, #4631, .T. ) ;
#925 = CARTESIAN_POINT ( 'NONE',  ( 2.190286205994000035, 8.388429158692998655, -7.494195269932999892 ) ) ;
#926 = ORIENTED_EDGE ( 'NONE', *, *, #9155, .F. ) ;
#927 = DIRECTION ( 'NONE',  ( -1.000000000000000000, 0.000000000000000000, 0.000000000000000000 ) ) ;
#928 = VECTOR ( 'NONE', #1978, 1000.000000000000000 ) ;
#929 = CARTESIAN_POINT ( 'NONE',  ( 0.05896894249100359531, 2.299011506149234219, -8.745747907403849553 ) ) ;
#930 = AXIS2_PLACEMENT_3D ( 'NONE', #2400, #6148, #6218 ) ;
#931 = AXIS2_PLACEMENT_3D ( 'NONE', #3464, #9409, #6533 ) ;
#932 = CARTESIAN_POINT ( 'NONE',  ( -6.540000000000000036, 0.000000000000000000, 6.740000000000000213 ) ) ;
#933 = CARTESIAN_POINT ( 'NONE',  ( -4.819999999999999396, -3.500000000000000000, -0.9000000000000000222 ) ) ;
#934 = EDGE_CURVE ( 'NONE', #2588, #9651, #5963, .T. ) ;
#935 = VECTOR ( 'NONE', #6103, 999.9999999999998863 ) ;
#936 = AXIS2_PLACEMENT_3D ( 'NONE', #3824, #8447, #6578 ) ;
#937 = CARTESIAN_POINT ( 'NONE',  ( -5.339999999999998970, -3.350000000001385203, 1.273734666247064995 ) ) ;
#938 = EDGE_CURVE ( 'NONE', #7743, #4608, #7958, .T. ) ;
#939 = EDGE_LOOP ( 'NONE', ( #5043, #3506, #3382, #922, #6155, #2104, #6144, #6141 ) ) ;
#940 = ADVANCED_FACE ( 'NONE', ( #4210 ), #7093, .F. ) ;
#941 = DIRECTION ( 'NONE',  ( 0.000000000000000000, 0.9763850306004406843, 0.2160376634278765307 ) ) ;
#942 = ORIENTED_EDGE ( 'NONE', *, *, #4166, .F. ) ;
#943 = PLANE ( 'NONE',  #2786 ) ;
#944 = ORIENTED_EDGE ( 'NONE', *, *, #1838, .T. ) ;
#945 = DIRECTION ( 'NONE',  ( 0.000000000000000000, -0.9381440673623764326, 0.3462451571831393071 ) ) ;
#946 = PLANE ( 'NONE',  #11366 ) ;
#947 = VECTOR ( 'NONE', #2539, 999.9999999999998863 ) ;
#948 = CARTESIAN_POINT ( 'NONE',  ( 4.879999999999999893, 8.000000000000000000, 10.35999999999999943 ) ) ;
#949 = VECTOR ( 'NONE', #12369, 1000.000000000000000 ) ;
#950 = CARTESIAN_POINT ( 'NONE',  ( 1.770627715068000096, 9.262302296518999611, -7.576418936919000480 ) ) ;
#951 = EDGE_CURVE ( 'NONE', #9988, #6255, #2333, .T. ) ;
#952 = EDGE_CURVE ( 'NONE', #11290, #7153, #9045, .T. ) ;
#953 = CARTESIAN_POINT ( 'NONE',  ( -1.860000000000000098, 15.69999999999999929, -0.3649999999999998801 ) ) ;
#954 = ORIENTED_EDGE ( 'NONE', *, *, #10342, .T. ) ;
#955 = EDGE_CURVE ( 'NONE', #5102, #29, #28, .T. ) ;
#956 = CARTESIAN_POINT ( 'NONE',  ( 2.185000000000000497, 1.100000000000000089, -10.22999999999999865 ) ) ;
#957 = EDGE_LOOP ( 'NONE', ( #2090, #3038, #8815, #5338 ) ) ;
#958 = DIRECTION ( 'NONE',  ( 0.000000000000000000, 0.9763850306004406843, 0.2160376634278765307 ) ) ;
#959 = FACE_OUTER_BOUND ( 'NONE', #12036, .T. ) ;
#960 = EDGE_CURVE ( 'NONE', #9873, #9738, #5279, .T. ) ;
#961 = ORIENTED_EDGE ( 'NONE', *, *, #4137, .F. ) ;
#962 = CARTESIAN_POINT ( 'NONE',  ( -7.000000000000000000, 2.979999999999999982, 6.089999999999999858 ) ) ;
#963 = VERTEX_POINT ( 'NONE', #5341 ) ;
#964 = CARTESIAN_POINT ( 'NONE',  ( 1.810000000000000053, 9.122794016484000679, -3.661530882016000188 ) ) ;
#965 = PLANE ( 'NONE',  #192 ) ;
#966 = CARTESIAN_POINT ( 'NONE',  ( 1.643055961295746270, 2.299999999999999822, -0.003288401887141422213 ) ) ;
#967 = LINE ( 'NONE', #4780, #3552 ) ;
#968 = VECTOR ( 'NONE', #11717, 1000.000000000000000 ) ;
#969 = ORIENTED_EDGE ( 'NONE', *, *, #10863, .T. ) ;
#970 = VECTOR ( 'NONE', #10330, 1000.000000000000000 ) ;
#971 = DIRECTION ( 'NONE',  ( 0.000000000000000000, 1.000000000000000000, 0.000000000000000000 ) ) ;
#972 = ORIENTED_EDGE ( 'NONE', *, *, #4953, .F. ) ;
#973 = ORIENTED_EDGE ( 'NONE', *, *, #2184, .T. ) ;
#974 = ORIENTED_EDGE ( 'NONE', *, *, #1685, .F. ) ;
#975 = DIRECTION ( 'NONE',  ( -1.000000000000000000, 0.000000000000000000, 0.000000000000000000 ) ) ;
#976 = DIRECTION ( 'NONE',  ( 1.000000000000000000, 0.000000000000000000, -1.224646799146999945E-16 ) ) ;
#977 = CARTESIAN_POINT ( 'NONE',  ( -6.540000000000000036, 16.00000000000000000, 10.33999999999999986 ) ) ;
#978 = DIRECTION ( 'NONE',  ( -1.000000000000000000, 0.000000000000000000, -0.000000000000000000 ) ) ;
#979 = DIRECTION ( 'NONE',  ( 1.000000000000000000, 0.000000000000000000, 0.000000000000000000 ) ) ;
#980 = VECTOR ( 'NONE', #4533, 1000.000000000000000 ) ;
#981 = EDGE_CURVE ( 'NONE', #8761, #1003, #10079, .T. ) ;
#982 = EDGE_CURVE ( 'NONE', #4239, #4885, #7406, .T. ) ;
#983 = DIRECTION ( 'NONE',  ( -1.000000000000000000, 0.000000000000000000, 0.000000000000000000 ) ) ;
#984 = CARTESIAN_POINT ( 'NONE',  ( 1.910143396900999990, -0.3499999999999999778, -8.750000000000000000 ) ) ;
#985 = EDGE_LOOP ( 'NONE', ( #834, #744, #11952 ) ) ;
#986 = CIRCLE ( 'NONE', #7959, 1.560000000000000053 ) ;
#987 = AXIS2_PLACEMENT_3D ( 'NONE', #6183, #1131, #4940 ) ;
#988 = ORIENTED_EDGE ( 'NONE', *, *, #3131, .F. ) ;
#989 = CARTESIAN_POINT ( 'NONE',  ( -5.599999999999999645, 0.000000000000000000, -10.22999999999999865 ) ) ;
#990 = EDGE_LOOP ( 'NONE', ( #1125, #11218, #4003, #11188 ) ) ;
#991 = ORIENTED_EDGE ( 'NONE', *, *, #2282, .T. ) ;
#992 = CARTESIAN_POINT ( 'NONE',  ( 2.173278713510643723, 8.542098246917563031, -7.747493184189098159 ) ) ;
#993 = ORIENTED_EDGE ( 'NONE', *, *, #9831, .F. ) ;
#994 = CARTESIAN_POINT ( 'NONE',  ( -0.7900000000000000355, 15.79293969097799888, 5.203898047366000590 ) ) ;
#995 = LINE ( 'NONE', #12367, #4001 ) ;
#996 = CARTESIAN_POINT ( 'NONE',  ( 0.8400000000000000799, 13.08000000000001783, -0.3649999999999912204 ) ) ;
#997 = LINE ( 'NONE', #2916, #2403 ) ;
#998 = EDGE_CURVE ( 'NONE', #5367, #9645, #845, .T. ) ;
#999 = AXIS2_PLACEMENT_3D ( 'NONE', #6351, #4422, #11230 ) ;
#1000 = VECTOR ( 'NONE', #2695, 1000.000000000000000 ) ;
#1001 = CARTESIAN_POINT ( 'NONE',  ( -5.408321952665001042, -3.309006828402554223, 1.273734666246999936 ) ) ;
#1002 = VECTOR ( 'NONE', #1287, 1000.000000000000000 ) ;
#1003 = VERTEX_POINT ( 'NONE', #12082 ) ;
#1004 = VECTOR ( 'NONE', #10939, 1000.000000000000000 ) ;
#1005 = DIRECTION ( 'NONE',  ( 0.000000000000000000, 0.000000000000000000, 1.000000000000000000 ) ) ;
#1006 = VERTEX_POINT ( 'NONE', #2578 ) ;
#1007 = VECTOR ( 'NONE', #3941, 1000.000000000000000 ) ;
#1008 = CARTESIAN_POINT ( 'NONE',  ( -0.7900000000000000355, 9.122794016484000679, -3.661530882016000188 ) ) ;
#1009 = ORIENTED_EDGE ( 'NONE', *, *, #4459, .F. ) ;
#1010 = CARTESIAN_POINT ( 'NONE',  ( 0.5100000000000000089, 9.099999999999999645, -6.490000000000000213 ) ) ;
#1011 = DIRECTION ( 'NONE',  ( -0.9999954023831147953, 0.003032360900750348878, 0.000000000000000000 ) ) ;
#1012 = DIRECTION ( 'NONE',  ( -0.9999954023831147953, 0.003032360900745974339, 0.000000000000000000 ) ) ;
#1013 = VECTOR ( 'NONE', #7554, 1000.000000000000000 ) ;
#1014 = EDGE_CURVE ( 'NONE', #6377, #10742, #5428, .T. ) ;
#1015 = VECTOR ( 'NONE', #2812, 1000.000000000000000 ) ;
#1016 = EDGE_CURVE ( 'NONE', #10305, #2147, #6591, .T. ) ;
#1017 = EDGE_CURVE ( 'NONE', #11278, #727, #2460, .T. ) ;
#1018 = CARTESIAN_POINT ( 'NONE',  ( 0.7900000000000000355, 9.122794016484000679, -3.661530882016000188 ) ) ;
#1019 = ORIENTED_EDGE ( 'NONE', *, *, #4762, .F. ) ;
#1020 = DIRECTION ( 'NONE',  ( 0.000000000000000000, -0.9465272815540003437, -0.3226237828710001310 ) ) ;
#1021 = ORIENTED_EDGE ( 'NONE', *, *, #8684, .F. ) ;
#1022 = DIRECTION ( 'NONE',  ( -0.4779468297139849997, -0.8783887681239730405, -2.465190328815925183E-32 ) ) ;
#1023 = DIRECTION ( 'NONE',  ( 1.224646799146999945E-16, -2.395099171690000146E-16, 1.000000000000000000 ) ) ;
#1024 = ORIENTED_EDGE ( 'NONE', *, *, #2029, .F. ) ;
#1025 = CARTESIAN_POINT ( 'NONE',  ( -0.2300000000000000100, 9.377205983516001098, -3.778469117984000203 ) ) ;
#1026 = EDGE_CURVE ( 'NONE', #11984, #2358, #1534, .T. ) ;
#1027 = VECTOR ( 'NONE', #4244, 1000.000000000000114 ) ;
#1028 = EDGE_CURVE ( 'NONE', #4771, #4117, #7462, .T. ) ;
#1029 = ORIENTED_EDGE ( 'NONE', *, *, #9276, .T. ) ;
#1030 = CIRCLE ( 'NONE', #3206, 1.363702780452000107 ) ;
#1031 = CARTESIAN_POINT ( 'NONE',  ( 2.186969229110391488, 8.452190193950011476, -7.768468930110331350 ) ) ;
#1032 = LINE ( 'NONE', #10514, #7979 ) ;
#1033 = LINE ( 'NONE', #966, #334 ) ;
#1034 = DIRECTION ( 'NONE',  ( -0.000000000000000000, 0.000000000000000000, -1.000000000000000000 ) ) ;
#1035 = ORIENTED_EDGE ( 'NONE', *, *, #7279, .F. ) ;
#1036 = FACE_OUTER_BOUND ( 'NONE', #12135, .T. ) ;
#1037 = VECTOR ( 'NONE', #1496, 1000.000000000000000 ) ;
#1038 = ORIENTED_EDGE ( 'NONE', *, *, #1331, .F. ) ;
#1039 = ORIENTED_EDGE ( 'NONE', *, *, #9232, .F. ) ;
#1040 = ORIENTED_EDGE ( 'NONE', *, *, #11659, .T. ) ;
#1041 = CARTESIAN_POINT ( 'NONE',  ( 1.809999999999999831, 14.07601394832616926, -6.211903542266102640 ) ) ;
#1042 = CARTESIAN_POINT ( 'NONE',  ( -1.625000000000000000, -3.700000000000000178, -6.490000000000000213 ) ) ;
#1043 = CARTESIAN_POINT ( 'NONE',  ( -6.540000000000000036, 16.00000000000000000, 10.33999999999999986 ) ) ;
#1044 = CARTESIAN_POINT ( 'NONE',  ( -5.599999999999999645, 0.000000000000000000, 6.740000000000000213 ) ) ;
#1045 = CARTESIAN_POINT ( 'NONE',  ( 0.05598923201056180132, 13.98879216764654387, -6.518379887755387792 ) ) ;
#1046 = EDGE_CURVE ( 'NONE', #5259, #11588, #12271, .T. ) ;
#1047 = AXIS2_PLACEMENT_3D ( 'NONE', #10072, #1525, #3511 ) ;
#1048 = CARTESIAN_POINT ( 'NONE',  ( 0.8400000000000000799, 15.11999999999999922, 4.890000000000000568 ) ) ;
#1049 = LINE ( 'NONE', #4912, #1134 ) ;
#1050 = ORIENTED_EDGE ( 'NONE', *, *, #4767, .T. ) ;
#1051 = ORIENTED_EDGE ( 'NONE', *, *, #7701, .F. ) ;
#1052 = EDGE_CURVE ( 'NONE', #2430, #5710, #717, .T. ) ;
#1053 = LINE ( 'NONE', #8666, #6902 ) ;
#1054 = ORIENTED_EDGE ( 'NONE', *, *, #6295, .F. ) ;
#1055 = VECTOR ( 'NONE', #11362, 1000.000000000000000 ) ;
#1056 = VECTOR ( 'NONE', #11246, 1000.000000000000000 ) ;
#1057 = PLANE ( 'NONE',  #240 ) ;
#1058 = ORIENTED_EDGE ( 'NONE', *, *, #4182, .F. ) ;
#1059 = LINE ( 'NONE', #6743, #208 ) ;
#1060 = CARTESIAN_POINT ( 'NONE',  ( -1.199999999999996181, 15.11999999999999922, -0.3649999999999998801 ) ) ;
#1061 = EDGE_CURVE ( 'NONE', #2470, #1560, #2699, .T. ) ;
#1062 = DIRECTION ( 'NONE',  ( 0.000000000000000000, 0.000000000000000000, -1.000000000000000000 ) ) ;
#1063 = CARTESIAN_POINT ( 'NONE',  ( 1.245000000000000107, 15.66000000000000014, -4.250000000000000000 ) ) ;
#1064 = CARTESIAN_POINT ( 'NONE',  ( -0.9100000000000000311, -3.700000000000000178, -9.029999999999999361 ) ) ;
#1065 = EDGE_CURVE ( 'NONE', #501, #4154, #9273, .T. ) ;
#1066 = ORIENTED_EDGE ( 'NONE', *, *, #1399, .F. ) ;
#1067 = DIRECTION ( 'NONE',  ( 0.000000000000000000, 0.9763850306004407953, 0.2160376634278763919 ) ) ;
#1068 = EDGE_LOOP ( 'NONE', ( #5899, #9830, #704, #3779 ) ) ;
#1069 = CARTESIAN_POINT ( 'NONE',  ( 5.079999999999999183, -0.7200000000000001954, -1.273734666246999936 ) ) ;
#1070 = ORIENTED_EDGE ( 'NONE', *, *, #872, .F. ) ;
#1071 = DIRECTION ( 'NONE',  ( 0.000000000000000000, 1.000000000000000000, 0.000000000000000000 ) ) ;
#1072 = LINE ( 'NONE', #6819, #5211 ) ;
#1073 = CARTESIAN_POINT ( 'NONE',  ( -0.6899999999999999467, 15.45000000000000107, 6.119999999999999218 ) ) ;
#1074 = CARTESIAN_POINT ( 'NONE',  ( -0.3549999999999998712, 3.018593245758239174, -9.029999426582437039 ) ) ;
#1075 = ORIENTED_EDGE ( 'NONE', *, *, #4848, .F. ) ;
#1076 = CARTESIAN_POINT ( 'NONE',  ( 0.9150000000000000355, 7.058817561802944063, -10.22999999999999865 ) ) ;
#1077 = ORIENTED_EDGE ( 'NONE', *, *, #7099, .T. ) ;
#1078 = LINE ( 'NONE', #11324, #4216 ) ;
#1079 = DIRECTION ( 'NONE',  ( -1.000000000000000000, 1.110223024624999878E-16, 0.000000000000000000 ) ) ;
#1080 = EDGE_LOOP ( 'NONE', ( #2877, #6110, #10484, #3256 ) ) ;
#1081 = LINE ( 'NONE', #4888, #9575 ) ;
#1082 = EDGE_CURVE ( 'NONE', #3144, #2911, #12212, .T. ) ;
#1083 = ORIENTED_EDGE ( 'NONE', *, *, #6420, .T. ) ;
#1084 = DIRECTION ( 'NONE',  ( 0.9999996469509474517, -0.0008402963645880849076, 0.000000000000000000 ) ) ;
#1085 = CARTESIAN_POINT ( 'NONE',  ( 1.625605804978932145, 2.299740521040280594, -8.748883828601842438 ) ) ;
#1086 = DIRECTION ( 'NONE',  ( -1.000000000000000000, 0.000000000000000000, 0.000000000000000000 ) ) ;
#1087 = VECTOR ( 'NONE', #1211, 1000.000000000000000 ) ;
#1088 = ADVANCED_FACE ( 'NONE', ( #5528 ), #11081, .F. ) ;
#1089 = ADVANCED_FACE ( 'NONE', ( #8270 ), #10147, .F. ) ;
#1090 = VERTEX_POINT ( 'NONE', #2516 ) ;
#1091 = CARTESIAN_POINT ( 'NONE',  ( 0.8400000000000000799, 13.01999999999999957, 4.890000000000000568 ) ) ;
#1092 = ORIENTED_EDGE ( 'NONE', *, *, #11720, .F. ) ;
#1093 = B_SPLINE_CURVE_WITH_KNOTS ( 'NONE', 3,
 ( #3058, #3183, #5830, #5084 ),
 .UNSPECIFIED., .F., .F.,
 ( 4, 4 ),
 ( 0.0002744793010256174636, 0.0005135338022357688543 ),
 .UNSPECIFIED. ) ;
#1094 = DIRECTION ( 'NONE',  ( -8.054429466231597953E-16, 0.4176365570259273907, 0.9086141679698426232 ) ) ;
#1095 = EDGE_CURVE ( 'NONE', #4507, #6695, #3519, .T. ) ;
#1096 = VERTEX_POINT ( 'NONE', #6463 ) ;
#1097 = ADVANCED_FACE ( 'NONE', ( #777 ), #6338, .T. ) ;
#1098 = EDGE_CURVE ( 'NONE', #2757, #11047, #3652, .T. ) ;
#1099 = ORIENTED_EDGE ( 'NONE', *, *, #4032, .F. ) ;
#1100 = CARTESIAN_POINT ( 'NONE',  ( 1.250000000000000000, 14.06939833831586562, -6.213385438908392011 ) ) ;
#1101 = CARTESIAN_POINT ( 'NONE',  ( -6.540000000000000036, 0.000000000000000000, 6.740000000000000213 ) ) ;
#1102 = DIRECTION ( 'NONE',  ( 0.000000000000000000, -0.9381440673623764326, 0.3462451571831393071 ) ) ;
#1103 = CARTESIAN_POINT ( 'NONE',  ( 0.2300000000000000100, 13.96993164062500092, -4.623949218749999091 ) ) ;
#1104 = PLANE ( 'NONE',  #7175 ) ;
#1105 = PLANE ( 'NONE',  #11750 ) ;
#1106 = EDGE_CURVE ( 'NONE', #9765, #6801, #1032, .T. ) ;
#1107 = DIRECTION ( 'NONE',  ( 0.000000000000000000, 0.000000000000000000, 1.000000000000000000 ) ) ;
#1108 = ORIENTED_EDGE ( 'NONE', *, *, #2376, .F. ) ;
#1109 = EDGE_CURVE ( 'NONE', #8699, #11360, #2785, .T. ) ;
#1110 = ORIENTED_EDGE ( 'NONE', *, *, #12129, .F. ) ;
#1111 = CARTESIAN_POINT ( 'NONE',  ( -1.255000000000000115, 15.52000000000000135, -4.250000000000000000 ) ) ;
#1112 = VERTEX_POINT ( 'NONE', #2028 ) ;
#1113 = CARTESIAN_POINT ( 'NONE',  ( 8.751918340712878219, 15.11999999999999922, -0.3649999999999998801 ) ) ;
#1114 = ORIENTED_EDGE ( 'NONE', *, *, #7803, .T. ) ;
#1115 = CARTESIAN_POINT ( 'NONE',  ( -1.255000000000000338, 9.053002746054463756, -6.209999999999999964 ) ) ;
#1116 = DIRECTION ( 'NONE',  ( 1.000000000000000000, 0.000000000000000000, 0.000000000000000000 ) ) ;
#1117 = SURFACE_STYLE_FILL_AREA ( #3979 ) ;
#1118 = DIRECTION ( 'NONE',  ( 0.000000000000000000, 1.000000000000000000, 0.000000000000000000 ) ) ;
#1119 =( BOUNDED_SURFACE ( )  B_SPLINE_SURFACE ( 1, 3, ( 
 ( #5366, #12108, #3483, #11988 ),
 ( #1565, #9177, #10112, #6109 ) ),
 .UNSPECIFIED., .F., .F., .F. ) 
 B_SPLINE_SURFACE_WITH_KNOTS ( ( 2, 2 ),
 ( 4, 4 ),
 ( 0.000000000000000000, 0.9910714285714286031 ),
 ( 0.000000000000000000, 1.000000000000000000 ),
 .UNSPECIFIED. ) 
 GEOMETRIC_REPRESENTATION_ITEM ( )  RATIONAL_B_SPLINE_SURFACE ( (
 ( 1.000000000000000000, 0.9915412068257637435, 0.9915412068257637435, 1.000000000000000000),
 ( 1.000000000000000000, 0.9915412068257637435, 0.9915412068257637435, 1.000000000000000000) ) ) 
 REPRESENTATION_ITEM ( '' )  SURFACE ( )  );
#1120 = DIRECTION ( 'NONE',  ( -6.938893903905686155E-16, 0.000000000000000000, 1.000000000000000000 ) ) ;
#1121 = AXIS2_PLACEMENT_3D ( 'NONE', #9285, #9537, #978 ) ;
#1122 = ORIENTED_EDGE ( 'NONE', *, *, #8431, .F. ) ;
#1123 = CIRCLE ( 'NONE', #8095, 0.1400000000000004297 ) ;
#1124 = CARTESIAN_POINT ( 'NONE',  ( -1.255000000000000115, 14.09999999999999964, -6.490000000000000213 ) ) ;
#1125 = ORIENTED_EDGE ( 'NONE', *, *, #869, .F. ) ;
#1126 = CARTESIAN_POINT ( 'NONE',  ( -0.4144051335044955375, 9.116060482832502032, -7.609953201911821452 ) ) ;
#1127 = ORIENTED_EDGE ( 'NONE', *, *, #12177, .T. ) ;
#1128 = FACE_OUTER_BOUND ( 'NONE', #4975, .T. ) ;
#1129 = FACE_OUTER_BOUND ( 'NONE', #5187, .T. ) ;
#1130 = CARTESIAN_POINT ( 'NONE',  ( -4.879999999999999893, 7.500000000000000000, -5.009999999999999787 ) ) ;
#1131 = DIRECTION ( 'NONE',  ( -1.000000000000000000, 0.000000000000000000, 0.000000000000000000 ) ) ;
#1132 = EDGE_CURVE ( 'NONE', #1186, #754, #1967, .T. ) ;
#1133 = EDGE_CURVE ( 'NONE', #9651, #5798, #6387, .T. ) ;
#1134 = VECTOR ( 'NONE', #2961, 1000.000000000000000 ) ;
#1135 = CARTESIAN_POINT ( 'NONE',  ( -1.255000000000000115, 15.52330609571595943, -4.280245272880009111 ) ) ;
#1136 = ORIENTED_EDGE ( 'NONE', *, *, #6276, .F. ) ;
#1137 = FACE_OUTER_BOUND ( 'NONE', #5017, .T. ) ;
#1138 = ORIENTED_EDGE ( 'NONE', *, *, #258, .F. ) ;
#1139 = DIRECTION ( 'NONE',  ( 1.000000000000000000, 0.000000000000000000, 0.000000000000000000 ) ) ;
#1140 = CARTESIAN_POINT ( 'NONE',  ( -0.2300000000000000100, 14.09999999999999964, -6.349999999999999645 ) ) ;
#1141 = EDGE_LOOP ( 'NONE', ( #11961, #6399, #944, #6605, #5237, #7292 ) ) ;
#1142 = LINE ( 'NONE', #2939, #10369 ) ;
#1143 = VECTOR ( 'NONE', #4196, 1000.000000000000000 ) ;
#1144 = CIRCLE ( 'NONE', #2920, 1.870944562245001386 ) ;
#1145 = FACE_OUTER_BOUND ( 'NONE', #2573, .T. ) ;
#1146 = CARTESIAN_POINT ( 'NONE',  ( 6.540000000000000036, 1.100000000000000089, 10.33999999999999986 ) ) ;
#1147 = CARTESIAN_POINT ( 'NONE',  ( -0.9154142967963617705, 8.421694069136471228, -7.494755674443518423 ) ) ;
#1148 = DIRECTION ( 'NONE',  ( 1.000000000000000000, 0.000000000000000000, 0.000000000000000000 ) ) ;
#1149 = VECTOR ( 'NONE', #8672, 1000.000000000000000 ) ;
#1150 = VERTEX_POINT ( 'NONE', #11457 ) ;
#1151 = CARTESIAN_POINT ( 'NONE',  ( 0.1800000000000000211, 13.08000000000000007, 6.119999999999999218 ) ) ;
#1152 = ORIENTED_EDGE ( 'NONE', *, *, #2193, .F. ) ;
#1153 = FACE_OUTER_BOUND ( 'NONE', #1155, .T. ) ;
#1154 = VERTEX_POINT ( 'NONE', #7647 ) ;
#1155 = EDGE_LOOP ( 'NONE', ( #4074, #9620, #2280, #1029 ) ) ;
#1156 = DIRECTION ( 'NONE',  ( 0.000000000000000000, 1.000000000000000000, 0.000000000000000000 ) ) ;
#1157 = LINE ( 'NONE', #10527, #596 ) ;
#1158 = LINE ( 'NONE', #8773, #7900 ) ;
#1159 = CARTESIAN_POINT ( 'NONE',  ( 0.2300000000000000100, 15.51999999999999780, -4.260182003669801709 ) ) ;
#1160 = PLANE ( 'NONE',  #589 ) ;
#1161 = AXIS2_PLACEMENT_3D ( 'NONE', #5277, #8890, #11889 ) ;
#1162 = EDGE_CURVE ( 'NONE', #1006, #8084, #4718, .T. ) ;
#1163 = EDGE_CURVE ( 'NONE', #4961, #2328, #5836, .T. ) ;
#1164 = DIRECTION ( 'NONE',  ( -0.0008402963645893615557, -0.9999996469509474517, 0.000000000000000000 ) ) ;
#1165 = VERTEX_POINT ( 'NONE', #7584 ) ;
#1166 = VERTEX_POINT ( 'NONE', #903 ) ;
#1167 = DIRECTION ( 'NONE',  ( -0.0006866331995831718993, 0.000000000000000000, 0.9999997642673967846 ) ) ;
#1168 = ORIENTED_EDGE ( 'NONE', *, *, #11928, .F. ) ;
#1169 = CARTESIAN_POINT ( 'NONE',  ( -6.540000000000000036, 0.000000000000000000, -10.22999999999999865 ) ) ;
#1170 = ORIENTED_EDGE ( 'NONE', *, *, #1417, .F. ) ;
#1171 = VECTOR ( 'NONE', #3205, 1000.000000000000000 ) ;
#1172 = PLANE ( 'NONE',  #11579 ) ;
#1173 = PLANE ( 'NONE',  #214 ) ;
#1174 = EDGE_CURVE ( 'NONE', #7198, #8679, #89, .T. ) ;
#1175 = ADVANCED_FACE ( 'NONE', ( #5773 ), #2129, .F. ) ;
#1176 = LINE ( 'NONE', #1833, #10364 ) ;
#1177 = EDGE_CURVE ( 'NONE', #1878, #8922, #2587, .T. ) ;
#1178 =( NAMED_UNIT ( * ) PLANE_ANGLE_UNIT ( ) SI_UNIT ( $, .RADIAN. ) );
#1179 = DIRECTION ( 'NONE',  ( 0.000000000000000000, 0.000000000000000000, 1.000000000000000000 ) ) ;
#1180 = AXIS2_PLACEMENT_3D ( 'NONE', #10974, #3154, #294 ) ;
#1181 = ADVANCED_FACE ( 'NONE', ( #9522 ), #965, .F. ) ;
#1182 = VECTOR ( 'NONE', #10055, 1000.000000000000000 ) ;
#1183 = DIRECTION ( 'NONE',  ( 0.000000000000000000, 1.000000000000000000, 0.000000000000000000 ) ) ;
#1184 = ORIENTED_EDGE ( 'NONE', *, *, #11170, .F. ) ;
#1185 = LINE ( 'NONE', #9735, #7235 ) ;
#1186 = VERTEX_POINT ( 'NONE', #8695 ) ;
#1187 = CARTESIAN_POINT ( 'NONE',  ( 0.3600000000000000422, -3.700000000000000178, -6.490000000000000213 ) ) ;
#1188 = ORIENTED_EDGE ( 'NONE', *, *, #11597, .T. ) ;
#1189 = CARTESIAN_POINT ( 'NONE',  ( 4.859999999999999432, 8.761946277877999734, -8.266040861052999844 ) ) ;
#1190 =( BOUNDED_SURFACE ( )  B_SPLINE_SURFACE ( 1, 3, ( 
 ( #634, #3628, #4381, #4447 ),
 ( #753, #7379, #10189, #5448 ),
 ( #565, #11999, #12118, #1700 ),
 ( #6314, #11936, #5262, #3368 ) ),
 .UNSPECIFIED., .F., .F., .F. ) 
 B_SPLINE_SURFACE_WITH_KNOTS ( ( 2, 1, 1, 2 ),
 ( 4, 4 ),
 ( -0.02414319397250766497, -0.01580552576501708523, 0.000000000000000000, 1.000000000000000000 ),
 ( 0.000000000000000000, 1.000000000000000000 ),
 .UNSPECIFIED. ) 
 GEOMETRIC_REPRESENTATION_ITEM ( )  RATIONAL_B_SPLINE_SURFACE ( (
 ( 1.000000000000000000, 0.9791679117014924216, 0.9791679117014924216, 1.000000000000000000),
 ( 1.000000000000000000, 0.9791679117014924216, 0.9791679117014924216, 1.000000000000000000),
 ( 1.000000000000000000, 0.9791679117014924216, 0.9791679117014924216, 1.000000000000000000),
 ( 1.000000000000000000, 0.9791679117014924216, 0.9791679117014924216, 1.000000000000000000) ) ) 
 REPRESENTATION_ITEM ( '' )  SURFACE ( )  );
#1191 = VECTOR ( 'NONE', #979, 1000.000000000000000 ) ;
#1192 = CARTESIAN_POINT ( 'NONE',  ( -0.9150000000000000355, 3.000000000000000000, -8.750000000000000000 ) ) ;
#1193 = VECTOR ( 'NONE', #9199, 1000.000000000000000 ) ;
#1194 = LINE ( 'NONE', #7810, #609 ) ;
#1195 = CARTESIAN_POINT ( 'NONE',  ( -0.2350000000000017630, 9.053401010657651682, -7.336968840303884853 ) ) ;
#1196 = EDGE_CURVE ( 'NONE', #7899, #5929, #146, .T. ) ;
#1197 = CIRCLE ( 'NONE', #3173, 1.083702780452000747 ) ;
#1198 = EDGE_CURVE ( 'NONE', #7161, #11795, #5887, .T. ) ;
#1199 = AXIS2_PLACEMENT_3D ( 'NONE', #8457, #9217, #11275 ) ;
#1200 = LINE ( 'NONE', #10622, #7308 ) ;
#1201 = ORIENTED_EDGE ( 'NONE', *, *, #3240, .T. ) ;
#1202 = AXIS2_PLACEMENT_3D ( 'NONE', #8248, #7381, #8371 ) ;
#1203 = CARTESIAN_POINT ( 'NONE',  ( 0.7900000000000000355, 13.96993164062500092, -4.623949218749999091 ) ) ;
#1204 = ORIENTED_EDGE ( 'NONE', *, *, #3864, .F. ) ;
#1205 = DIRECTION ( 'NONE',  ( 0.000000000000000000, 1.000000000000000000, 0.000000000000000000 ) ) ;
#1206 = ORIENTED_EDGE ( 'NONE', *, *, #7583, .F. ) ;
#1207 = LINE ( 'NONE', #10682, #4798 ) ;
#1208 = ORIENTED_EDGE ( 'NONE', *, *, #750, .T. ) ;
#1209 = CARTESIAN_POINT ( 'NONE',  ( -5.339999999999998970, -3.400004331179910633, 1.256722847314213354 ) ) ;
#1210 = EDGE_CURVE ( 'NONE', #1150, #11902, #2761, .T. ) ;
#1211 = DIRECTION ( 'NONE',  ( 0.000000000000000000, 0.000000000000000000, 1.000000000000000000 ) ) ;
#1212 = AXIS2_PLACEMENT_3D ( 'NONE', #10054, #3358, #4176 ) ;
#1213 = DIRECTION ( 'NONE',  ( -0.000000000000000000, -1.000000000000000000, -0.000000000000000000 ) ) ;
#1214 = CIRCLE ( 'NONE', #10978, 0.2799999999999998601 ) ;
#1215 = LINE ( 'NONE', #1085, #2919 ) ;
#1216 = CARTESIAN_POINT ( 'NONE',  ( -0.9085267984757081638, 8.483068703399251120, -7.759246864396413201 ) ) ;
#1217 = VECTOR ( 'NONE', #9054, 1000.000000000000000 ) ;
#1218 = ORIENTED_EDGE ( 'NONE', *, *, #7840, .F. ) ;
#1219 = FACE_OUTER_BOUND ( 'NONE', #1541, .T. ) ;
#1220 = AXIS2_PLACEMENT_3D ( 'NONE', #8550, #2863, #5686 ) ;
#1221 = ORIENTED_EDGE ( 'NONE', *, *, #1813, .F. ) ;
#1222 = CARTESIAN_POINT ( 'NONE',  ( -5.029999999999999361, 6.000000000000000000, -3.759999999999999787 ) ) ;
#1223 = EDGE_LOOP ( 'NONE', ( #10267, #8078, #3234, #3402, #781, #7466 ) ) ;
#1224 = EDGE_CURVE ( 'NONE', #1761, #2590, #3792, .T. ) ;
#1225 = ORIENTED_EDGE ( 'NONE', *, *, #9757, .F. ) ;
#1226 = CARTESIAN_POINT ( 'NONE',  ( 1.243273433686904461, 9.066901488081649418, -7.322238786076392003 ) ) ;
#1227 = CARTESIAN_POINT ( 'NONE',  ( -1.810000000000000053, 15.79759791836103133, 5.189882150341832201 ) ) ;
#1228 = VECTOR ( 'NONE', #1288, 1000.000000000000227 ) ;
#1229 = DIRECTION ( 'NONE',  ( -1.000000000000000000, 0.000000000000000000, 0.000000000000000000 ) ) ;
#1230 = CARTESIAN_POINT ( 'NONE',  ( 1.250000000000000000, 13.22059501705500217, 5.253684953371999811 ) ) ;
#1231 = CARTESIAN_POINT ( 'NONE',  ( -1.255000000000000115, 14.09999999999999964, -6.490000000000000213 ) ) ;
#1232 = AXIS2_PLACEMENT_3D ( 'NONE', #11883, #5218, #3129 ) ;
#1233 = VECTOR ( 'NONE', #235, 1000.000000000000000 ) ;
#1234 = CARTESIAN_POINT ( 'NONE',  ( -0.9100000000000000311, 1.100000000000000311, -8.750000000000000000 ) ) ;
#1235 = ORIENTED_EDGE ( 'NONE', *, *, #11318, .T. ) ;
#1236 = ORIENTED_EDGE ( 'NONE', *, *, #8567, .T. ) ;
#1237 = DIRECTION ( 'NONE',  ( 0.000000000000000000, 0.9763850306004406843, 0.2160376634278765307 ) ) ;
#1238 = DIRECTION ( 'NONE',  ( -1.000000000000000000, 0.000000000000000000, 0.000000000000000000 ) ) ;
#1239 = VERTEX_POINT ( 'NONE', #9879 ) ;
#1240 = LINE ( 'NONE', #3151, #8958 ) ;
#1241 = CARTESIAN_POINT ( 'NONE',  ( -1.625000000000000000, 14.09999999999999964, -6.490000000000000213 ) ) ;
#1242 = ADVANCED_FACE ( 'NONE', ( #10687 ), #5024, .T. ) ;
#1243 = CIRCLE ( 'NONE', #2826, 1.083702780452000747 ) ;
#1244 = DIRECTION ( 'NONE',  ( -1.000000000000000000, 0.000000000000000000, 0.000000000000000000 ) ) ;
#1245 = PLANE ( 'NONE',  #8125 ) ;
#1246 =( LENGTH_UNIT ( ) NAMED_UNIT ( * ) SI_UNIT ( .MILLI., .METRE. ) );
#1247 = VECTOR ( 'NONE', #4968, 1000.000000000000114 ) ;
#1248 = EDGE_CURVE ( 'NONE', #5049, #6037, #5086, .T. ) ;
#1249 = EDGE_CURVE ( 'NONE', #4680, #4684, #8007, .T. ) ;
#1250 = VECTOR ( 'NONE', #8481, 1000.000000000000227 ) ;
#1251 = EDGE_CURVE ( 'NONE', #10749, #2229, #7943, .T. ) ;
#1252 = VECTOR ( 'NONE', #10610, 1000.000000000000000 ) ;
#1253 = DIRECTION ( 'NONE',  ( -8.054429466231597953E-16, 0.4176365570259273907, 0.9086141679698426232 ) ) ;
#1254 = ORIENTED_EDGE ( 'NONE', *, *, #2760, .F. ) ;
#1255 = DIRECTION ( 'NONE',  ( 0.000000000000000000, 0.000000000000000000, 1.000000000000000000 ) ) ;
#1256 = ORIENTED_EDGE ( 'NONE', *, *, #2609, .F. ) ;
#1257 = DIRECTION ( 'NONE',  ( 0.000000000000000000, 0.000000000000000000, -1.000000000000000000 ) ) ;
#1258 = ORIENTED_EDGE ( 'NONE', *, *, #6973, .T. ) ;
#1259 = LINE ( 'NONE', #127, #4814 ) ;
#1260 = ADVANCED_FACE ( 'NONE', ( #6130 ), #2138, .F. ) ;
#1261 = CARTESIAN_POINT ( 'NONE',  ( -0.9150943048687473214, 8.404517701194329504, -7.492691617538566717 ) ) ;
#1262 = DIRECTION ( 'NONE',  ( -0.9999997642673967846, 0.0001554772369528614956, -0.0006687989081624654388 ) ) ;
#1263 = CARTESIAN_POINT ( 'NONE',  ( -6.540000000000000036, 0.000000000000000000, 6.740000000000000213 ) ) ;
#1264 = VECTOR ( 'NONE', #3609, 1000.000000000000000 ) ;
#1265 = CARTESIAN_POINT ( 'NONE',  ( 4.859999999999999432, 3.000000000000000000, -5.989999999999999325 ) ) ;
#1266 = DIRECTION ( 'NONE',  ( 0.000000000000000000, 1.000000000000000000, 0.000000000000000000 ) ) ;
#1267 = VERTEX_POINT ( 'NONE', #9007 ) ;
#1268 = CARTESIAN_POINT ( 'NONE',  ( 3.500000000000000000, 4.179999999999999716, 10.33999999999999986 ) ) ;
#1269 = ORIENTED_EDGE ( 'NONE', *, *, #6119, .T. ) ;
#1270 = CARTESIAN_POINT ( 'NONE',  ( 4.126130642429885143, -2.510385166355956876, -1.138804652830384789 ) ) ;
#1271 = DIRECTION ( 'NONE',  ( 1.000000000000000000, 0.000000000000000000, 0.000000000000000000 ) ) ;
#1272 = VERTEX_POINT ( 'NONE', #7142 ) ;
#1273 = LINE ( 'NONE', #201, #3573 ) ;
#1274 = CARTESIAN_POINT ( 'NONE',  ( -0.7900000000000000355, 14.06939833831600062, -6.213385438909000413 ) ) ;
#1275 = LINE ( 'NONE', #7827, #1004 ) ;
#1276 = PLANE ( 'NONE',  #5920 ) ;
#1277 = LINE ( 'NONE', #510, #9554 ) ;
#1278 = EDGE_CURVE ( 'NONE', #2481, #8922, #1275, .T. ) ;
#1279 = VERTEX_POINT ( 'NONE', #6890 ) ;
#1280 = PLANE ( 'NONE',  #4746 ) ;
#1281 = ORIENTED_EDGE ( 'NONE', *, *, #10621, .T. ) ;
#1282 = CARTESIAN_POINT ( 'NONE',  ( -0.7900000000000000355, 15.79293969097799888, 5.203898047366000590 ) ) ;
#1283 = ORIENTED_EDGE ( 'NONE', *, *, #2420, .F. ) ;
#1284 = ORIENTED_EDGE ( 'NONE', *, *, #2981, .T. ) ;
#1285 = ORIENTED_EDGE ( 'NONE', *, *, #561, .F. ) ;
#1286 = CARTESIAN_POINT ( 'NONE',  ( 2.189999999999999947, 3.000000000000000000, -8.890286793798999554 ) ) ;
#1287 = DIRECTION ( 'NONE',  ( 0.000000000000000000, 0.000000000000000000, 1.000000000000000000 ) ) ;
#1288 = DIRECTION ( 'NONE',  ( 0.1693015290122034666, 0.9599393833743972149, 0.2232786880132361373 ) ) ;
#1289 = CARTESIAN_POINT ( 'NONE',  ( 0.8400000000000039657, 15.11999999999999922, -0.3649999999999998801 ) ) ;
#1290 = CARTESIAN_POINT ( 'NONE',  ( -2.880000000000000338, 15.69999999999999929, -0.3649999999999998801 ) ) ;
#1291 = VERTEX_POINT ( 'NONE', #2379 ) ;
#1292 = ADVANCED_FACE ( 'NONE', ( #5267 ), #4070, .T. ) ;
#1293 = EDGE_CURVE ( 'NONE', #418, #3846, #6197, .T. ) ;
#1294 = DIRECTION ( 'NONE',  ( 1.000000000000000000, 0.000000000000000000, 0.000000000000000000 ) ) ;
#1295 = EDGE_LOOP ( 'NONE', ( #6548, #7427 ) ) ;
#1296 = ORIENTED_EDGE ( 'NONE', *, *, #1493, .F. ) ;
#1297 = LINE ( 'NONE', #654, #7176 ) ;
#1298 = CARTESIAN_POINT ( 'NONE',  ( 1.245001269001420496, 9.070224998819279350, -7.333200292603261339 ) ) ;
#1299 = EDGE_LOOP ( 'NONE', ( #5288, #9969, #9361, #10441 ) ) ;
#1300 = PLANE ( 'NONE',  #3992 ) ;
#1301 = DIRECTION ( 'NONE',  ( 1.000000000000000000, 0.000000000000000000, -3.662845177315896756E-17 ) ) ;
#1302 = DIRECTION ( 'NONE',  ( 0.000000000000000000, 0.000000000000000000, 1.000000000000000000 ) ) ;
#1303 = FACE_BOUND ( 'NONE', #1899, .T. ) ;
#1304 = CARTESIAN_POINT ( 'NONE',  ( -0.1800000000000000211, 13.08000000000000007, 6.119999999999999218 ) ) ;
#1305 = VECTOR ( 'NONE', #5410, 1000.000000000000000 ) ;
#1306 = CARTESIAN_POINT ( 'NONE',  ( 5.080000000000000071, -3.500000000000000000, 0.000000000000000000 ) ) ;
#1307 = ORIENTED_EDGE ( 'NONE', *, *, #1435, .F. ) ;
#1308 = CYLINDRICAL_SURFACE ( 'NONE', #3430, 1.870944562245001386 ) ;
#1309 = VERTEX_POINT ( 'NONE', #11637 ) ;
#1310 = DIRECTION ( 'NONE',  ( 1.000000000000000000, 0.000000000000000000, 0.000000000000000000 ) ) ;
#1311 = VERTEX_POINT ( 'NONE', #326 ) ;
#1312 = CARTESIAN_POINT ( 'NONE',  ( -2.481703076265318497, 2.300000280461894420, -8.750001206431324619 ) ) ;
#1313 = CARTESIAN_POINT ( 'NONE',  ( 1.245000000000000329, 15.52109309744938770, -4.270243598422243991 ) ) ;
#1314 = DIRECTION ( 'NONE',  ( 1.000000000000000000, 0.000000000000000000, 0.000000000000000000 ) ) ;
#1315 = PLANE ( 'NONE',  #6806 ) ;
#1316 = CARTESIAN_POINT ( 'NONE',  ( -5.029999999999999361, 13.01999999999999957, 4.890000000000000568 ) ) ;
#1317 = EDGE_CURVE ( 'NONE', #10780, #10585, #10752, .T. ) ;
#1318 = ADVANCED_FACE ( 'NONE', ( #11746, #2264 ), #452, .T. ) ;
#1319 = VECTOR ( 'NONE', #7509, 1000.000000000000000 ) ;
#1320 = ORIENTED_EDGE ( 'NONE', *, *, #2657, .T. ) ;
#1321 = CARTESIAN_POINT ( 'NONE',  ( -2.220000000000000195, 2.979999999999999982, 6.089999999999999858 ) ) ;
#1322 = VERTEX_POINT ( 'NONE', #1329 ) ;
#1323 = CARTESIAN_POINT ( 'NONE',  ( 4.045669772406511377, -2.301151051812843740, -1.117245227685316866 ) ) ;
#1324 = LINE ( 'NONE', #7755, #8978 ) ;
#1325 = ORIENTED_EDGE ( 'NONE', *, *, #2950, .T. ) ;
#1326 = LINE ( 'NONE', #3372, #9762 ) ;
#1327 = CARTESIAN_POINT ( 'NONE',  ( 1.909311433667000069, 8.451700534652999863, -7.766362617316000083 ) ) ;
#1328 = EDGE_CURVE ( 'NONE', #1291, #2229, #6070, .T. ) ;
#1329 = CARTESIAN_POINT ( 'NONE',  ( 7.900000000000000355, 3.319999999999999840, 8.789999999999999147 ) ) ;
#1330 = VECTOR ( 'NONE', #2222, 1000.000000000000000 ) ;
#1331 = EDGE_CURVE ( 'NONE', #7785, #5602, #387, .T. ) ;
#1332 = DIRECTION ( 'NONE',  ( 1.000000000000000000, 0.000000000000000000, -0.000000000000000000 ) ) ;
#1333 = DIRECTION ( 'NONE',  ( -1.000000000000000000, 0.000000000000000000, 0.000000000000000000 ) ) ;
#1334 = ADVANCED_FACE ( 'NONE', ( #4260 ), #6954, .T. ) ;
#1335 = ORIENTED_EDGE ( 'NONE', *, *, #9384, .T. ) ;
#1336 = LINE ( 'NONE', #7833, #2521 ) ;
#1337 = AXIS2_PLACEMENT_3D ( 'NONE', #2447, #11944, #3445 ) ;
#1338 = VERTEX_POINT ( 'NONE', #8066 ) ;
#1339 = VECTOR ( 'NONE', #5215, 1000.000000000000000 ) ;
#1340 = CARTESIAN_POINT ( 'NONE',  ( 1.250000000000000000, 14.06939833831600062, -6.213385438909000413 ) ) ;
#1341 = ORIENTED_EDGE ( 'NONE', *, *, #7812, .F. ) ;
#1342 = VERTEX_POINT ( 'NONE', #11875 ) ;
#1343 = ORIENTED_EDGE ( 'NONE', *, *, #952, .T. ) ;
#1344 = CARTESIAN_POINT ( 'NONE',  ( 4.819999999999999396, -3.500000000000000000, 1.273734666246999936 ) ) ;
#1345 = CARTESIAN_POINT ( 'NONE',  ( -1.810000000000000053, 15.79999999999954774, 5.159999999999999254 ) ) ;
#1346 = CARTESIAN_POINT ( 'NONE',  ( -0.7900000000000000355, 15.69999999999999929, 5.420429353323000576 ) ) ;
#1347 = CARTESIAN_POINT ( 'NONE',  ( -0.7900000000000000355, 13.47717856557508043, 5.141471268095363811 ) ) ;
#1348 = CARTESIAN_POINT ( 'NONE',  ( 1.860000000000000098, 13.08000000000000007, -5.620000000000000107 ) ) ;
#1349 = ORIENTED_EDGE ( 'NONE', *, *, #9946, .T. ) ;
#1350 = AXIS2_PLACEMENT_3D ( 'NONE', #2120, #4053, #5193 ) ;
#1351 = ORIENTED_EDGE ( 'NONE', *, *, #10968, .T. ) ;
#1352 = CARTESIAN_POINT ( 'NONE',  ( 0.1800000000000000488, 13.01999999999999957, -0.3649999999999998801 ) ) ;
#1353 = ADVANCED_FACE ( 'NONE', ( #10878 ), #7386, .T. ) ;
#1354 = ORIENTED_EDGE ( 'NONE', *, *, #4488, .F. ) ;
#1355 = ORIENTED_EDGE ( 'NONE', *, *, #1210, .F. ) ;
#1356 = EDGE_CURVE ( 'NONE', #6473, #1614, #11133, .T. ) ;
#1357 = CARTESIAN_POINT ( 'NONE',  ( 1.279930192077011197, 8.936704228772686776, -7.363814877012704763 ) ) ;
#1358 = ORIENTED_EDGE ( 'NONE', *, *, #8116, .F. ) ;
#1359 = DIRECTION ( 'NONE',  ( 1.000000000000000000, 0.000000000000000000, 0.000000000000000000 ) ) ;
#1360 = ADVANCED_FACE ( 'NONE', ( #5506 ), #2500, .T. ) ;
#1361 = FACE_OUTER_BOUND ( 'NONE', #5551, .T. ) ;
#1362 = EDGE_CURVE ( 'NONE', #7263, #5602, #12068, .T. ) ;
#1363 = LINE ( 'NONE', #7106, #1375 ) ;
#1364 = DIRECTION ( 'NONE',  ( 0.000000000000000000, 1.000000000000000000, 0.000000000000000000 ) ) ;
#1365 = CARTESIAN_POINT ( 'NONE',  ( -4.629696307966639779, -1.639999999999999902, -1.273734666246999936 ) ) ;
#1366 = VECTOR ( 'NONE', #186, 1000.000000000000000 ) ;
#1367 = VERTEX_POINT ( 'NONE', #2624 ) ;
#1368 = AXIS2_PLACEMENT_3D ( 'NONE', #7897, #11893, #11705 ) ;
#1369 = PLANE ( 'NONE',  #6627 ) ;
#1370 = CARTESIAN_POINT ( 'NONE',  ( 1.804999999999999938, 13.47717856557507865, 5.141471268095363811 ) ) ;
#1371 = EDGE_LOOP ( 'NONE', ( #9637, #10291, #2953, #409 ) ) ;
#1372 = VERTEX_POINT ( 'NONE', #4511 ) ;
#1373 = CARTESIAN_POINT ( 'NONE',  ( 1.250000000000000000, 14.00000000000000000, -7.014234558991999435 ) ) ;
#1374 = ORIENTED_EDGE ( 'NONE', *, *, #2242, .T. ) ;
#1375 = VECTOR ( 'NONE', #9972, 1000.000000000000000 ) ;
#1376 = CARTESIAN_POINT ( 'NONE',  ( 1.860000000000002318, 15.11999999999999922, -0.3649999999999998801 ) ) ;
#1377 = VERTEX_POINT ( 'NONE', #1518 ) ;
#1378 = LINE ( 'NONE', #8052, #5612 ) ;
#1379 = ADVANCED_FACE ( 'NONE', ( #6383 ), #12192, .F. ) ;
#1380 = CARTESIAN_POINT ( 'NONE',  ( 1.250000000000000222, 15.52109309744938770, -4.270243598422243991 ) ) ;
#1381 = CARTESIAN_POINT ( 'NONE',  ( 0.8400000000000000799, 13.01999999999999957, 10.33999999999999808 ) ) ;
#1382 = LINE ( 'NONE', #5196, #2172 ) ;
#1383 = CIRCLE ( 'NONE', #6157, 1.870944562245001386 ) ;
#1384 = VERTEX_POINT ( 'NONE', #1769 ) ;
#1385 = FACE_OUTER_BOUND ( 'NONE', #5778, .T. ) ;
#1386 = ORIENTED_EDGE ( 'NONE', *, *, #11548, .F. ) ;
#1387 = CIRCLE ( 'NONE', #10555, 1.590944562245001137 ) ;
#1388 = PLANE ( 'NONE',  #8808 ) ;
#1389 = AXIS2_PLACEMENT_3D ( 'NONE', #9517, #11395, #2756 ) ;
#1390 = DIRECTION ( 'NONE',  ( 0.000000000000000000, 0.000000000000000000, -1.000000000000000000 ) ) ;
#1391 = VERTEX_POINT ( 'NONE', #6323 ) ;
#1392 = DIRECTION ( 'NONE',  ( 1.000000000000000000, 0.000000000000000000, 0.000000000000000000 ) ) ;
#1393 = CARTESIAN_POINT ( 'NONE',  ( -0.3549999999999999822, 3.018593245758239174, -9.029999426582437039 ) ) ;
#1394 = EDGE_CURVE ( 'NONE', #6963, #7201, #3376, .T. ) ;
#1395 = DIRECTION ( 'NONE',  ( 0.000000000000000000, 0.000000000000000000, 1.000000000000000000 ) ) ;
#1396 = EDGE_CURVE ( 'NONE', #4589, #8277, #12176, .T. ) ;
#1397 = DIRECTION ( 'NONE',  ( -1.000000000000000000, 0.000000000000000000, 0.000000000000000000 ) ) ;
#1398 = CARTESIAN_POINT ( 'NONE',  ( 1.810000000000000053, 13.47720598351600074, 5.141530882016000170 ) ) ;
#1399 = EDGE_CURVE ( 'NONE', #963, #1291, #5457, .T. ) ;
#1400 = VECTOR ( 'NONE', #1977, 1000.000000000000000 ) ;
#1401 = VECTOR ( 'NONE', #1739, 1000.000000000000000 ) ;
#1402 = VECTOR ( 'NONE', #1023, 1000.000000000000000 ) ;
#1403 = ORIENTED_EDGE ( 'NONE', *, *, #10691, .F. ) ;
#1404 = DIRECTION ( 'NONE',  ( -0.000000000000000000, 0.9657463530138233887, 0.2594879219549526272 ) ) ;
#1405 = EDGE_CURVE ( 'NONE', #6203, #4403, #2446, .T. ) ;
#1406 = ORIENTED_EDGE ( 'NONE', *, *, #3288, .F. ) ;
#1407 = EDGE_CURVE ( 'NONE', #11176, #8390, #810, .T. ) ;
#1408 = DIRECTION ( 'NONE',  ( 1.232595164407794408E-32, -0.9758182935088373089, -0.2185832977459636062 ) ) ;
#1409 = EDGE_LOOP ( 'NONE', ( #3825, #10084, #4017, #10041, #1269, #3267 ) ) ;
#1410 = ORIENTED_EDGE ( 'NONE', *, *, #1760, .T. ) ;
#1411 = VECTOR ( 'NONE', #4334, 1000.000000000000227 ) ;
#1412 = AXIS2_PLACEMENT_3D ( 'NONE', #267, #8821, #10005 ) ;
#1413 = VERTEX_POINT ( 'NONE', #760 ) ;
#1414 = CIRCLE ( 'NONE', #4369, 1.590944562245001137 ) ;
#1415 = LINE ( 'NONE', #10952, #10139 ) ;
#1416 = DIRECTION ( 'NONE',  ( 0.000000000000000000, 1.000000000000000000, 0.000000000000000000 ) ) ;
#1417 = EDGE_CURVE ( 'NONE', #10548, #7455, #11197, .T. ) ;
#1418 = DIRECTION ( 'NONE',  ( 0.000000000000000000, 1.000000000000000000, 0.000000000000000000 ) ) ;
#1419 = CARTESIAN_POINT ( 'NONE',  ( 1.625000000000000000, -3.700000000000000178, -9.029999999999999361 ) ) ;
#1420 = DIRECTION ( 'NONE',  ( 0.000000000000000000, 0.9763850306004406843, 0.2160376634278765307 ) ) ;
#1421 = CIRCLE ( 'NONE', #8393, 0.1400000000000004297 ) ;
#1422 = EDGE_LOOP ( 'NONE', ( #44, #6445, #9932, #800, #3497, #12264 ) ) ;
#1423 = CARTESIAN_POINT ( 'NONE',  ( 1.250000000000000000, 9.377205983516001098, -3.778469117984000203 ) ) ;
#1424 = ORIENTED_EDGE ( 'NONE', *, *, #3141, .F. ) ;
#1425 = EDGE_LOOP ( 'NONE', ( #7724, #8869, #7531, #10312 ) ) ;
#1426 =( NAMED_UNIT ( * ) PLANE_ANGLE_UNIT ( ) SI_UNIT ( $, .RADIAN. ) );
#1427 = EDGE_LOOP ( 'NONE', ( #4437, #2632, #10875, #584 ) ) ;
#1428 = FACE_OUTER_BOUND ( 'NONE', #5753, .T. ) ;
#1429 = LINE ( 'NONE', #1487, #6589 ) ;
#1430 = VECTOR ( 'NONE', #5873, 1000.000000000000000 ) ;
#1431 = PLANE ( 'NONE',  #5357 ) ;
#1432 = LINE ( 'NONE', #12041, #11894 ) ;
#1433 = LINE ( 'NONE', #6047, #5577 ) ;
#1434 = ORIENTED_EDGE ( 'NONE', *, *, #5359, .F. ) ;
#1435 = EDGE_CURVE ( 'NONE', #5162, #6008, #4392, .T. ) ;
#1436 = FACE_OUTER_BOUND ( 'NONE', #2620, .T. ) ;
#1437 = CARTESIAN_POINT ( 'NONE',  ( -1.810000000000000053, 14.49800950369600017, 4.776298838437000427 ) ) ;
#1438 = ORIENTED_EDGE ( 'NONE', *, *, #5790, .T. ) ;
#1439 = AXIS2_PLACEMENT_3D ( 'NONE', #10123, #8121, #7317 ) ;
#1440 = VERTEX_POINT ( 'NONE', #4576 ) ;
#1441 = LINE ( 'NONE', #3544, #1450 ) ;
#1442 = ORIENTED_EDGE ( 'NONE', *, *, #2225, .T. ) ;
#1443 = DIRECTION ( 'NONE',  ( -1.000000000000000000, 0.000000000000000000, 0.000000000000000000 ) ) ;
#1444 = ORIENTED_EDGE ( 'NONE', *, *, #416, .F. ) ;
#1445 = CARTESIAN_POINT ( 'NONE',  ( 1.910143396900999990, 1.100000000000000089, -8.750000000000213163 ) ) ;
#1446 = EDGE_LOOP ( 'NONE', ( #3215, #3322, #6120, #6667 ) ) ;
#1447 = CARTESIAN_POINT ( 'NONE',  ( -1.905000000000000027, 8.419999999999999929, -6.490000000000000213 ) ) ;
#1448 = DIRECTION ( 'NONE',  ( 0.000000000000000000, 0.000000000000000000, -1.000000000000000000 ) ) ;
#1449 = CARTESIAN_POINT ( 'NONE',  ( -0.7900000000000000355, 14.49800950369600017, 4.776298838437000427 ) ) ;
#1450 = VECTOR ( 'NONE', #11918, 1000.000000000000000 ) ;
#1451 = ADVANCED_FACE ( 'NONE', ( #12007 ), #3443, .T. ) ;
#1452 = VERTEX_POINT ( 'NONE', #3634 ) ;
#1453 = DIRECTION ( 'NONE',  ( 1.000000000000000000, 0.000000000000000000, -1.224646799146999945E-16 ) ) ;
#1454 = ORIENTED_EDGE ( 'NONE', *, *, #2574, .T. ) ;
#1455 = DIRECTION ( 'NONE',  ( -1.000000000000000000, -0.000000000000000000, -0.000000000000000000 ) ) ;
#1456 = CARTESIAN_POINT ( 'NONE',  ( -4.632674615072380320, -1.639999999999999902, -1.273734666246999936 ) ) ;
#1457 = ORIENTED_EDGE ( 'NONE', *, *, #11597, .F. ) ;
#1458 = CYLINDRICAL_SURFACE ( 'NONE', #11558, 1.083702780452000747 ) ;
#1459 = VECTOR ( 'NONE', #3810, 1000.000000000000000 ) ;
#1460 = CARTESIAN_POINT ( 'NONE',  ( -0.3549999999999999822, -3.700000000000000178, -9.029999999999999361 ) ) ;
#1461 = CARTESIAN_POINT ( 'NONE',  ( -6.540000000000000036, 8.028430395001000974, 0.9612177150830000238 ) ) ;
#1462 = DIRECTION ( 'NONE',  ( -1.000000000000000000, -0.000000000000000000, -0.000000000000000000 ) ) ;
#1463 = CARTESIAN_POINT ( 'NONE',  ( -0.3550480973265000006, 3.799999611307193881, -8.560484886588289655 ) ) ;
#1464 = ORIENTED_EDGE ( 'NONE', *, *, #3537, .F. ) ;
#1465 = LINE ( 'NONE', #11014, #10315 ) ;
#1466 = ORIENTED_EDGE ( 'NONE', *, *, #3131, .T. ) ;
#1467 = PLANE ( 'NONE',  #1232 ) ;
#1468 = ORIENTED_EDGE ( 'NONE', *, *, #11195, .T. ) ;
#1469 = ORIENTED_EDGE ( 'NONE', *, *, #2917, .T. ) ;
#1470 = EDGE_LOOP ( 'NONE', ( #10713, #2688, #1748, #684, #2861, #3747 ) ) ;
#1471 = FACE_OUTER_BOUND ( 'NONE', #5314, .T. ) ;
#1472 = CARTESIAN_POINT ( 'NONE',  ( 1.244999999993046780, 9.130601661684403680, -7.606614561090872861 ) ) ;
#1473 = DIRECTION ( 'NONE',  ( 0.000000000000000000, -0.07514299545580413464, 0.9971727684979814210 ) ) ;
#1474 = LINE ( 'NONE', #6082, #9693 ) ;
#1475 = CARTESIAN_POINT ( 'NONE',  ( -0.2350000000000000144, 9.122794016484000679, -3.661530882016000188 ) ) ;
#1476 = ADVANCED_FACE ( 'NONE', ( #7447 ), #6503, .F. ) ;
#1477 = EDGE_CURVE ( 'NONE', #9050, #3703, #9072, .T. ) ;
#1478 = EDGE_LOOP ( 'NONE', ( #11282, #8662, #11398, #3579 ) ) ;
#1479 = CARTESIAN_POINT ( 'NONE',  ( -4.632674615072380320, -1.639999999999999902, 1.273734666246999936 ) ) ;
#1480 = ADVANCED_FACE ( 'NONE', ( #8253 ), #1583, .T. ) ;
#1481 = EDGE_LOOP ( 'NONE', ( #2099, #7385, #4949, #9055, #2566, #10263, #4994, #4492, #6898, #7335 ) ) ;
#1482 = EDGE_CURVE ( 'NONE', #4932, #1778, #5757, .T. ) ;
#1483 = VERTEX_POINT ( 'NONE', #6571 ) ;
#1484 = PRESENTATION_STYLE_ASSIGNMENT (( #2342 ) ) ;
#1485 = ORIENTED_EDGE ( 'NONE', *, *, #3830, .F. ) ;
#1486 = DIRECTION ( 'NONE',  ( -1.000000000000000000, 0.000000000000000000, 0.000000000000000000 ) ) ;
#1487 = CARTESIAN_POINT ( 'NONE',  ( -0.9100961946759337229, 3.000000000000000000, -8.750000000000000000 ) ) ;
#1488 = CARTESIAN_POINT ( 'NONE',  ( -0.2300000000000000100, 9.122794016484000679, -3.661530882016000188 ) ) ;
#1489 = CARTESIAN_POINT ( 'NONE',  ( -1.199999999999999956, 15.45000000000000107, 6.119999999999999218 ) ) ;
#1490 = CARTESIAN_POINT ( 'NONE',  ( 0.2300000000000000100, 13.96993164062500092, -4.623949218749999091 ) ) ;
#1491 = EDGE_CURVE ( 'NONE', #110, #5872, #827, .T. ) ;
#1492 = EDGE_CURVE ( 'NONE', #10073, #6410, #8501, .T. ) ;
#1493 = EDGE_CURVE ( 'NONE', #5387, #3025, #11383, .T. ) ;
#1494 = ORIENTED_EDGE ( 'NONE', *, *, #4579, .T. ) ;
#1495 = CARTESIAN_POINT ( 'NONE',  ( 0.9149999999999494094, 8.437656666421739615, -6.489999999999999325 ) ) ;
#1496 = DIRECTION ( 'NONE',  ( 0.000000000000000000, 1.000000000000000000, 0.000000000000000000 ) ) ;
#1497 = LINE ( 'NONE', #5302, #9525 ) ;
#1498 = ORIENTED_EDGE ( 'NONE', *, *, #10100, .T. ) ;
#1499 = VERTEX_POINT ( 'NONE', #7502 ) ;
#1500 = DIRECTION ( 'NONE',  ( 6.938893903905686155E-16, 0.000000000000000000, 1.000000000000000000 ) ) ;
#1501 = ORIENTED_EDGE ( 'NONE', *, *, #1492, .F. ) ;
#1502 = CARTESIAN_POINT ( 'NONE',  ( 2.092909233314156570, 8.451785697792477237, -7.766728953996591578 ) ) ;
#1503 = ORIENTED_EDGE ( 'NONE', *, *, #3125, .F. ) ;
#1504 = CARTESIAN_POINT ( 'NONE',  ( -1.814999999999999947, 9.377205983516001098, -3.778469117984000203 ) ) ;
#1505 = DIRECTION ( 'NONE',  ( 1.000000000000000000, 0.000000000000000000, 0.000000000000000000 ) ) ;
#1506 = DIRECTION ( 'NONE',  ( 1.000000000000000000, 0.000000000000000000, 0.000000000000000000 ) ) ;
#1507 = FACE_OUTER_BOUND ( 'NONE', #10201, .T. ) ;
#1508 = ORIENTED_EDGE ( 'NONE', *, *, #8901, .F. ) ;
#1509 = DIRECTION ( 'NONE',  ( 1.000000000000000000, 0.000000000000000000, 0.000000000000000000 ) ) ;
#1510 = ORIENTED_EDGE ( 'NONE', *, *, #5221, .F. ) ;
#1511 = DIRECTION ( 'NONE',  ( 1.000000000000000000, 0.000000000000000000, 0.000000000000000000 ) ) ;
#1512 = FACE_OUTER_BOUND ( 'NONE', #9408, .T. ) ;
#1513 = ORIENTED_EDGE ( 'NONE', *, *, #2377, .F. ) ;
#1514 = PLANE ( 'NONE',  #9366 ) ;
#1515 = CARTESIAN_POINT ( 'NONE',  ( 0.05807693151840863377, 3.017604471445578973, -9.025746127554961973 ) ) ;
#1516 = ADVANCED_FACE ( 'NONE', ( #6760 ), #4878, .F. ) ;
#1517 = EDGE_CURVE ( 'NONE', #8855, #11882, #2741, .T. ) ;
#1518 = CARTESIAN_POINT ( 'NONE',  ( 0.3549999999999999822, 8.419629322895621826, -6.209999999999999964 ) ) ;
#1519 = CARTESIAN_POINT ( 'NONE',  ( -0.6321804546451778029, 8.388299544004214070, -7.493637721036296107 ) ) ;
#1520 = CARTESIAN_POINT ( 'NONE',  ( 5.080000000000000071, 1.100000000000000089, 1.273734666246999936 ) ) ;
#1521 = VECTOR ( 'NONE', #3822, 1000.000000000000000 ) ;
#1522 = VERTEX_POINT ( 'NONE', #11313 ) ;
#1523 = CARTESIAN_POINT ( 'NONE',  ( 4.126062929474906049, -2.510025185181876228, 1.138786509198780994 ) ) ;
#1524 = ORIENTED_EDGE ( 'NONE', *, *, #6640, .T. ) ;
#1525 = DIRECTION ( 'NONE',  ( -1.000000000000000000, 0.000000000000000000, 0.000000000000000000 ) ) ;
#1526 = VERTEX_POINT ( 'NONE', #2929 ) ;
#1527 = DIRECTION ( 'NONE',  ( 0.000000000000000000, 0.000000000000000000, -1.000000000000000000 ) ) ;
#1528 = ORIENTED_EDGE ( 'NONE', *, *, #11929, .T. ) ;
#1529 = AXIS2_PLACEMENT_3D ( 'NONE', #1103, #4904, #7778 ) ;
#1530 = VECTOR ( 'NONE', #9510, 999.9999999999998863 ) ;
#1531 = EDGE_LOOP ( 'NONE', ( #1929, #7116, #2979, #5304 ) ) ;
#1532 = CARTESIAN_POINT ( 'NONE',  ( -4.879999999999999893, 13.02999999999999936, 10.33999999999999986 ) ) ;
#1533 = CARTESIAN_POINT ( 'NONE',  ( 2.185286226975931445, 8.388426839417292058, -7.494185293366174783 ) ) ;
#1534 = LINE ( 'NONE', #5592, #11181 ) ;
#1535 = CARTESIAN_POINT ( 'NONE',  ( -1.814999999999999947, 15.52330609571600029, -4.280245272880000229 ) ) ;
#1536 = DIRECTION ( 'NONE',  ( -1.000000000000000000, 1.110223024624999878E-16, 0.000000000000000000 ) ) ;
#1537 = VECTOR ( 'NONE', #11258, 1000.000000000000000 ) ;
#1538 = AXIS2_PLACEMENT_3D ( 'NONE', #7665, #225, #11473 ) ;
#1539 = ORIENTED_EDGE ( 'NONE', *, *, #4753, .T. ) ;
#1540 = LINE ( 'NONE', #5347, #9704 ) ;
#1541 = EDGE_LOOP ( 'NONE', ( #11869, #2601, #1781, #6437, #10237, #7970 ) ) ;
#1542 = ORIENTED_EDGE ( 'NONE', *, *, #2906, .F. ) ;
#1543 = ORIENTED_EDGE ( 'NONE', *, *, #4870, .T. ) ;
#1544 = DIRECTION ( 'NONE',  ( -1.000000000000000000, 0.000000000000000000, 0.000000000000000000 ) ) ;
#1545 = PLANE ( 'NONE',  #10373 ) ;
#1546 = VECTOR ( 'NONE', #12168, 1000.000000000000000 ) ;
#1547 = DIRECTION ( 'NONE',  ( 0.000000000000000000, 0.000000000000000000, 1.000000000000000000 ) ) ;
#1548 = DIRECTION ( 'NONE',  ( 1.000000000000000000, 0.000000000000000000, 0.000000000000000000 ) ) ;
#1549 = DIRECTION ( 'NONE',  ( 1.000000000000000000, 0.000000000000000000, 0.000000000000000000 ) ) ;
#1550 = ADVANCED_FACE ( 'NONE', ( #3820 ), #9387, .T. ) ;
#1551 = EDGE_CURVE ( 'NONE', #6075, #3880, #1072, .T. ) ;
#1552 = EDGE_CURVE ( 'NONE', #11643, #10668, #3754, .T. ) ;
#1553 = ORIENTED_EDGE ( 'NONE', *, *, #12219, .F. ) ;
#1554 = CARTESIAN_POINT ( 'NONE',  ( -6.540000000000000036, 3.000000000000000000, -10.22999999999999865 ) ) ;
#1555 = VECTOR ( 'NONE', #7489, 1000.000000000000000 ) ;
#1556 = PLANE ( 'NONE',  #5454 ) ;
#1557 = EDGE_CURVE ( 'NONE', #6297, #5602, #2011, .T. ) ;
#1558 = EDGE_CURVE ( 'NONE', #459, #6167, #5818, .T. ) ;
#1559 = LINE ( 'NONE', #5118, #935 ) ;
#1560 = VERTEX_POINT ( 'NONE', #5642 ) ;
#1561 = EDGE_CURVE ( 'NONE', #6266, #7263, #8682, .T. ) ;
#1562 = ORIENTED_EDGE ( 'NONE', *, *, #8840, .F. ) ;
#1563 = CARTESIAN_POINT ( 'NONE',  ( -7.900000000000000355, 13.15000000000000036, 8.789999999999999147 ) ) ;
#1564 = ORIENTED_EDGE ( 'NONE', *, *, #3717, .T. ) ;
#1565 = CARTESIAN_POINT ( 'NONE',  ( -0.2349999999999999867, 15.79999999999954774, 5.159999999999999254 ) ) ;
#1566 = ORIENTED_EDGE ( 'NONE', *, *, #11848, .T. ) ;
#1567 = DIRECTION ( 'NONE',  ( 0.000000000000000000, -0.9999999999995716760, 9.255439220693158304E-07 ) ) ;
#1568 = CARTESIAN_POINT ( 'NONE',  ( 1.810000000000000053, 14.09999999999999964, -6.349999999999999645 ) ) ;
#1569 = CARTESIAN_POINT ( 'NONE',  ( 4.859999999999999432, 9.621583200067000519, -8.893901186768999878 ) ) ;
#1570 = VECTOR ( 'NONE', #1302, 1000.000000000000000 ) ;
#1571 = LINE ( 'NONE', #11418, #7166 ) ;
#1572 = AXIS2_PLACEMENT_3D ( 'NONE', #3457, #8020, #5096 ) ;
#1573 = EDGE_LOOP ( 'NONE', ( #2513, #10637, #2355, #6341 ) ) ;
#1574 = DIRECTION ( 'NONE',  ( -0.000000000000000000, 1.000000000000000000, -0.000000000000000000 ) ) ;
#1575 = VERTEX_POINT ( 'NONE', #76 ) ;
#1576 = LINE ( 'NONE', #11124, #10219 ) ;
#1577 = ORIENTED_EDGE ( 'NONE', *, *, #8727, .F. ) ;
#1578 = DIRECTION ( 'NONE',  ( 0.000000000000000000, -0.9381440673623764326, 0.3462451571831393071 ) ) ;
#1579 = ORIENTED_EDGE ( 'NONE', *, *, #1491, .F. ) ;
#1580 = DIRECTION ( 'NONE',  ( 1.000000000000000000, 0.000000000000000000, 0.000000000000000000 ) ) ;
#1581 = CARTESIAN_POINT ( 'NONE',  ( -0.7900000000000000355, 14.08947998063599982, -6.210395812409999827 ) ) ;
#1582 = CIRCLE ( 'NONE', #4565, 1.363702780452000107 ) ;
#1583 = PLANE ( 'NONE',  #4999 ) ;
#1584 = DIRECTION ( 'NONE',  ( 0.000000000000000000, 0.000000000000000000, 1.000000000000000000 ) ) ;
#1585 = LINE ( 'NONE', #8199, #5777 ) ;
#1586 = ORIENTED_EDGE ( 'NONE', *, *, #2464, .T. ) ;
#1587 = VECTOR ( 'NONE', #3272, 1000.000000000000000 ) ;
#1588 = ORIENTED_EDGE ( 'NONE', *, *, #1640, .F. ) ;
#1589 = AXIS2_PLACEMENT_3D ( 'NONE', #6646, #13, #130 ) ;
#1590 = CARTESIAN_POINT ( 'NONE',  ( 2.220000000000000195, 13.08000000000000007, 6.119999999999999218 ) ) ;
#1591 = EDGE_CURVE ( 'NONE', #4661, #11521, #9381, .T. ) ;
#1592 = ORIENTED_EDGE ( 'NONE', *, *, #1819, .F. ) ;
#1593 = CARTESIAN_POINT ( 'NONE',  ( 2.220000000000000195, 13.08000000000000007, -0.3649999999999998801 ) ) ;
#1594 = DIRECTION ( 'NONE',  ( 0.000000000000000000, 1.000000000000000000, 0.000000000000000000 ) ) ;
#1595 = VERTEX_POINT ( 'NONE', #888 ) ;
#1596 = VERTEX_POINT ( 'NONE', #129 ) ;
#1597 = DIRECTION ( 'NONE',  ( 0.000000000000000000, 1.000000000000000000, 0.000000000000000000 ) ) ;
#1598 = DIRECTION ( 'NONE',  ( 0.000000000000000000, 0.000000000000000000, -1.000000000000000000 ) ) ;
#1599 =( BOUNDED_SURFACE ( )  B_SPLINE_SURFACE ( 1, 3, ( 
 ( #4685, #12298, #8357, #5555 ),
 ( #4749, #7549, #11364, #12365 ) ),
 .UNSPECIFIED., .F., .F., .F. ) 
 B_SPLINE_SURFACE_WITH_KNOTS ( ( 2, 2 ),
 ( 4, 4 ),
 ( 0.000000000000000000, 1.000000000000000000 ),
 ( 0.000000000000000000, 1.000000000000000000 ),
 .UNSPECIFIED. ) 
 GEOMETRIC_REPRESENTATION_ITEM ( )  RATIONAL_B_SPLINE_SURFACE ( (
 ( 1.000000000000000000, 0.9915412068257637435, 0.9915412068257637435, 1.000000000000000000),
 ( 1.000000000000000000, 0.9915412068257637435, 0.9915412068257637435, 1.000000000000000000) ) ) 
 REPRESENTATION_ITEM ( '' )  SURFACE ( )  );
#1600 = DIRECTION ( 'NONE',  ( 0.000000000000000000, 0.000000000000000000, 1.000000000000000000 ) ) ;
#1601 = AXIS2_PLACEMENT_3D ( 'NONE', #2348, #7171, #1549 ) ;
#1602 = CARTESIAN_POINT ( 'NONE',  ( -0.7899999999999999245, 13.48008363145958022, 5.148121114438890977 ) ) ;
#1603 = FACE_OUTER_BOUND ( 'NONE', #1299, .T. ) ;
#1604 = VECTOR ( 'NONE', #10270, 1000.000000000000000 ) ;
#1605 = ADVANCED_FACE ( 'NONE', ( #6701 ), #10447, .T. ) ;
#1606 = ORIENTED_EDGE ( 'NONE', *, *, #3984, .T. ) ;
#1607 = AXIS2_PLACEMENT_3D ( 'NONE', #5961, #9774, #5041 ) ;
#1608 = LINE ( 'NONE', #3525, #7314 ) ;
#1609 = ADVANCED_FACE ( 'NONE', ( #9567 ), #10498, .T. ) ;
#1610 = VECTOR ( 'NONE', #2887, 1000.000000000000000 ) ;
#1611 = ORIENTED_EDGE ( 'NONE', *, *, #12274, .T. ) ;
#1612 = VECTOR ( 'NONE', #9128, 1000.000000000000000 ) ;
#1613 = ORIENTED_EDGE ( 'NONE', *, *, #4981, .T. ) ;
#1614 = VERTEX_POINT ( 'NONE', #7746 ) ;
#1615 = CARTESIAN_POINT ( 'NONE',  ( -0.9150000000000000355, -3.700000000000000178, -9.029999999999999361 ) ) ;
#1616 = CARTESIAN_POINT ( 'NONE',  ( -0.3549039350002196058, 8.428576661386330215, -7.771545531240994897 ) ) ;
#1617 = DIRECTION ( 'NONE',  ( 1.000000000000000000, 0.000000000000000000, 0.000000000000000000 ) ) ;
#1618 = CARTESIAN_POINT ( 'NONE',  ( -1.810000000000000053, 15.80000000000000071, 5.159999999999999254 ) ) ;
#1619 = PLANE ( 'NONE',  #6784 ) ;
#1620 = VECTOR ( 'NONE', #308, 1000.000000000000000 ) ;
#1621 = CIRCLE ( 'NONE', #6993, 1.363702780452000107 ) ;
#1622 = CIRCLE ( 'NONE', #5604, 0.2599999999999997868 ) ;
#1623 = EDGE_CURVE ( 'NONE', #9266, #10030, #11621, .T. ) ;
#1624 = CARTESIAN_POINT ( 'NONE',  ( -0.7900000000000000355, 14.07605394207246796, -6.211894583666930814 ) ) ;
#1625 = DIRECTION ( 'NONE',  ( -0.0009015507420255260791, -0.2288884867901084808, 0.9734522319154618186 ) ) ;
#1626 = EDGE_CURVE ( 'NONE', #8084, #6036, #1214, .T. ) ;
#1627 = DIRECTION ( 'NONE',  ( -1.000000000000000000, -0.000000000000000000, -0.000000000000000000 ) ) ;
#1628 = VERTEX_POINT ( 'NONE', #7066 ) ;
#1629 = AXIS2_PLACEMENT_3D ( 'NONE', #7186, #8171, #11052 ) ;
#1630 = ORIENTED_EDGE ( 'NONE', *, *, #6252, .F. ) ;
#1631 = CARTESIAN_POINT ( 'NONE',  ( -1.199999999999999956, 15.45000000000000107, -0.3649999999999989919 ) ) ;
#1632 = EDGE_LOOP ( 'NONE', ( #10069, #8511, #9542, #4829 ) ) ;
#1633 = LINE ( 'NONE', #4436, #3808 ) ;
#1634 = ORIENTED_EDGE ( 'NONE', *, *, #6462, .T. ) ;
#1635 = DIRECTION ( 'NONE',  ( 1.000000000000000000, 0.000000000000000000, 0.000000000000000000 ) ) ;
#1636 = CARTESIAN_POINT ( 'NONE',  ( 1.804999999999999938, 9.122794016484000679, -3.661530882016000188 ) ) ;
#1637 = CARTESIAN_POINT ( 'NONE',  ( 1.810000000000000053, 15.80000000000000071, -4.234997608641000610 ) ) ;
#1638 = EDGE_CURVE ( 'NONE', #5666, #11599, #4178, .T. ) ;
#1639 = EDGE_CURVE ( 'NONE', #7512, #3484, #1194, .T. ) ;
#1640 = EDGE_CURVE ( 'NONE', #8404, #3939, #309, .T. ) ;
#1641 = VECTOR ( 'NONE', #11106, 1000.000000000000000 ) ;
#1642 = CARTESIAN_POINT ( 'NONE',  ( 1.625000000000000000, 1.100000000000000089, -8.750000000000000000 ) ) ;
#1643 = EDGE_CURVE ( 'NONE', #7678, #8062, #10803, .T. ) ;
#1644 = ORIENTED_EDGE ( 'NONE', *, *, #5207, .F. ) ;
#1645 = CARTESIAN_POINT ( 'NONE',  ( -0.1800000000000000211, 15.69999999999999929, 6.119999999999999218 ) ) ;
#1646 = ORIENTED_EDGE ( 'NONE', *, *, #7329, .T. ) ;
#1647 = FACE_OUTER_BOUND ( 'NONE', #8367, .T. ) ;
#1648 = ORIENTED_EDGE ( 'NONE', *, *, #12324, .T. ) ;
#1649 = LINE ( 'NONE', #886, #11186 ) ;
#1650 = CARTESIAN_POINT ( 'NONE',  ( -4.859999999999999432, 8.474999999999999645, -6.040000000000000036 ) ) ;
#1651 = DIRECTION ( 'NONE',  ( -1.000000000000000000, -2.676873359316999777E-17, 1.195032749694999960E-16 ) ) ;
#1652 = AXIS2_PLACEMENT_3D ( 'NONE', #1889, #5813, #941 ) ;
#1653 = DIRECTION ( 'NONE',  ( 1.000000000000000000, -1.110223024624999878E-16, 0.000000000000000000 ) ) ;
#1654 = DIRECTION ( 'NONE',  ( -1.000000000000000000, 0.000000000000000000, 0.000000000000000000 ) ) ;
#1655 = ORIENTED_EDGE ( 'NONE', *, *, #3374, .F. ) ;
#1656 = ADVANCED_FACE ( 'NONE', ( #5009 ), #1315, .T. ) ;
#1657 = CARTESIAN_POINT ( 'NONE',  ( 4.534911016226295999, -3.166092078129098653, 1.248337023870826012 ) ) ;
#1658 = VECTOR ( 'NONE', #5435, 1000.000000000000000 ) ;
#1659 = VERTEX_POINT ( 'NONE', #11804 ) ;
#1660 = AXIS2_PLACEMENT_3D ( 'NONE', #10121, #751, #8244 ) ;
#1661 = CARTESIAN_POINT ( 'NONE',  ( -0.8400000000000000799, 13.08000000000000007, 6.119999999999999218 ) ) ;
#1662 = CARTESIAN_POINT ( 'NONE',  ( -2.150948855074999333, 8.553825112320000201, -6.490000000000000213 ) ) ;
#1663 = EDGE_CURVE ( 'NONE', #7952, #5519, #6878, .T. ) ;
#1664 = VERTEX_POINT ( 'NONE', #189 ) ;
#1665 = ORIENTED_EDGE ( 'NONE', *, *, #5745, .F. ) ;
#1666 = DIRECTION ( 'NONE',  ( -0.002035179714899355233, 0.1139592633099640318, -0.9934833387376852398 ) ) ;
#1667 = CYLINDRICAL_SURFACE ( 'NONE', #3388, 0.2599999999999997868 ) ;
#1668 = DIRECTION ( 'NONE',  ( -0.000000000000000000, -1.000000000000000000, -0.000000000000000000 ) ) ;
#1669 = DIRECTION ( 'NONE',  ( -0.9999997611657125418, 7.876147520045735325E-05, -0.0006866331974529027394 ) ) ;
#1670 = LINE ( 'NONE', #2701, #980 ) ;
#1671 = AXIS2_PLACEMENT_3D ( 'NONE', #3214, #10843, #9091 ) ;
#1672 = VECTOR ( 'NONE', #10828, 1000.000000000000000 ) ;
#1673 = ORIENTED_EDGE ( 'NONE', *, *, #2058, .F. ) ;
#1674 = CARTESIAN_POINT ( 'NONE',  ( 8.751918340712878219, 13.08000000000000007, -5.620000000000000107 ) ) ;
#1675 = ORIENTED_EDGE ( 'NONE', *, *, #8740, .T. ) ;
#1676 = ORIENTED_EDGE ( 'NONE', *, *, #8878, .T. ) ;
#1677 =( BOUNDED_SURFACE ( )  B_SPLINE_SURFACE ( 1, 3, ( 
 ( #9596, #1041, #9653, #4852 ),
 ( #1100, #4901, #9708, #12026 ) ),
 .UNSPECIFIED., .F., .F., .F. ) 
 B_SPLINE_SURFACE_WITH_KNOTS ( ( 2, 2 ),
 ( 4, 4 ),
 ( 0.000000000000000000, 1.000000000000000000 ),
 ( 0.000000000000000000, 1.000000000000000000 ),
 .UNSPECIFIED. ) 
 GEOMETRIC_REPRESENTATION_ITEM ( )  RATIONAL_B_SPLINE_SURFACE ( (
 ( 1.000000000000000000, 0.9982450957397747127, 0.9982450957397747127, 1.000000000000000000),
 ( 1.000000000000000000, 0.9982450957397747127, 0.9982450957397747127, 1.000000000000000000) ) ) 
 REPRESENTATION_ITEM ( '' )  SURFACE ( )  );
#1678 = EDGE_CURVE ( 'NONE', #9320, #6963, #7931, .T. ) ;
#1679 = VERTEX_POINT ( 'NONE', #10675 ) ;
#1680 = DIRECTION ( 'NONE',  ( 5.421010862429298840E-20, -0.9740264650302337124, -0.2264341966680544216 ) ) ;
#1681 = FACE_OUTER_BOUND ( 'NONE', #4757, .T. ) ;
#1682 = CARTESIAN_POINT ( 'NONE',  ( 1.810000000000000053, 15.80000000000000071, 5.159999999999999254 ) ) ;
#1683 =( NAMED_UNIT ( * ) PLANE_ANGLE_UNIT ( ) SI_UNIT ( $, .RADIAN. ) );
#1684 = EDGE_CURVE ( 'NONE', #1239, #261, #2121, .T. ) ;
#1685 = EDGE_CURVE ( 'NONE', #8545, #6186, #10220, .T. ) ;
#1686 = LINE ( 'NONE', #5483, #7703 ) ;
#1687 = PLANE ( 'NONE',  #254 ) ;
#1688 = CARTESIAN_POINT ( 'NONE',  ( -4.859999999999999432, 9.621583200067000519, -8.893901186768999878 ) ) ;
#1689 = ORIENTED_EDGE ( 'NONE', *, *, #686, .F. ) ;
#1690 = CARTESIAN_POINT ( 'NONE',  ( -1.860000000000000098, 15.69999999999999929, -5.620000000000000107 ) ) ;
#1691 = EDGE_LOOP ( 'NONE', ( #11293, #6685, #5912, #12119 ) ) ;
#1692 = CARTESIAN_POINT ( 'NONE',  ( -5.599999999999999645, 0.000000000000000000, -10.22999999999999865 ) ) ;
#1693 = ORIENTED_EDGE ( 'NONE', *, *, #9288, .F. ) ;
#1694 = CARTESIAN_POINT ( 'NONE',  ( 0.7900000000000000355, 14.52999999999999936, -6.299999999999999822 ) ) ;
#1695 = CARTESIAN_POINT ( 'NONE',  ( -0.9135032953559335533, 8.483334528287278076, -7.759184691648075116 ) ) ;
#1696 = CARTESIAN_POINT ( 'NONE',  ( -1.250000000000000000, 14.28619153674800124, -4.603223830734999744 ) ) ;
#1697 = AXIS2_PLACEMENT_3D ( 'NONE', #9006, #11635, #2137 ) ;
#1698 = CARTESIAN_POINT ( 'NONE',  ( 1.630287381003000080, 2.983875291799000351, -8.749426706754999117 ) ) ;
#1699 = ORIENTED_EDGE ( 'NONE', *, *, #10083, .T. ) ;
#1700 = CARTESIAN_POINT ( 'NONE',  ( 1.250001238655443103, 9.131410364051221862, -7.606433436794620917 ) ) ;
#1701 = ORIENTED_EDGE ( 'NONE', *, *, #12077, .T. ) ;
#1702 = CARTESIAN_POINT ( 'NONE',  ( -0.9149035436924597420, 3.800000000000121503, -8.848343981869064123 ) ) ;
#1703 = ORIENTED_EDGE ( 'NONE', *, *, #1251, .T. ) ;
#1704 = CARTESIAN_POINT ( 'NONE',  ( -0.2300000000000000100, 9.122794016484000679, -3.661530882016000188 ) ) ;
#1705 = DIRECTION ( 'NONE',  ( -0.000000000000000000, 1.000000000000000000, 0.000000000000000000 ) ) ;
#1706 = ORIENTED_EDGE ( 'NONE', *, *, #416, .T. ) ;
#1707 = CARTESIAN_POINT ( 'NONE',  ( -6.540000000000000036, 14.52999999999999936, -6.299999999999999822 ) ) ;
#1708 = CARTESIAN_POINT ( 'NONE',  ( -6.948513531309000513, 8.234999999999999432, 8.789999999999999147 ) ) ;
#1709 = CARTESIAN_POINT ( 'NONE',  ( 0.2300000000000000100, 9.099999999999999645, -6.490000000000000213 ) ) ;
#1710 = EDGE_CURVE ( 'NONE', #1664, #10035, #5934, .T. ) ;
#1711 = EDGE_CURVE ( 'NONE', #3930, #4505, #7865, .T. ) ;
#1712 = ORIENTED_EDGE ( 'NONE', *, *, #174, .F. ) ;
#1713 = CARTESIAN_POINT ( 'NONE',  ( -2.880000000000000338, 15.69999999999999929, 6.119999999999999218 ) ) ;
#1714 = ORIENTED_EDGE ( 'NONE', *, *, #6823, .T. ) ;
#1715 = LINE ( 'NONE', #1593, #3238 ) ;
#1716 = ORIENTED_EDGE ( 'NONE', *, *, #6596, .F. ) ;
#1717 = DIRECTION ( 'NONE',  ( 0.000000000000000000, -1.000000000000000000, 0.000000000000000000 ) ) ;
#1718 = EDGE_LOOP ( 'NONE', ( #5814, #3841, #2983, #2750 ) ) ;
#1719 = FACE_OUTER_BOUND ( 'NONE', #8426, .T. ) ;
#1720 = ADVANCED_FACE ( 'NONE', ( #4055 ), #3105, .F. ) ;
#1721 = EDGE_CURVE ( 'NONE', #10307, #5663, #3237, .T. ) ;
#1722 = ORIENTED_EDGE ( 'NONE', *, *, #5673, .F. ) ;
#1723 = CARTESIAN_POINT ( 'NONE',  ( 6.540000000000000036, 1.100000000000000089, -10.22999999999999865 ) ) ;
#1724 = DIRECTION ( 'NONE',  ( -1.000000000000000000, 0.000000000000000000, 0.000000000000000000 ) ) ;
#1725 = CARTESIAN_POINT ( 'NONE',  ( -0.7900000000000000355, 13.22059501705500217, 5.253684953371999811 ) ) ;
#1726 = CARTESIAN_POINT ( 'NONE',  ( -0.9150000000000000355, 7.058817561802944063, -10.22999999999999865 ) ) ;
#1727 = CARTESIAN_POINT ( 'NONE',  ( 0.2349806637680000032, 9.047422773956000697, -6.209999999999999964 ) ) ;
#1728 = VERTEX_POINT ( 'NONE', #5452 ) ;
#1729 = CIRCLE ( 'NONE', #11486, 0.1399999999999995137 ) ;
#1730 = DIRECTION ( 'NONE',  ( 1.000000000000000000, 0.000000000000000000, 0.000000000000000000 ) ) ;
#1731 = ORIENTED_EDGE ( 'NONE', *, *, #9801, .F. ) ;
#1732 = VECTOR ( 'NONE', #3906, 1000.000000000000000 ) ;
#1733 = ORIENTED_EDGE ( 'NONE', *, *, #10342, .F. ) ;
#1734 = ORIENTED_EDGE ( 'NONE', *, *, #9046, .T. ) ;
#1735 = LINE ( 'NONE', #7415, #11136 ) ;
#1736 = CARTESIAN_POINT ( 'NONE',  ( -4.819999999999999396, -3.600000000000000089, 1.273734666247000158 ) ) ;
#1737 = DIRECTION ( 'NONE',  ( -1.000000000000000000, 0.000000000000000000, 0.000000000000000000 ) ) ;
#1738 = CARTESIAN_POINT ( 'NONE',  ( -4.819999999999999396, -0.7200000000000000844, -1.324726386843269044 ) ) ;
#1739 = DIRECTION ( 'NONE',  ( -1.000000000000000000, -0.000000000000000000, -0.000000000000000000 ) ) ;
#1740 = VECTOR ( 'NONE', #8893, 1000.000000000000000 ) ;
#1741 = VECTOR ( 'NONE', #12218, 1000.000000000000000 ) ;
#1742 = ADVANCED_FACE ( 'NONE', ( #4642 ), #7562, .F. ) ;
#1743 = CARTESIAN_POINT ( 'NONE',  ( 5.527325384929412166, -3.200000000000831513, 1.273734666246370884 ) ) ;
#1744 = CARTESIAN_POINT ( 'NONE',  ( -0.8174575266436664434, 8.388328350378687404, -7.493761634169235464 ) ) ;
#1745 = VECTOR ( 'NONE', #454, 1000.000000000000000 ) ;
#1746 = EDGE_CURVE ( 'NONE', #5667, #54, #1893, .T. ) ;
#1747 = FACE_OUTER_BOUND ( 'NONE', #8904, .T. ) ;
#1748 = ORIENTED_EDGE ( 'NONE', *, *, #11438, .T. ) ;
#1749 = AXIS2_PLACEMENT_3D ( 'NONE', #7651, #4668, #2891 ) ;
#1750 = CARTESIAN_POINT ( 'NONE',  ( 0.3549999999999999822, 8.393475476741999231, -6.209999999999999964 ) ) ;
#1751 = ORIENTED_EDGE ( 'NONE', *, *, #2762, .F. ) ;
#1752 = PLANE ( 'NONE',  #8382 ) ;
#1753 = ORIENTED_EDGE ( 'NONE', *, *, #3607, .T. ) ;
#1754 = DIRECTION ( 'NONE',  ( 0.000000000000000000, 0.6817255992298820733, -0.7316079601498730600 ) ) ;
#1755 = CARTESIAN_POINT ( 'NONE',  ( -0.9099038053469999943, 3.000000000000000000, -9.030192224292999725 ) ) ;
#1756 = CARTESIAN_POINT ( 'NONE',  ( -0.7900000000000000355, 13.96993164062500092, -4.623949218749999091 ) ) ;
#1757 = AXIS2_PLACEMENT_3D ( 'NONE', #10487, #2915, #7553 ) ;
#1758 = EDGE_CURVE ( 'NONE', #1963, #3355, #9253, .T. ) ;
#1759 = DIRECTION ( 'NONE',  ( 0.000000000000000000, 1.000000000000000000, 0.000000000000000000 ) ) ;
#1760 = EDGE_CURVE ( 'NONE', #7543, #2819, #4760, .T. ) ;
#1761 = VERTEX_POINT ( 'NONE', #12189 ) ;
#1762 = FACE_OUTER_BOUND ( 'NONE', #9248, .T. ) ;
#1763 = ORIENTED_EDGE ( 'NONE', *, *, #11636, .F. ) ;
#1764 = CARTESIAN_POINT ( 'NONE',  ( -0.1799999999999961353, 15.11999999999999922, -0.3649999999999998801 ) ) ;
#1765 = EDGE_LOOP ( 'NONE', ( #9788, #8308, #5536, #7858 ) ) ;
#1766 = CARTESIAN_POINT ( 'NONE',  ( 1.250000000000000000, 14.49800950369600017, 4.776298838437000427 ) ) ;
#1767 = LINE ( 'NONE', #12315, #4374 ) ;
#1768 = ORIENTED_EDGE ( 'NONE', *, *, #4135, .T. ) ;
#1769 = CARTESIAN_POINT ( 'NONE',  ( 1.250000000000000000, 14.00000000000000000, -6.228930666691000262 ) ) ;
#1770 = DIRECTION ( 'NONE',  ( 1.000000000000000000, 0.000000000000000000, -1.224646799146999945E-16 ) ) ;
#1771 = LINE ( 'NONE', #8316, #4161 ) ;
#1772 = VECTOR ( 'NONE', #4966, 999.9999999999998863 ) ;
#1773 = CYLINDRICAL_SURFACE ( 'NONE', #5115, 1.363702780452000107 ) ;
#1774 = EDGE_LOOP ( 'NONE', ( #4217, #8105, #10144, #7706 ) ) ;
#1775 = DIRECTION ( 'NONE',  ( -1.000000000000000000, 0.000000000000000000, 0.000000000000000000 ) ) ;
#1776 = ORIENTED_EDGE ( 'NONE', *, *, #8397, .F. ) ;
#1777 = CARTESIAN_POINT ( 'NONE',  ( -0.7900000000000000355, 13.96993164062500092, -4.623949218749999091 ) ) ;
#1778 = VERTEX_POINT ( 'NONE', #11193 ) ;
#1779 = AXIS2_PLACEMENT_3D ( 'NONE', #591, #7285, #6529 ) ;
#1780 = LINE ( 'NONE', #3765, #1402 ) ;
#1781 = ORIENTED_EDGE ( 'NONE', *, *, #2018, .T. ) ;
#1782 = FACE_OUTER_BOUND ( 'NONE', #1371, .T. ) ;
#1783 = EDGE_CURVE ( 'NONE', #9990, #11341, #1621, .T. ) ;
#1784 = EDGE_CURVE ( 'NONE', #7669, #11448, #2621, .T. ) ;
#1785 = ORIENTED_EDGE ( 'NONE', *, *, #1435, .T. ) ;
#1786 = CARTESIAN_POINT ( 'NONE',  ( 4.859999999999999432, 8.474999999999999645, -6.040000000000000036 ) ) ;
#1787 = DIRECTION ( 'NONE',  ( 0.000000000000000000, 0.000000000000000000, 1.000000000000000000 ) ) ;
#1788 = CARTESIAN_POINT ( 'NONE',  ( 2.189999999999999947, 2.299999999999999822, -9.029999999999999361 ) ) ;
#1789 = FACE_OUTER_BOUND ( 'NONE', #7252, .T. ) ;
#1790 = PLANE ( 'NONE',  #7359 ) ;
#1791 = AXIS2_PLACEMENT_3D ( 'NONE', #2434, #5613, #558 ) ;
#1792 = ADVANCED_FACE ( 'NONE', ( #5502 ), #3688, .F. ) ;
#1793 = EDGE_CURVE ( 'NONE', #8589, #9904, #1421, .T. ) ;
#1794 = ORIENTED_EDGE ( 'NONE', *, *, #4536, .F. ) ;
#1795 = DIRECTION ( 'NONE',  ( 1.000000000000000000, 0.000000000000000000, 0.000000000000000000 ) ) ;
#1796 = ORIENTED_EDGE ( 'NONE', *, *, #10631, .T. ) ;
#1797 = ORIENTED_EDGE ( 'NONE', *, *, #7492, .T. ) ;
#1798 = ADVANCED_FACE ( 'NONE', ( #9311 ), #7321, .F. ) ;
#1799 = VECTOR ( 'NONE', #3536, 1000.000000000000000 ) ;
#1800 = ORIENTED_EDGE ( 'NONE', *, *, #7113, .F. ) ;
#1801 = AXIS2_PLACEMENT_3D ( 'NONE', #9539, #105, #10595 ) ;
#1802 = CARTESIAN_POINT ( 'NONE',  ( 8.751918340712878219, 15.45000000000000107, -0.3649999999999989919 ) ) ;
#1803 = DIRECTION ( 'NONE',  ( -1.000000000000000000, 0.000000000000000000, 0.000000000000000000 ) ) ;
#1804 = LINE ( 'NONE', #2531, #9887 ) ;
#1805 =( NAMED_UNIT ( * ) SI_UNIT ( $, .STERADIAN. ) SOLID_ANGLE_UNIT ( ) );
#1806 = LINE ( 'NONE', #9478, #11158 ) ;
#1807 = AXIS2_PLACEMENT_3D ( 'NONE', #3153, #10846, #2231 ) ;
#1808 = AXIS2_PLACEMENT_3D ( 'NONE', #1707, #7325, #4318 ) ;
#1809 = VECTOR ( 'NONE', #2636, 1000.000000000000000 ) ;
#1810 = DIRECTION ( 'NONE',  ( 0.000000000000000000, 0.000000000000000000, -1.000000000000000000 ) ) ;
#1811 = ORIENTED_EDGE ( 'NONE', *, *, #10560, .T. ) ;
#1812 = CARTESIAN_POINT ( 'NONE',  ( -0.7900000000000000355, 15.52000000000000135, -4.250000000000000000 ) ) ;
#1813 = EDGE_CURVE ( 'NONE', #7612, #8072, #6500, .T. ) ;
#1814 = DIRECTION ( 'NONE',  ( 0.000000000000000000, 0.000000000000000000, 1.000000000000000000 ) ) ;
#1815 = ORIENTED_EDGE ( 'NONE', *, *, #11636, .T. ) ;
#1816 = CARTESIAN_POINT ( 'NONE',  ( 2.190286205994000035, 3.000000000000000000, -8.746855923060998350 ) ) ;
#1817 = ORIENTED_EDGE ( 'NONE', *, *, #1065, .T. ) ;
#1818 = DIRECTION ( 'NONE',  ( 0.000000000000000000, 0.000000000000000000, 1.000000000000000000 ) ) ;
#1819 = EDGE_CURVE ( 'NONE', #10030, #1279, #4700, .T. ) ;
#1820 = LINE ( 'NONE', #1880, #2026 ) ;
#1821 = VECTOR ( 'NONE', #1448, 1000.000000000000000 ) ;
#1822 = CARTESIAN_POINT ( 'NONE',  ( -2.514999999999999680, 14.97186046511600033, -5.070000000000000284 ) ) ;
#1823 = CARTESIAN_POINT ( 'NONE',  ( 2.190286205994000035, 8.388429158692998655, -7.494195269932999892 ) ) ;
#1824 = AXIS2_PLACEMENT_3D ( 'NONE', #1069, #3993, #6054 ) ;
#1825 = EDGE_CURVE ( 'NONE', #6167, #6407, #11381, .T. ) ;
#1826 = VECTOR ( 'NONE', #1179, 1000.000000000000000 ) ;
#1827 = LINE ( 'NONE', #12183, #8628 ) ;
#1828 = EDGE_LOOP ( 'NONE', ( #637, #7837, #4983, #896 ) ) ;
#1829 = ORIENTED_EDGE ( 'NONE', *, *, #4954, .T. ) ;
#1830 = DIRECTION ( 'NONE',  ( 0.000000000000000000, 0.000000000000000000, 1.000000000000000000 ) ) ;
#1831 = EDGE_LOOP ( 'NONE', ( #1236, #7846, #4601, #11681 ) ) ;
#1832 = DIRECTION ( 'NONE',  ( 0.000000000000000000, 1.000000000000000000, 0.000000000000000000 ) ) ;
#1833 = CARTESIAN_POINT ( 'NONE',  ( 0.2300000000000000100, 15.79293969097799888, 5.203898047366000590 ) ) ;
#1834 = DIRECTION ( 'NONE',  ( 0.000000000000000000, 0.000000000000000000, 1.000000000000000000 ) ) ;
#1835 = VECTOR ( 'NONE', #8408, 1000.000000000000000 ) ;
#1836 = FACE_OUTER_BOUND ( 'NONE', #10344, .T. ) ;
#1837 = ADVANCED_FACE ( 'NONE', ( #11254 ), #10194, .F. ) ;
#1838 = EDGE_CURVE ( 'NONE', #5597, #2708, #1649, .T. ) ;
#1839 = CARTESIAN_POINT ( 'NONE',  ( -2.220000000000000195, 15.11999999999999922, 4.890000000000000568 ) ) ;
#1840 = ORIENTED_EDGE ( 'NONE', *, *, #5230, .F. ) ;
#1841 = LINE ( 'NONE', #9453, #4115 ) ;
#1842 = EDGE_LOOP ( 'NONE', ( #9077, #7990, #6299, #4142 ) ) ;
#1843 = CARTESIAN_POINT ( 'NONE',  ( -1.289051144925000170, 8.966174887680001149, -6.209999999999999964 ) ) ;
#1844 = LINE ( 'NONE', #4711, #9184 ) ;
#1845 = ORIENTED_EDGE ( 'NONE', *, *, #12274, .F. ) ;
#1846 = CARTESIAN_POINT ( 'NONE',  ( 0.7900000000000000355, 14.09999999999999964, -6.209999999999999964 ) ) ;
#1847 = VECTOR ( 'NONE', #9578, 1000.000000000000000 ) ;
#1848 = VERTEX_POINT ( 'NONE', #8373 ) ;
#1849 = DIRECTION ( 'NONE',  ( -1.000000000000000000, 0.000000000000000000, 0.000000000000000000 ) ) ;
#1850 = FACE_OUTER_BOUND ( 'NONE', #6041, .T. ) ;
#1851 = DIRECTION ( 'NONE',  ( 0.000000000000000000, 0.000000000000000000, 1.000000000000000000 ) ) ;
#1852 = DIRECTION ( 'NONE',  ( 0.000000000000000000, -0.9758182935088373089, -0.2185832977459636062 ) ) ;
#1853 = DIRECTION ( 'NONE',  ( -1.000000000000000000, -0.000000000000000000, -0.000000000000000000 ) ) ;
#1854 = VECTOR ( 'NONE', #5740, 1000.000000000000000 ) ;
#1855 = AXIS2_PLACEMENT_3D ( 'NONE', #242, #6811, #10727 ) ;
#1856 = EDGE_LOOP ( 'NONE', ( #2575, #9442, #7346, #7164 ) ) ;
#1857 = DIRECTION ( 'NONE',  ( 0.1877758073010515338, -0.9822119151142680860, -3.697785493224010661E-32 ) ) ;
#1858 = VERTEX_POINT ( 'NONE', #3632 ) ;
#1859 = VERTEX_POINT ( 'NONE', #8498 ) ;
#1860 = VERTEX_POINT ( 'NONE', #7444 ) ;
#1861 = CARTESIAN_POINT ( 'NONE',  ( -1.810000000000000053, 13.48134016943098246, 5.151525677994007069 ) ) ;
#1862 = DIRECTION ( 'NONE',  ( 0.000000000000000000, 0.000000000000000000, 1.000000000000000000 ) ) ;
#1863 = EDGE_CURVE ( 'NONE', #5289, #6780, #8439, .T. ) ;
#1864 = FACE_OUTER_BOUND ( 'NONE', #5654, .T. ) ;
#1865 = EDGE_CURVE ( 'NONE', #9999, #3545, #6568, .T. ) ;
#1866 = DIRECTION ( 'NONE',  ( -0.001995317767305045380, 0.000000000000000000, -0.9999980093515223878 ) ) ;
#1867 = VECTOR ( 'NONE', #10948, 1000.000000000000114 ) ;
#1868 = FILL_AREA_STYLE_COLOUR ( '', #11166 ) ;
#1869 = CARTESIAN_POINT ( 'NONE',  ( -1.289051144925000170, 8.966174887680001149, -6.490000000000000213 ) ) ;
#1870 = EDGE_CURVE ( 'NONE', #7221, #10057, #6639, .T. ) ;
#1871 = ADVANCED_FACE ( 'NONE', ( #250 ), #5932, .T. ) ;
#1872 = DIRECTION ( 'NONE',  ( 0.000000000000000000, 0.9763850306004407953, 0.2160376634278763919 ) ) ;
#1873 = ORIENTED_EDGE ( 'NONE', *, *, #6118, .T. ) ;
#1874 = ORIENTED_EDGE ( 'NONE', *, *, #715, .T. ) ;
#1875 = CARTESIAN_POINT ( 'NONE',  ( -6.540000000000000036, 16.00000000000000000, -4.639999999999999680 ) ) ;
#1876 = ORIENTED_EDGE ( 'NONE', *, *, #1082, .F. ) ;
#1877 = DIRECTION ( 'NONE',  ( -1.000000000000000000, -0.000000000000000000, -0.000000000000000000 ) ) ;
#1878 = VERTEX_POINT ( 'NONE', #6700 ) ;
#1879 = CARTESIAN_POINT ( 'NONE',  ( 0.3549999999999999822, 7.058817561802944063, -6.209999999999999964 ) ) ;
#1880 = CARTESIAN_POINT ( 'NONE',  ( -1.810000000000000053, 11.22860299175799881, -5.620000000000000107 ) ) ;
#1881 = EDGE_CURVE ( 'NONE', #3495, #8650, #7744, .T. ) ;
#1882 = ADVANCED_FACE ( 'NONE', ( #3102 ), #9806, .F. ) ;
#1883 = DIRECTION ( 'NONE',  ( 0.000000000000000000, 0.07514299545580413464, -0.9971727684979814210 ) ) ;
#1884 = DIRECTION ( 'NONE',  ( 0.000000000000000000, 1.000000000000000000, 0.000000000000000000 ) ) ;
#1885 = EDGE_CURVE ( 'NONE', #10151, #183, #5756, .T. ) ;
#1886 = PLANE ( 'NONE',  #8432 ) ;
#1887 = EDGE_CURVE ( 'NONE', #4415, #11600, #8625, .T. ) ;
#1888 = ORIENTED_EDGE ( 'NONE', *, *, #2086, .F. ) ;
#1889 = CARTESIAN_POINT ( 'NONE',  ( 0.7900000000000000355, 13.96993164062500092, -4.623949218749999091 ) ) ;
#1890 = ORIENTED_EDGE ( 'NONE', *, *, #6044, .F. ) ;
#1891 = FACE_OUTER_BOUND ( 'NONE', #3080, .T. ) ;
#1892 = ORIENTED_EDGE ( 'NONE', *, *, #9013, .T. ) ;
#1893 = LINE ( 'NONE', #3562, #2597 ) ;
#1894 = LINE ( 'NONE', #6867, #11419 ) ;
#1895 = DIRECTION ( 'NONE',  ( 0.000000000000000000, 1.000000000000000000, 0.000000000000000000 ) ) ;
#1896 = CARTESIAN_POINT ( 'NONE',  ( 1.809999999999999609, 15.79762648660004132, 5.189704678889510703 ) ) ;
#1897 = CARTESIAN_POINT ( 'NONE',  ( -1.619999999999999885, 8.419999999999999929, -6.490000000000000213 ) ) ;
#1898 = AXIS2_PLACEMENT_3D ( 'NONE', #3899, #8534, #9536 ) ;
#1899 = EDGE_LOOP ( 'NONE', ( #9260, #2027, #303, #1024 ) ) ;
#1900 = DIRECTION ( 'NONE',  ( -0.1692998631983577418, -0.9617319540095526920, -0.2154279576981240341 ) ) ;
#1901 = VERTEX_POINT ( 'NONE', #6817 ) ;
#1902 = CYLINDRICAL_SURFACE ( 'NONE', #12008, 1.358858635772000722 ) ;
#1903 = EDGE_CURVE ( 'NONE', #4243, #3524, #9985, .T. ) ;
#1904 = CARTESIAN_POINT ( 'NONE',  ( 5.599999999999999645, 1.100000000000000089, 6.740000000000000213 ) ) ;
#1905 = ORIENTED_EDGE ( 'NONE', *, *, #1710, .F. ) ;
#1906 = CARTESIAN_POINT ( 'NONE',  ( 4.859999999999999432, 6.819999999999999396, -6.040000000000000036 ) ) ;
#1907 = EDGE_CURVE ( 'NONE', #3559, #2859, #2067, .T. ) ;
#1908 = ORIENTED_EDGE ( 'NONE', *, *, #6671, .F. ) ;
#1909 = CARTESIAN_POINT ( 'NONE',  ( -6.541141843972000380, 13.15114184397199892, 8.789999999999999147 ) ) ;
#1910 = CARTESIAN_POINT ( 'NONE',  ( -3.600000000000000089, 1.100000000000000089, -6.895000000000000462 ) ) ;
#1911 = CARTESIAN_POINT ( 'NONE',  ( 2.173579868729481834, 8.478940985060074098, -7.473094663809450644 ) ) ;
#1912 = LINE ( 'NONE', #846, #6732 ) ;
#1913 = CARTESIAN_POINT ( 'NONE',  ( -0.2300000000000000100, 14.49800950369600017, 4.776298838437000427 ) ) ;
#1914 = ORIENTED_EDGE ( 'NONE', *, *, #330, .T. ) ;
#1915 = DIRECTION ( 'NONE',  ( -1.000000000000000000, -0.000000000000000000, -0.000000000000000000 ) ) ;
#1916 = ORIENTED_EDGE ( 'NONE', *, *, #9833, .F. ) ;
#1917 = CLOSED_SHELL ( 'NONE', ( #4926, #5114, #11543, #9329, #3769, #3452, #8839, #1480, #3407, #2782, #697, #10873, #1451, #9461, #11684, #12078, #6479, #2465, #1720, #6585, #7813, #5147, #10370, #3304, #1970, #3903, #5529, #10819, #5513, #7245, #2418, #1882, #6013, #3449, #863, #7203, #1360, #8876, #4012, #106, #412, #3489, #1983, #10176, #11220, #11840, #11570, #4289, #8652, #5101, #11055, #4692, #4564, #5063, #7662, #8728, #9490, #5512, #8269, #4869, #12115, #11317, #1837, #9928, #10213, #9495, #2686, #1792, #9614, #5376, #1798, #168, #6972, #11596, #594, #4060, #9905, #10183, #12323, #10565, #5182, #7718, #7049, #671, #1742, #3845, #3248, #1260, #2647, #8948, #480, #3165, #12004, #10710, #2456, #5970, #11819, #6941, #10217, #518, #560, #8716, #11580, #5968, #10423, #478, #5897, #39, #10963, #4128, #3132, #6975, #410, #3060, #9604, #11853, #5981, #7998, #9810, #8335, #4071, #6523, #6745, #5641, #3978, #6820, #11057, #11625, #5918, #2295, #3191, #1945, #5413, #6084, #10093, #10043, #7354, #10805, #9937, #11171, #2236, #7134, #6809, #9268, #9856, #2683, #3142, #675, #4231, #10992, #8653, #11522, #10143, #9345, #1353, #2336, #5561, #12350, #78, #175, #10740, #3292, #11165, #9112, #1088, #6550, #293, #10371, #7906, #5337, #1656, #6085, #3623, #6508, #7725, #3091, #9947, #8423, #4373, #8804, #1097, #5321, #10815, #1609, #10027, #6709, #3758, #11697, #5258, #8222, #4372, #10410, #1318, #8514, #7922, #12162, #45, #12085, #10489, #1379, #9171, #5791, #6129, #12023, #8366, #909, #9070, #5540, #5982, #11916, #9719, #11101, #11769, #10068, #7396, #2749, #362, #9102, #4025, #8011, #2292, #8097, #7883, #11329, #7550, #544, #6545, #9979, #8743, #5032, #8538, #7734, #8488, #1181, #1550, #9305, #8685, #5908, #10247, #1089, #3059, #3050, #5164, #10630, #3528, #239, #10191, #6438, #3934, #257, #940, #2503, #3996, #7953 ) ) ;
#1918 = ORIENTED_EDGE ( 'NONE', *, *, #5839, .F. ) ;
#1919 = ORIENTED_EDGE ( 'NONE', *, *, #10257, .F. ) ;
#1920 = PLANE ( 'NONE',  #7942 ) ;
#1921 = LINE ( 'NONE', #9709, #2382 ) ;
#1922 = LINE ( 'NONE', #5670, #5023 ) ;
#1923 = LINE ( 'NONE', #49, #7114 ) ;
#1924 = CARTESIAN_POINT ( 'NONE',  ( -1.250000000000000000, 13.96993164062500092, -4.623949218749999091 ) ) ;
#1925 = LINE ( 'NONE', #9602, #10157 ) ;
#1926 = AXIS2_PLACEMENT_3D ( 'NONE', #1554, #1810, #9169 ) ;
#1927 = LINE ( 'NONE', #9541, #1732 ) ;
#1928 = ORIENTED_EDGE ( 'NONE', *, *, #4469, .F. ) ;
#1929 = ORIENTED_EDGE ( 'NONE', *, *, #2058, .T. ) ;
#1930 = CARTESIAN_POINT ( 'NONE',  ( -5.029999999999999361, 13.01999999999999957, 4.890000000000000568 ) ) ;
#1931 = ORIENTED_EDGE ( 'NONE', *, *, #9098, .T. ) ;
#1932 = ORIENTED_EDGE ( 'NONE', *, *, #10083, .F. ) ;
#1933 = CARTESIAN_POINT ( 'NONE',  ( 0.2300000000000000100, 14.09999999999999964, -6.490000000000000213 ) ) ;
#1934 = EDGE_LOOP ( 'NONE', ( #7290, #5605, #853, #6334, #489, #8867, #11065, #5539 ) ) ;
#1935 = FACE_OUTER_BOUND ( 'NONE', #7790, .T. ) ;
#1936 = LINE ( 'NONE', #7673, #2210 ) ;
#1937 = EDGE_CURVE ( 'NONE', #5861, #1901, #10733, .T. ) ;
#1938 = VECTOR ( 'NONE', #8225, 1000.000000000000000 ) ;
#1939 = EDGE_CURVE ( 'NONE', #4518, #5667, #9601, .T. ) ;
#1940 = AXIS2_PLACEMENT_3D ( 'NONE', #4033, #2098, #1164 ) ;
#1941 = CARTESIAN_POINT ( 'NONE',  ( 1.279943154908561143, 8.936404552006106172, -7.358293197390762153 ) ) ;
#1942 = VECTOR ( 'NONE', #10198, 1000.000000000000000 ) ;
#1943 = EDGE_CURVE ( 'NONE', #6282, #9455, #1259, .T. ) ;
#1944 = VECTOR ( 'NONE', #3698, 1000.000000000000000 ) ;
#1945 = ADVANCED_FACE ( 'NONE', ( #5069 ), #5817, .F. ) ;
#1946 = DIRECTION ( 'NONE',  ( -1.000000000000000000, 1.110223024624999878E-16, 0.000000000000000000 ) ) ;
#1947 = ORIENTED_EDGE ( 'NONE', *, *, #4459, .T. ) ;
#1948 = CARTESIAN_POINT ( 'NONE',  ( -1.250000000000000000, 15.79999999999954774, 5.159999999999999254 ) ) ;
#1949 = ORIENTED_EDGE ( 'NONE', *, *, #2771, .T. ) ;
#1950 = CARTESIAN_POINT ( 'NONE',  ( 0.7900000000000000355, 15.79293969097799888, 5.203898047367000679 ) ) ;
#1951 = ORIENTED_EDGE ( 'NONE', *, *, #8862, .F. ) ;
#1952 = DIRECTION ( 'NONE',  ( -1.000000000000000000, 0.000000000000000000, 1.254994712943147935E-16 ) ) ;
#1953 = DIRECTION ( 'NONE',  ( 1.000000000000000000, 0.000000000000000000, 0.000000000000000000 ) ) ;
#1954 = VECTOR ( 'NONE', #4632, 1000.000000000000000 ) ;
#1955 = DIRECTION ( 'NONE',  ( 0.8784405254313309985, 0.4657665326191749999, 0.1067884842660402483 ) ) ;
#1956 = DIRECTION ( 'NONE',  ( 1.000000000000000000, 0.000000000000000000, -1.224646799146999945E-16 ) ) ;
#1957 = ORIENTED_EDGE ( 'NONE', *, *, #1133, .T. ) ;
#1958 = CARTESIAN_POINT ( 'NONE',  ( -0.2300000000000000100, 9.377205983516001098, -3.778469117984000203 ) ) ;
#1959 = ORIENTED_EDGE ( 'NONE', *, *, #2854, .F. ) ;
#1960 = CARTESIAN_POINT ( 'NONE',  ( -0.7900000000000000355, 14.49800950369600017, 4.776298838437000427 ) ) ;
#1961 = DIRECTION ( 'NONE',  ( 0.000000000000000000, 0.000000000000000000, -1.000000000000000000 ) ) ;
#1962 = EDGE_CURVE ( 'NONE', #7275, #8247, #5006, .T. ) ;
#1963 = VERTEX_POINT ( 'NONE', #9679 ) ;
#1964 = PLANE ( 'NONE',  #8570 ) ;
#1965 = ORIENTED_EDGE ( 'NONE', *, *, #1177, .F. ) ;
#1966 = CIRCLE ( 'NONE', #11338, 0.1399999999999985978 ) ;
#1967 = LINE ( 'NONE', #3774, #8381 ) ;
#1968 = CARTESIAN_POINT ( 'NONE',  ( 1.245000000000000329, 15.79759791836103133, 5.189882150341833977 ) ) ;
#1969 = PLANE ( 'NONE',  #4773 ) ;
#1970 = ADVANCED_FACE ( 'NONE', ( #7863 ), #7631, .T. ) ;
#1971 = VERTEX_POINT ( 'NONE', #4877 ) ;
#1972 = VECTOR ( 'NONE', #11403, 1000.000000000000000 ) ;
#1973 = PLANE ( 'NONE',  #9303 ) ;
#1974 = ORIENTED_EDGE ( 'NONE', *, *, #9494, .T. ) ;
#1975 = ORIENTED_EDGE ( 'NONE', *, *, #456, .T. ) ;
#1976 = ORIENTED_EDGE ( 'NONE', *, *, #9491, .F. ) ;
#1977 = DIRECTION ( 'NONE',  ( 0.000000000000000000, 1.000000000000000000, 0.000000000000000000 ) ) ;
#1978 = DIRECTION ( 'NONE',  ( 1.000000000000000000, 0.000000000000000000, 0.000000000000000000 ) ) ;
#1979 = CARTESIAN_POINT ( 'NONE',  ( 0.7899999999999999245, 15.52110639943411741, -4.270303716915297088 ) ) ;
#1980 = DIRECTION ( 'NONE',  ( 1.000000000000000000, 0.000000000000000000, 0.000000000000000000 ) ) ;
#1981 = VECTOR ( 'NONE', #5877, 1000.000000000000227 ) ;
#1982 = DIRECTION ( 'NONE',  ( 0.000000000000000000, 0.9763850306004407953, 0.2160376634278763919 ) ) ;
#1983 = ADVANCED_FACE ( 'NONE', ( #1128 ), #4935, .F. ) ;
#1984 = CARTESIAN_POINT ( 'NONE',  ( 0.7900000000000000355, 9.122794016484000679, -3.661530882016000188 ) ) ;
#1985 = ORIENTED_EDGE ( 'NONE', *, *, #3280, .T. ) ;
#1986 = VECTOR ( 'NONE', #115, 1000.000000000000000 ) ;
#1987 = VECTOR ( 'NONE', #8129, 1000.000000000000000 ) ;
#1988 = ORIENTED_EDGE ( 'NONE', *, *, #5284, .F. ) ;
#1989 = CARTESIAN_POINT ( 'NONE',  ( -1.625000000000000000, 1.100000000000000089, -10.22999999999999865 ) ) ;
#1990 = ORIENTED_EDGE ( 'NONE', *, *, #11881, .T. ) ;
#1991 = DIRECTION ( 'NONE',  ( 0.000000000000000000, 0.000000000000000000, -1.000000000000000000 ) ) ;
#1992 = ORIENTED_EDGE ( 'NONE', *, *, #5603, .T. ) ;
#1993 = FACE_OUTER_BOUND ( 'NONE', #10827, .T. ) ;
#1994 = CARTESIAN_POINT ( 'NONE',  ( 1.245000000000000107, 15.52000000000000135, 5.136780657427999941 ) ) ;
#1995 = DIRECTION ( 'NONE',  ( 0.9999997642673967846, 0.000000000000000000, 0.0006866331995831718993 ) ) ;
#1996 = DIRECTION ( 'NONE',  ( 1.000000000000000000, 0.000000000000000000, 0.000000000000000000 ) ) ;
#1997 =( BOUNDED_SURFACE ( )  B_SPLINE_SURFACE ( 1, 3, ( 
 ( #123, #10550, #8621, #3927 ),
 ( #1948, #5634, #6564, #10376 ) ),
 .UNSPECIFIED., .F., .F., .F. ) 
 B_SPLINE_SURFACE_WITH_KNOTS ( ( 2, 2 ),
 ( 4, 4 ),
 ( 0.000000000000000000, 1.000000000000000000 ),
 ( 0.000000000000000000, 1.000000000000000000 ),
 .UNSPECIFIED. ) 
 GEOMETRIC_REPRESENTATION_ITEM ( )  RATIONAL_B_SPLINE_SURFACE ( (
 ( 1.000000000000000000, 0.9915412068257637435, 0.9915412068257637435, 1.000000000000000000),
 ( 1.000000000000000000, 0.9915412068257637435, 0.9915412068257637435, 1.000000000000000000) ) ) 
 REPRESENTATION_ITEM ( '' )  SURFACE ( )  );
#1998 = VECTOR ( 'NONE', #11066, 1000.000000000000114 ) ;
#1999 = ADVANCED_FACE ( 'NONE', ( #3931 ), #184, .T. ) ;
#2000 = CARTESIAN_POINT ( 'NONE',  ( -4.819999999999999396, -0.7200000000000000844, 1.273734666246999936 ) ) ;
#2001 = AXIS2_PLACEMENT_3D ( 'NONE', #5526, #11146, #8139 ) ;
#2002 = ORIENTED_EDGE ( 'NONE', *, *, #2612, .T. ) ;
#2003 = VECTOR ( 'NONE', #9404, 1000.000000000000000 ) ;
#2004 = CARTESIAN_POINT ( 'NONE',  ( -4.859999999999999432, 3.000000000000000000, -10.22999999999999865 ) ) ;
#2005 = ORIENTED_EDGE ( 'NONE', *, *, #6924, .F. ) ;
#2006 = VECTOR ( 'NONE', #7642, 1000.000000000000000 ) ;
#2007 = CARTESIAN_POINT ( 'NONE',  ( 0.2300000000000000100, 15.69999999999999929, -0.3649999999999998801 ) ) ;
#2008 = ORIENTED_EDGE ( 'NONE', *, *, #3330, .F. ) ;
#2009 = DIRECTION ( 'NONE',  ( 0.000000000000000000, 1.000000000000000000, 0.000000000000000000 ) ) ;
#2010 = EDGE_CURVE ( 'NONE', #6062, #12345, #8803, .T. ) ;
#2011 = LINE ( 'NONE', #10383, #12182 ) ;
#2012 = EDGE_CURVE ( 'NONE', #4605, #5710, #7253, .T. ) ;
#2013 = CARTESIAN_POINT ( 'NONE',  ( -0.7908317552739999590, 9.178246844457000009, -7.595675272488000118 ) ) ;
#2014 = AXIS2_PLACEMENT_3D ( 'NONE', #3622, #7434, #6493 ) ;
#2015 = VECTOR ( 'NONE', #7995, 1000.000000000000000 ) ;
#2016 = EDGE_CURVE ( 'NONE', #9645, #6412, #7928, .T. ) ;
#2017 = CARTESIAN_POINT ( 'NONE',  ( 0.2300000000000001765, 9.099999999999999645, -6.490000000000000213 ) ) ;
#2018 = EDGE_CURVE ( 'NONE', #8634, #11394, #2429, .T. ) ;
#2019 = ORIENTED_EDGE ( 'NONE', *, *, #11147, .F. ) ;
#2020 = LINE ( 'NONE', #11677, #5132 ) ;
#2021 = ORIENTED_EDGE ( 'NONE', *, *, #7085, .F. ) ;
#2022 = LINE ( 'NONE', #1843, #6220 ) ;
#2023 = CARTESIAN_POINT ( 'NONE',  ( -0.1800000000000000488, 13.01999999999999957, 10.33999999999999808 ) ) ;
#2024 = ORIENTED_EDGE ( 'NONE', *, *, #11058, .F. ) ;
#2025 = CARTESIAN_POINT ( 'NONE',  ( -5.339999999999998970, -3.450004514748930440, 1.239698830745242342 ) ) ;
#2026 = VECTOR ( 'NONE', #8484, 1000.000000000000000 ) ;
#2027 = ORIENTED_EDGE ( 'NONE', *, *, #11482, .T. ) ;
#2028 = CARTESIAN_POINT ( 'NONE',  ( 1.625603578934172733, 2.299738200722297510, -8.750000000000000000 ) ) ;
#2029 = EDGE_CURVE ( 'NONE', #3871, #12150, #9924, .T. ) ;
#2030 = LINE ( 'NONE', #11515, #9314 ) ;
#2031 = DIRECTION ( 'NONE',  ( -1.000000000000000000, 0.000000000000000000, 0.000000000000000000 ) ) ;
#2032 = ORIENTED_EDGE ( 'NONE', *, *, #6942, .F. ) ;
#2033 = CARTESIAN_POINT ( 'NONE',  ( 5.080000000000000071, -1.639999999999999902, 0.000000000000000000 ) ) ;
#2034 = VECTOR ( 'NONE', #5498, 1000.000000000000000 ) ;
#2035 = ORIENTED_EDGE ( 'NONE', *, *, #11318, .F. ) ;
#2036 = CARTESIAN_POINT ( 'NONE',  ( 1.804999999999999938, 13.47720598351600074, 5.141530882016000170 ) ) ;
#2037 = ORIENTED_EDGE ( 'NONE', *, *, #2670, .F. ) ;
#2038 = ORIENTED_EDGE ( 'NONE', *, *, #4424, .F. ) ;
#2039 = LINE ( 'NONE', #7657, #161 ) ;
#2040 = DIRECTION ( 'NONE',  ( 1.000000000000000000, 0.000000000000000000, 0.000000000000000000 ) ) ;
#2041 = LINE ( 'NONE', #3961, #495 ) ;
#2042 = FACE_OUTER_BOUND ( 'NONE', #4375, .T. ) ;
#2043 = DIRECTION ( 'NONE',  ( 0.000000000000000000, 0.9763850306004407953, 0.2160376634278763919 ) ) ;
#2044 = AXIS2_PLACEMENT_3D ( 'NONE', #9987, #5250, #9052 ) ;
#2045 = PLANE ( 'NONE',  #8160 ) ;
#2046 = LINE ( 'NONE', #1984, #12100 ) ;
#2047 = ORIENTED_EDGE ( 'NONE', *, *, #11687, .T. ) ;
#2048 = ORIENTED_EDGE ( 'NONE', *, *, #1174, .F. ) ;
#2049 = DIRECTION ( 'NONE',  ( 1.000000000000000000, -1.110223024624999878E-16, 0.000000000000000000 ) ) ;
#2050 = VERTEX_POINT ( 'NONE', #9863 ) ;
#2051 = VECTOR ( 'NONE', #7042, 1000.000000000000000 ) ;
#2052 = AXIS2_PLACEMENT_3D ( 'NONE', #10624, #7007, #4062 ) ;
#2053 = LINE ( 'NONE', #1113, #2847 ) ;
#2054 = ORIENTED_EDGE ( 'NONE', *, *, #7815, .T. ) ;
#2055 = CARTESIAN_POINT ( 'NONE',  ( -1.289051144925256853, 8.966174887680139705, -6.209999999999999964 ) ) ;
#2056 = ADVANCED_FACE ( 'NONE', ( #494 ), #10800, .T. ) ;
#2057 = CARTESIAN_POINT ( 'NONE',  ( -3.971129570381793261, -2.089999999999999858, 1.097272240749140426 ) ) ;
#2058 = EDGE_CURVE ( 'NONE', #229, #10468, #3291, .T. ) ;
#2059 = CARTESIAN_POINT ( 'NONE',  ( 1.280513996148166189, 8.935651962493277978, -7.364050099742362576 ) ) ;
#2060 = DIRECTION ( 'NONE',  ( 0.000000000000000000, 0.9997698407351198746, -0.02145380051350246134 ) ) ;
#2061 = CARTESIAN_POINT ( 'NONE',  ( -2.220000000000000195, 13.08000000000000007, -0.3649999999999998801 ) ) ;
#2062 = EDGE_LOOP ( 'NONE', ( #6844, #3766, #6122, #9250, #2241, #4360 ) ) ;
#2063 = LINE ( 'NONE', #300, #442 ) ;
#2064 = ORIENTED_EDGE ( 'NONE', *, *, #3172, .F. ) ;
#2065 = DIRECTION ( 'NONE',  ( 0.000000000000000000, 0.000000000000000000, -1.000000000000000000 ) ) ;
#2066 = EDGE_LOOP ( 'NONE', ( #8833, #167, #5584, #2734, #4214, #9886 ) ) ;
#2067 = LINE ( 'NONE', #11441, #11584 ) ;
#2068 = CARTESIAN_POINT ( 'NONE',  ( 2.185000000000000497, 1.100000000000000089, -10.22999999999999865 ) ) ;
#2069 = DIRECTION ( 'NONE',  ( 1.000000000000000000, 0.000000000000000000, 0.000000000000000000 ) ) ;
#2070 = CARTESIAN_POINT ( 'NONE',  ( -1.255000000000000115, 15.52109309744938592, -4.270243598422243991 ) ) ;
#2071 = VERTEX_POINT ( 'NONE', #4366 ) ;
#2072 = LINE ( 'NONE', #5880, #6034 ) ;
#2073 = EDGE_LOOP ( 'NONE', ( #3230, #2405, #7100, #6343 ) ) ;
#2074 = DIRECTION ( 'NONE',  ( 0.000000000000000000, -1.000000000000000000, 0.000000000000000000 ) ) ;
#2075 = LINE ( 'NONE', #6066, #2386 ) ;
#2076 = VERTEX_POINT ( 'NONE', #6111 ) ;
#2077 = CARTESIAN_POINT ( 'NONE',  ( 2.185604629969591706, 2.300000280461894420, -8.750001206431324619 ) ) ;
#2078 = DIRECTION ( 'NONE',  ( 1.000000000000000000, 0.000000000000000000, 0.000000000000000000 ) ) ;
#2079 = EDGE_CURVE ( 'NONE', #6858, #756, #10920, .T. ) ;
#2080 = DIRECTION ( 'NONE',  ( -0.002048524988061995421, 0.000000000000000000, -0.9999979017704853090 ) ) ;
#2081 = EDGE_CURVE ( 'NONE', #8018, #3254, #5309, .T. ) ;
#2082 = CARTESIAN_POINT ( 'NONE',  ( 1.244999999999992779, 9.085202810039223920, -7.616783903859433380 ) ) ;
#2083 = CARTESIAN_POINT ( 'NONE',  ( -0.7900000000000000355, 15.79762648660004132, 5.189704678889510703 ) ) ;
#2084 = EDGE_LOOP ( 'NONE', ( #5179, #231, #3760, #6178, #5138, #2662, #10374, #1890, #8001, #2330 ) ) ;
#2085 = LINE ( 'NONE', #5664, #3918 ) ;
#2086 = EDGE_CURVE ( 'NONE', #12053, #4243, #1378, .T. ) ;
#2087 = ORIENTED_EDGE ( 'NONE', *, *, #3152, .F. ) ;
#2088 = EDGE_CURVE ( 'NONE', #756, #9854, #3235, .T. ) ;
#2089 = FACE_OUTER_BOUND ( 'NONE', #8358, .T. ) ;
#2090 = ORIENTED_EDGE ( 'NONE', *, *, #2918, .F. ) ;
#2091 = ORIENTED_EDGE ( 'NONE', *, *, #2776, .F. ) ;
#2092 = CARTESIAN_POINT ( 'NONE',  ( 1.625000000000000666, 1.100000000000000089, -10.22999999999999865 ) ) ;
#2093 = CARTESIAN_POINT ( 'NONE',  ( 0.7900000000000000355, 15.69999999999999929, -5.336197087740999656 ) ) ;
#2094 = LINE ( 'NONE', #10528, #30 ) ;
#2095 = CARTESIAN_POINT ( 'NONE',  ( 0.7900000000000000355, 15.51999999999999957, -4.250000000000000000 ) ) ;
#2096 = CARTESIAN_POINT ( 'NONE',  ( -1.625000000000000000, 3.000000000000000000, -6.490000000000000213 ) ) ;
#2097 = VECTOR ( 'NONE', #11874, 1000.000000000000000 ) ;
#2098 = DIRECTION ( 'NONE',  ( 0.000000000000000000, 0.000000000000000000, 1.000000000000000000 ) ) ;
#2099 = ORIENTED_EDGE ( 'NONE', *, *, #4016, .F. ) ;
#2100 = ORIENTED_EDGE ( 'NONE', *, *, #1939, .F. ) ;
#2101 = CARTESIAN_POINT ( 'NONE',  ( -1.860000000000000098, 13.01999999999999957, -0.3649999999999998801 ) ) ;
#2102 = ORIENTED_EDGE ( 'NONE', *, *, #1224, .F. ) ;
#2103 = CARTESIAN_POINT ( 'NONE',  ( -5.599999999999999645, 1.100000000000000089, -10.22999999999999865 ) ) ;
#2104 = ORIENTED_EDGE ( 'NONE', *, *, #10787, .F. ) ;
#2105 = LINE ( 'NONE', #5917, #11739 ) ;
#2106 = FACE_OUTER_BOUND ( 'NONE', #10579, .T. ) ;
#2107 = DIRECTION ( 'NONE',  ( -1.224646799146999945E-16, 0.000000000000000000, -1.000000000000000000 ) ) ;
#2108 = CARTESIAN_POINT ( 'NONE',  ( -0.7900000000000001465, 15.52109309744938770, -4.270243598422243991 ) ) ;
#2109 = LINE ( 'NONE', #4812, #185 ) ;
#2110 = AXIS2_PLACEMENT_3D ( 'NONE', #7384, #9254, #4455 ) ;
#2111 = ADVANCED_FACE ( 'NONE', ( #3356 ), #865, .F. ) ;
#2112 = CARTESIAN_POINT ( 'NONE',  ( 5.080000000000000071, -3.500000000000000000, 0.000000000000000000 ) ) ;
#2113 = VECTOR ( 'NONE', #7357, 1000.000000000000000 ) ;
#2114 = VERTEX_POINT ( 'NONE', #9118 ) ;
#2115 = CIRCLE ( 'NONE', #11489, 1.350000000000000089 ) ;
#2116 = ORIENTED_EDGE ( 'NONE', *, *, #7345, .F. ) ;
#2117 = CARTESIAN_POINT ( 'NONE',  ( 1.199999999999999956, 15.45000000000000107, 6.119999999999999218 ) ) ;
#2118 = EDGE_LOOP ( 'NONE', ( #4265, #3577, #11000, #8261, #6245 ) ) ;
#2119 = CARTESIAN_POINT ( 'NONE',  ( 1.250000000000000000, 14.13060166168400045, -6.486614561090999764 ) ) ;
#2120 = CARTESIAN_POINT ( 'NONE',  ( -1.534999999999999920, 9.099999999999999645, -6.490000000000000213 ) ) ;
#2121 = LINE ( 'NONE', #6060, #10582 ) ;
#2122 = DIRECTION ( 'NONE',  ( 1.000000000000000000, 0.000000000000000000, 0.000000000000000000 ) ) ;
#2123 = CIRCLE ( 'NONE', #7719, 1.363702780452000107 ) ;
#2124 = VECTOR ( 'NONE', #529, 1000.000000000000000 ) ;
#2125 = EDGE_CURVE ( 'NONE', #3907, #8452, #10052, .T. ) ;
#2126 = CARTESIAN_POINT ( 'NONE',  ( 1.810000000000000053, 15.52000000000000135, 5.159999999999999254 ) ) ;
#2127 = VERTEX_POINT ( 'NONE', #1445 ) ;
#2128 = DIRECTION ( 'NONE',  ( 1.000000000000000000, 0.000000000000000000, 0.000000000000000000 ) ) ;
#2129 =( BOUNDED_SURFACE ( )  B_SPLINE_SURFACE ( 1, 3, ( 
 ( #7759, #6590, #3833, #11575 ),
 ( #9585, #2831, #3005, #7522 ),
 ( #10633, #6661, #1911, #3889 ),
 ( #10574, #5712, #11514, #7702 ) ),
 .UNSPECIFIED., .F., .F., .F. ) 
 B_SPLINE_SURFACE_WITH_KNOTS ( ( 2, 1, 1, 2 ),
 ( 4, 4 ),
 ( -0.005747717776376622123, 0.000000000000000000, 1.000000000000000000, 1.006077553377314970 ),
 ( 0.000000000000000000, 1.000000000000000000 ),
 .UNSPECIFIED. ) 
 GEOMETRIC_REPRESENTATION_ITEM ( )  RATIONAL_B_SPLINE_SURFACE ( (
 ( 1.000000000000000000, 0.9791761618193577377, 0.9791761618193577377, 1.000000000000000000),
 ( 1.000000000000000000, 0.9791761618193577377, 0.9791761618193577377, 1.000000000000000000),
 ( 1.000000000000000000, 0.9791761618193577377, 0.9791761618193577377, 1.000000000000000000),
 ( 1.000000000000000000, 0.9791761618193577377, 0.9791761618193577377, 1.000000000000000000) ) ) 
 REPRESENTATION_ITEM ( '' )  SURFACE ( )  );
#2130 = ORIENTED_EDGE ( 'NONE', *, *, #7856, .F. ) ;
#2131 = CARTESIAN_POINT ( 'NONE',  ( -2.220000000000000195, 4.179999999999999716, 10.35999999999999943 ) ) ;
#2132 = CARTESIAN_POINT ( 'NONE',  ( 4.819999999999999396, -3.500000000000000000, -1.273734666246999936 ) ) ;
#2133 = ORIENTED_EDGE ( 'NONE', *, *, #1052, .T. ) ;
#2134 = LINE ( 'NONE', #2077, #7571 ) ;
#2135 = VECTOR ( 'NONE', #1627, 1000.000000000000000 ) ;
#2136 = AXIS2_PLACEMENT_3D ( 'NONE', #7084, #9883, #8071 ) ;
#2137 = DIRECTION ( 'NONE',  ( 0.000000000000000000, 1.000000000000000000, 0.000000000000000000 ) ) ;
#2138 = PLANE ( 'NONE',  #3174 ) ;
#2139 = CARTESIAN_POINT ( 'NONE',  ( -0.9098440892198994545, 8.390215267255500819, -7.501878371844594717 ) ) ;
#2140 = LINE ( 'NONE', #8944, #3764 ) ;
#2141 = CIRCLE ( 'NONE', #3124, 0.1399999999999996803 ) ;
#2142 = ORIENTED_EDGE ( 'NONE', *, *, #3957, .T. ) ;
#2143 = PLANE ( 'NONE',  #2136 ) ;
#2144 = EDGE_CURVE ( 'NONE', #6513, #11859, #5254, .T. ) ;
#2145 = ORIENTED_EDGE ( 'NONE', *, *, #4783, .T. ) ;
#2146 = LINE ( 'NONE', #3197, #1867 ) ;
#2147 = VERTEX_POINT ( 'NONE', #11922 ) ;
#2148 = EDGE_LOOP ( 'NONE', ( #3130, #3796, #8134, #1985, #10361, #912, #10840 ) ) ;
#2149 = LINE ( 'NONE', #5726, #8333 ) ;
#2150 = DIRECTION ( 'NONE',  ( 0.9691330279346821452, 0.2405766639339210200, 0.05388917272124231495 ) ) ;
#2151 = CARTESIAN_POINT ( 'NONE',  ( -0.6300480643300000461, -0.3499999999999999778, -8.750000000000000000 ) ) ;
#2152 = CARTESIAN_POINT ( 'NONE',  ( 0.2300000000000000100, 15.80000000000000071, 5.159999999999999254 ) ) ;
#2153 = LINE ( 'NONE', #5966, #10756 ) ;
#2154 = EDGE_CURVE ( 'NONE', #8622, #10668, #6406, .T. ) ;
#2155 = EDGE_CURVE ( 'NONE', #7153, #838, #2486, .T. ) ;
#2156 = EDGE_CURVE ( 'NONE', #2911, #5185, #12056, .T. ) ;
#2157 = VECTOR ( 'NONE', #10272, 1000.000000000000000 ) ;
#2158 = CARTESIAN_POINT ( 'NONE',  ( -2.185000000000000053, 8.419999999999999929, -6.209999999999999964 ) ) ;
#2159 = EDGE_CURVE ( 'NONE', #10494, #485, #6810, .T. ) ;
#2160 = ORIENTED_EDGE ( 'NONE', *, *, #9438, .F. ) ;
#2161 = ORIENTED_EDGE ( 'NONE', *, *, #11288, .F. ) ;
#2162 = PLANE ( 'NONE',  #8696 ) ;
#2163 = CARTESIAN_POINT ( 'NONE',  ( 1.279962114412535712, 8.933718890756772169, -7.351056658194712767 ) ) ;
#2164 = EDGE_LOOP ( 'NONE', ( #6624, #1050, #4269, #8802, #8831, #8842, #1817, #4089, #5916, #5497 ) ) ;
#2165 = CIRCLE ( 'NONE', #6150, 1.714203002955001498 ) ;
#2166 = CARTESIAN_POINT ( 'NONE',  ( -1.255000000000000338, 9.053002746054463756, -6.490000000000000213 ) ) ;
#2167 = LINE ( 'NONE', #6093, #5793 ) ;
#2168 = CARTESIAN_POINT ( 'NONE',  ( 1.625287401985271885, 8.388167079995701769, -7.493067915536688162 ) ) ;
#2169 = FACE_BOUND ( 'NONE', #10797, .T. ) ;
#2170 = FILL_AREA_STYLE ('',( #4045 ) ) ;
#2171 = VECTOR ( 'NONE', #9116, 1000.000000000000000 ) ;
#2172 = VECTOR ( 'NONE', #5010, 1000.000000000000000 ) ;
#2173 = ORIENTED_EDGE ( 'NONE', *, *, #7844, .F. ) ;
#2174 = FACE_OUTER_BOUND ( 'NONE', #11022, .T. ) ;
#2175 = ORIENTED_EDGE ( 'NONE', *, *, #8640, .T. ) ;
#2176 = DIRECTION ( 'NONE',  ( 0.000000000000000000, 1.000000000000000000, -0.000000000000000000 ) ) ;
#2177 = ORIENTED_EDGE ( 'NONE', *, *, #297, .F. ) ;
#2178 = DIRECTION ( 'NONE',  ( -0.9822119151142681970, -0.1877758073010515338, 2.220446049250605452E-16 ) ) ;
#2179 = VERTEX_POINT ( 'NONE', #5557 ) ;
#2180 = DIRECTION ( 'NONE',  ( 1.000000000000000000, 0.000000000000000000, 0.000000000000000000 ) ) ;
#2181 = AXIS2_PLACEMENT_3D ( 'NONE', #6096, #424, #8041 ) ;
#2182 = DIRECTION ( 'NONE',  ( -0.0006687989162459607919, 0.000000000000000000, 0.9999997763539797413 ) ) ;
#2183 = CIRCLE ( 'NONE', #10164, 0.1399999999999996803 ) ;
#2184 = EDGE_CURVE ( 'NONE', #10715, #11838, #8239, .T. ) ;
#2185 = DIRECTION ( 'NONE',  ( 0.000000000000000000, -1.000000000000000000, 0.000000000000000000 ) ) ;
#2186 = LINE ( 'NONE', #7932, #7754 ) ;
#2187 = AXIS2_PLACEMENT_3D ( 'NONE', #11525, #1862, #5669 ) ;
#2188 = VECTOR ( 'NONE', #9465, 1000.000000000000000 ) ;
#2189 = DIRECTION ( 'NONE',  ( -0.002035179714899355233, 0.1139592633099640318, -0.9934833387376852398 ) ) ;
#2190 = VERTEX_POINT ( 'NONE', #4630 ) ;
#2191 = VECTOR ( 'NONE', #1961, 1000.000000000000000 ) ;
#2192 = DIRECTION ( 'NONE',  ( 1.000000000000000000, 0.000000000000000000, 0.000000000000000000 ) ) ;
#2193 = EDGE_CURVE ( 'NONE', #3658, #2076, #6367, .T. ) ;
#2194 = VERTEX_POINT ( 'NONE', #4438 ) ;
#2195 = CARTESIAN_POINT ( 'NONE',  ( 6.541141843972000380, 3.318858156027999939, 8.789999999999999147 ) ) ;
#2196 = DIRECTION ( 'NONE',  ( 0.000000000000000000, 0.9763850306004407953, 0.2160376634278763919 ) ) ;
#2197 = EDGE_LOOP ( 'NONE', ( #2998, #8827, #7055, #8733 ) ) ;
#2198 = DIRECTION ( 'NONE',  ( 1.000000000000000000, 0.000000000000000000, 0.000000000000000000 ) ) ;
#2199 = DIRECTION ( 'NONE',  ( 1.000000000000000000, 0.000000000000000000, 0.000000000000000000 ) ) ;
#2200 = EDGE_CURVE ( 'NONE', #3229, #1311, #4561, .T. ) ;
#2201 = CIRCLE ( 'NONE', #11574, 0.2799999999999999711 ) ;
#2202 = ADVANCED_FACE ( 'NONE', ( #11240 ), #12238, .T. ) ;
#2203 = CARTESIAN_POINT ( 'NONE',  ( -0.3549039373570000433, 8.451657246433999404, -7.766176409265000302 ) ) ;
#2204 = VECTOR ( 'NONE', #5072, 1000.000000000000000 ) ;
#2205 = DIRECTION ( 'NONE',  ( -0.001995317767306752782, 0.000000000000000000, -0.9999980093515223878 ) ) ;
#2206 = DIRECTION ( 'NONE',  ( 0.4778470552751755696, -0.8572007978132637485, -0.1920129787101571284 ) ) ;
#2207 = VECTOR ( 'NONE', #8989, 1000.000000000000000 ) ;
#2208 = EDGE_LOOP ( 'NONE', ( #3859, #7378, #3529, #5534, #8245, #8354, #2639, #7350, #10013, #1699, #6225, #2296, #8692, #7369, #10271, #415 ) ) ;
#2209 = CARTESIAN_POINT ( 'NONE',  ( -3.600000000000000089, 15.11999999999999922, -4.580000000000000071 ) ) ;
#2210 = VECTOR ( 'NONE', #9728, 1000.000000000000000 ) ;
#2211 = VERTEX_POINT ( 'NONE', #2728 ) ;
#2212 = FACE_OUTER_BOUND ( 'NONE', #11337, .T. ) ;
#2213 = VERTEX_POINT ( 'NONE', #8428 ) ;
#2214 = ORIENTED_EDGE ( 'NONE', *, *, #7652, .F. ) ;
#2215 = PLANE ( 'NONE',  #11931 ) ;
#2216 = DIRECTION ( 'NONE',  ( 1.000000000000000000, 0.000000000000000000, 0.000000000000000000 ) ) ;
#2217 = LINE ( 'NONE', #10705, #10607 ) ;
#2218 = CARTESIAN_POINT ( 'NONE',  ( -1.255000000000000115, 9.099999999999999645, -6.209999999999999964 ) ) ;
#2219 = DIRECTION ( 'NONE',  ( 1.000000000000000000, 0.000000000000000000, 0.000000000000000000 ) ) ;
#2220 = ORIENTED_EDGE ( 'NONE', *, *, #3679, .F. ) ;
#2221 = VECTOR ( 'NONE', #8133, 1000.000000000000114 ) ;
#2222 = DIRECTION ( 'NONE',  ( 1.000000000000000000, 0.000000000000000000, 0.000000000000000000 ) ) ;
#2223 = ORIENTED_EDGE ( 'NONE', *, *, #10516, .F. ) ;
#2224 = ORIENTED_EDGE ( 'NONE', *, *, #440, .F. ) ;
#2225 = EDGE_CURVE ( 'NONE', #183, #4801, #12175, .T. ) ;
#2226 = CARTESIAN_POINT ( 'NONE',  ( 4.629696307966639779, -3.700000000000000178, -1.273734666246999936 ) ) ;
#2227 = EDGE_CURVE ( 'NONE', #11278, #11462, #6626, .T. ) ;
#2228 = FACE_OUTER_BOUND ( 'NONE', #8605, .T. ) ;
#2229 = VERTEX_POINT ( 'NONE', #9362 ) ;
#2230 = DIRECTION ( 'NONE',  ( -1.000000000000000000, 0.000000000000000000, 0.000000000000000000 ) ) ;
#2231 = DIRECTION ( 'NONE',  ( 1.000000000000000000, 0.000000000000000000, 0.000000000000000000 ) ) ;
#2232 = VECTOR ( 'NONE', #4638, 1000.000000000000000 ) ;
#2233 = CARTESIAN_POINT ( 'NONE',  ( 1.805607797374717771, 9.199703680947992623, -7.591135708775785140 ) ) ;
#2234 = LINE ( 'NONE', #8093, #5783 ) ;
#2235 = EDGE_CURVE ( 'NONE', #10343, #5861, #808, .T. ) ;
#2236 = ADVANCED_FACE ( 'NONE', ( #6428 ), #11297, .T. ) ;
#2237 = CIRCLE ( 'NONE', #4842, 1.590944562245001137 ) ;
#2238 = VECTOR ( 'NONE', #12308, 1000.000000000000000 ) ;
#2239 = DIRECTION ( 'NONE',  ( -0.000000000000000000, 1.000000000000000000, 0.000000000000000000 ) ) ;
#2240 = EDGE_CURVE ( 'NONE', #181, #9140, #7307, .T. ) ;
#2241 = ORIENTED_EDGE ( 'NONE', *, *, #5611, .T. ) ;
#2242 = EDGE_CURVE ( 'NONE', #9862, #3673, #10242, .T. ) ;
#2243 = LINE ( 'NONE', #1124, #10609 ) ;
#2244 = VERTEX_POINT ( 'NONE', #6557 ) ;
#2245 = DIRECTION ( 'NONE',  ( 1.000000000000000000, 0.000000000000000000, 0.000000000000000000 ) ) ;
#2246 = EDGE_LOOP ( 'NONE', ( #1386, #7365, #12230, #647 ) ) ;
#2247 = CARTESIAN_POINT ( 'NONE',  ( -1.255000000000000115, 14.10353188407225034, -6.490000000000295088 ) ) ;
#2248 = DIRECTION ( 'NONE',  ( 1.000000000000000000, -1.110223024624999878E-16, 0.000000000000000000 ) ) ;
#2249 = PLANE ( 'NONE',  #398 ) ;
#2250 = EDGE_CURVE ( 'NONE', #4435, #12345, #622, .T. ) ;
#2251 = DIRECTION ( 'NONE',  ( 0.000000000000000000, 0.000000000000000000, -1.000000000000000000 ) ) ;
#2252 = AXIS2_PLACEMENT_3D ( 'NONE', #7885, #8760, #8825 ) ;
#2253 = VECTOR ( 'NONE', #8418, 1000.000000000000000 ) ;
#2254 = DIRECTION ( 'NONE',  ( -1.000000000000000000, 0.000000000000000000, 0.000000000000000000 ) ) ;
#2255 = EDGE_CURVE ( 'NONE', #7482, #583, #3549, .T. ) ;
#2256 = ORIENTED_EDGE ( 'NONE', *, *, #5938, .T. ) ;
#2257 = CARTESIAN_POINT ( 'NONE',  ( 1.804999999999999938, 15.80000000000000071, -4.234997608640000522 ) ) ;
#2258 = EDGE_LOOP ( 'NONE', ( #11768, #1258, #11268, #9884 ) ) ;
#2259 = FACE_OUTER_BOUND ( 'NONE', #6487, .T. ) ;
#2260 = DIRECTION ( 'NONE',  ( 0.000000000000000000, -1.000000000000000000, 0.000000000000000000 ) ) ;
#2261 = ORIENTED_EDGE ( 'NONE', *, *, #4617, .F. ) ;
#2262 = CARTESIAN_POINT ( 'NONE',  ( 0.2300000000000000100, 9.122794016484000679, -3.661530882016000188 ) ) ;
#2263 = CARTESIAN_POINT ( 'NONE',  ( 8.751918340712878219, 13.08000000000000007, -0.3649999999999998801 ) ) ;
#2264 = FACE_OUTER_BOUND ( 'NONE', #911, .T. ) ;
#2265 = CARTESIAN_POINT ( 'NONE',  ( -0.2350000000000000144, 9.069398338315636465, -7.333385438908943676 ) ) ;
#2266 = LINE ( 'NONE', #6018, #6958 ) ;
#2267 = ORIENTED_EDGE ( 'NONE', *, *, #3123, .F. ) ;
#2268 = EDGE_CURVE ( 'NONE', #8783, #9004, #1820, .T. ) ;
#2269 = CARTESIAN_POINT ( 'NONE',  ( -1.250000000000000000, 15.69999999999999929, 5.420429353323000576 ) ) ;
#2270 = EDGE_CURVE ( 'NONE', #1112, #6961, #4686, .T. ) ;
#2271 = ORIENTED_EDGE ( 'NONE', *, *, #42, .T. ) ;
#2272 = DIRECTION ( 'NONE',  ( -1.000000000000000000, 0.000000000000000000, 0.000000000000000000 ) ) ;
#2273 = ORIENTED_EDGE ( 'NONE', *, *, #9259, .F. ) ;
#2274 = VERTEX_POINT ( 'NONE', #1694 ) ;
#2275 = CARTESIAN_POINT ( 'NONE',  ( 2.189999999999999947, -3.700000000000000178, -9.029999999999999361 ) ) ;
#2276 = CARTESIAN_POINT ( 'NONE',  ( -0.7900000000000000355, 14.09999999999999964, -6.349999999999999645 ) ) ;
#2277 = DIRECTION ( 'NONE',  ( 0.000000000000000000, 0.000000000000000000, -1.000000000000000000 ) ) ;
#2278 = DIRECTION ( 'NONE',  ( 0.000000000000000000, 1.000000000000000000, 0.000000000000000000 ) ) ;
#2279 = DIRECTION ( 'NONE',  ( 0.000000000000000000, 1.000000000000000000, 0.000000000000000000 ) ) ;
#2280 = ORIENTED_EDGE ( 'NONE', *, *, #4611, .F. ) ;
#2281 = DIRECTION ( 'NONE',  ( 0.000000000000000000, 1.000000000000000000, 0.000000000000000000 ) ) ;
#2282 = EDGE_CURVE ( 'NONE', #3254, #9455, #10594, .T. ) ;
#2283 = VERTEX_POINT ( 'NONE', #1994 ) ;
#2284 = ORIENTED_EDGE ( 'NONE', *, *, #5832, .T. ) ;
#2285 = VERTEX_POINT ( 'NONE', #10542 ) ;
#2286 = DIRECTION ( 'NONE',  ( 0.000000000000000000, 1.000000000000000000, 0.000000000000000000 ) ) ;
#2287 = LINE ( 'NONE', #6229, #8582 ) ;
#2288 = LINE ( 'NONE', #6161, #8148 ) ;
#2289 = CARTESIAN_POINT ( 'NONE',  ( -3.600000000000000089, 15.45000000000000107, 10.33999999999999986 ) ) ;
#2290 = ORIENTED_EDGE ( 'NONE', *, *, #10847, .F. ) ;
#2291 = DIRECTION ( 'NONE',  ( 1.000000000000000000, 0.000000000000000000, 0.000000000000000000 ) ) ;
#2292 = ADVANCED_FACE ( 'NONE', ( #3915 ), #63, .F. ) ;
#2293 = CARTESIAN_POINT ( 'NONE',  ( 0.9150000000000000355, 8.419999999999999929, -6.490000000000000213 ) ) ;
#2294 = ORIENTED_EDGE ( 'NONE', *, *, #8347, .F. ) ;
#2295 = ADVANCED_FACE ( 'NONE', ( #10660 ), #9613, .F. ) ;
#2296 = ORIENTED_EDGE ( 'NONE', *, *, #8301, .T. ) ;
#2297 = DIRECTION ( 'NONE',  ( 0.000000000000000000, -1.000000000000000000, -9.993466352650292719E-15 ) ) ;
#2298 = VERTEX_POINT ( 'NONE', #1060 ) ;
#2299 = CARTESIAN_POINT ( 'NONE',  ( 1.804999999999999938, 13.22059501705500217, 5.253684953371999811 ) ) ;
#2300 = ORIENTED_EDGE ( 'NONE', *, *, #1026, .T. ) ;
#2301 = CARTESIAN_POINT ( 'NONE',  ( -0.7900000000000000355, 14.06939833831600062, -6.213385438909000413 ) ) ;
#2302 = CARTESIAN_POINT ( 'NONE',  ( 0.05896894249100359531, 2.299011506149234219, -8.745747907403849553 ) ) ;
#2303 = CARTESIAN_POINT ( 'NONE',  ( -3.600000000000000089, 13.02500000000000036, 4.890000000000000568 ) ) ;
#2304 = CARTESIAN_POINT ( 'NONE',  ( -0.2350000000000010691, 9.053675325682622343, -7.336907393738580474 ) ) ;
#2305 = CARTESIAN_POINT ( 'NONE',  ( 1.810000000000000053, 9.377205983516001098, -3.778469117984000203 ) ) ;
#2306 = ADVANCED_FACE ( 'NONE', ( #9550 ), #10486, .F. ) ;
#2307 = EDGE_CURVE ( 'NONE', #1003, #8687, #6613, .T. ) ;
#2308 = ORIENTED_EDGE ( 'NONE', *, *, #7436, .T. ) ;
#2309 = LINE ( 'NONE', #315, #12105 ) ;
#2310 = EDGE_CURVE ( 'NONE', #8107, #1499, #995, .T. ) ;
#2311 = ORIENTED_EDGE ( 'NONE', *, *, #470, .T. ) ;
#2312 = CARTESIAN_POINT ( 'NONE',  ( -1.860000000000000098, 13.08000000000001783, -0.3649999999999912204 ) ) ;
#2313 = LINE ( 'NONE', #5883, #2589 ) ;
#2314 = ORIENTED_EDGE ( 'NONE', *, *, #2383, .T. ) ;
#2315 = LINE ( 'NONE', #5388, #5384 ) ;
#2316 = FACE_OUTER_BOUND ( 'NONE', #11602, .T. ) ;
#2317 = AXIS2_PLACEMENT_3D ( 'NONE', #5788, #5850, #282 ) ;
#2318 = CARTESIAN_POINT ( 'NONE',  ( -5.080000000000000071, 0.000000000000000000, 0.000000000000000000 ) ) ;
#2319 = VECTOR ( 'NONE', #1915, 1000.000000000000000 ) ;
#2320 = LINE ( 'NONE', #509, #3522 ) ;
#2321 = CARTESIAN_POINT ( 'NONE',  ( 5.599999999999999645, 0.000000000000000000, -10.22999999999999865 ) ) ;
#2322 = ORIENTED_EDGE ( 'NONE', *, *, #951, .T. ) ;
#2323 = CARTESIAN_POINT ( 'NONE',  ( -0.2350000000000000699, 15.80000000000000071, 5.159999999999999254 ) ) ;
#2324 = VECTOR ( 'NONE', #4389, 1000.000000000000000 ) ;
#2325 = ORIENTED_EDGE ( 'NONE', *, *, #7160, .F. ) ;
#2326 = CIRCLE ( 'NONE', #9316, 1.870944562245001386 ) ;
#2327 = LINE ( 'NONE', #6140, #12032 ) ;
#2328 = VERTEX_POINT ( 'NONE', #5804 ) ;
#2329 = ORIENTED_EDGE ( 'NONE', *, *, #1551, .T. ) ;
#2330 = ORIENTED_EDGE ( 'NONE', *, *, #5891, .T. ) ;
#2331 = CARTESIAN_POINT ( 'NONE',  ( 0.2300000000000000100, 15.80000000000000071, -4.234997608641000610 ) ) ;
#2332 = LINE ( 'NONE', #8080, #2584 ) ;
#2333 = LINE ( 'NONE', #9958, #2435 ) ;
#2334 = DIRECTION ( 'NONE',  ( 0.000000000000000000, -1.000000000000000000, 0.000000000000000000 ) ) ;
#2335 = CYLINDRICAL_SURFACE ( 'NONE', #361, 1.350000000000000089 ) ;
#2336 = ADVANCED_FACE ( 'NONE', ( #2106 ), #7792, .T. ) ;
#2337 = VECTOR ( 'NONE', #2730, 1000.000000000000000 ) ;
#2338 = VERTEX_POINT ( 'NONE', #6918 ) ;
#2339 = DIRECTION ( 'NONE',  ( 0.000000000000000000, 1.000000000000000000, 0.000000000000000000 ) ) ;
#2340 = EDGE_LOOP ( 'NONE', ( #2428, #8386, #2966, #6814, #6683, #721, #3200, #9036 ) ) ;
#2341 = ORIENTED_EDGE ( 'NONE', *, *, #5761, .T. ) ;
#2342 = SURFACE_STYLE_USAGE ( .BOTH. , #4223 ) ;
#2343 = ORIENTED_EDGE ( 'NONE', *, *, #5176, .F. ) ;
#2344 = CARTESIAN_POINT ( 'NONE',  ( -3.500000000000000000, 4.179999999999999716, 10.35999999999999943 ) ) ;
#2345 = CARTESIAN_POINT ( 'NONE',  ( -0.7910841894819999887, 9.114158068156001491, -7.323108647550999883 ) ) ;
#2346 = DIRECTION ( 'NONE',  ( 0.000000000000000000, 0.000000000000000000, 1.000000000000000000 ) ) ;
#2347 = DIRECTION ( 'NONE',  ( 1.232595164407794408E-32, -0.9758182935088373089, -0.2185832977459636062 ) ) ;
#2348 = CARTESIAN_POINT ( 'NONE',  ( 0.3600000000000000422, -3.700000000000000178, -6.490000000000000213 ) ) ;
#2349 = VECTOR ( 'NONE', #10077, 1000.000000000000000 ) ;
#2350 = ADVANCED_FACE ( 'NONE', ( #8671 ), #1173, .T. ) ;
#2351 = EDGE_LOOP ( 'NONE', ( #6517, #11295, #6497, #8019 ) ) ;
#2352 = VECTOR ( 'NONE', #2518, 1000.000000000000000 ) ;
#2353 = CARTESIAN_POINT ( 'NONE',  ( 2.184712618997000533, 8.451830600729000054, -7.766922107896999883 ) ) ;
#2354 = CARTESIAN_POINT ( 'NONE',  ( 1.804999999999999938, 13.48134016943098068, 5.151525677994007069 ) ) ;
#2355 = ORIENTED_EDGE ( 'NONE', *, *, #9438, .T. ) ;
#2356 = ORIENTED_EDGE ( 'NONE', *, *, #11483, .T. ) ;
#2357 = PLANE ( 'NONE',  #11016 ) ;
#2358 = VERTEX_POINT ( 'NONE', #5863 ) ;
#2359 = LINE ( 'NONE', #4299, #2207 ) ;
#2360 = EDGE_LOOP ( 'NONE', ( #5220, #7288, #8338, #7738 ) ) ;
#2361 = CARTESIAN_POINT ( 'NONE',  ( -1.810000000000000053, 14.11058301933567094, -6.489599425864949644 ) ) ;
#2362 = LINE ( 'NONE', #4367, #6127 ) ;
#2363 = LINE ( 'NONE', #1569, #11975 ) ;
#2364 = CARTESIAN_POINT ( 'NONE',  ( -1.250000000000000000, 14.09462133319000010, -6.209999999999999964 ) ) ;
#2365 = AXIS2_PLACEMENT_3D ( 'NONE', #6325, #7209, #9318 ) ;
#2366 = EDGE_CURVE ( 'NONE', #1413, #6167, #116, .T. ) ;
#2367 = EDGE_LOOP ( 'NONE', ( #2300, #6298, #8873, #2807, #6207, #4914, #5095 ) ) ;
#2368 = CARTESIAN_POINT ( 'NONE',  ( -3.971129570381793261, -3.700000000000000178, 1.097272240749140426 ) ) ;
#2369 = ORIENTED_EDGE ( 'NONE', *, *, #2841, .F. ) ;
#2370 = MECHANICAL_DESIGN_GEOMETRIC_PRESENTATION_REPRESENTATION (  '', ( #4174 ), #2773 ) ;
#2371 = DIRECTION ( 'NONE',  ( 0.000000000000000000, 0.9763850306004406843, 0.2160376634278765307 ) ) ;
#2372 = VECTOR ( 'NONE', #505, 1000.000000000000000 ) ;
#2373 = LINE ( 'NONE', #3498, #11761 ) ;
#2374 = ORIENTED_EDGE ( 'NONE', *, *, #12164, .T. ) ;
#2375 = CARTESIAN_POINT ( 'NONE',  ( 1.250000000000000000, 13.96993164062500092, -4.623949218749999091 ) ) ;
#2376 = EDGE_CURVE ( 'NONE', #3669, #3812, #8787, .T. ) ;
#2377 = EDGE_CURVE ( 'NONE', #8519, #4934, #1936, .T. ) ;
#2378 = CARTESIAN_POINT ( 'NONE',  ( -1.625000000000000000, 1.100000000000000089, -10.22999999999999865 ) ) ;
#2379 = CARTESIAN_POINT ( 'NONE',  ( -2.220000000000000195, 15.45000000000000107, 6.119999999999999218 ) ) ;
#2380 = CARTESIAN_POINT ( 'NONE',  ( 6.540000000000000036, 8.131715197500998471, 10.08999999999999986 ) ) ;
#2381 = CARTESIAN_POINT ( 'NONE',  ( -0.9166263085355879081, 8.467812695379963728, -7.762820221589820768 ) ) ;
#2382 = VECTOR ( 'NONE', #8598, 1000.000000000000000 ) ;
#2383 = EDGE_CURVE ( 'NONE', #9610, #3270, #12133, .T. ) ;
#2384 =( BOUNDED_SURFACE ( )  B_SPLINE_SURFACE ( 1, 3, ( 
 ( #3046, #1261, #4110, #7929 ),
 ( #11729, #7000, #1695, #687 ),
 ( #5440, #9058, #4303, #10244 ) ),
 .UNSPECIFIED., .F., .F., .F. ) 
 B_SPLINE_SURFACE_WITH_KNOTS ( ( 2, 1, 2 ),
 ( 4, 4 ),
 ( 0.009142821517159522432, 1.000000000000000000, 1.005915852176891390 ),
 ( 0.000000000000000000, 1.000000000000000000 ),
 .UNSPECIFIED. ) 
 GEOMETRIC_REPRESENTATION_ITEM ( )  RATIONAL_B_SPLINE_SURFACE ( (
 ( 1.000000000000000000, 0.9975185356157491023, 0.9975185356157491023, 1.000000000000000000),
 ( 1.000000000000000000, 0.9975185356157491023, 0.9975185356157491023, 1.000000000000000000),
 ( 1.000000000000000000, 0.9975185356157491023, 0.9975185356157491023, 1.000000000000000000) ) ) 
 REPRESENTATION_ITEM ( '' )  SURFACE ( )  );
#2385 = EDGE_CURVE ( 'NONE', #3572, #3004, #7852, .T. ) ;
#2386 = VECTOR ( 'NONE', #10874, 1000.000000000000000 ) ;
#2387 = VERTEX_POINT ( 'NONE', #3086 ) ;
#2388 = DIRECTION ( 'NONE',  ( 0.000000000000000000, 0.000000000000000000, 1.000000000000000000 ) ) ;
#2389 = ORIENTED_EDGE ( 'NONE', *, *, #11164, .T. ) ;
#2390 = LINE ( 'NONE', #6209, #11794 ) ;
#2391 = VERTEX_POINT ( 'NONE', #9489 ) ;
#2392 = ORIENTED_EDGE ( 'NONE', *, *, #6433, .F. ) ;
#2393 = AXIS2_PLACEMENT_3D ( 'NONE', #3236, #11119, #1506 ) ;
#2394 = EDGE_CURVE ( 'NONE', #3530, #2283, #7617, .T. ) ;
#2395 = ORIENTED_EDGE ( 'NONE', *, *, #9555, .T. ) ;
#2396 = VECTOR ( 'NONE', #11920, 1000.000000000000000 ) ;
#2397 = CARTESIAN_POINT ( 'NONE',  ( -0.2300000000000000655, 15.55369816261155869, -5.620000000000000107 ) ) ;
#2398 = CARTESIAN_POINT ( 'NONE',  ( -2.481703076265318497, 2.986473022055134763, -8.750000571073041300 ) ) ;
#2399 = CARTESIAN_POINT ( 'NONE',  ( -0.9150931686817279642, 8.389297108278539028, -7.497928830848423765 ) ) ;
#2400 = CARTESIAN_POINT ( 'NONE',  ( -0.7900000000000000355, 14.13060166168400045, -6.486614561090999764 ) ) ;
#2401 = CARTESIAN_POINT ( 'NONE',  ( -0.3499039373569999833, 3.000000000000000000, -9.029807709702000196 ) ) ;
#2402 = EDGE_CURVE ( 'NONE', #3436, #11290, #4284, .T. ) ;
#2403 = VECTOR ( 'NONE', #10663, 1000.000000000000227 ) ;
#2404 = VECTOR ( 'NONE', #8565, 1000.000000000000000 ) ;
#2405 = ORIENTED_EDGE ( 'NONE', *, *, #3152, .T. ) ;
#2406 = FACE_OUTER_BOUND ( 'NONE', #10450, .T. ) ;
#2407 = ORIENTED_EDGE ( 'NONE', *, *, #2012, .T. ) ;
#2408 = ORIENTED_EDGE ( 'NONE', *, *, #1278, .T. ) ;
#2409 = EDGE_LOOP ( 'NONE', ( #2493, #9117, #10535, #1701 ) ) ;
#2410 = DIRECTION ( 'NONE',  ( 1.000000000000000000, 0.000000000000000000, 0.000000000000000000 ) ) ;
#2411 = DIRECTION ( 'NONE',  ( -0.0004638570334012487545, 0.9999998924183204352, 0.000000000000000000 ) ) ;
#2412 = VECTOR ( 'NONE', #12110, 1000.000000000000114 ) ;
#2413 = DIRECTION ( 'NONE',  ( 0.9999997642673967846, -0.0001554772369528614685, 0.0006687989081624648967 ) ) ;
#2414 = CARTESIAN_POINT ( 'NONE',  ( -0.3499039373569999833, 3.000000000000000000, -9.029807709702000196 ) ) ;
#2415 = LINE ( 'NONE', #7239, #7763 ) ;
#2416 = ORIENTED_EDGE ( 'NONE', *, *, #67, .F. ) ;
#2417 = DIRECTION ( 'NONE',  ( 0.000000000000000000, 1.000000000000000000, 0.000000000000000000 ) ) ;
#2418 = ADVANCED_FACE ( 'NONE', ( #420 ), #534, .F. ) ;
#2419 = DIRECTION ( 'NONE',  ( -1.000000000000000000, 0.000000000000000000, 0.000000000000000000 ) ) ;
#2420 = EDGE_CURVE ( 'NONE', #8895, #7429, #3809, .T. ) ;
#2421 = CARTESIAN_POINT ( 'NONE',  ( -3.500000000000000000, 6.000000000000000000, -5.070000000000000284 ) ) ;
#2422 = ORIENTED_EDGE ( 'NONE', *, *, #1109, .F. ) ;
#2423 = CIRCLE ( 'NONE', #11008, 1.714203002955001498 ) ;
#2424 = ORIENTED_EDGE ( 'NONE', *, *, #1293, .T. ) ;
#2425 = LINE ( 'NONE', #1563, #5442 ) ;
#2426 = EDGE_LOOP ( 'NONE', ( #9557, #9676, #6335, #8070 ) ) ;
#2427 = DIRECTION ( 'NONE',  ( 0.0004638551866507655864, -0.9999998924187487592, -9.255403379671383740E-07 ) ) ;
#2428 = ORIENTED_EDGE ( 'NONE', *, *, #11790, .T. ) ;
#2429 = LINE ( 'NONE', #2301, #7005 ) ;
#2430 = VERTEX_POINT ( 'NONE', #7168 ) ;
#2431 = CARTESIAN_POINT ( 'NONE',  ( 0.000000000000000000, 0.000000000000000000, -1.273734666246999936 ) ) ;
#2432 = CARTESIAN_POINT ( 'NONE',  ( 2.189636189646000375, 2.984006727680000193, -8.750572549171000247 ) ) ;
#2433 = VECTOR ( 'NONE', #10416, 1000.000000000000000 ) ;
#2434 = CARTESIAN_POINT ( 'NONE',  ( -6.540000000000000036, 3.000000000000000000, -10.22999999999999865 ) ) ;
#2435 = VECTOR ( 'NONE', #9022, 1000.000000000000000 ) ;
#2436 = VECTOR ( 'NONE', #2176, 1000.000000000000000 ) ;
#2437 = ORIENTED_EDGE ( 'NONE', *, *, #3288, .T. ) ;
#2438 = DIRECTION ( 'NONE',  ( 0.000000000000000000, 0.000000000000000000, -1.000000000000000000 ) ) ;
#2439 = ORIENTED_EDGE ( 'NONE', *, *, #8640, .F. ) ;
#2440 = CARTESIAN_POINT ( 'NONE',  ( 2.189999999999999947, 1.100000000000000311, -9.029999999999999361 ) ) ;
#2441 = DIRECTION ( 'NONE',  ( -1.000000000000000000, -0.000000000000000000, -0.000000000000000000 ) ) ;
#2442 = ORIENTED_EDGE ( 'NONE', *, *, #3984, .F. ) ;
#2443 = CARTESIAN_POINT ( 'NONE',  ( 0.1800000000000000211, 13.08000000000000007, -0.3649999999999998801 ) ) ;
#2444 = AXIS2_PLACEMENT_3D ( 'NONE', #2719, #12167, #8477 ) ;
#2445 = CARTESIAN_POINT ( 'NONE',  ( -1.520000000000000018, 4.179999999999999716, 10.33999999999999986 ) ) ;
#2446 = LINE ( 'NONE', #2562, #6795 ) ;
#2447 = CARTESIAN_POINT ( 'NONE',  ( -4.819999999999999396, -3.700000000000000178, -1.324726386844000015 ) ) ;
#2448 = ORIENTED_EDGE ( 'NONE', *, *, #12366, .F. ) ;
#2449 = CARTESIAN_POINT ( 'NONE',  ( 5.339999999999998970, -3.500000000000000000, -0.9000000000000000222 ) ) ;
#2450 = ORIENTED_EDGE ( 'NONE', *, *, #11264, .T. ) ;
#2451 = DIRECTION ( 'NONE',  ( -0.0006866331995831718993, 0.000000000000000000, 0.9999997642673967846 ) ) ;
#2452 = ORIENTED_EDGE ( 'NONE', *, *, #6205, .T. ) ;
#2453 = CARTESIAN_POINT ( 'NONE',  ( -2.173411043603546311, 8.512543252321519205, -6.209999999999999964 ) ) ;
#2454 = ORIENTED_EDGE ( 'NONE', *, *, #12005, .F. ) ;
#2455 = EDGE_CURVE ( 'NONE', #10881, #10997, #2167, .T. ) ;
#2456 = ADVANCED_FACE ( 'NONE', ( #1361 ), #292, .T. ) ;
#2457 = ORIENTED_EDGE ( 'NONE', *, *, #11930, .F. ) ;
#2458 = CARTESIAN_POINT ( 'NONE',  ( 5.339999999999998970, -3.400004331179910633, -1.256722847314213354 ) ) ;
#2459 = CARTESIAN_POINT ( 'NONE',  ( 2.150627715067999990, 8.582302296518999896, -7.736418936918999734 ) ) ;
#2460 = LINE ( 'NONE', #9334, #4183 ) ;
#2461 = FACE_OUTER_BOUND ( 'NONE', #12250, .T. ) ;
#2462 = PLANE ( 'NONE',  #9744 ) ;
#2463 = EDGE_CURVE ( 'NONE', #6992, #1003, #6984, .T. ) ;
#2464 = EDGE_CURVE ( 'NONE', #3882, #7639, #9790, .T. ) ;
#2465 = ADVANCED_FACE ( 'NONE', ( #8907 ), #3273, .F. ) ;
#2466 = ORIENTED_EDGE ( 'NONE', *, *, #12164, .F. ) ;
#2467 = DIRECTION ( 'NONE',  ( 0.000000000000000000, 0.000000000000000000, 1.000000000000000000 ) ) ;
#2468 = ORIENTED_EDGE ( 'NONE', *, *, #705, .F. ) ;
#2469 = VERTEX_POINT ( 'NONE', #5239 ) ;
#2470 = VERTEX_POINT ( 'NONE', #6043 ) ;
#2471 = LINE ( 'NONE', #6284, #4148 ) ;
#2472 = CARTESIAN_POINT ( 'NONE',  ( 1.279851745625653514, 8.999434870717008650, -7.636700294389927812 ) ) ;
#2473 = LINE ( 'NONE', #9041, #6547 ) ;
#2474 = DIRECTION ( 'NONE',  ( 0.000000000000000000, 0.000000000000000000, -1.000000000000000000 ) ) ;
#2475 = CARTESIAN_POINT ( 'NONE',  ( -0.7900000000000000355, 13.35000000000000142, 5.200000000000000178 ) ) ;
#2476 = ORIENTED_EDGE ( 'NONE', *, *, #9868, .F. ) ;
#2477 = CARTESIAN_POINT ( 'NONE',  ( -0.3499999999999999778, -3.700000000000000178, -8.750000000000000000 ) ) ;
#2478 = DIRECTION ( 'NONE',  ( 1.000000000000000000, 0.000000000000000000, 0.000000000000000000 ) ) ;
#2479 = CYLINDRICAL_SURFACE ( 'NONE', #3735, 1.363702780452000107 ) ;
#2480 = ORIENTED_EDGE ( 'NONE', *, *, #6703, .F. ) ;
#2481 = VERTEX_POINT ( 'NONE', #9909 ) ;
#2482 = FACE_OUTER_BOUND ( 'NONE', #2084, .T. ) ;
#2483 = ORIENTED_EDGE ( 'NONE', *, *, #6825, .F. ) ;
#2484 = CARTESIAN_POINT ( 'NONE',  ( -2.880000000000000338, 13.01999999999999957, 4.890000000000000568 ) ) ;
#2485 = ORIENTED_EDGE ( 'NONE', *, *, #11856, .T. ) ;
#2486 = LINE ( 'NONE', #5439, #7606 ) ;
#2487 = FACE_OUTER_BOUND ( 'NONE', #3014, .T. ) ;
#2488 = DIRECTION ( 'NONE',  ( 0.000000000000000000, 0.000000000000000000, 1.000000000000000000 ) ) ;
#2489 = DIRECTION ( 'NONE',  ( -1.842884166055999919E-17, -1.000000000000000000, 0.000000000000000000 ) ) ;
#2490 = EDGE_CURVE ( 'NONE', #402, #1575, #5172, .T. ) ;
#2491 = VERTEX_POINT ( 'NONE', #7911 ) ;
#2492 = CARTESIAN_POINT ( 'NONE',  ( -0.3550000000000000377, 1.100000000000000089, -10.22999999999999865 ) ) ;
#2493 = ORIENTED_EDGE ( 'NONE', *, *, #174, .T. ) ;
#2494 = LINE ( 'NONE', #8186, #7814 ) ;
#2495 = ORIENTED_EDGE ( 'NONE', *, *, #3727, .F. ) ;
#2496 = DIRECTION ( 'NONE',  ( 0.000000000000000000, -1.000000000000000000, 0.000000000000000000 ) ) ;
#2497 = ORIENTED_EDGE ( 'NONE', *, *, #5745, .T. ) ;
#2498 = LINE ( 'NONE', #2443, #6978 ) ;
#2499 = DIRECTION ( 'NONE',  ( -1.000000000000000000, -5.602654968496609523E-16, 0.000000000000000000 ) ) ;
#2500 = PLANE ( 'NONE',  #7585 ) ;
#2501 = LINE ( 'NONE', #8943, #10313 ) ;
#2502 = LINE ( 'NONE', #1520, #8350 ) ;
#2503 = ADVANCED_FACE ( 'NONE', ( #11844 ), #10972, .F. ) ;
#2504 = VECTOR ( 'NONE', #1266, 1000.000000000000000 ) ;
#2505 = EDGE_LOOP ( 'NONE', ( #7610, #9533, #2522, #1077, #4541, #4658 ) ) ;
#2506 = CARTESIAN_POINT ( 'NONE',  ( -0.2299999999999999822, 14.08271959687074570, -6.210905248189442673 ) ) ;
#2507 = EDGE_LOOP ( 'NONE', ( #2054, #177, #10813, #3068 ) ) ;
#2508 = DIRECTION ( 'NONE',  ( -1.000000000000000000, -0.000000000000000000, -0.000000000000000000 ) ) ;
#2509 = VECTOR ( 'NONE', #2277, 1000.000000000000000 ) ;
#2510 = DIRECTION ( 'NONE',  ( 1.000000000000000000, 0.000000000000000000, 0.000000000000000000 ) ) ;
#2511 = VERTEX_POINT ( 'NONE', #4157 ) ;
#2512 = VECTOR ( 'NONE', #4478, 1000.000000000000000 ) ;
#2513 = ORIENTED_EDGE ( 'NONE', *, *, #5075, .F. ) ;
#2514 = DIRECTION ( 'NONE',  ( 0.000000000000000000, 0.9495692212737610882, 0.3135574811889244584 ) ) ;
#2515 = CARTESIAN_POINT ( 'NONE',  ( 5.080000000000000071, -2.089999999999999858, 0.000000000000000000 ) ) ;
#2516 = CARTESIAN_POINT ( 'NONE',  ( -1.860000000000000098, 13.01999999999999957, 4.890000000000000568 ) ) ;
#2517 = CARTESIAN_POINT ( 'NONE',  ( 8.751918340712878219, 15.69999999999999929, -0.3649999999999998801 ) ) ;
#2518 = DIRECTION ( 'NONE',  ( 1.000000000000000000, 0.000000000000000000, 0.000000000000000000 ) ) ;
#2519 = EDGE_CURVE ( 'NONE', #7680, #11917, #7975, .T. ) ;
#2520 = VECTOR ( 'NONE', #467, 1000.000000000000000 ) ;
#2521 = VECTOR ( 'NONE', #6074, 1000.000000000000000 ) ;
#2522 = ORIENTED_EDGE ( 'NONE', *, *, #1711, .T. ) ;
#2523 = LINE ( 'NONE', #10152, #1741 ) ;
#2524 = ORIENTED_EDGE ( 'NONE', *, *, #4094, .T. ) ;
#2525 = ORIENTED_EDGE ( 'NONE', *, *, #5409, .F. ) ;
#2526 = ORIENTED_EDGE ( 'NONE', *, *, #2839, .T. ) ;
#2527 = LINE ( 'NONE', #8035, #4160 ) ;
#2528 = CARTESIAN_POINT ( 'NONE',  ( 8.751918340712878219, 15.69999999999999929, -0.3649999999999998801 ) ) ;
#2529 = VECTOR ( 'NONE', #8983, 1000.000000000000000 ) ;
#2530 = ADVANCED_FACE ( 'NONE', ( #7105 ), #3217, .T. ) ;
#2531 = CARTESIAN_POINT ( 'NONE',  ( 1.771299007910094980, 9.198524231512269722, -7.303767840140796608 ) ) ;
#2532 = AXIS2_PLACEMENT_3D ( 'NONE', #1568, #10115, #6369 ) ;
#2533 = EDGE_CURVE ( 'NONE', #8215, #1150, #2287, .T. ) ;
#2534 = CARTESIAN_POINT ( 'NONE',  ( 1.810000000000000053, 14.00000000000000000, -6.228930666691000262 ) ) ;
#2535 = CARTESIAN_POINT ( 'NONE',  ( -0.9150000000000000355, -3.700000000000000178, -9.029999999999999361 ) ) ;
#2536 = EDGE_CURVE ( 'NONE', #9017, #7590, #10037, .T. ) ;
#2537 = CARTESIAN_POINT ( 'NONE',  ( -0.2350000000000000422, 14.07605394207246619, -6.211894583666930814 ) ) ;
#2538 = CARTESIAN_POINT ( 'NONE',  ( -3.500000000000000000, 4.179999999999999716, 10.33999999999999986 ) ) ;
#2539 = DIRECTION ( 'NONE',  ( -0.9855641870644104019, 0.1650087725240685643, 0.03788585707316576706 ) ) ;
#2540 = ORIENTED_EDGE ( 'NONE', *, *, #4232, .T. ) ;
#2541 = ORIENTED_EDGE ( 'NONE', *, *, #12046, .F. ) ;
#2542 = CARTESIAN_POINT ( 'NONE',  ( -0.7900000000000000355, 9.377205983516001098, -3.778469117984000203 ) ) ;
#2543 = ORIENTED_EDGE ( 'NONE', *, *, #10095, .F. ) ;
#2544 = CARTESIAN_POINT ( 'NONE',  ( 2.001110333490578430, 8.451743116222555585, -7.766545785656131073 ) ) ;
#2545 = ORIENTED_EDGE ( 'NONE', *, *, #8504, .F. ) ;
#2546 = DIRECTION ( 'NONE',  ( 1.000000000000000000, 0.000000000000000000, 0.000000000000000000 ) ) ;
#2547 = EDGE_LOOP ( 'NONE', ( #1108, #3479, #7424, #11389 ) ) ;
#2548 = CARTESIAN_POINT ( 'NONE',  ( -0.7900000000000000355, 15.80000000000000071, -4.234997608641000610 ) ) ;
#2549 = DIRECTION ( 'NONE',  ( 1.000000000000000000, 0.000000000000000000, 0.000000000000000000 ) ) ;
#2550 = LINE ( 'NONE', #4370, #1182 ) ;
#2551 = EDGE_CURVE ( 'NONE', #3880, #6803, #1429, .T. ) ;
#2552 = VECTOR ( 'NONE', #4270, 1000.000000000000000 ) ;
#2553 = DIRECTION ( 'NONE',  ( 0.000000000000000000, 0.000000000000000000, -1.000000000000000000 ) ) ;
#2554 = VERTEX_POINT ( 'NONE', #9094 ) ;
#2555 = CARTESIAN_POINT ( 'NONE',  ( -0.9150000000000000355, -3.700000000000000178, -9.029999999999999361 ) ) ;
#2556 = ORIENTED_EDGE ( 'NONE', *, *, #10420, .F. ) ;
#2557 = DIRECTION ( 'NONE',  ( 0.000000000000000000, 0.000000000000000000, 1.000000000000000000 ) ) ;
#2558 = ORIENTED_EDGE ( 'NONE', *, *, #108, .T. ) ;
#2559 = CARTESIAN_POINT ( 'NONE',  ( 3.500000000000000000, 7.000000000000000000, -3.759999999999999787 ) ) ;
#2560 = CARTESIAN_POINT ( 'NONE',  ( 2.220000000000000195, 13.01999999999999957, 4.890000000000000568 ) ) ;
#2561 = VECTOR ( 'NONE', #11640, 1000.000000000000000 ) ;
#2562 = CARTESIAN_POINT ( 'NONE',  ( 1.810000000000000053, 14.06939833831600062, -6.213385438909000413 ) ) ;
#2563 = DIRECTION ( 'NONE',  ( -0.000000000000000000, 1.000000000000000000, 0.000000000000000000 ) ) ;
#2564 = PLANE ( 'NONE',  #3157 ) ;
#2565 = AXIS2_PLACEMENT_3D ( 'NONE', #419, #6347, #603 ) ;
#2566 = ORIENTED_EDGE ( 'NONE', *, *, #10345, .T. ) ;
#2567 = VECTOR ( 'NONE', #3170, 1000.000000000000000 ) ;
#2568 = DIRECTION ( 'NONE',  ( 0.000000000000000000, 0.000000000000000000, -1.000000000000000000 ) ) ;
#2569 = ORIENTED_EDGE ( 'NONE', *, *, #4296, .F. ) ;
#2570 = CARTESIAN_POINT ( 'NONE',  ( -5.080000000000000071, -1.639999999999999902, 1.273734666246999936 ) ) ;
#2571 = EDGE_CURVE ( 'NONE', #4379, #3213, #4348, .T. ) ;
#2572 = CARTESIAN_POINT ( 'NONE',  ( 1.860000000000000098, 13.01999999999999957, -0.3649999999999998801 ) ) ;
#2573 = EDGE_LOOP ( 'NONE', ( #1457, #3260, #8785, #11235 ) ) ;
#2574 = EDGE_CURVE ( 'NONE', #10426, #11667, #11372, .T. ) ;
#2575 = ORIENTED_EDGE ( 'NONE', *, *, #587, .T. ) ;
#2576 = CARTESIAN_POINT ( 'NONE',  ( -1.810000000000000053, 15.66000000000000014, 5.159999999999999254 ) ) ;
#2577 = CARTESIAN_POINT ( 'NONE',  ( 2.189713793404999720, 1.100000000000000311, -9.029999999999999361 ) ) ;
#2578 = CARTESIAN_POINT ( 'NONE',  ( -1.255000000000000115, 14.09462133319000010, -6.209999999999999964 ) ) ;
#2579 = AXIS2_PLACEMENT_3D ( 'NONE', #12227, #9351, #7538 ) ;
#2580 = CARTESIAN_POINT ( 'NONE',  ( -0.2300000000000000100, 14.06939833831600062, -6.213385438909000413 ) ) ;
#2581 = CARTESIAN_POINT ( 'NONE',  ( -1.810000000000000053, 14.52999999999999936, -6.299999999999999822 ) ) ;
#2582 = AXIS2_PLACEMENT_3D ( 'NONE', #9755, #3002, #6832 ) ;
#2583 = ORIENTED_EDGE ( 'NONE', *, *, #7204, .F. ) ;
#2584 = VECTOR ( 'NONE', #11890, 1000.000000000000000 ) ;
#2585 = DIRECTION ( 'NONE',  ( 0.000000000000000000, 1.000000000000000000, 0.000000000000000000 ) ) ;
#2586 = EDGE_CURVE ( 'NONE', #10672, #5054, #8221, .T. ) ;
#2587 = CIRCLE ( 'NONE', #5593, 1.358858635772000722 ) ;
#2588 = VERTEX_POINT ( 'NONE', #5479 ) ;
#2589 = VECTOR ( 'NONE', #9875, 1000.000000000000000 ) ;
#2590 = VERTEX_POINT ( 'NONE', #8341 ) ;
#2591 = UNCERTAINTY_MEASURE_WITH_UNIT (LENGTH_MEASURE( 1.000000000000000082E-05 ), #10902, 'distance_accuracy_value', 'NONE');
#2592 = ORIENTED_EDGE ( 'NONE', *, *, #960, .T. ) ;
#2593 = DIRECTION ( 'NONE',  ( 0.9999997642673967846, 0.000000000000000000, 0.0006866331995831718993 ) ) ;
#2594 = DIRECTION ( 'NONE',  ( 0.000000000000000000, 0.9763850306004407953, 0.2160376634278763919 ) ) ;
#2595 = CARTESIAN_POINT ( 'NONE',  ( 5.079999999999999183, -0.4600000000000000200, 1.324726386843241066 ) ) ;
#2596 = AXIS2_PLACEMENT_3D ( 'NONE', #878, #4633, #8296 ) ;
#2597 = VECTOR ( 'NONE', #7383, 1000.000000000000227 ) ;
#2598 = CARTESIAN_POINT ( 'NONE',  ( -5.080000000000000071, -2.089999999999999858, 0.000000000000000000 ) ) ;
#2599 = CARTESIAN_POINT ( 'NONE',  ( -0.3499999999999999778, 1.100000000000000311, -8.750000000000000000 ) ) ;
#2600 = DIRECTION ( 'NONE',  ( -1.000000000000000000, 0.000000000000000000, 0.000000000000000000 ) ) ;
#2601 = ORIENTED_EDGE ( 'NONE', *, *, #8901, .T. ) ;
#2602 = VECTOR ( 'NONE', #305, 1000.000000000000000 ) ;
#2603 =( NAMED_UNIT ( * ) PLANE_ANGLE_UNIT ( ) SI_UNIT ( $, .RADIAN. ) );
#2604 = ORIENTED_EDGE ( 'NONE', *, *, #9423, .F. ) ;
#2605 = CARTESIAN_POINT ( 'NONE',  ( 1.910688566333257343, 8.388299465347637707, -7.493637382684372739 ) ) ;
#2606 = VERTEX_POINT ( 'NONE', #791 ) ;
#2607 = DIRECTION ( 'NONE',  ( 1.000000000000000000, 0.000000000000000000, 0.000000000000000000 ) ) ;
#2608 = ADVANCED_FACE ( 'NONE', ( #8280 ), #6285, .F. ) ;
#2609 = EDGE_CURVE ( 'NONE', #7559, #7561, #3662, .T. ) ;
#2610 = LINE ( 'NONE', #1636, #6507 ) ;
#2611 = LINE ( 'NONE', #7620, #8178 ) ;
#2612 = EDGE_CURVE ( 'NONE', #7547, #2790, #7472, .T. ) ;
#2613 = AXIS2_PLACEMENT_3D ( 'NONE', #1222, #5035, #9766 ) ;
#2614 = EDGE_CURVE ( 'NONE', #11448, #5802, #10782, .T. ) ;
#2615 = CARTESIAN_POINT ( 'NONE',  ( -0.2350000000000000699, 15.80000000000000071, -4.234997608640000522 ) ) ;
#2616 = ORIENTED_EDGE ( 'NONE', *, *, #2490, .F. ) ;
#2617 = EDGE_LOOP ( 'NONE', ( #3447, #6534, #10851, #8736 ) ) ;
#2618 = ADVANCED_FACE ( 'NONE', ( #6475 ), #12095, .T. ) ;
#2619 = CARTESIAN_POINT ( 'NONE',  ( -0.7900000000000000355, 14.49800950369600017, 4.776298838437000427 ) ) ;
#2620 = EDGE_LOOP ( 'NONE', ( #4120, #7183, #7261, #286, #6727, #5735 ) ) ;
#2621 = LINE ( 'NONE', #6443, #7194 ) ;
#2622 = CARTESIAN_POINT ( 'NONE',  ( 4.859999999999999432, 3.000000000000000000, -10.22999999999999865 ) ) ;
#2623 = EDGE_LOOP ( 'NONE', ( #9222, #1454, #5168, #10238 ) ) ;
#2624 = CARTESIAN_POINT ( 'NONE',  ( 7.900000000000000355, 13.15000000000000036, 10.08999999999999986 ) ) ;
#2625 = VECTOR ( 'NONE', #10393, 1000.000000000000000 ) ;
#2626 = VECTOR ( 'NONE', #8141, 1000.000000000000000 ) ;
#2627 = LINE ( 'NONE', #4512, #1942 ) ;
#2628 = CARTESIAN_POINT ( 'NONE',  ( -5.029999999999999361, 14.85999999999999943, -5.440000000000000391 ) ) ;
#2629 = EDGE_LOOP ( 'NONE', ( #9471, #3828, #11049, #6022, #1464, #5383 ) ) ;
#2630 = LINE ( 'NONE', #8385, #7130 ) ;
#2631 = CIRCLE ( 'NONE', #9627, 1.083702780452000747 ) ;
#2632 = ORIENTED_EDGE ( 'NONE', *, *, #4990, .F. ) ;
#2633 = AXIS2_PLACEMENT_3D ( 'NONE', #7982, #6050, #3158 ) ;
#2634 = DIRECTION ( 'NONE',  ( 1.000000000000000000, 0.000000000000000000, 0.000000000000000000 ) ) ;
#2635 = ORIENTED_EDGE ( 'NONE', *, *, #10809, .T. ) ;
#2636 = DIRECTION ( 'NONE',  ( 0.000000000000000000, -1.000000000000000000, 0.000000000000000000 ) ) ;
#2637 = ORIENTED_EDGE ( 'NONE', *, *, #7596, .F. ) ;
#2638 = DIRECTION ( 'NONE',  ( 0.000000000000000000, 1.000000000000000000, 0.000000000000000000 ) ) ;
#2639 = ORIENTED_EDGE ( 'NONE', *, *, #7623, .T. ) ;
#2640 = CARTESIAN_POINT ( 'NONE',  ( -1.250000000000000000, 15.80000000000000071, 5.159999999999999254 ) ) ;
#2641 = LINE ( 'NONE', #6337, #1411 ) ;
#2642 = EDGE_CURVE ( 'NONE', #11882, #6186, #662, .T. ) ;
#2643 = DIRECTION ( 'NONE',  ( 0.000000000000000000, 0.9465272815540003437, 0.3226237828710001310 ) ) ;
#2644 = DIRECTION ( 'NONE',  ( 0.000000000000000000, 0.000000000000000000, -1.000000000000000000 ) ) ;
#2645 = CARTESIAN_POINT ( 'NONE',  ( -5.339999999999998970, -3.350000000001385203, -1.273734666247064773 ) ) ;
#2646 = EDGE_CURVE ( 'NONE', #3696, #491, #4546, .T. ) ;
#2647 = ADVANCED_FACE ( 'NONE', ( #1681 ), #1545, .F. ) ;
#2648 = ORIENTED_EDGE ( 'NONE', *, *, #11009, .F. ) ;
#2649 = DIRECTION ( 'NONE',  ( -1.000000000000000000, -0.000000000000000000, -0.000000000000000000 ) ) ;
#2650 = VERTEX_POINT ( 'NONE', #3721 ) ;
#2651 = ORIENTED_EDGE ( 'NONE', *, *, #8301, .F. ) ;
#2652 = ORIENTED_EDGE ( 'NONE', *, *, #3875, .F. ) ;
#2653 = LINE ( 'NONE', #10414, #9143 ) ;
#2654 = CARTESIAN_POINT ( 'NONE',  ( -0.1800000000000000211, 13.05000000000000071, 4.890000000000000568 ) ) ;
#2655 = DIRECTION ( 'NONE',  ( 0.000000000000000000, 0.000000000000000000, -1.000000000000000000 ) ) ;
#2656 = DIRECTION ( 'NONE',  ( -1.000000000000000000, 0.000000000000000000, 1.224646799146999945E-16 ) ) ;
#2657 = EDGE_CURVE ( 'NONE', #12138, #756, #7353, .T. ) ;
#2658 = CARTESIAN_POINT ( 'NONE',  ( -6.541141843972000380, 3.318858156027999939, 8.789999999999999147 ) ) ;
#2659 = CARTESIAN_POINT ( 'NONE',  ( -0.6321804546450000561, 8.388299544004999220, -7.493637721036000343 ) ) ;
#2660 = CARTESIAN_POINT ( 'NONE',  ( 0.2300000000000000100, 15.80000000000000071, 5.159999999999999254 ) ) ;
#2661 = EDGE_LOOP ( 'NONE', ( #2922, #352, #7873, #850 ) ) ;
#2662 = ORIENTED_EDGE ( 'NONE', *, *, #6322, .F. ) ;
#2663 = CARTESIAN_POINT ( 'NONE',  ( -0.9150958006302644110, 3.800000000000001155, -8.560878063284693695 ) ) ;
#2664 = ORIENTED_EDGE ( 'NONE', *, *, #440, .T. ) ;
#2665 = FACE_OUTER_BOUND ( 'NONE', #3271, .T. ) ;
#2666 = ORIENTED_EDGE ( 'NONE', *, *, #4909, .T. ) ;
#2667 = DIRECTION ( 'NONE',  ( 0.000000000000000000, 1.000000000000000000, 0.000000000000000000 ) ) ;
#2668 = CARTESIAN_POINT ( 'NONE',  ( -0.3499999339949999566, 3.000000000000000000, -8.890000000000000568 ) ) ;
#2669 = DIRECTION ( 'NONE',  ( -1.000000000000000000, 0.000000000000000000, 0.000000000000000000 ) ) ;
#2670 = EDGE_CURVE ( 'NONE', #7070, #8150, #5422, .T. ) ;
#2671 = EDGE_CURVE ( 'NONE', #4415, #9243, #11095, .T. ) ;
#2672 = CARTESIAN_POINT ( 'NONE',  ( -5.700000000000000178, 14.00000000000000000, -6.480650477015999833 ) ) ;
#2673 = VERTEX_POINT ( 'NONE', #1616 ) ;
#2674 = CARTESIAN_POINT ( 'NONE',  ( -0.2300000000000000100, 15.52000000000000135, 5.136780657427999941 ) ) ;
#2675 = ORIENTED_EDGE ( 'NONE', *, *, #12048, .F. ) ;
#2676 = CARTESIAN_POINT ( 'NONE',  ( 1.199999999999999956, 13.08000000000000007, 6.119999999999999218 ) ) ;
#2677 = VERTEX_POINT ( 'NONE', #670 ) ;
#2678 = CARTESIAN_POINT ( 'NONE',  ( -0.3500961946529999591, 8.388255686313000226, -7.493449063346999672 ) ) ;
#2679 = CARTESIAN_POINT ( 'NONE',  ( -4.955000000000000071, 13.02999999999999936, 4.890000000000000568 ) ) ;
#2680 = ORIENTED_EDGE ( 'NONE', *, *, #10259, .F. ) ;
#2681 = EDGE_CURVE ( 'NONE', #5665, #9901, #8995, .T. ) ;
#2682 = CARTESIAN_POINT ( 'NONE',  ( 1.245000000000000107, 15.66000000000000014, 5.159999999999999254 ) ) ;
#2683 = ADVANCED_FACE ( 'NONE', ( #10227 ), #10091, .F. ) ;
#2684 = LINE ( 'NONE', #4457, #10105 ) ;
#2685 = CARTESIAN_POINT ( 'NONE',  ( 1.810000000000000053, 14.00000000000000000, -6.480650477015999833 ) ) ;
#2686 = ADVANCED_FACE ( 'NONE', ( #156 ), #11466, .F. ) ;
#2687 = CARTESIAN_POINT ( 'NONE',  ( 3.971129570381793261, -2.089999999999999858, -1.097272240749140426 ) ) ;
#2688 = ORIENTED_EDGE ( 'NONE', *, *, #6847, .T. ) ;
#2689 = DIRECTION ( 'NONE',  ( 1.000000000000000000, 0.000000000000000000, 0.000000000000000000 ) ) ;
#2690 = ORIENTED_EDGE ( 'NONE', *, *, #8530, .T. ) ;
#2691 = CARTESIAN_POINT ( 'NONE',  ( 0.2300000000000000377, 13.48009121031535074, 5.148141649191305902 ) ) ;
#2692 = EDGE_LOOP ( 'NONE', ( #11998, #11585, #3719, #1009, #11137, #3241 ) ) ;
#2693 = DIRECTION ( 'NONE',  ( 0.000000000000000000, 1.000000000000000000, 0.000000000000000000 ) ) ;
#2694 = ORIENTED_EDGE ( 'NONE', *, *, #3240, .F. ) ;
#2695 = DIRECTION ( 'NONE',  ( 1.000000000000000000, 0.000000000000000000, 0.000000000000000000 ) ) ;
#2696 = EDGE_LOOP ( 'NONE', ( #10725, #2322, #5094, #8120 ) ) ;
#2697 = LINE ( 'NONE', #12080, #12128 ) ;
#2698 = LINE ( 'NONE', #9148, #5805 ) ;
#2699 = LINE ( 'NONE', #5470, #7772 ) ;
#2700 = CARTESIAN_POINT ( 'NONE',  ( -1.250000000000000000, 15.11416361098900119, -6.104208234257000321 ) ) ;
#2701 = CARTESIAN_POINT ( 'NONE',  ( -7.900000000000000355, 3.319999999999999840, 10.08999999999999986 ) ) ;
#2702 = ORIENTED_EDGE ( 'NONE', *, *, #5719, .T. ) ;
#2703 = CARTESIAN_POINT ( 'NONE',  ( 0.2300000000000000100, 15.69999999999999929, -5.336197087740999656 ) ) ;
#2704 = AXIS2_PLACEMENT_3D ( 'NONE', #6031, #2957, #9841 ) ;
#2705 = ORIENTED_EDGE ( 'NONE', *, *, #9703, .F. ) ;
#2706 = AXIS2_PLACEMENT_3D ( 'NONE', #6738, #5799, #11535 ) ;
#2707 = ORIENTED_EDGE ( 'NONE', *, *, #10665, .F. ) ;
#2708 = VERTEX_POINT ( 'NONE', #3898 ) ;
#2709 = VECTOR ( 'NONE', #6260, 1000.000000000000000 ) ;
#2710 = DIRECTION ( 'NONE',  ( 1.000000000000000000, 0.000000000000000000, 0.000000000000000000 ) ) ;
#2711 = CARTESIAN_POINT ( 'NONE',  ( 1.279081610060307517, 9.000789305022971476, -7.636369052355219900 ) ) ;
#2712 = EDGE_CURVE ( 'NONE', #4092, #9205, #6609, .T. ) ;
#2713 = DIRECTION ( 'NONE',  ( 0.4778456820861315957, -0.8550922732074700550, -0.2011981819314505315 ) ) ;
#2714 = SURFACE_STYLE_FILL_AREA ( #8600 ) ;
#2715 = AXIS2_PLACEMENT_3D ( 'NONE', #4320, #10066, #7078 ) ;
#2716 = AXIS2_PLACEMENT_3D ( 'NONE', #2768, #9529, #5842 ) ;
#2717 = DIRECTION ( 'NONE',  ( 0.000000000000000000, 0.000000000000000000, 1.000000000000000000 ) ) ;
#2718 = ORIENTED_EDGE ( 'NONE', *, *, #2402, .F. ) ;
#2719 = CARTESIAN_POINT ( 'NONE',  ( 1.810000000000000053, 14.06939833831600062, -6.213385438909000413 ) ) ;
#2720 = VECTOR ( 'NONE', #8399, 1000.000000000000000 ) ;
#2721 = CARTESIAN_POINT ( 'NONE',  ( -0.2369580155030684698, 9.108193807659564101, -7.611635830562792471 ) ) ;
#2722 = ORIENTED_EDGE ( 'NONE', *, *, #6252, .T. ) ;
#2723 = VECTOR ( 'NONE', #6391, 1000.000000000000000 ) ;
#2724 = CARTESIAN_POINT ( 'NONE',  ( -0.2350000000000000144, 13.96993164062500092, -4.623949218749999091 ) ) ;
#2725 = ORIENTED_EDGE ( 'NONE', *, *, #5370, .T. ) ;
#2726 = CARTESIAN_POINT ( 'NONE',  ( 2.175943555086424563, 8.478050120790550537, -7.473296559106466397 ) ) ;
#2727 = EDGE_CURVE ( 'NONE', #9862, #12088, #12349, .T. ) ;
#2728 = CARTESIAN_POINT ( 'NONE',  ( 2.189713793404999720, 3.000000000000000000, -9.029999999999999361 ) ) ;
#2729 = ADVANCED_FACE ( 'NONE', ( #5727 ), #7533, .T. ) ;
#2730 = DIRECTION ( 'NONE',  ( 0.000000000000000000, 0.000000000000000000, -1.000000000000000000 ) ) ;
#2731 = FACE_OUTER_BOUND ( 'NONE', #8575, .T. ) ;
#2732 = VECTOR ( 'NONE', #8729, 1000.000000000000114 ) ;
#2733 = CARTESIAN_POINT ( 'NONE',  ( -2.880000000000000338, 15.69999999999999929, -5.620000000000000107 ) ) ;
#2734 = ORIENTED_EDGE ( 'NONE', *, *, #4954, .F. ) ;
#2735 = DIRECTION ( 'NONE',  ( 0.000000000000000000, 1.000000000000000000, 0.000000000000000000 ) ) ;
#2736 = ORIENTED_EDGE ( 'NONE', *, *, #1640, .T. ) ;
#2737 = DIRECTION ( 'NONE',  ( 0.000000000000000000, -3.469446951953635882E-15, -1.000000000000000000 ) ) ;
#2738 = ORIENTED_EDGE ( 'NONE', *, *, #4907, .F. ) ;
#2739 = DIRECTION ( 'NONE',  ( 1.000000000000000000, 0.000000000000000000, 0.000000000000000000 ) ) ;
#2740 = FACE_OUTER_BOUND ( 'NONE', #10428, .T. ) ;
#2741 = LINE ( 'NONE', #12, #5404 ) ;
#2742 = DIRECTION ( 'NONE',  ( 0.000000000000000000, 1.000000000000000000, 0.000000000000000000 ) ) ;
#2743 = DIRECTION ( 'NONE',  ( 0.000000000000000000, 0.2234762064904760315, -0.9747093849618080341 ) ) ;
#2744 = AXIS2_PLACEMENT_3D ( 'NONE', #4609, #8469, #790 ) ;
#2745 = VECTOR ( 'NONE', #8849, 1000.000000000000000 ) ;
#2746 = CARTESIAN_POINT ( 'NONE',  ( 1.245000000000000107, 9.377205983516001098, -3.778469117984000203 ) ) ;
#2747 = ORIENTED_EDGE ( 'NONE', *, *, #441, .T. ) ;
#2748 = LINE ( 'NONE', #10391, #9519 ) ;
#2749 = ADVANCED_FACE ( 'NONE', ( #8533 ), #4732, .T. ) ;
#2750 = ORIENTED_EDGE ( 'NONE', *, *, #7147, .F. ) ;
#2751 = EDGE_CURVE ( 'NONE', #10168, #11091, #9597, .T. ) ;
#2752 = PLANE ( 'NONE',  #9008 ) ;
#2753 = CIRCLE ( 'NONE', #1779, 1.590944562245001137 ) ;
#2754 = DIRECTION ( 'NONE',  ( 0.000000000000000000, 0.000000000000000000, 1.000000000000000000 ) ) ;
#2755 = ORIENTED_EDGE ( 'NONE', *, *, #2402, .T. ) ;
#2756 = DIRECTION ( 'NONE',  ( 0.000000000000000000, -1.000000000000000000, 0.000000000000000000 ) ) ;
#2757 = VERTEX_POINT ( 'NONE', #8708 ) ;
#2758 = DIRECTION ( 'NONE',  ( 0.000000000000000000, -1.182498470471586044E-15, -1.000000000000000000 ) ) ;
#2759 = CARTESIAN_POINT ( 'NONE',  ( -1.250000000000000222, 15.55369816261155869, -5.620000000000000107 ) ) ;
#2760 = EDGE_CURVE ( 'NONE', #7487, #4154, #2896, .T. ) ;
#2761 = LINE ( 'NONE', #10401, #2188 ) ;
#2762 = EDGE_CURVE ( 'NONE', #10467, #1440, #1197, .T. ) ;
#2763 = DIRECTION ( 'NONE',  ( -1.000000000000000000, 0.000000000000000000, -0.000000000000000000 ) ) ;
#2764 = LINE ( 'NONE', #3007, #9352 ) ;
#2765 = VECTOR ( 'NONE', #12249, 1000.000000000000000 ) ;
#2766 = AXIS2_PLACEMENT_3D ( 'NONE', #6573, #2069, #8683 ) ;
#2767 = VERTEX_POINT ( 'NONE', #3848 ) ;
#2768 = CARTESIAN_POINT ( 'NONE',  ( -5.080000000000000071, -2.089999999999999858, 0.000000000000000000 ) ) ;
#2769 = EDGE_CURVE ( 'NONE', #9854, #11304, #9654, .T. ) ;
#2770 = EDGE_LOOP ( 'NONE', ( #8369, #1127, #1325, #2173 ) ) ;
#2771 = EDGE_CURVE ( 'NONE', #7678, #11073, #11414, .T. ) ;
#2772 = ORIENTED_EDGE ( 'NONE', *, *, #7501, .T. ) ;
#2773 =( GEOMETRIC_REPRESENTATION_CONTEXT ( 3 ) GLOBAL_UNCERTAINTY_ASSIGNED_CONTEXT ( ( #3597 ) ) GLOBAL_UNIT_ASSIGNED_CONTEXT ( ( #6612, #1683, #8473 ) ) REPRESENTATION_CONTEXT ( 'NONE', 'WORKASPACE' ) );
#2774 = ORIENTED_EDGE ( 'NONE', *, *, #5852, .F. ) ;
#2775 = AXIS2_PLACEMENT_3D ( 'NONE', #11209, #9460, #2638 ) ;
#2776 = EDGE_CURVE ( 'NONE', #4661, #5387, #1157, .T. ) ;
#2777 = LINE ( 'NONE', #3072, #6352 ) ;
#2778 = DIRECTION ( 'NONE',  ( 0.000000000000000000, 0.000000000000000000, 1.000000000000000000 ) ) ;
#2779 = DIRECTION ( 'NONE',  ( 0.000000000000000000, 0.9763850306004407953, 0.2160376634278763919 ) ) ;
#2780 = CARTESIAN_POINT ( 'NONE',  ( -0.5187433319097847217, 9.069398338316002395, -7.333385438908997855 ) ) ;
#2781 = CARTESIAN_POINT ( 'NONE',  ( 1.804999999999999938, 9.138219871847603315, -7.317969415397841182 ) ) ;
#2782 = ADVANCED_FACE ( 'NONE', ( #4853 ), #8656, .T. ) ;
#2783 = DIRECTION ( 'NONE',  ( 0.000000000000000000, -1.000000000000000000, 0.000000000000000000 ) ) ;
#2784 = VECTOR ( 'NONE', #3787, 1000.000000000000000 ) ;
#2785 = CIRCLE ( 'NONE', #10575, 1.870944562245001386 ) ;
#2786 = AXIS2_PLACEMENT_3D ( 'NONE', #1008, #8437, #884 ) ;
#2787 = DIRECTION ( 'NONE',  ( 1.000000000000000000, 0.000000000000000000, 0.000000000000000000 ) ) ;
#2788 = VERTEX_POINT ( 'NONE', #6851 ) ;
#2789 = DIRECTION ( 'NONE',  ( 0.000000000000000000, 0.000000000000000000, -1.000000000000000000 ) ) ;
#2790 = VERTEX_POINT ( 'NONE', #2846 ) ;
#2791 = DIRECTION ( 'NONE',  ( -1.000000000000000000, 0.000000000000000000, 0.000000000000000000 ) ) ;
#2792 = ORIENTED_EDGE ( 'NONE', *, *, #7129, .T. ) ;
#2793 = VERTEX_POINT ( 'NONE', #4902 ) ;
#2794 = LINE ( 'NONE', #1933, #5643 ) ;
#2795 = ORIENTED_EDGE ( 'NONE', *, *, #3770, .F. ) ;
#2796 = CARTESIAN_POINT ( 'NONE',  ( 1.910688566333208493, 8.388299465347628825, -7.493637382684374515 ) ) ;
#2797 = CARTESIAN_POINT ( 'NONE',  ( -5.029999999999999361, 6.400000000000000355, -3.759999999999999787 ) ) ;
#2798 = AXIS2_PLACEMENT_3D ( 'NONE', #10078, #1787, #776 ) ;
#2799 = VECTOR ( 'NONE', #12251, 1000.000000000000000 ) ;
#2800 = CARTESIAN_POINT ( 'NONE',  ( -0.9150000000000000355, -3.700000000000000178, -9.029999999999999361 ) ) ;
#2801 = DIRECTION ( 'NONE',  ( -0.9999979017704853090, -0.0004638561100252251625, 0.001995317552647970713 ) ) ;
#2802 = VECTOR ( 'NONE', #7442, 1000.000000000000114 ) ;
#2803 = EDGE_CURVE ( 'NONE', #10668, #2911, #7582, .T. ) ;
#2804 = EDGE_CURVE ( 'NONE', #6871, #4139, #914, .T. ) ;
#2805 = VECTOR ( 'NONE', #10991, 1000.000000000000000 ) ;
#2806 = LINE ( 'NONE', #3868, #4653 ) ;
#2807 = ORIENTED_EDGE ( 'NONE', *, *, #712, .T. ) ;
#2808 = CYLINDRICAL_SURFACE ( 'NONE', #3219, 1.870944562245001386 ) ;
#2809 = ORIENTED_EDGE ( 'NONE', *, *, #10711, .T. ) ;
#2810 = CARTESIAN_POINT ( 'NONE',  ( 2.185286226990057479, 2.986470701217362578, -8.749990587786751206 ) ) ;
#2811 = ORIENTED_EDGE ( 'NONE', *, *, #4016, .T. ) ;
#2812 = DIRECTION ( 'NONE',  ( -1.000000000000000000, 0.000000000000000000, 0.000000000000000000 ) ) ;
#2813 = CARTESIAN_POINT ( 'NONE',  ( -2.185000000000000053, 7.058817561802944063, -6.209999999999999964 ) ) ;
#2814 = DIRECTION ( 'NONE',  ( 0.000000000000000000, 0.9763850306004406843, 0.2160376634278765307 ) ) ;
#2815 = CARTESIAN_POINT ( 'NONE',  ( -1.860000000000000098, 13.05000000000000071, 4.890000000000000568 ) ) ;
#2816 = VECTOR ( 'NONE', #5181, 1000.000000000000114 ) ;
#2817 = AXIS2_PLACEMENT_3D ( 'NONE', #11, #10722, #2107 ) ;
#2818 = LINE ( 'NONE', #6704, #10688 ) ;
#2819 = VERTEX_POINT ( 'NONE', #10470 ) ;
#2820 = DIRECTION ( 'NONE',  ( -1.000000000000000000, 0.000000000000000000, 0.000000000000000000 ) ) ;
#2821 = VERTEX_POINT ( 'NONE', #2093 ) ;
#2822 = CARTESIAN_POINT ( 'NONE',  ( 1.804999999999999938, 13.35000000000000142, 5.200000000000000178 ) ) ;
#2823 = CARTESIAN_POINT ( 'NONE',  ( 1.250000000000000000, 14.06939833831586384, -6.213385438908392011 ) ) ;
#2824 = ORIENTED_EDGE ( 'NONE', *, *, #10940, .T. ) ;
#2825 = CARTESIAN_POINT ( 'NONE',  ( -1.250000000000000000, 13.96993164062500092, -4.623949218749999091 ) ) ;
#2826 = AXIS2_PLACEMENT_3D ( 'NONE', #1960, #3826, #138 ) ;
#2827 = ORIENTED_EDGE ( 'NONE', *, *, #12356, .F. ) ;
#2828 = DIRECTION ( 'NONE',  ( 0.000000000000000000, -1.000000000000000000, 0.000000000000000000 ) ) ;
#2829 = DIRECTION ( 'NONE',  ( 0.002048524988061995854, 0.000000000000000000, 0.9999979017704854201 ) ) ;
#2830 = AXIS2_PLACEMENT_3D ( 'NONE', #3819, #9448, #5921 ) ;
#2831 = CARTESIAN_POINT ( 'NONE',  ( 2.184712618997177724, 8.497943296318503315, -7.756202182354069663 ) ) ;
#2832 = CARTESIAN_POINT ( 'NONE',  ( 0.2300000000000000100, 11.22860299175799881, -5.620000000000000107 ) ) ;
#2833 = FACE_OUTER_BOUND ( 'NONE', #6073, .T. ) ;
#2834 = PRODUCT_DEFINITION ( 'UNKNOWN', '', #5453, #3718 ) ;
#2835 = VECTOR ( 'NONE', #3420, 1000.000000000000000 ) ;
#2836 = AXIS2_PLACEMENT_3D ( 'NONE', #4929, #8916, #10854 ) ;
#2837 = ORIENTED_EDGE ( 'NONE', *, *, #7015, .F. ) ;
#2838 = LINE ( 'NONE', #8700, #2319 ) ;
#2839 = EDGE_CURVE ( 'NONE', #1413, #4205, #1921, .T. ) ;
#2840 = ORIENTED_EDGE ( 'NONE', *, *, #6281, .F. ) ;
#2841 = EDGE_CURVE ( 'NONE', #8332, #11842, #4967, .T. ) ;
#2842 = ORIENTED_EDGE ( 'NONE', *, *, #6420, .F. ) ;
#2843 = UNCERTAINTY_MEASURE_WITH_UNIT (LENGTH_MEASURE( 1.000000000000000082E-05 ), #10669, 'distance_accuracy_value', 'NONE');
#2844 = ORIENTED_EDGE ( 'NONE', *, *, #1095, .F. ) ;
#2845 = CARTESIAN_POINT ( 'NONE',  ( -1.809999999999999831, 13.47869573117973196, 5.144767955706051943 ) ) ;
#2846 = CARTESIAN_POINT ( 'NONE',  ( 0.9150000000000000355, -3.700000000000000178, -6.209999999999999964 ) ) ;
#2847 = VECTOR ( 'NONE', #11603, 1000.000000000000000 ) ;
#2848 = CARTESIAN_POINT ( 'NONE',  ( 6.540000000000000036, 0.000000000000000000, -10.22999999999999865 ) ) ;
#2849 = FACE_OUTER_BOUND ( 'NONE', #6535, .T. ) ;
#2850 = VECTOR ( 'NONE', #2634, 1000.000000000000000 ) ;
#2851 = CARTESIAN_POINT ( 'NONE',  ( 0.1800000000000000211, 15.69999999999999929, 6.119999999999999218 ) ) ;
#2852 = EDGE_CURVE ( 'NONE', #530, #1560, #6080, .T. ) ;
#2853 = DIRECTION ( 'NONE',  ( 1.000000000000000000, 0.000000000000000000, 0.000000000000000000 ) ) ;
#2854 = EDGE_CURVE ( 'NONE', #7561, #6100, #7957, .T. ) ;
#2855 = CARTESIAN_POINT ( 'NONE',  ( -0.2350000000000000144, 15.66000000000000014, -4.250000000000000000 ) ) ;
#2856 = ORIENTED_EDGE ( 'NONE', *, *, #5898, .T. ) ;
#2857 = ORIENTED_EDGE ( 'NONE', *, *, #3768, .T. ) ;
#2858 = PLANE ( 'NONE',  #8525 ) ;
#2859 = VERTEX_POINT ( 'NONE', #8956 ) ;
#2860 = DIRECTION ( 'NONE',  ( 0.000000000000000000, 1.000000000000000000, -3.469446951953635882E-15 ) ) ;
#2861 = ORIENTED_EDGE ( 'NONE', *, *, #4502, .F. ) ;
#2862 = CARTESIAN_POINT ( 'NONE',  ( 1.910688566333308192, 8.388299465347637707, -7.493637382684373627 ) ) ;
#2863 = DIRECTION ( 'NONE',  ( -1.000000000000000000, 0.000000000000000000, 0.000000000000000000 ) ) ;
#2864 = LINE ( 'NONE', #811, #1954 ) ;
#2865 = EDGE_CURVE ( 'NONE', #2892, #9721, #10021, .T. ) ;
#2866 = CYLINDRICAL_SURFACE ( 'NONE', #10026, 1.350000000000000089 ) ;
#2867 = ORIENTED_EDGE ( 'NONE', *, *, #2268, .T. ) ;
#2868 = CARTESIAN_POINT ( 'NONE',  ( 2.220000000000000195, 15.69999999999999929, -0.3649999999999998801 ) ) ;
#2869 = ORIENTED_EDGE ( 'NONE', *, *, #1356, .T. ) ;
#2870 = DIRECTION ( 'NONE',  ( 1.000000000000000000, 0.000000000000000000, 0.000000000000000000 ) ) ;
#2871 = ORIENTED_EDGE ( 'NONE', *, *, #1881, .T. ) ;
#2872 = CARTESIAN_POINT ( 'NONE',  ( -1.250000000000000000, 15.52330609571600029, -4.280245272880000229 ) ) ;
#2873 = ADVANCED_FACE ( 'NONE', ( #9892 ), #4280, .F. ) ;
#2874 = DIRECTION ( 'NONE',  ( 0.000000000000000000, 0.000000000000000000, 1.000000000000000000 ) ) ;
#2875 = DIRECTION ( 'NONE',  ( 0.000000000000000000, 0.000000000000000000, -1.000000000000000000 ) ) ;
#2876 = DIRECTION ( 'NONE',  ( 0.000000000000000000, 9.993466352650292719E-15, -1.000000000000000000 ) ) ;
#2877 = ORIENTED_EDGE ( 'NONE', *, *, #10101, .F. ) ;
#2878 = CARTESIAN_POINT ( 'NONE',  ( 4.819999999999999396, -3.500000000000000000, -1.273734666246999936 ) ) ;
#2879 = ORIENTED_EDGE ( 'NONE', *, *, #10692, .T. ) ;
#2880 = DIRECTION ( 'NONE',  ( 0.000000000000000000, 1.000000000000000000, 0.000000000000000000 ) ) ;
#2881 = LINE ( 'NONE', #12332, #2006 ) ;
#2882 = ORIENTED_EDGE ( 'NONE', *, *, #934, .F. ) ;
#2883 = DIRECTION ( 'NONE',  ( 0.000000000000000000, 1.000000000000000000, 0.000000000000000000 ) ) ;
#2884 = ORIENTED_EDGE ( 'NONE', *, *, #2948, .T. ) ;
#2885 = CARTESIAN_POINT ( 'NONE',  ( 2.175140919655388583, 8.542849101330004302, -7.747333515820265859 ) ) ;
#2886 = EDGE_CURVE ( 'NONE', #3512, #418, #7156, .T. ) ;
#2887 = DIRECTION ( 'NONE',  ( 0.000000000000000000, -1.000000000000000000, 0.000000000000000000 ) ) ;
#2888 = DIRECTION ( 'NONE',  ( -0.001995317337988357712, -9.255420796380740872E-07, -0.9999980093519507118 ) ) ;
#2889 = CARTESIAN_POINT ( 'NONE',  ( -0.2299999999999999822, 15.79762648660004132, 5.189704678889510703 ) ) ;
#2890 = ORIENTED_EDGE ( 'NONE', *, *, #9233, .T. ) ;
#2891 = DIRECTION ( 'NONE',  ( 0.000000000000000000, -0.9381440673623764326, 0.3462451571831393071 ) ) ;
#2892 = VERTEX_POINT ( 'NONE', #11763 ) ;
#2893 = ORIENTED_EDGE ( 'NONE', *, *, #5270, .T. ) ;
#2894 = ORIENTED_EDGE ( 'NONE', *, *, #1758, .T. ) ;
#2895 = LINE ( 'NONE', #46, #6142 ) ;
#2896 = LINE ( 'NONE', #1042, #3981 ) ;
#2897 = CARTESIAN_POINT ( 'NONE',  ( -0.2300000000000000100, 15.21049096661799815, -5.620000000000000107 ) ) ;
#2898 = DIRECTION ( 'NONE',  ( 0.000000000000000000, 0.000000000000000000, -1.000000000000000000 ) ) ;
#2899 = FACE_OUTER_BOUND ( 'NONE', #10337, .T. ) ;
#2900 = EDGE_CURVE ( 'NONE', #124, #8634, #2, .T. ) ;
#2901 = CARTESIAN_POINT ( 'NONE',  ( -0.7900000000000000355, 9.122794016484000679, -3.661530882016000188 ) ) ;
#2902 = VECTOR ( 'NONE', #10741, 1000.000000000000000 ) ;
#2903 = CARTESIAN_POINT ( 'NONE',  ( -5.080000000000000071, 1.100000000000000089, 0.000000000000000000 ) ) ;
#2904 = ORIENTED_EDGE ( 'NONE', *, *, #3679, .T. ) ;
#2905 = ORIENTED_EDGE ( 'NONE', *, *, #10056, .F. ) ;
#2906 = EDGE_CURVE ( 'NONE', #5093, #11013, #6987, .T. ) ;
#2907 = CARTESIAN_POINT ( 'NONE',  ( 0.9150000000000000355, 7.058817561802944063, -10.22999999999999865 ) ) ;
#2908 = ORIENTED_EDGE ( 'NONE', *, *, #6312, .F. ) ;
#2909 = EDGE_CURVE ( 'NONE', #5798, #3639, #9839, .T. ) ;
#2910 = LINE ( 'NONE', #10539, #649 ) ;
#2911 = VERTEX_POINT ( 'NONE', #7839 ) ;
#2912 = LINE ( 'NONE', #3085, #5964 ) ;
#2913 = CARTESIAN_POINT ( 'NONE',  ( 0.7900000000000000355, 14.09999999999999964, -6.209999999999999964 ) ) ;
#2914 = VECTOR ( 'NONE', #2649, 1000.000000000000000 ) ;
#2915 = DIRECTION ( 'NONE',  ( 0.000000000000000000, -0.7316079601498731710, -0.6817255992298820733 ) ) ;
#2916 = CARTESIAN_POINT ( 'NONE',  ( 1.628386599267874102, -3.699998429101941433, -8.750000000000000000 ) ) ;
#2917 = EDGE_CURVE ( 'NONE', #532, #11581, #8835, .T. ) ;
#2918 = EDGE_CURVE ( 'NONE', #7316, #2285, #5157, .T. ) ;
#2919 = VECTOR ( 'NONE', #2888, 1000.000000000000000 ) ;
#2920 = AXIS2_PLACEMENT_3D ( 'NONE', #4770, #7638, #11449 ) ;
#2921 = CARTESIAN_POINT ( 'NONE',  ( -2.220000000000000195, 13.08000000000001783, -0.3649999999999912204 ) ) ;
#2922 = ORIENTED_EDGE ( 'NONE', *, *, #8940, .T. ) ;
#2923 = CARTESIAN_POINT ( 'NONE',  ( -0.3549999999999999822, -3.700000000000000178, -9.029999999999999361 ) ) ;
#2924 = ORIENTED_EDGE ( 'NONE', *, *, #3442, .F. ) ;
#2925 = DIRECTION ( 'NONE',  ( -2.809220751699909812E-06, -0.9737150319358202077, -0.2277697007381206118 ) ) ;
#2926 = EDGE_LOOP ( 'NONE', ( #12198, #4847, #8887, #3421, #6137, #11190, #8853, #1845, #4353, #3734, #8454 ) ) ;
#2927 = CARTESIAN_POINT ( 'NONE',  ( -1.860000000000000098, 13.08000000000000007, -5.620000000000000107 ) ) ;
#2928 = EDGE_CURVE ( 'NONE', #5992, #2511, #9082, .T. ) ;
#2929 = CARTESIAN_POINT ( 'NONE',  ( -2.220000000000000195, 13.01999999999999957, 4.890000000000000568 ) ) ;
#2930 = VECTOR ( 'NONE', #8360, 1000.000000000000000 ) ;
#2931 = LINE ( 'NONE', #2989, #7962 ) ;
#2932 = DIRECTION ( 'NONE',  ( 1.000000000000000000, 0.000000000000000000, 0.000000000000000000 ) ) ;
#2933 = VERTEX_POINT ( 'NONE', #280 ) ;
#2934 = CARTESIAN_POINT ( 'NONE',  ( 0.2300000000000000100, 9.377205983516001098, -3.778469117984000203 ) ) ;
#2935 = EDGE_LOOP ( 'NONE', ( #6881, #3149, #2177, #8461 ) ) ;
#2936 = DIRECTION ( 'NONE',  ( -0.000000000000000000, -1.000000000000000000, -0.000000000000000000 ) ) ;
#2937 = PLANE ( 'NONE',  #11966 ) ;
#2938 = EDGE_LOOP ( 'NONE', ( #9079, #9836, #366, #921 ) ) ;
#2939 = CARTESIAN_POINT ( 'NONE',  ( 8.751918340712878219, 15.45000000000000107, -0.3649999999999989919 ) ) ;
#2940 = ORIENTED_EDGE ( 'NONE', *, *, #3694, .T. ) ;
#2941 = VECTOR ( 'NONE', #2828, 1000.000000000000000 ) ;
#2942 = CARTESIAN_POINT ( 'NONE',  ( -4.819999999999999396, -3.700000000000000178, 1.324726386844000015 ) ) ;
#2943 = DIRECTION ( 'NONE',  ( 1.000000000000000000, 0.000000000000000000, 0.000000000000000000 ) ) ;
#2944 = CARTESIAN_POINT ( 'NONE',  ( 1.625000000000000000, -3.700000000000000178, -9.029999999999999361 ) ) ;
#2945 = EDGE_CURVE ( 'NONE', #1322, #1878, #10953, .T. ) ;
#2946 = EDGE_LOOP ( 'NONE', ( #11587, #6457, #6554, #276 ) ) ;
#2947 = VECTOR ( 'NONE', #4666, 1000.000000000000000 ) ;
#2948 = EDGE_CURVE ( 'NONE', #12221, #3432, #2332, .T. ) ;
#2949 = DIRECTION ( 'NONE',  ( -0.000000000000000000, -1.000000000000000000, -0.000000000000000000 ) ) ;
#2950 = EDGE_CURVE ( 'NONE', #1272, #8611, #3325, .T. ) ;
#2951 = VERTEX_POINT ( 'NONE', #1472 ) ;
#2952 = ORIENTED_EDGE ( 'NONE', *, *, #6713, .F. ) ;
#2953 = ORIENTED_EDGE ( 'NONE', *, *, #10419, .T. ) ;
#2954 = CARTESIAN_POINT ( 'NONE',  ( 1.278490781369803209, 8.931962916024160037, -7.353176787349392285 ) ) ;
#2955 = CARTESIAN_POINT ( 'NONE',  ( -0.2300000000000000100, 15.52000000000000135, -4.250000000000000000 ) ) ;
#2956 = DIRECTION ( 'NONE',  ( -1.000000000000000000, 0.000000000000000000, 0.000000000000000000 ) ) ;
#2957 = DIRECTION ( 'NONE',  ( 1.000000000000000000, 0.000000000000000000, 0.000000000000000000 ) ) ;
#2958 = DIRECTION ( 'NONE',  ( 0.000000000000000000, 0.000000000000000000, -1.000000000000000000 ) ) ;
#2959 = VECTOR ( 'NONE', #1654, 1000.000000000000000 ) ;
#2960 = DIRECTION ( 'NONE',  ( -1.000000000000000000, -0.000000000000000000, -0.000000000000000000 ) ) ;
#2961 = DIRECTION ( 'NONE',  ( 0.000000000000000000, 0.000000000000000000, -1.000000000000000000 ) ) ;
#2962 = EDGE_LOOP ( 'NONE', ( #633, #2856, #9783, #653 ) ) ;
#2963 = VECTOR ( 'NONE', #10876, 1000.000000000000000 ) ;
#2964 = ORIENTED_EDGE ( 'NONE', *, *, #8260, .F. ) ;
#2965 = DIRECTION ( 'NONE',  ( -1.000000000000000000, 0.000000000000000000, 0.000000000000000000 ) ) ;
#2966 = ORIENTED_EDGE ( 'NONE', *, *, #5292, .F. ) ;
#2967 = CARTESIAN_POINT ( 'NONE',  ( -0.2350000000000000144, 14.06939833831600062, -6.213385438909000413 ) ) ;
#2968 = ORIENTED_EDGE ( 'NONE', *, *, #2455, .F. ) ;
#2969 = CARTESIAN_POINT ( 'NONE',  ( -1.625000000000000000, 8.348755370245001473, -6.490000000000000213 ) ) ;
#2970 = CARTESIAN_POINT ( 'NONE',  ( 1.625000000000000000, -3.700000000000000178, -9.029999999999999361 ) ) ;
#2971 = CARTESIAN_POINT ( 'NONE',  ( 0.000000000000000000, 0.000000000000000000, 1.273734666246999936 ) ) ;
#2972 = DIRECTION ( 'NONE',  ( 0.000000000000000000, 0.000000000000000000, -1.000000000000000000 ) ) ;
#2973 = VECTOR ( 'NONE', #10159, 1000.000000000000000 ) ;
#2974 = CIRCLE ( 'NONE', #7967, 0.1399999999999995137 ) ;
#2975 = CIRCLE ( 'NONE', #7589, 1.349999999999536460 ) ;
#2976 = PLANE ( 'NONE',  #7238 ) ;
#2977 = VECTOR ( 'NONE', #497, 1000.000000000000114 ) ;
#2978 = EDGE_CURVE ( 'NONE', #2076, #1778, #6966, .T. ) ;
#2979 = ORIENTED_EDGE ( 'NONE', *, *, #9386, .T. ) ;
#2980 = VECTOR ( 'NONE', #8313, 1000.000000000000000 ) ;
#2981 = EDGE_CURVE ( 'NONE', #261, #2933, #6176, .T. ) ;
#2982 = FACE_OUTER_BOUND ( 'NONE', #4433, .T. ) ;
#2983 = ORIENTED_EDGE ( 'NONE', *, *, #5369, .T. ) ;
#2984 = AXIS2_PLACEMENT_3D ( 'NONE', #3862, #7672, #5862 ) ;
#2985 = CARTESIAN_POINT ( 'NONE',  ( -6.540000000000000036, 14.52999999999999936, -6.299999999999999822 ) ) ;
#2986 = ORIENTED_EDGE ( 'NONE', *, *, #5722, .T. ) ;
#2987 = CARTESIAN_POINT ( 'NONE',  ( -0.1800000000000000211, 13.08000000000000007, -5.620000000000000107 ) ) ;
#2988 = CARTESIAN_POINT ( 'NONE',  ( -5.080000000000000071, -3.500000000000000000, 0.000000000000000000 ) ) ;
#2989 = CARTESIAN_POINT ( 'NONE',  ( -5.599999999999999645, 0.000000000000000000, -10.22999999999999865 ) ) ;
#2990 =( GEOMETRIC_REPRESENTATION_CONTEXT ( 3 ) GLOBAL_UNCERTAINTY_ASSIGNED_CONTEXT ( ( #6345 ) ) GLOBAL_UNIT_ASSIGNED_CONTEXT ( ( #1246, #3089, #6691 ) ) REPRESENTATION_CONTEXT ( 'NONE', 'WORKASPACE' ) );
#2991 = EDGE_CURVE ( 'NONE', #5465, #8984, #7340, .T. ) ;
#2992 = EDGE_CURVE ( 'NONE', #6963, #784, #5197, .T. ) ;
#2993 = VECTOR ( 'NONE', #75, 1000.000000000000000 ) ;
#2994 = EDGE_CURVE ( 'NONE', #8984, #7275, #5403, .T. ) ;
#2995 = CARTESIAN_POINT ( 'NONE',  ( 0.7900000000000000355, 15.11416361098900119, -6.104208234257000321 ) ) ;
#2996 = ORIENTED_EDGE ( 'NONE', *, *, #4535, .F. ) ;
#2997 = CARTESIAN_POINT ( 'NONE',  ( -0.9100130467970001247, 3.000000000000000000, -8.870590893815000655 ) ) ;
#2998 = ORIENTED_EDGE ( 'NONE', *, *, #9716, .F. ) ;
#2999 = CARTESIAN_POINT ( 'NONE',  ( 0.3549999999999999822, 1.100000000000000089, -6.209999999999999964 ) ) ;
#3000 = LINE ( 'NONE', #8934, #4599 ) ;
#3001 = EDGE_LOOP ( 'NONE', ( #1908, #6894, #4361, #3699, #3527, #10784 ) ) ;
#3002 = DIRECTION ( 'NONE',  ( -1.000000000000000000, 0.000000000000000000, 0.000000000000000000 ) ) ;
#3003 = AXIS2_PLACEMENT_3D ( 'NONE', #11365, #3742, #8726 ) ;
#3004 = VERTEX_POINT ( 'NONE', #2577 ) ;
#3005 = CARTESIAN_POINT ( 'NONE',  ( 2.172972638470942908, 8.542602552275411654, -7.745760859985835189 ) ) ;
#3006 = CARTESIAN_POINT ( 'NONE',  ( 1.250000000000000000, 15.79999999999954596, 5.175037621037463786 ) ) ;
#3007 = CARTESIAN_POINT ( 'NONE',  ( 8.751918340712878219, 15.45000000000000107, -0.3649999999999989919 ) ) ;
#3008 = ORIENTED_EDGE ( 'NONE', *, *, #12244, .T. ) ;
#3009 = DIRECTION ( 'NONE',  ( -1.000000000000000000, -5.602654968496609523E-16, 0.000000000000000000 ) ) ;
#3010 = VECTOR ( 'NONE', #1139, 1000.000000000000000 ) ;
#3011 = ORIENTED_EDGE ( 'NONE', *, *, #3610, .F. ) ;
#3012 = DIRECTION ( 'NONE',  ( 0.0006866331995831718993, 0.000000000000000000, -0.9999997642673967846 ) ) ;
#3013 = ORIENTED_EDGE ( 'NONE', *, *, #470, .F. ) ;
#3014 = EDGE_LOOP ( 'NONE', ( #8204, #4172, #4448, #6292, #4330, #11884, #5038, #2540, #7939, #9624, #2844 ) ) ;
#3015 = LINE ( 'NONE', #99, #12343 ) ;
#3016 = DIRECTION ( 'NONE',  ( 0.000000000000000000, 0.9495692212737610882, 0.3135574811889244584 ) ) ;
#3017 = CARTESIAN_POINT ( 'NONE',  ( -1.004790930064999976, 9.172498649167000195, -7.597229635894999333 ) ) ;
#3018 = DIRECTION ( 'NONE',  ( 1.000000000000000000, 0.000000000000000000, 0.000000000000000000 ) ) ;
#3019 = CARTESIAN_POINT ( 'NONE',  ( -1.334577902781999947, 3.000000000000000000, -8.739442585111000028 ) ) ;
#3020 = EDGE_CURVE ( 'NONE', #4624, #9320, #4472, .T. ) ;
#3021 = AXIS2_PLACEMENT_3D ( 'NONE', #2724, #6553, #10360 ) ;
#3022 = CARTESIAN_POINT ( 'NONE',  ( -0.2300000000000000100, 15.79293969097799888, 5.203898047367000679 ) ) ;
#3023 = CARTESIAN_POINT ( 'NONE',  ( -5.029999999999999361, 13.01999999999999957, 4.890000000000000568 ) ) ;
#3024 = ORIENTED_EDGE ( 'NONE', *, *, #3830, .T. ) ;
#3025 = VERTEX_POINT ( 'NONE', #3583 ) ;
#3026 = DIRECTION ( 'NONE',  ( 0.002397371803626731704, -0.2277690527549745270, 0.9737122322408899855 ) ) ;
#3027 = ORIENTED_EDGE ( 'NONE', *, *, #629, .T. ) ;
#3028 = AXIS2_PLACEMENT_3D ( 'NONE', #8784, #5860, #169 ) ;
#3029 = VECTOR ( 'NONE', #632, 1000.000000000000000 ) ;
#3030 = CARTESIAN_POINT ( 'NONE',  ( 1.245001244218804315, 9.131412178148627490, -7.606433030549244023 ) ) ;
#3031 = ORIENTED_EDGE ( 'NONE', *, *, #6295, .T. ) ;
#3032 = PLANE ( 'NONE',  #9563 ) ;
#3033 = CARTESIAN_POINT ( 'NONE',  ( -0.9150000000000000355, 2.300000021305573572, -9.030005553263551477 ) ) ;
#3034 = CARTESIAN_POINT ( 'NONE',  ( 2.220000000000000195, 15.11999999999999922, -0.3649999999999999911 ) ) ;
#3035 = LINE ( 'NONE', #1489, #9898 ) ;
#3036 = LINE ( 'NONE', #4925, #11582 ) ;
#3037 = EDGE_CURVE ( 'NONE', #5872, #6051, #11954, .T. ) ;
#3038 = ORIENTED_EDGE ( 'NONE', *, *, #629, .F. ) ;
#3039 = DIRECTION ( 'NONE',  ( -0.000000000000000000, 1.000000000000000000, 0.000000000000000000 ) ) ;
#3040 = ORIENTED_EDGE ( 'NONE', *, *, #32, .T. ) ;
#3041 = FILL_AREA_STYLE ('',( #5994 ) ) ;
#3042 = ORIENTED_EDGE ( 'NONE', *, *, #2612, .F. ) ;
#3043 = CARTESIAN_POINT ( 'NONE',  ( 5.599999999999999645, 1.100000000000000089, -10.22999999999999865 ) ) ;
#3044 = ORIENTED_EDGE ( 'NONE', *, *, #8942, .F. ) ;
#3045 = CARTESIAN_POINT ( 'NONE',  ( 1.804999999999999938, 9.122794016484000679, -3.661530882016000188 ) ) ;
#3046 = CARTESIAN_POINT ( 'NONE',  ( -0.9150943048687575354, 8.388922422713937621, -7.496317088181615240 ) ) ;
#3047 = DIRECTION ( 'NONE',  ( 1.000000000000000000, 0.000000000000000000, 0.000000000000000000 ) ) ;
#3048 = CARTESIAN_POINT ( 'NONE',  ( -0.2363079295957936921, 9.100996293254898006, -7.615053424744281152 ) ) ;
#3049 = EDGE_CURVE ( 'NONE', #8390, #7403, #658, .T. ) ;
#3050 = ADVANCED_FACE ( 'NONE', ( #3393 ), #1667, .F. ) ;
#3051 = CARTESIAN_POINT ( 'NONE',  ( 0.9149999999999494094, 8.437656666421739615, -6.209999999999999076 ) ) ;
#3052 = ORIENTED_EDGE ( 'NONE', *, *, #1198, .F. ) ;
#3053 = DIRECTION ( 'NONE',  ( 0.000000000000000000, 1.000000000000000000, 0.000000000000000000 ) ) ;
#3054 = ORIENTED_EDGE ( 'NONE', *, *, #6354, .F. ) ;
#3055 = CARTESIAN_POINT ( 'NONE',  ( 1.245000000000000107, 9.122794016484000679, -3.661530882016000188 ) ) ;
#3056 = CARTESIAN_POINT ( 'NONE',  ( -1.810000000000000053, 15.69999999999999929, -0.3649999999999998801 ) ) ;
#3057 = VERTEX_POINT ( 'NONE', #8268 ) ;
#3058 = CARTESIAN_POINT ( 'NONE',  ( -5.339999999999998970, -3.350000000001385203, -1.273734666247064773 ) ) ;
#3059 = ADVANCED_FACE ( 'NONE', ( #6461 ), #714, .F. ) ;
#3060 = ADVANCED_FACE ( 'NONE', ( #10273 ), #4593, .F. ) ;
#3061 = LINE ( 'NONE', #6833, #2097 ) ;
#3062 = DIRECTION ( 'NONE',  ( 1.000000000000000000, 0.000000000000000000, 0.000000000000000000 ) ) ;
#3063 = CARTESIAN_POINT ( 'NONE',  ( -0.9126773565460970516, 8.437203397221043844, -7.491106420776554309 ) ) ;
#3064 = DIRECTION ( 'NONE',  ( 1.000000000000000000, 0.000000000000000000, 0.000000000000000000 ) ) ;
#3065 = EDGE_CURVE ( 'NONE', #3846, #5476, #11025, .T. ) ;
#3066 = VERTEX_POINT ( 'NONE', #12081 ) ;
#3067 = DIRECTION ( 'NONE',  ( 1.000000000000000000, 0.000000000000000000, 0.000000000000000000 ) ) ;
#3068 = ORIENTED_EDGE ( 'NONE', *, *, #4978, .F. ) ;
#3069 = CARTESIAN_POINT ( 'NONE',  ( 4.859999999999999432, 14.00000000000000000, -6.007032967033000048 ) ) ;
#3070 = EDGE_LOOP ( 'NONE', ( #4570, #5319, #1542, #10915 ) ) ;
#3071 = ORIENTED_EDGE ( 'NONE', *, *, #10853, .F. ) ;
#3072 = CARTESIAN_POINT ( 'NONE',  ( 2.880000000000000338, 13.05000000000000071, 4.890000000000000568 ) ) ;
#3073 = CARTESIAN_POINT ( 'NONE',  ( -1.810000000000000053, 15.79999999999954596, 5.175037621037463786 ) ) ;
#3074 = LINE ( 'NONE', #5902, #10098 ) ;
#3075 = DIRECTION ( 'NONE',  ( -0.000000000000000000, 1.000000000000000000, 0.000000000000000000 ) ) ;
#3076 = CARTESIAN_POINT ( 'NONE',  ( -1.625000000000000000, 7.058817561802944063, -10.22999999999999865 ) ) ;
#3077 = AXIS2_PLACEMENT_3D ( 'NONE', #6444, #1705, #5503 ) ;
#3078 = LINE ( 'NONE', #2158, #9111 ) ;
#3079 = ORIENTED_EDGE ( 'NONE', *, *, #10367, .F. ) ;
#3080 = EDGE_LOOP ( 'NONE', ( #11475, #10857, #3480, #425, #5568, #2175 ) ) ;
#3081 = EDGE_CURVE ( 'NONE', #1384, #7743, #10331, .T. ) ;
#3082 = DIRECTION ( 'NONE',  ( 0.000000000000000000, 0.4176365570259273907, 0.9086141679698426232 ) ) ;
#3083 = LINE ( 'NONE', #10718, #4037 ) ;
#3084 = ORIENTED_EDGE ( 'NONE', *, *, #5390, .T. ) ;
#3085 = CARTESIAN_POINT ( 'NONE',  ( 2.185000000000000497, 7.058817561802944063, -10.22999999999999865 ) ) ;
#3086 = CARTESIAN_POINT ( 'NONE',  ( -0.9149035436924597420, 3.800000000000121503, -8.848343981869064123 ) ) ;
#3087 = CARTESIAN_POINT ( 'NONE',  ( 8.751918340712878219, 15.69999999999999929, -0.3649999999999998801 ) ) ;
#3088 = PLANE ( 'NONE',  #4939 ) ;
#3089 =( NAMED_UNIT ( * ) PLANE_ANGLE_UNIT ( ) SI_UNIT ( $, .RADIAN. ) );
#3090 = VECTOR ( 'NONE', #3638, 999.9999999999998863 ) ;
#3091 = ADVANCED_FACE ( 'NONE', ( #11079 ), #522, .T. ) ;
#3092 = EDGE_CURVE ( 'NONE', #459, #9080, #2641, .T. ) ;
#3093 = FACE_OUTER_BOUND ( 'NONE', #10503, .T. ) ;
#3094 = CIRCLE ( 'NONE', #3916, 1.363702780452000107 ) ;
#3095 = EDGE_CURVE ( 'NONE', #10810, #9129, #10773, .T. ) ;
#3096 = ORIENTED_EDGE ( 'NONE', *, *, #11411, .T. ) ;
#3097 = AXIS2_PLACEMENT_3D ( 'NONE', #9964, #11652, #10712 ) ;
#3098 = PLANE ( 'NONE',  #7425 ) ;
#3099 = VERTEX_POINT ( 'NONE', #586 ) ;
#3100 = DIRECTION ( 'NONE',  ( 1.000000000000000000, 0.000000000000000000, 0.000000000000000000 ) ) ;
#3101 = ORIENTED_EDGE ( 'NONE', *, *, #1870, .T. ) ;
#3102 = FACE_OUTER_BOUND ( 'NONE', #1080, .T. ) ;
#3103 = LINE ( 'NONE', #10674, #2941 ) ;
#3104 = CARTESIAN_POINT ( 'NONE',  ( -0.3500961946529999591, 1.100000000000000089, -8.749807775706999635 ) ) ;
#3105 = PLANE ( 'NONE',  #8985 ) ;
#3106 = DIRECTION ( 'NONE',  ( -1.000000000000000000, 0.000000000000000000, 0.000000000000000000 ) ) ;
#3107 = AXIS2_PLACEMENT_3D ( 'NONE', #10260, #7327, #1653 ) ;
#3108 = CIRCLE ( 'NONE', #133, 1.349999999999536460 ) ;
#3109 = DIRECTION ( 'NONE',  ( -1.000000000000000000, 0.000000000000000000, 0.000000000000000000 ) ) ;
#3110 = ORIENTED_EDGE ( 'NONE', *, *, #8878, .F. ) ;
#3111 = DIRECTION ( 'NONE',  ( -1.000000000000000000, 0.000000000000000000, 1.224646799146999945E-16 ) ) ;
#3112 = ORIENTED_EDGE ( 'NONE', *, *, #1813, .T. ) ;
#3113 = LINE ( 'NONE', #2312, #6822 ) ;
#3114 = LINE ( 'NONE', #5018, #1007 ) ;
#3115 = ORIENTED_EDGE ( 'NONE', *, *, #6196, .F. ) ;
#3116 = CARTESIAN_POINT ( 'NONE',  ( -5.080000000000000071, 1.100000000000000089, 0.000000000000000000 ) ) ;
#3117 = CIRCLE ( 'NONE', #4743, 1.350000000000000089 ) ;
#3118 = AXIS2_PLACEMENT_3D ( 'NONE', #9764, #8947, #3067 ) ;
#3119 = DIRECTION ( 'NONE',  ( -1.000000000000000000, 0.000000000000000000, 0.000000000000000000 ) ) ;
#3120 = DIRECTION ( 'NONE',  ( 1.000000000000000000, 0.000000000000000000, 0.000000000000000000 ) ) ;
#3121 = CARTESIAN_POINT ( 'NONE',  ( 1.250000000000000000, 15.79999999999954774, 5.159999999999999254 ) ) ;
#3122 = LINE ( 'NONE', #4197, #10351 ) ;
#3123 = EDGE_CURVE ( 'NONE', #3025, #4893, #2698, .T. ) ;
#3124 = AXIS2_PLACEMENT_3D ( 'NONE', #9300, #1505, #5255 ) ;
#3125 = EDGE_CURVE ( 'NONE', #540, #183, #8210, .T. ) ;
#3126 = VERTEX_POINT ( 'NONE', #7282 ) ;
#3127 = CARTESIAN_POINT ( 'NONE',  ( -2.220000000000000195, 4.179999999999999716, 10.33999999999999986 ) ) ;
#3128 = EDGE_LOOP ( 'NONE', ( #2476, #4076, #11221, #9921 ) ) ;
#3129 = DIRECTION ( 'NONE',  ( 0.03841241058607752779, 0.000000000000000000, 0.9992619710130904442 ) ) ;
#3130 = ORIENTED_EDGE ( 'NONE', *, *, #5146, .T. ) ;
#3131 = EDGE_CURVE ( 'NONE', #2491, #7669, #6449, .T. ) ;
#3132 = ADVANCED_FACE ( 'NONE', ( #5408 ), #9521, .F. ) ;
#3133 = EDGE_LOOP ( 'NONE', ( #5418, #9685, #9511, #6633, #7527, #11938, #11899, #8557 ) ) ;
#3134 = PLANE ( 'NONE',  #358 ) ;
#3135 = DIRECTION ( 'NONE',  ( 1.000000000000000000, 0.000000000000000000, 0.000000000000000000 ) ) ;
#3136 = PLANE ( 'NONE',  #11099 ) ;
#3137 = DIRECTION ( 'NONE',  ( 1.000000000000000000, 0.000000000000000000, 0.000000000000000000 ) ) ;
#3138 = DIRECTION ( 'NONE',  ( 0.000000000000000000, 0.000000000000000000, -1.000000000000000000 ) ) ;
#3139 = VERTEX_POINT ( 'NONE', #9402 ) ;
#3140 = VECTOR ( 'NONE', #9271, 1000.000000000000114 ) ;
#3141 = EDGE_CURVE ( 'NONE', #3909, #9876, #6588, .T. ) ;
#3142 = ADVANCED_FACE ( 'NONE', ( #1850 ), #4778, .T. ) ;
#3143 = DIRECTION ( 'NONE',  ( 0.000000000000000000, -1.000000000000000000, 0.000000000000000000 ) ) ;
#3144 = VERTEX_POINT ( 'NONE', #8581 ) ;
#3145 = ADVANCED_FACE ( 'NONE', ( #7581 ), #2249, .T. ) ;
#3146 = ORIENTED_EDGE ( 'NONE', *, *, #566, .F. ) ;
#3147 = DIRECTION ( 'NONE',  ( -0.000000000000000000, 1.000000000000000000, 0.000000000000000000 ) ) ;
#3148 = DIRECTION ( 'NONE',  ( -1.000000000000000000, 0.000000000000000000, 0.000000000000000000 ) ) ;
#3149 = ORIENTED_EDGE ( 'NONE', *, *, #8337, .T. ) ;
#3150 = VECTOR ( 'NONE', #9024, 1000.000000000000000 ) ;
#3151 = CARTESIAN_POINT ( 'NONE',  ( 0.7900000000000000355, 12.51066208950699910, -6.988291239222999884 ) ) ;
#3152 = EDGE_CURVE ( 'NONE', #2285, #5784, #843, .T. ) ;
#3153 = CARTESIAN_POINT ( 'NONE',  ( 0.1800000000000000211, 15.69999999999999929, -5.620000000000000107 ) ) ;
#3154 = DIRECTION ( 'NONE',  ( 1.000000000000000000, 0.000000000000000000, 0.000000000000000000 ) ) ;
#3155 = DIRECTION ( 'NONE',  ( 0.000000000000000000, 0.9763850306004406843, 0.2160376634278765307 ) ) ;
#3156 = VECTOR ( 'NONE', #8970, 1000.000000000000114 ) ;
#3157 = AXIS2_PLACEMENT_3D ( 'NONE', #2628, #10133, #12195 ) ;
#3158 = DIRECTION ( 'NONE',  ( 0.9999996469509474517, -0.0008402963645880849076, 0.000000000000000000 ) ) ;
#3159 = ORIENTED_EDGE ( 'NONE', *, *, #4259, .T. ) ;
#3160 = CARTESIAN_POINT ( 'NONE',  ( 6.540000000000000036, 14.50999999999999979, 8.789999999999999147 ) ) ;
#3161 = ORIENTED_EDGE ( 'NONE', *, *, #1407, .F. ) ;
#3162 = LINE ( 'NONE', #3043, #11387 ) ;
#3163 = ORIENTED_EDGE ( 'NONE', *, *, #10774, .F. ) ;
#3164 = CARTESIAN_POINT ( 'NONE',  ( -1.815000000000000169, 14.10353188407225034, -6.490000000000295088 ) ) ;
#3165 = ADVANCED_FACE ( 'NONE', ( #7521 ), #12269, .F. ) ;
#3166 = VECTOR ( 'NONE', #10472, 1000.000000000000000 ) ;
#3167 = CARTESIAN_POINT ( 'NONE',  ( 1.805000000000000160, 15.52109309744938592, -4.270243598422243991 ) ) ;
#3168 = DIRECTION ( 'NONE',  ( -0.9999997642673967846, 0.000000000000000000, -0.0006866331995831718993 ) ) ;
#3169 = DIRECTION ( 'NONE',  ( -0.4779468297139849997, -0.8783887681239730405, 2.465190328815925183E-32 ) ) ;
#3170 = DIRECTION ( 'NONE',  ( 1.000000000000000000, 0.000000000000000000, 0.000000000000000000 ) ) ;
#3171 = EDGE_CURVE ( 'NONE', #2194, #10600, #2201, .T. ) ;
#3172 = EDGE_CURVE ( 'NONE', #9593, #8182, #6936, .T. ) ;
#3173 = AXIS2_PLACEMENT_3D ( 'NONE', #6788, #100, #5901 ) ;
#3174 = AXIS2_PLACEMENT_3D ( 'NONE', #9942, #3062, #204 ) ;
#3175 = ORIENTED_EDGE ( 'NONE', *, *, #330, .F. ) ;
#3176 = AXIS2_PLACEMENT_3D ( 'NONE', #5263, #8307, #2557 ) ;
#3177 = CYLINDRICAL_SURFACE ( 'NONE', #7034, 1.870944562245001386 ) ;
#3178 = ORIENTED_EDGE ( 'NONE', *, *, #5704, .F. ) ;
#3179 = CARTESIAN_POINT ( 'NONE',  ( 4.327062524925040066, -2.908996640173377113, -1.192644188478627632 ) ) ;
#3180 = ORIENTED_EDGE ( 'NONE', *, *, #6436, .F. ) ;
#3181 = CARTESIAN_POINT ( 'NONE',  ( 1.245000000000000107, 13.22059501705500217, 5.253684953371999811 ) ) ;
#3182 = ORIENTED_EDGE ( 'NONE', *, *, #8297, .F. ) ;
#3183 = CARTESIAN_POINT ( 'NONE',  ( -5.408321952665001042, -3.309006828402554223, -1.273734666246999936 ) ) ;
#3184 = DIRECTION ( 'NONE',  ( 0.000000000000000000, 1.000000000000000000, 0.000000000000000000 ) ) ;
#3185 = VECTOR ( 'NONE', #7310, 1000.000000000000000 ) ;
#3186 = CARTESIAN_POINT ( 'NONE',  ( -2.220000000000000195, 15.69999999999999929, -5.620000000000000107 ) ) ;
#3187 = VECTOR ( 'NONE', #12253, 1000.000000000000114 ) ;
#3188 = DIRECTION ( 'NONE',  ( -1.000000000000000000, 0.000000000000000000, 0.000000000000000000 ) ) ;
#3189 = CARTESIAN_POINT ( 'NONE',  ( -0.9099038053469875598, 8.467437653675785825, -7.762902669423555224 ) ) ;
#3190 = CIRCLE ( 'NONE', #10186, 1.350000000000000089 ) ;
#3191 = ADVANCED_FACE ( 'NONE', ( #9464 ), #8521, .F. ) ;
#3192 = SHAPE_DEFINITION_REPRESENTATION ( #4704, #8191 ) ;
#3193 = ORIENTED_EDGE ( 'NONE', *, *, #9330, .F. ) ;
#3194 = CARTESIAN_POINT ( 'NONE',  ( 1.810000000000000053, 15.79293969097799888, 5.203898047367000679 ) ) ;
#3195 = VECTOR ( 'NONE', #10363, 1000.000000000000000 ) ;
#3196 = VERTEX_POINT ( 'NONE', #2759 ) ;
#3197 = CARTESIAN_POINT ( 'NONE',  ( 1.250000000000000000, 12.60677285372899981, -6.955531889406000090 ) ) ;
#3198 = ORIENTED_EDGE ( 'NONE', *, *, #3811, .T. ) ;
#3199 = ORIENTED_EDGE ( 'NONE', *, *, #67, .T. ) ;
#3200 = ORIENTED_EDGE ( 'NONE', *, *, #4543, .T. ) ;
#3201 = DIRECTION ( 'NONE',  ( 0.000000000000000000, -1.000000000000000000, 0.000000000000000000 ) ) ;
#3202 = CARTESIAN_POINT ( 'NONE',  ( -1.255000000000000338, 15.79999999999954596, 5.175037621037463786 ) ) ;
#3203 = CARTESIAN_POINT ( 'NONE',  ( 1.810000000000000053, 14.00000000000000000, -6.955765441008000316 ) ) ;
#3204 = LINE ( 'NONE', #7225, #7901 ) ;
#3205 = DIRECTION ( 'NONE',  ( 0.000000000000000000, -1.000000000000000000, 0.000000000000000000 ) ) ;
#3206 = AXIS2_PLACEMENT_3D ( 'NONE', #6672, #2956, #1102 ) ;
#3207 = ADVANCED_FACE ( 'NONE', ( #31 ), #5570, .T. ) ;
#3208 = VECTOR ( 'NONE', #6454, 1000.000000000000000 ) ;
#3209 = ADVANCED_FACE ( 'NONE', ( #3773 ), #7002, .T. ) ;
#3210 = EDGE_LOOP ( 'NONE', ( #5273, #3645, #1592, #5702 ) ) ;
#3211 = LINE ( 'NONE', #7036, #2124 ) ;
#3212 = ORIENTED_EDGE ( 'NONE', *, *, #7803, .F. ) ;
#3213 = VERTEX_POINT ( 'NONE', #6001 ) ;
#3214 = CARTESIAN_POINT ( 'NONE',  ( 1.245000000000000107, 9.377205983516001098, -3.778469117984000203 ) ) ;
#3215 = ORIENTED_EDGE ( 'NONE', *, *, #1331, .T. ) ;
#3216 = CARTESIAN_POINT ( 'NONE',  ( 4.629696307966639779, -1.639999999999999902, -1.273734666246999936 ) ) ;
#3217 = PLANE ( 'NONE',  #6622 ) ;
#3218 = EDGE_CURVE ( 'NONE', #11353, #3703, #10802, .T. ) ;
#3219 = AXIS2_PLACEMENT_3D ( 'NONE', #6755, #8435, #1067 ) ;
#3220 = PLANE ( 'NONE',  #3336 ) ;
#3221 = EDGE_CURVE ( 'NONE', #1860, #10505, #5711, .T. ) ;
#3222 = CARTESIAN_POINT ( 'NONE',  ( -0.9150960626429999190, 8.388342753565998677, -7.493823590735000373 ) ) ;
#3223 = DIRECTION ( 'NONE',  ( 0.000000000000000000, -1.000000000000000000, 0.000000000000000000 ) ) ;
#3224 = ORIENTED_EDGE ( 'NONE', *, *, #2646, .T. ) ;
#3225 = VECTOR ( 'NONE', #1877, 1000.000000000000000 ) ;
#3226 = VECTOR ( 'NONE', #7625, 1000.000000000000000 ) ;
#3227 = CARTESIAN_POINT ( 'NONE',  ( -0.7900000000000000355, 15.52330609571600029, -4.280245272880000229 ) ) ;
#3228 = DIRECTION ( 'NONE',  ( 0.000000000000000000, 0.000000000000000000, 1.000000000000000000 ) ) ;
#3229 = VERTEX_POINT ( 'NONE', #7190 ) ;
#3230 = ORIENTED_EDGE ( 'NONE', *, *, #2918, .T. ) ;
#3231 = LINE ( 'NONE', #367, #7824 ) ;
#3232 = ORIENTED_EDGE ( 'NONE', *, *, #5480, .T. ) ;
#3233 = CARTESIAN_POINT ( 'NONE',  ( -5.079999999999999183, -0.7200000000000000844, 1.273734666247000158 ) ) ;
#3234 = ORIENTED_EDGE ( 'NONE', *, *, #10926, .T. ) ;
#3235 = LINE ( 'NONE', #5368, #27 ) ;
#3236 = CARTESIAN_POINT ( 'NONE',  ( -3.600000000000000089, 0.000000000000000000, -3.559999999999999609 ) ) ;
#3237 = LINE ( 'NONE', #2068, #3389 ) ;
#3238 = VECTOR ( 'NONE', #7216, 1000.000000000000000 ) ;
#3239 = DIRECTION ( 'NONE',  ( 1.000000000000000000, 0.000000000000000000, 0.000000000000000000 ) ) ;
#3240 = EDGE_CURVE ( 'NONE', #8531, #8046, #8380, .T. ) ;
#3241 = ORIENTED_EDGE ( 'NONE', *, *, #469, .F. ) ;
#3242 = CARTESIAN_POINT ( 'NONE',  ( 0.2300000000000000100, 13.22059501705500217, 5.253684953371999811 ) ) ;
#3243 = ORIENTED_EDGE ( 'NONE', *, *, #2681, .F. ) ;
#3244 = CARTESIAN_POINT ( 'NONE',  ( -0.3549519686785001515, 3.800000000000116618, -8.847950982515360607 ) ) ;
#3245 = DIRECTION ( 'NONE',  ( 0.000000000000000000, 0.000000000000000000, -1.000000000000000000 ) ) ;
#3246 = ORIENTED_EDGE ( 'NONE', *, *, #1026, .F. ) ;
#3247 = CARTESIAN_POINT ( 'NONE',  ( 0.9200000000000000400, 3.000000000000000000, -6.209999999999999964 ) ) ;
#3248 = ADVANCED_FACE ( 'NONE', ( #6249 ), #8054, .F. ) ;
#3249 = LINE ( 'NONE', #5322, #12275 ) ;
#3250 = DIRECTION ( 'NONE',  ( 0.000000000000000000, 1.000000000000000000, 0.000000000000000000 ) ) ;
#3251 = CARTESIAN_POINT ( 'NONE',  ( -2.220000000000000195, 1.840000000000000080, 10.33999999999999986 ) ) ;
#3252 = CARTESIAN_POINT ( 'NONE',  ( -0.9057828637887973544, 8.498523050777947674, -7.755610280379798382 ) ) ;
#3253 =( BOUNDED_SURFACE ( )  B_SPLINE_SURFACE ( 1, 3, ( 
 ( #5965, #1979, #11468, #2095 ),
 ( #6853, #10529, #1159, #6969 ) ),
 .UNSPECIFIED., .F., .F., .F. ) 
 B_SPLINE_SURFACE_WITH_KNOTS ( ( 2, 2 ),
 ( 4, 4 ),
 ( 0.000000000000000000, 1.000000000000000000 ),
 ( 0.000000000000000000, 1.000000000000000000 ),
 .UNSPECIFIED. ) 
 GEOMETRIC_REPRESENTATION_ITEM ( )  RATIONAL_B_SPLINE_SURFACE ( (
 ( 1.000000000000000000, 0.9960524846083870232, 0.9960524846083870232, 1.000000000000000000),
 ( 1.000000000000000000, 0.9960524846083870232, 0.9960524846083870232, 1.000000000000000000) ) ) 
 REPRESENTATION_ITEM ( '' )  SURFACE ( )  );
#3254 = VERTEX_POINT ( 'NONE', #6181 ) ;
#3255 = DIRECTION ( 'NONE',  ( 1.000000000000000000, 0.000000000000000000, 0.000000000000000000 ) ) ;
#3256 = ORIENTED_EDGE ( 'NONE', *, *, #2854, .T. ) ;
#3257 = LINE ( 'NONE', #5274, #10824 ) ;
#3258 = ORIENTED_EDGE ( 'NONE', *, *, #749, .T. ) ;
#3259 = EDGE_CURVE ( 'NONE', #1096, #5855, #10866, .T. ) ;
#3260 = ORIENTED_EDGE ( 'NONE', *, *, #7503, .T. ) ;
#3261 = CARTESIAN_POINT ( 'NONE',  ( -1.614999999999999991, 3.000000000000000000, -8.750000000000000000 ) ) ;
#3262 = DIRECTION ( 'NONE',  ( 1.000000000000000000, 0.000000000000000000, 0.000000000000000000 ) ) ;
#3263 = CARTESIAN_POINT ( 'NONE',  ( 8.751918340712878219, 15.45000000000000107, -0.3649999999999989919 ) ) ;
#3264 = AXIS2_PLACEMENT_3D ( 'NONE', #4257, #10632, #9824 ) ;
#3265 = LINE ( 'NONE', #2517, #7506 ) ;
#3266 = DIRECTION ( 'NONE',  ( 0.000000000000000000, 0.000000000000000000, -1.000000000000000000 ) ) ;
#3267 = ORIENTED_EDGE ( 'NONE', *, *, #258, .T. ) ;
#3268 = DIRECTION ( 'NONE',  ( 0.000000000000000000, -0.9758182935088373089, -0.2185832977459636062 ) ) ;
#3269 = ORIENTED_EDGE ( 'NONE', *, *, #3397, .T. ) ;
#3270 = VERTEX_POINT ( 'NONE', #10994 ) ;
#3271 = EDGE_LOOP ( 'NONE', ( #6849, #6360, #5214, #3302, #9660 ) ) ;
#3272 = DIRECTION ( 'NONE',  ( 0.000000000000000000, 0.000000000000000000, -1.000000000000000000 ) ) ;
#3273 = PLANE ( 'NONE',  #1807 ) ;
#3274 = EDGE_CURVE ( 'NONE', #4439, #3669, #12058, .T. ) ;
#3275 = PLANE ( 'NONE',  #3955 ) ;
#3276 = DIRECTION ( 'NONE',  ( 0.000000000000000000, 1.000000000000000000, 0.000000000000000000 ) ) ;
#3277 = DIRECTION ( 'NONE',  ( 0.000000000000000000, 1.000000000000000000, 0.000000000000000000 ) ) ;
#3278 = VERTEX_POINT ( 'NONE', #11925 ) ;
#3279 = EDGE_CURVE ( 'NONE', #5034, #5259, #7256, .T. ) ;
#3280 = EDGE_CURVE ( 'NONE', #7082, #10518, #6059, .T. ) ;
#3281 = B_SPLINE_CURVE_WITH_KNOTS ( 'NONE', 3,
 ( #1702, #9003, #11002, #10252 ),
 .UNSPECIFIED., .F., .F.,
 ( 4, 4 ),
 ( 2.116362640691704655E-16, 0.9911556754117988310 ),
 .UNSPECIFIED. ) ;
#3282 = DIRECTION ( 'NONE',  ( -1.000000000000000000, 0.000000000000000000, 0.000000000000000000 ) ) ;
#3283 = CARTESIAN_POINT ( 'NONE',  ( 4.819999999999999396, -3.700000000000000178, 1.324726386844000015 ) ) ;
#3284 = ORIENTED_EDGE ( 'NONE', *, *, #5852, .T. ) ;
#3285 = ORIENTED_EDGE ( 'NONE', *, *, #1196, .T. ) ;
#3286 = DIRECTION ( 'NONE',  ( 0.000000000000000000, 0.000000000000000000, 1.000000000000000000 ) ) ;
#3287 = ORIENTED_EDGE ( 'NONE', *, *, #7401, .T. ) ;
#3288 = EDGE_CURVE ( 'NONE', #4680, #1614, #6306, .T. ) ;
#3289 = LINE ( 'NONE', #10918, #2171 ) ;
#3290 = EDGE_LOOP ( 'NONE', ( #12002, #10540, #2792, #6862, #7273, #4695 ) ) ;
#3291 = LINE ( 'NONE', #6303, #11397 ) ;
#3292 = ADVANCED_FACE ( 'NONE', ( #5372 ), #373, .F. ) ;
#3293 = EDGE_CURVE ( 'NONE', #6380, #3484, #4247, .T. ) ;
#3294 = CARTESIAN_POINT ( 'NONE',  ( 3.600000000000000089, 13.02999999999999936, 10.33999999999999986 ) ) ;
#3295 = PLANE ( 'NONE',  #7193 ) ;
#3296 = CARTESIAN_POINT ( 'NONE',  ( 4.632674615073625546, 1.100000000000000311, 1.273734666247437586 ) ) ;
#3297 = CIRCLE ( 'NONE', #6097, 1.083702780452000747 ) ;
#3298 = VECTOR ( 'NONE', #8717, 999.9999999999998863 ) ;
#3299 = EDGE_CURVE ( 'NONE', #11017, #3930, #6113, .T. ) ;
#3300 = ORIENTED_EDGE ( 'NONE', *, *, #10894, .F. ) ;
#3301 = CARTESIAN_POINT ( 'NONE',  ( -0.2300000000000000100, 15.21049096661799993, -5.620000000000000107 ) ) ;
#3302 = ORIENTED_EDGE ( 'NONE', *, *, #10896, .F. ) ;
#3303 = CYLINDRICAL_SURFACE ( 'NONE', #11417, 1.590944562245001137 ) ;
#3304 = ADVANCED_FACE ( 'NONE', ( #9865 ), #3295, .F. ) ;
#3305 = CARTESIAN_POINT ( 'NONE',  ( 1.624714019448669999, 8.451919776932092176, -7.765610626739471556 ) ) ;
#3306 = ORIENTED_EDGE ( 'NONE', *, *, #5444, .T. ) ;
#3307 = CARTESIAN_POINT ( 'NONE',  ( -1.255000000000000115, 9.377205983516001098, -3.778469117984000203 ) ) ;
#3308 = CARTESIAN_POINT ( 'NONE',  ( 1.245000000000000107, 13.35000000000000142, 5.200000000000000178 ) ) ;
#3309 = AXIS2_PLACEMENT_3D ( 'NONE', #5354, #9912, #3276 ) ;
#3310 = DIRECTION ( 'NONE',  ( 1.000000000000000000, 0.000000000000000000, 0.000000000000000000 ) ) ;
#3311 = CIRCLE ( 'NONE', #4923, 1.560000000000000053 ) ;
#3312 = LINE ( 'NONE', #5144, #1143 ) ;
#3313 = CARTESIAN_POINT ( 'NONE',  ( -0.6278195453549026972, 8.451700455994878070, -7.766362278963922172 ) ) ;
#3314 = EDGE_CURVE ( 'NONE', #9873, #8182, #9994, .T. ) ;
#3315 = ORIENTED_EDGE ( 'NONE', *, *, #3279, .F. ) ;
#3316 = CARTESIAN_POINT ( 'NONE',  ( -4.879999999999999893, 8.000000000000000000, -5.009999999999999787 ) ) ;
#3317 = AXIS2_PLACEMENT_3D ( 'NONE', #8271, #7463, #12213 ) ;
#3318 = ORIENTED_EDGE ( 'NONE', *, *, #5008, .F. ) ;
#3319 = AXIS2_PLACEMENT_3D ( 'NONE', #11202, #8318, #12199 ) ;
#3320 = CARTESIAN_POINT ( 'NONE',  ( 0.7900000000000000355, 13.48134016943098246, 5.151525677994007069 ) ) ;
#3321 = ORIENTED_EDGE ( 'NONE', *, *, #9033, .F. ) ;
#3322 = ORIENTED_EDGE ( 'NONE', *, *, #1362, .F. ) ;
#3323 = ORIENTED_EDGE ( 'NONE', *, *, #6595, .T. ) ;
#3324 = CARTESIAN_POINT ( 'NONE',  ( 1.199999999999999956, 15.69999999999999929, -0.3649999999999998801 ) ) ;
#3325 = LINE ( 'NONE', #2398, #5591 ) ;
#3326 = CARTESIAN_POINT ( 'NONE',  ( -0.9110080991620407298, 8.435528584434131005, -7.487210954322073952 ) ) ;
#3327 = DIRECTION ( 'NONE',  ( 0.0006687987723447257884, -9.255437150751901000E-07, -0.9999997763536476736 ) ) ;
#3328 = LINE ( 'NONE', #8143, #3150 ) ;
#3329 = CIRCLE ( 'NONE', #346, 0.2800000000000002487 ) ;
#3330 = EDGE_CURVE ( 'NONE', #8072, #3658, #5194, .T. ) ;
#3331 = EDGE_CURVE ( 'NONE', #9990, #7512, #8994, .T. ) ;
#3332 = ORIENTED_EDGE ( 'NONE', *, *, #1863, .F. ) ;
#3333 = LINE ( 'NONE', #5286, #527 ) ;
#3334 = EDGE_LOOP ( 'NONE', ( #11826, #434, #690, #6026 ) ) ;
#3335 = ORIENTED_EDGE ( 'NONE', *, *, #12243, .T. ) ;
#3336 = AXIS2_PLACEMENT_3D ( 'NONE', #6985, #536, #10789 ) ;
#3337 = SURFACE_STYLE_FILL_AREA ( #4281 ) ;
#3338 = ORIENTED_EDGE ( 'NONE', *, *, #6320, .T. ) ;
#3339 = CARTESIAN_POINT ( 'NONE',  ( 0.9150000000000000355, 1.100000000000000089, -6.490000000000001101 ) ) ;
#3340 = CARTESIAN_POINT ( 'NONE',  ( -0.1800000000000000211, 13.08000000000000007, -5.620000000000000107 ) ) ;
#3341 = DIRECTION ( 'NONE',  ( -1.000000000000000000, 0.000000000000000000, 0.000000000000000000 ) ) ;
#3342 = DIRECTION ( 'NONE',  ( -1.000000000000000000, 0.000000000000000000, 0.000000000000000000 ) ) ;
#3343 = PLANE ( 'NONE',  #1601 ) ;
#3344 = VECTOR ( 'NONE', #7091, 1000.000000000000000 ) ;
#3345 = VERTEX_POINT ( 'NONE', #4368 ) ;
#3346 = CARTESIAN_POINT ( 'NONE',  ( -1.810000000000000053, 15.52000012041266785, -4.249816382101536227 ) ) ;
#3347 = VECTOR ( 'NONE', #7343, 1000.000000000000000 ) ;
#3348 = DIRECTION ( 'NONE',  ( 0.000000000000000000, 0.9495692212737610882, 0.3135574811889244584 ) ) ;
#3349 = LINE ( 'NONE', #8232, #6328 ) ;
#3350 = ORIENTED_EDGE ( 'NONE', *, *, #6275, .F. ) ;
#3351 = EDGE_LOOP ( 'NONE', ( #6469, #1351, #10914, #8559, #9087 ) ) ;
#3352 = CARTESIAN_POINT ( 'NONE',  ( -5.029999999999999361, 15.11999999999999922, 4.890000000000000568 ) ) ;
#3353 = ORIENTED_EDGE ( 'NONE', *, *, #5232, .F. ) ;
#3354 = CARTESIAN_POINT ( 'NONE',  ( 2.184706514122919607, 8.452007237174569809, -7.767681924988790954 ) ) ;
#3355 = VERTEX_POINT ( 'NONE', #7126 ) ;
#3356 = FACE_OUTER_BOUND ( 'NONE', #568, .T. ) ;
#3357 = LINE ( 'NONE', #7309, #3745 ) ;
#3358 = DIRECTION ( 'NONE',  ( -1.000000000000000000, 0.000000000000000000, 0.000000000000000000 ) ) ;
#3359 = PRODUCT_RELATED_PRODUCT_CATEGORY ( 'part', '', ( #6491 ) ) ;
#3360 = LINE ( 'NONE', #10995, #3964 ) ;
#3361 = VECTOR ( 'NONE', #5073, 1000.000000000000000 ) ;
#3362 = EDGE_CURVE ( 'NONE', #7215, #3882, #3427, .T. ) ;
#3363 = EDGE_CURVE ( 'NONE', #10997, #8721, #9183, .T. ) ;
#3364 = ORIENTED_EDGE ( 'NONE', *, *, #8098, .F. ) ;
#3365 = CARTESIAN_POINT ( 'NONE',  ( -2.180000000000000160, -3.700000000000000178, -6.490000000000000213 ) ) ;
#3366 = ORIENTED_EDGE ( 'NONE', *, *, #8109, .F. ) ;
#3367 = VECTOR ( 'NONE', #11098, 1000.000000000000000 ) ;
#3368 = CARTESIAN_POINT ( 'NONE',  ( 1.527238947817950221, 9.130601661683998671, -7.606614561090999871 ) ) ;
#3369 = VECTOR ( 'NONE', #7458, 1000.000000000000000 ) ;
#3370 = CARTESIAN_POINT ( 'NONE',  ( 8.751918340712878219, 15.69999999999999929, -0.3649999999999998801 ) ) ;
#3371 = ORIENTED_EDGE ( 'NONE', *, *, #3757, .F. ) ;
#3372 = CARTESIAN_POINT ( 'NONE',  ( 5.599999999999999645, 1.100000000000000089, -10.22999999999999865 ) ) ;
#3373 = DIRECTION ( 'NONE',  ( 1.000000000000000000, 0.000000000000000000, 0.000000000000000000 ) ) ;
#3374 = EDGE_CURVE ( 'NONE', #3213, #11139, #2363, .T. ) ;
#3375 = ADVANCED_FACE ( 'NONE', ( #9059 ), #10436, .T. ) ;
#3376 = LINE ( 'NONE', #6446, #7390 ) ;
#3377 = EDGE_CURVE ( 'NONE', #5167, #181, #2611, .T. ) ;
#3378 = CARTESIAN_POINT ( 'NONE',  ( -0.6321804546452044482, 8.388299544004212294, -7.493637721036295218 ) ) ;
#3379 = LINE ( 'NONE', #4578, #382 ) ;
#3380 = VECTOR ( 'NONE', #12125, 1000.000000000000000 ) ;
#3381 = CIRCLE ( 'NONE', #12165, 0.1399999999999995415 ) ;
#3382 = ORIENTED_EDGE ( 'NONE', *, *, #2155, .T. ) ;
#3383 = CARTESIAN_POINT ( 'NONE',  ( -0.2350000000000000144, 15.52000000000000135, -4.250000000000000000 ) ) ;
#3384 = EDGE_LOOP ( 'NONE', ( #10683, #8446, #742, #2722 ) ) ;
#3385 = CARTESIAN_POINT ( 'NONE',  ( -1.200000000000000178, 13.01999999999999957, 4.890000000000000568 ) ) ;
#3386 = ORIENTED_EDGE ( 'NONE', *, *, #554, .F. ) ;
#3387 = VERTEX_POINT ( 'NONE', #11368 ) ;
#3388 = AXIS2_PLACEMENT_3D ( 'NONE', #5590, #1598, #10146 ) ;
#3389 = VECTOR ( 'NONE', #5876, 1000.000000000000000 ) ;
#3390 = ORIENTED_EDGE ( 'NONE', *, *, #3867, .F. ) ;
#3391 = VECTOR ( 'NONE', #3100, 1000.000000000000000 ) ;
#3392 = LINE ( 'NONE', #341, #3344 ) ;
#3393 = FACE_OUTER_BOUND ( 'NONE', #11061, .T. ) ;
#3394 = CARTESIAN_POINT ( 'NONE',  ( -0.9150152681630173701, 2.300000021310628195, -9.030000091669524664 ) ) ;
#3395 = LINE ( 'NONE', #7094, #4726 ) ;
#3396 = CARTESIAN_POINT ( 'NONE',  ( -1.199999999999999956, 15.45000000000000107, 6.119999999999999218 ) ) ;
#3397 = EDGE_CURVE ( 'NONE', #5872, #2050, #5688, .T. ) ;
#3398 = VECTOR ( 'NONE', #5919, 1000.000000000000114 ) ;
#3399 = EDGE_LOOP ( 'NONE', ( #3180, #6411, #9950, #4585, #10901, #4332, #5538, #12364 ) ) ;
#3400 = VERTEX_POINT ( 'NONE', #12303 ) ;
#3401 = PLANE ( 'NONE',  #4527 ) ;
#3402 = ORIENTED_EDGE ( 'NONE', *, *, #9869, .F. ) ;
#3403 = EDGE_LOOP ( 'NONE', ( #6301, #41, #7338, #9377, #377 ) ) ;
#3404 = ORIENTED_EDGE ( 'NONE', *, *, #104, .T. ) ;
#3405 = CARTESIAN_POINT ( 'NONE',  ( -0.7900000000000000355, 15.21049096661799993, -5.620000000000000107 ) ) ;
#3406 = CARTESIAN_POINT ( 'NONE',  ( -6.540000000000000036, 14.28619153674800124, -4.603223830734999744 ) ) ;
#3407 = ADVANCED_FACE ( 'NONE', ( #2731 ), #9364, .T. ) ;
#3408 = VECTOR ( 'NONE', #6348, 1000.000000000000000 ) ;
#3409 = FACE_OUTER_BOUND ( 'NONE', #1223, .T. ) ;
#3410 = CARTESIAN_POINT ( 'NONE',  ( -2.185000000000000053, 8.419999999999999929, -6.209999999999999964 ) ) ;
#3411 = LINE ( 'NONE', #10910, #4788 ) ;
#3412 = VECTOR ( 'NONE', #5983, 1000.000000000000000 ) ;
#3413 = ORIENTED_EDGE ( 'NONE', *, *, #4566, .F. ) ;
#3414 = CARTESIAN_POINT ( 'NONE',  ( 0.2300000000000000100, 14.52999999999999936, -6.299999999999999822 ) ) ;
#3415 = LINE ( 'NONE', #10104, #8207 ) ;
#3416 = CARTESIAN_POINT ( 'NONE',  ( -0.7900000000000000355, 9.377205983516001098, -3.778469117984000203 ) ) ;
#3417 = VERTEX_POINT ( 'NONE', #1637 ) ;
#3418 = VECTOR ( 'NONE', #5317, 1000.000000000000000 ) ;
#3419 = ORIENTED_EDGE ( 'NONE', *, *, #9672, .T. ) ;
#3420 = DIRECTION ( 'NONE',  ( -1.000000000000000000, 0.000000000000000000, 0.000000000000000000 ) ) ;
#3421 = ORIENTED_EDGE ( 'NONE', *, *, #4293, .T. ) ;
#3422 = CARTESIAN_POINT ( 'NONE',  ( 2.189999999999999947, -3.700000000000000178, -9.029999999999999361 ) ) ;
#3423 = ORIENTED_EDGE ( 'NONE', *, *, #3584, .F. ) ;
#3424 = CARTESIAN_POINT ( 'NONE',  ( -1.814999999999999947, 14.09999999999999787, -6.490000000000295977 ) ) ;
#3425 = ADVANCED_FACE ( 'NONE', ( #12370 ), #6559, .T. ) ;
#3426 = DIRECTION ( 'NONE',  ( 0.000000000000000000, 1.000000000000000000, 0.000000000000000000 ) ) ;
#3427 = LINE ( 'NONE', #4441, #4996 ) ;
#3428 = AXIS2_PLACEMENT_3D ( 'NONE', #8409, #9349, #12285 ) ;
#3429 = CARTESIAN_POINT ( 'NONE',  ( -0.7900000000000000355, 14.12086359458399976, -6.488795888121999589 ) ) ;
#3430 = AXIS2_PLACEMENT_3D ( 'NONE', #9675, #5186, #8919 ) ;
#3431 = AXIS2_PLACEMENT_3D ( 'NONE', #1306, #8797, #6870 ) ;
#3432 = VERTEX_POINT ( 'NONE', #5441 ) ;
#3433 = DIRECTION ( 'NONE',  ( 1.000000000000000000, 0.000000000000000000, 0.000000000000000000 ) ) ;
#3434 = ORIENTED_EDGE ( 'NONE', *, *, #12240, .T. ) ;
#3435 = DIRECTION ( 'NONE',  ( -1.000000000000000000, 0.000000000000000000, 0.000000000000000000 ) ) ;
#3436 = VERTEX_POINT ( 'NONE', #9301 ) ;
#3437 = CARTESIAN_POINT ( 'NONE',  ( 0.7900000000000000355, 9.122794016484000679, -3.661530882016000188 ) ) ;
#3438 = ORIENTED_EDGE ( 'NONE', *, *, #4978, .T. ) ;
#3439 = CARTESIAN_POINT ( 'NONE',  ( 0.1800000000000000211, 15.11999999999999922, -0.3649999999999999911 ) ) ;
#3440 = VECTOR ( 'NONE', #5430, 1000.000000000000114 ) ;
#3441 = LINE ( 'NONE', #12123, #3491 ) ;
#3442 = EDGE_CURVE ( 'NONE', #4893, #6666, #3551, .T. ) ;
#3443 = PLANE ( 'NONE',  #5395 ) ;
#3444 = EDGE_CURVE ( 'NONE', #10154, #2229, #10245, .T. ) ;
#3445 = DIRECTION ( 'NONE',  ( 0.9659258262890679791, 0.000000000000000000, 0.2588190451025217387 ) ) ;
#3446 = DIRECTION ( 'NONE',  ( 0.000000000000000000, 0.4176365570259273907, 0.9086141679698426232 ) ) ;
#3447 = ORIENTED_EDGE ( 'NONE', *, *, #12031, .F. ) ;
#3448 = DIRECTION ( 'NONE',  ( 1.000000000000000000, 0.000000000000000000, 0.000000000000000000 ) ) ;
#3449 = ADVANCED_FACE ( 'NONE', ( #5628 ), #4500, .T. ) ;
#3450 = EDGE_CURVE ( 'NONE', #10780, #1150, #4563, .T. ) ;
#3451 = ORIENTED_EDGE ( 'NONE', *, *, #145, .T. ) ;
#3452 = ADVANCED_FACE ( 'NONE', ( #6370 ), #9493, .F. ) ;
#3453 = FACE_OUTER_BOUND ( 'NONE', #3958, .T. ) ;
#3454 = CARTESIAN_POINT ( 'NONE',  ( -2.173411043603546311, 8.512543252321519205, -6.490000000000000213 ) ) ;
#3455 = ORIENTED_EDGE ( 'NONE', *, *, #4258, .T. ) ;
#3456 = ORIENTED_EDGE ( 'NONE', *, *, #6726, .F. ) ;
#3457 = CARTESIAN_POINT ( 'NONE',  ( 1.810000000000000053, 13.96993164062500092, -4.623949218749999091 ) ) ;
#3458 = DIRECTION ( 'NONE',  ( 1.000000000000000000, 0.000000000000000000, 0.000000000000000000 ) ) ;
#3459 = EDGE_CURVE ( 'NONE', #5054, #10002, #10301, .T. ) ;
#3460 = DIRECTION ( 'NONE',  ( -1.000000000000000000, 0.000000000000000000, 0.000000000000000000 ) ) ;
#3461 = CARTESIAN_POINT ( 'NONE',  ( -2.880000000000000338, 13.01999999999999957, -0.3649999999999998801 ) ) ;
#3462 = DIRECTION ( 'NONE',  ( -1.000000000000000000, 0.000000000000000000, 0.000000000000000000 ) ) ;
#3463 = ORIENTED_EDGE ( 'NONE', *, *, #5716, .F. ) ;
#3464 = CARTESIAN_POINT ( 'NONE',  ( -2.180000000000000160, -3.700000000000000178, -6.490000000000000213 ) ) ;
#3465 = ORIENTED_EDGE ( 'NONE', *, *, #10092, .T. ) ;
#3466 = ORIENTED_EDGE ( 'NONE', *, *, #1163, .F. ) ;
#3467 = UNCERTAINTY_MEASURE_WITH_UNIT (LENGTH_MEASURE( 1.000000000000000082E-05 ), #11841, 'distance_accuracy_value', 'NONE');
#3468 = VERTEX_POINT ( 'NONE', #11242 ) ;
#3469 = CARTESIAN_POINT ( 'NONE',  ( -0.7858317552739999545, 9.178246844457000009, -7.595675272488000118 ) ) ;
#3470 = EDGE_CURVE ( 'NONE', #8751, #9990, #4752, .T. ) ;
#3471 = CARTESIAN_POINT ( 'NONE',  ( -1.810000000000000053, 13.96993164062500092, -4.623949218749999091 ) ) ;
#3472 = DIRECTION ( 'NONE',  ( -1.000000000000000000, 0.000000000000000000, 0.000000000000000000 ) ) ;
#3473 = CARTESIAN_POINT ( 'NONE',  ( 5.079999999999999183, -0.7200000000000001954, -1.800000000000000044 ) ) ;
#3474 = SURFACE_SIDE_STYLE ('',( #8411 ) ) ;
#3475 = CARTESIAN_POINT ( 'NONE',  ( -1.619999999999999885, 3.000000000000000000, -6.490000000000000213 ) ) ;
#3476 = EDGE_CURVE ( 'NONE', #8290, #10548, #6195, .T. ) ;
#3477 = CARTESIAN_POINT ( 'NONE',  ( 5.339999999999998970, -3.600000000000000089, 1.273734666247000158 ) ) ;
#3478 = LINE ( 'NONE', #10984, #535 ) ;
#3479 = ORIENTED_EDGE ( 'NONE', *, *, #3274, .F. ) ;
#3480 = ORIENTED_EDGE ( 'NONE', *, *, #7583, .T. ) ;
#3481 = CARTESIAN_POINT ( 'NONE',  ( 1.625000000000000000, 2.299999999999999822, -8.750000000000000000 ) ) ;
#3482 = ORIENTED_EDGE ( 'NONE', *, *, #2712, .T. ) ;
#3483 = CARTESIAN_POINT ( 'NONE',  ( -0.7900000000000000355, 15.79762648660004132, 5.189704678889510703 ) ) ;
#3484 = VERTEX_POINT ( 'NONE', #12179 ) ;
#3485 = CARTESIAN_POINT ( 'NONE',  ( 4.859999999999999432, 3.000000000000000000, -10.25000000000000000 ) ) ;
#3486 = ORIENTED_EDGE ( 'NONE', *, *, #9187, .F. ) ;
#3487 = FACE_OUTER_BOUND ( 'NONE', #8829, .T. ) ;
#3488 = CARTESIAN_POINT ( 'NONE',  ( -2.481703076265318497, 2.300000280461894420, -8.750001206431324619 ) ) ;
#3489 = ADVANCED_FACE ( 'NONE', ( #8552 ), #11300, .T. ) ;
#3490 = CARTESIAN_POINT ( 'NONE',  ( 1.250000000000000000, 15.79293969097799888, 5.203898047366000590 ) ) ;
#3491 = VECTOR ( 'NONE', #8374, 1000.000000000000114 ) ;
#3492 = EDGE_CURVE ( 'NONE', #601, #8265, #4000, .T. ) ;
#3493 = ADVANCED_FACE ( 'NONE', ( #7490 ), #5865, .T. ) ;
#3494 = DIRECTION ( 'NONE',  ( 0.000000000000000000, 0.000000000000000000, 1.000000000000000000 ) ) ;
#3495 = VERTEX_POINT ( 'NONE', #9670 ) ;
#3496 = PLANE ( 'NONE',  #10605 ) ;
#3497 = ORIENTED_EDGE ( 'NONE', *, *, #3839, .F. ) ;
#3498 = CARTESIAN_POINT ( 'NONE',  ( 3.500000000000000000, 8.000000000000000000, 10.35999999999999943 ) ) ;
#3499 = ORIENTED_EDGE ( 'NONE', *, *, #359, .T. ) ;
#3500 = CARTESIAN_POINT ( 'NONE',  ( 0.1800000000000000211, 13.08000000000000007, 6.119999999999999218 ) ) ;
#3501 = CARTESIAN_POINT ( 'NONE',  ( 0.9200000000000000400, 1.100000000000000089, -6.209999999999999964 ) ) ;
#3502 = CARTESIAN_POINT ( 'NONE',  ( 1.199999999999999956, 13.08000000000000007, -5.620000000000000107 ) ) ;
#3503 = LINE ( 'NONE', #9256, #12305 ) ;
#3504 = CARTESIAN_POINT ( 'NONE',  ( -0.2350000000000000144, 9.377205983516001098, -3.778469117984000203 ) ) ;
#3505 = AXIS2_PLACEMENT_3D ( 'NONE', #3910, #7726, #2049 ) ;
#3506 = ORIENTED_EDGE ( 'NONE', *, *, #7692, .F. ) ;
#3507 = EDGE_LOOP ( 'NONE', ( #11965, #7332, #11861, #8569, #11872, #8969 ) ) ;
#3508 = AXIS2_PLACEMENT_3D ( 'NONE', #696, #10004, #7267 ) ;
#3509 = CARTESIAN_POINT ( 'NONE',  ( -6.948513531309000513, 8.234999999999999432, 10.08999999999999986 ) ) ;
#3510 = EDGE_LOOP ( 'NONE', ( #2102, #4220, #4245, #11115, #9156, #3928, #4480, #4697 ) ) ;
#3511 = DIRECTION ( 'NONE',  ( 0.000000000000000000, 0.07514299545580413464, -0.9971727684979814210 ) ) ;
#3512 = VERTEX_POINT ( 'NONE', #10544 ) ;
#3513 = CARTESIAN_POINT ( 'NONE',  ( -0.1800000000000000211, 15.45000000000000107, -0.3649999999999989919 ) ) ;
#3514 = EDGE_LOOP ( 'NONE', ( #8034, #969, #10126, #11406 ) ) ;
#3515 = VECTOR ( 'NONE', #5417, 1000.000000000000000 ) ;
#3516 = ORIENTED_EDGE ( 'NONE', *, *, #960, .F. ) ;
#3517 = FACE_OUTER_BOUND ( 'NONE', #8617, .T. ) ;
#3518 = DIRECTION ( 'NONE',  ( 1.000000000000000000, 0.000000000000000000, -1.254994712943999904E-16 ) ) ;
#3519 = LINE ( 'NONE', #11148, #3982 ) ;
#3520 = LINE ( 'NONE', #12339, #8908 ) ;
#3521 = CARTESIAN_POINT ( 'NONE',  ( -0.8400000000000000799, 15.69999999999999929, 6.119999999999999218 ) ) ;
#3522 = VECTOR ( 'NONE', #11010, 1000.000000000000000 ) ;
#3523 = VECTOR ( 'NONE', #8571, 1000.000000000000000 ) ;
#3524 = VERTEX_POINT ( 'NONE', #65 ) ;
#3525 = CARTESIAN_POINT ( 'NONE',  ( 1.629999999999999893, 2.299999999999999822, -8.750000000000000000 ) ) ;
#3526 = EDGE_CURVE ( 'NONE', #8046, #7543, #5209, .T. ) ;
#3527 = ORIENTED_EDGE ( 'NONE', *, *, #9107, .F. ) ;
#3528 = ADVANCED_FACE ( 'NONE', ( #296 ), #10606, .F. ) ;
#3529 = ORIENTED_EDGE ( 'NONE', *, *, #4828, .T. ) ;
#3530 = VERTEX_POINT ( 'NONE', #11545 ) ;
#3531 = FACE_OUTER_BOUND ( 'NONE', #4190, .T. ) ;
#3532 = DIRECTION ( 'NONE',  ( 0.000000000000000000, 0.000000000000000000, -1.000000000000000000 ) ) ;
#3533 = CARTESIAN_POINT ( 'NONE',  ( 0.2300000000000000100, 9.377205983516001098, -3.778469117984000203 ) ) ;
#3534 = VECTOR ( 'NONE', #7125, 1000.000000000000000 ) ;
#3535 = CARTESIAN_POINT ( 'NONE',  ( 1.629999999999999893, -3.700000000000000178, -9.029999999999999361 ) ) ;
#3536 = DIRECTION ( 'NONE',  ( 1.000000000000000000, 0.000000000000000000, 0.000000000000000000 ) ) ;
#3537 = EDGE_CURVE ( 'NONE', #7441, #1391, #8851, .T. ) ;
#3538 = EDGE_CURVE ( 'NONE', #1322, #8705, #5986, .T. ) ;
#3539 = EDGE_CURVE ( 'NONE', #1377, #54, #7797, .T. ) ;
#3540 = FACE_OUTER_BOUND ( 'NONE', #5078, .T. ) ;
#3541 = DIRECTION ( 'NONE',  ( 1.000000000000000000, 0.000000000000000000, 0.000000000000000000 ) ) ;
#3542 = LINE ( 'NONE', #7364, #10118 ) ;
#3543 = ORIENTED_EDGE ( 'NONE', *, *, #1643, .T. ) ;
#3544 = CARTESIAN_POINT ( 'NONE',  ( -5.080000000000000071, 1.100000000000000089, -1.273734666246999936 ) ) ;
#3545 = VERTEX_POINT ( 'NONE', #4868 ) ;
#3546 = VECTOR ( 'NONE', #9401, 1000.000000000000000 ) ;
#3547 = DIRECTION ( 'NONE',  ( 0.000000000000000000, 0.9763850306004406843, 0.2160376634278765307 ) ) ;
#3548 = ORIENTED_EDGE ( 'NONE', *, *, #1870, .F. ) ;
#3549 = LINE ( 'NONE', #10434, #616 ) ;
#3550 = DIRECTION ( 'NONE',  ( 0.000000000000000000, 0.000000000000000000, 1.000000000000000000 ) ) ;
#3551 = LINE ( 'NONE', #3744, #608 ) ;
#3552 = VECTOR ( 'NONE', #6838, 1000.000000000000000 ) ;
#3553 = AXIS2_PLACEMENT_3D ( 'NONE', #11038, #605, #6539 ) ;
#3554 = CARTESIAN_POINT ( 'NONE',  ( -5.079999999999999183, -0.7200000000000000844, -1.273734666246999936 ) ) ;
#3555 = EDGE_CURVE ( 'NONE', #8265, #7455, #3604, .T. ) ;
#3556 = ORIENTED_EDGE ( 'NONE', *, *, #3985, .F. ) ;
#3557 = MANIFOLD_SOLID_BREP ( 'Move Face2', #304 ) ;
#3558 = FACE_OUTER_BOUND ( 'NONE', #8596, .T. ) ;
#3559 = VERTEX_POINT ( 'NONE', #9552 ) ;
#3560 = PLANE ( 'NONE',  #4993 ) ;
#3561 = ORIENTED_EDGE ( 'NONE', *, *, #2307, .T. ) ;
#3562 = CARTESIAN_POINT ( 'NONE',  ( 0.2349806637680000032, 9.047422773956000697, -6.490000000000000213 ) ) ;
#3563 = CARTESIAN_POINT ( 'NONE',  ( -2.220000000000000195, 2.979999999999999982, -5.070000000000000284 ) ) ;
#3564 = VECTOR ( 'NONE', #2875, 1000.000000000000000 ) ;
#3565 = EDGE_CURVE ( 'NONE', #4079, #680, #3036, .T. ) ;
#3566 = ORIENTED_EDGE ( 'NONE', *, *, #4566, .T. ) ;
#3567 = EDGE_CURVE ( 'NONE', #6725, #1112, #997, .T. ) ;
#3568 = DIRECTION ( 'NONE',  ( 0.000000000000000000, 0.000000000000000000, 1.000000000000000000 ) ) ;
#3569 = CARTESIAN_POINT ( 'NONE',  ( 1.810000000000000053, 15.21049096661799815, -5.620000000000000107 ) ) ;
#3570 = CARTESIAN_POINT ( 'NONE',  ( -5.339999999999998970, -3.500000000000000000, -1.222661032339174225 ) ) ;
#3571 = VECTOR ( 'NONE', #4283, 1000.000000000000000 ) ;
#3572 = VERTEX_POINT ( 'NONE', #6748 ) ;
#3573 = VECTOR ( 'NONE', #265, 1000.000000000000114 ) ;
#3574 = CARTESIAN_POINT ( 'NONE',  ( -0.7900000000000000355, 14.07601394832616926, -6.211903542266102640 ) ) ;
#3575 = ORIENTED_EDGE ( 'NONE', *, *, #11542, .T. ) ;
#3576 = CARTESIAN_POINT ( 'NONE',  ( 5.080000000000000071, -3.500000000000000000, 0.000000000000000000 ) ) ;
#3577 = ORIENTED_EDGE ( 'NONE', *, *, #8414, .T. ) ;
#3578 = CARTESIAN_POINT ( 'NONE',  ( -2.185000000000291820, 8.419999999999999929, -6.209999999999999964 ) ) ;
#3579 = ORIENTED_EDGE ( 'NONE', *, *, #1684, .F. ) ;
#3580 = CARTESIAN_POINT ( 'NONE',  ( 0.7900000000000000355, 15.79999999999954774, 5.174947165682039163 ) ) ;
#3581 = ORIENTED_EDGE ( 'NONE', *, *, #5890, .F. ) ;
#3582 = LINE ( 'NONE', #1723, #1366 ) ;
#3583 = CARTESIAN_POINT ( 'NONE',  ( 0.9200000000000000400, 3.000000000000000000, -6.490000000000000213 ) ) ;
#3584 = EDGE_CURVE ( 'NONE', #4589, #10742, #2109, .T. ) ;
#3585 = CARTESIAN_POINT ( 'NONE',  ( -1.810000000000000053, 14.09999999999999964, -6.490000000000000213 ) ) ;
#3586 = AXIS2_PLACEMENT_3D ( 'NONE', #1490, #5113, #7048 ) ;
#3587 = DIRECTION ( 'NONE',  ( 1.000000000000000000, 0.000000000000000000, 0.000000000000000000 ) ) ;
#3588 = LINE ( 'NONE', #5412, #4356 ) ;
#3589 = AXIS2_PLACEMENT_3D ( 'NONE', #5520, #9328, #11327 ) ;
#3590 = ORIENTED_EDGE ( 'NONE', *, *, #1746, .T. ) ;
#3591 = AXIS2_PLACEMENT_3D ( 'NONE', #964, #4111, #6660 ) ;
#3592 = CARTESIAN_POINT ( 'NONE',  ( 1.625047117236448235, 2.299740261889014370, -9.028882713840042484 ) ) ;
#3593 = AXIS2_PLACEMENT_3D ( 'NONE', #2203, #11820, #7077 ) ;
#3594 = EDGE_LOOP ( 'NONE', ( #4742, #9639, #6053, #6714, #5416, #4493, #8999, #4394, #9220, #2100 ) ) ;
#3595 = VECTOR ( 'NONE', #11777, 1000.000000000000000 ) ;
#3596 = ORIENTED_EDGE ( 'NONE', *, *, #10691, .T. ) ;
#3597 = UNCERTAINTY_MEASURE_WITH_UNIT (LENGTH_MEASURE( 1.000000000000000082E-05 ), #6612, 'distance_accuracy_value', 'NONE');
#3598 = ORIENTED_EDGE ( 'NONE', *, *, #9828, .T. ) ;
#3599 = CARTESIAN_POINT ( 'NONE',  ( -0.9100936978741298589, 3.000000000000000000, -8.750000000000000000 ) ) ;
#3600 = DIRECTION ( 'NONE',  ( 0.000000000000000000, 0.000000000000000000, 1.000000000000000000 ) ) ;
#3601 = DIRECTION ( 'NONE',  ( 1.000000000000000000, 0.000000000000000000, 0.000000000000000000 ) ) ;
#3602 = LINE ( 'NONE', #6611, #10500 ) ;
#3603 = CARTESIAN_POINT ( 'NONE',  ( 3.600000000000000089, 15.11999999999999922, 4.890000000000000568 ) ) ;
#3604 = CIRCLE ( 'NONE', #12181, 1.714203002955001498 ) ;
#3605 = EDGE_CURVE ( 'NONE', #8650, #10305, #8758, .T. ) ;
#3606 = VECTOR ( 'NONE', #695, 1000.000000000000000 ) ;
#3607 = EDGE_CURVE ( 'NONE', #4745, #11691, #2974, .T. ) ;
#3608 = CARTESIAN_POINT ( 'NONE',  ( -2.481703076265318497, 3.018593245758239174, -9.029999426582437039 ) ) ;
#3609 = DIRECTION ( 'NONE',  ( 0.000000000000000000, 0.000000000000000000, -1.000000000000000000 ) ) ;
#3610 = EDGE_CURVE ( 'NONE', #7198, #9223, #1433, .T. ) ;
#3611 = EDGE_CURVE ( 'NONE', #6681, #5102, #9572, .T. ) ;
#3612 = LINE ( 'NONE', #11234, #10708 ) ;
#3613 = ORIENTED_EDGE ( 'NONE', *, *, #6584, .F. ) ;
#3614 = VECTOR ( 'NONE', #12299, 1000.000000000000227 ) ;
#3615 = ADVANCED_FACE ( 'NONE', ( #11847 ), #11786, .F. ) ;
#3616 = CARTESIAN_POINT ( 'NONE',  ( -0.01883462287594957554, 2.985448329652858668, -8.745592767247387656 ) ) ;
#3617 = ORIENTED_EDGE ( 'NONE', *, *, #4767, .F. ) ;
#3618 = CARTESIAN_POINT ( 'NONE',  ( 2.185286226976056234, 8.433215507857836357, -7.483773167492723921 ) ) ;
#3619 = EDGE_LOOP ( 'NONE', ( #2842, #5724, #3463, #12329 ) ) ;
#3620 = CARTESIAN_POINT ( 'NONE',  ( 3.500000000000000000, 7.500000000000000000, -5.009999999999999787 ) ) ;
#3621 = CARTESIAN_POINT ( 'NONE',  ( 5.080000000000000071, -1.639999999999999902, 0.000000000000000000 ) ) ;
#3622 = CARTESIAN_POINT ( 'NONE',  ( 2.220000000000000195, 13.08000000000000007, -5.620000000000000107 ) ) ;
#3623 = ADVANCED_FACE ( 'NONE', ( #10850 ), #5355, .F. ) ;
#3624 = CIRCLE ( 'NONE', #11210, 0.1399999999999996803 ) ;
#3625 = AXIS2_PLACEMENT_3D ( 'NONE', #2813, #3753, #7564 ) ;
#3626 = LINE ( 'NONE', #3746, #3226 ) ;
#3627 = ORIENTED_EDGE ( 'NONE', *, *, #9899, .T. ) ;
#3628 = CARTESIAN_POINT ( 'NONE',  ( 1.254913761357156821, 9.039347786427727627, -7.627290016669439510 ) ) ;
#3629 = VERTEX_POINT ( 'NONE', #10792 ) ;
#3630 = CARTESIAN_POINT ( 'NONE',  ( 1.630023329368999851, 3.000000000000000000, -8.878013524935999712 ) ) ;
#3631 = ORIENTED_EDGE ( 'NONE', *, *, #7767, .F. ) ;
#3632 = CARTESIAN_POINT ( 'NONE',  ( -0.8400000000000000799, 13.01999999999999957, 4.890000000000000568 ) ) ;
#3633 = CARTESIAN_POINT ( 'NONE',  ( 5.599999999999999645, 0.000000000000000000, 1.245833054626000136 ) ) ;
#3634 = CARTESIAN_POINT ( 'NONE',  ( -0.8400000000000000799, 15.69999999999999929, 6.119999999999999218 ) ) ;
#3635 = VECTOR ( 'NONE', #6486, 999.9999999999998863 ) ;
#3636 = FACE_OUTER_BOUND ( 'NONE', #7741, .T. ) ;
#3637 = CARTESIAN_POINT ( 'NONE',  ( -1.780948855074999893, 9.233825112319999917, -6.209999999999999964 ) ) ;
#3638 = DIRECTION ( 'NONE',  ( 0.000000000000000000, 0.4176365570259273907, 0.9086141679698426232 ) ) ;
#3639 = VERTEX_POINT ( 'NONE', #1365 ) ;
#3640 = CARTESIAN_POINT ( 'NONE',  ( 4.859999999999999432, 14.00000000000000000, -6.480650477015999833 ) ) ;
#3641 = EDGE_CURVE ( 'NONE', #6173, #3629, #4596, .T. ) ;
#3642 = ORIENTED_EDGE ( 'NONE', *, *, #4535, .T. ) ;
#3643 = VECTOR ( 'NONE', #10929, 1000.000000000000000 ) ;
#3644 = CARTESIAN_POINT ( 'NONE',  ( 2.189999999999999947, 2.984006813167999983, -8.750573294447001160 ) ) ;
#3645 = ORIENTED_EDGE ( 'NONE', *, *, #8194, .T. ) ;
#3646 = DIRECTION ( 'NONE',  ( 0.000000000000000000, 0.000000000000000000, -1.000000000000000000 ) ) ;
#3647 = ORIENTED_EDGE ( 'NONE', *, *, #4032, .T. ) ;
#3648 = PLANE ( 'NONE',  #1389 ) ;
#3649 = ORIENTED_EDGE ( 'NONE', *, *, #1939, .T. ) ;
#3650 = CARTESIAN_POINT ( 'NONE',  ( 6.540000000000000036, 1.100000000000000089, 10.33999999999999986 ) ) ;
#3651 = CARTESIAN_POINT ( 'NONE',  ( -1.255000000000000115, 15.52000000000000135, 5.159999999999999254 ) ) ;
#3652 = LINE ( 'NONE', #4955, #5988 ) ;
#3653 = CARTESIAN_POINT ( 'NONE',  ( -4.879999999999999893, 13.02999999999999936, 10.35999999999999943 ) ) ;
#3654 = CARTESIAN_POINT ( 'NONE',  ( -1.255000000000000115, 15.80000000000000071, -4.234997608640000522 ) ) ;
#3655 = ORIENTED_EDGE ( 'NONE', *, *, #9417, .T. ) ;
#3656 = LINE ( 'NONE', #3592, #8703 ) ;
#3657 = EDGE_CURVE ( 'NONE', #9297, #11588, #2234, .T. ) ;
#3658 = VERTEX_POINT ( 'NONE', #9853 ) ;
#3659 = ORIENTED_EDGE ( 'NONE', *, *, #9330, .T. ) ;
#3660 = ORIENTED_EDGE ( 'NONE', *, *, #11627, .F. ) ;
#3661 = CARTESIAN_POINT ( 'NONE',  ( 5.470291799390337495, -3.256694601349561680, -1.273734666246999936 ) ) ;
#3662 = LINE ( 'NONE', #2654, #3408 ) ;
#3663 = CARTESIAN_POINT ( 'NONE',  ( 6.948513531309000513, 8.234999999999999432, 10.08999999999999986 ) ) ;
#3664 = DIRECTION ( 'NONE',  ( 0.000000000000000000, 0.000000000000000000, 1.000000000000000000 ) ) ;
#3665 = CARTESIAN_POINT ( 'NONE',  ( 1.250000000000000000, 15.80000000000000071, 5.159999999999999254 ) ) ;
#3666 = ORIENTED_EDGE ( 'NONE', *, *, #12157, .F. ) ;
#3667 = CARTESIAN_POINT ( 'NONE',  ( 3.600000000000000089, 15.45000000000000107, -5.070000000000000284 ) ) ;
#3668 = CARTESIAN_POINT ( 'NONE',  ( -1.250000000000000000, 13.48134016943100022, 5.151525677993999963 ) ) ;
#3669 = VERTEX_POINT ( 'NONE', #9974 ) ;
#3670 = DIRECTION ( 'NONE',  ( 1.000000000000000000, 0.000000000000000000, -1.224646799146999945E-16 ) ) ;
#3671 = ORIENTED_EDGE ( 'NONE', *, *, #8950, .T. ) ;
#3672 = CARTESIAN_POINT ( 'NONE',  ( -0.2350000000000000144, 15.52000000000000135, 5.136780657427999941 ) ) ;
#3673 = VERTEX_POINT ( 'NONE', #10040 ) ;
#3674 = CARTESIAN_POINT ( 'NONE',  ( 1.551706909791000122, 8.362927597681999003, -7.786247770363000420 ) ) ;
#3675 = CARTESIAN_POINT ( 'NONE',  ( -2.220000000000000195, 4.179999999999999716, -5.070000000000000284 ) ) ;
#3676 = DIRECTION ( 'NONE',  ( 3.662845177315896756E-17, -0.000000000000000000, 1.000000000000000000 ) ) ;
#3677 = VECTOR ( 'NONE', #2078, 1000.000000000000000 ) ;
#3678 = EDGE_CURVE ( 'NONE', #10076, #8084, #4351, .T. ) ;
#3679 = EDGE_CURVE ( 'NONE', #72, #11902, #357, .T. ) ;
#3680 = LINE ( 'NONE', #7493, #8026 ) ;
#3681 = EDGE_CURVE ( 'NONE', #8304, #11756, #6233, .T. ) ;
#3682 = ORIENTED_EDGE ( 'NONE', *, *, #1758, .F. ) ;
#3683 = EDGE_CURVE ( 'NONE', #11360, #6143, #8975, .T. ) ;
#3684 = DIRECTION ( 'NONE',  ( 1.000000000000000000, 0.000000000000000000, 0.000000000000000000 ) ) ;
#3685 = ORIENTED_EDGE ( 'NONE', *, *, #8460, .T. ) ;
#3686 = LINE ( 'NONE', #12312, #12358 ) ;
#3687 = VERTEX_POINT ( 'NONE', #4159 ) ;
#3688 = CYLINDRICAL_SURFACE ( 'NONE', #11771, 1.363702780452000107 ) ;
#3689 = LINE ( 'NONE', #2168, #1233 ) ;
#3690 = DIRECTION ( 'NONE',  ( 0.000000000000000000, 0.000000000000000000, 1.000000000000000000 ) ) ;
#3691 = DIRECTION ( 'NONE',  ( 1.000000000000000000, 0.000000000000000000, 0.000000000000000000 ) ) ;
#3692 = CARTESIAN_POINT ( 'NONE',  ( 1.250000000000000000, 15.79762648660004132, 5.189704678889510703 ) ) ;
#3693 = ADVANCED_FACE ( 'NONE', ( #9097 ), #3343, .F. ) ;
#3694 = EDGE_CURVE ( 'NONE', #8031, #12053, #390, .T. ) ;
#3695 = DIRECTION ( 'NONE',  ( -0.000000000000000000, -1.000000000000000000, -0.000000000000000000 ) ) ;
#3696 = VERTEX_POINT ( 'NONE', #2289 ) ;
#3697 = EDGE_CURVE ( 'NONE', #5054, #10002, #5972, .T. ) ;
#3698 = DIRECTION ( 'NONE',  ( -1.842884166055999919E-17, -1.000000000000000000, -2.211460999266999976E-16 ) ) ;
#3699 = ORIENTED_EDGE ( 'NONE', *, *, #10028, .F. ) ;
#3700 = PLANE ( 'NONE',  #10006 ) ;
#3701 = EDGE_LOOP ( 'NONE', ( #1797, #9472, #4946, #868 ) ) ;
#3702 = CARTESIAN_POINT ( 'NONE',  ( 1.245000000000000107, 14.08960226692342133, -6.210386651258014368 ) ) ;
#3703 = VERTEX_POINT ( 'NONE', #7108 ) ;
#3704 = CARTESIAN_POINT ( 'NONE',  ( 3.500000000000000000, 6.000000000000000000, -5.070000000000000284 ) ) ;
#3705 = ORIENTED_EDGE ( 'NONE', *, *, #3450, .T. ) ;
#3706 = DIRECTION ( 'NONE',  ( 1.000000000000000000, 0.000000000000000000, 0.000000000000000000 ) ) ;
#3707 = CARTESIAN_POINT ( 'NONE',  ( 0.1800000000000000488, 13.01999999999999957, -0.3649999999999998801 ) ) ;
#3708 = DIRECTION ( 'NONE',  ( -1.000000000000000000, 0.000000000000000000, 0.000000000000000000 ) ) ;
#3709 = DIRECTION ( 'NONE',  ( 0.000000000000000000, -0.9381440673623764326, 0.3462451571831393071 ) ) ;
#3710 = CARTESIAN_POINT ( 'NONE',  ( 2.185000000000000497, 3.000000000000000000, -9.030563639306283363 ) ) ;
#3711 = ORIENTED_EDGE ( 'NONE', *, *, #10959, .T. ) ;
#3712 = CARTESIAN_POINT ( 'NONE',  ( 6.540000000000000036, 0.000000000000000000, -10.22999999999999865 ) ) ;
#3713 = COLOUR_RGB ( '',0.2509803921568627416, 0.2509803921568627416, 0.2509803921568627416 ) ;
#3714 = ORIENTED_EDGE ( 'NONE', *, *, #9482, .T. ) ;
#3715 = CIRCLE ( 'NONE', #9101, 1.590944562245001137 ) ;
#3716 = ORIENTED_EDGE ( 'NONE', *, *, #8909, .F. ) ;
#3717 = EDGE_CURVE ( 'NONE', #4255, #163, #3411, .T. ) ;
#3718 = PRODUCT_DEFINITION_CONTEXT ( 'detailed design', #11940, 'design' ) ;
#3719 = ORIENTED_EDGE ( 'NONE', *, *, #119, .F. ) ;
#3720 = FACE_OUTER_BOUND ( 'NONE', #5695, .T. ) ;
#3721 = CARTESIAN_POINT ( 'NONE',  ( 3.600000000000000089, 0.000000000000000000, -3.559999999999999609 ) ) ;
#3722 = FACE_OUTER_BOUND ( 'NONE', #11031, .T. ) ;
#3723 = SURFACE_STYLE_USAGE ( .BOTH. , #6674 ) ;
#3724 = CARTESIAN_POINT ( 'NONE',  ( -2.875000000000000000, 1.100000000000000089, -6.209999999999999964 ) ) ;
#3725 = EDGE_CURVE ( 'NONE', #6374, #92, #2415, .T. ) ;
#3726 = VECTOR ( 'NONE', #1669, 1000.000000000000000 ) ;
#3727 = EDGE_CURVE ( 'NONE', #6964, #4708, #6375, .T. ) ;
#3728 = LINE ( 'NONE', #7539, #12359 ) ;
#3729 = CIRCLE ( 'NONE', #3097, 0.1399999999999985978 ) ;
#3730 = ADVANCED_FACE ( 'NONE', ( #9165 ), #11719, .F. ) ;
#3731 = CARTESIAN_POINT ( 'NONE',  ( 1.245000000000000107, 14.06939833831600062, -6.213385438909000413 ) ) ;
#3732 = ORIENTED_EDGE ( 'NONE', *, *, #907, .T. ) ;
#3733 = CARTESIAN_POINT ( 'NONE',  ( -6.540000000000000036, 1.100000000000000089, 6.740000000000000213 ) ) ;
#3734 = ORIENTED_EDGE ( 'NONE', *, *, #1106, .T. ) ;
#3735 = AXIS2_PLACEMENT_3D ( 'NONE', #1437, #4359, #365 ) ;
#3736 = CARTESIAN_POINT ( 'NONE',  ( 2.185000000000000497, -3.700000000000000178, -9.029999999999999361 ) ) ;
#3737 = ORIENTED_EDGE ( 'NONE', *, *, #12304, .T. ) ;
#3738 = AXIS2_PLACEMENT_3D ( 'NONE', #10882, #212, #458 ) ;
#3739 = DIRECTION ( 'NONE',  ( 0.9999979018751663506, 0.0004638445389701865550, -0.001995267778740244819 ) ) ;
#3740 = ORIENTED_EDGE ( 'NONE', *, *, #5867, .T. ) ;
#3741 = DIRECTION ( 'NONE',  ( -0.000000000000000000, 1.000000000000000000, 0.000000000000000000 ) ) ;
#3742 = DIRECTION ( 'NONE',  ( -0.000000000000000000, 1.000000000000000000, -0.000000000000000000 ) ) ;
#3743 = DIRECTION ( 'NONE',  ( 0.000000000000000000, 0.000000000000000000, 1.000000000000000000 ) ) ;
#3744 = CARTESIAN_POINT ( 'NONE',  ( 0.9150000000000000355, 14.09999999999999964, -6.490000000000000213 ) ) ;
#3745 = VECTOR ( 'NONE', #4246, 1000.000000000000000 ) ;
#3746 = CARTESIAN_POINT ( 'NONE',  ( 0.2300000000000000100, 15.80000000000000071, 5.159999999999999254 ) ) ;
#3747 = ORIENTED_EDGE ( 'NONE', *, *, #8568, .F. ) ;
#3748 = PLANE ( 'NONE',  #7022 ) ;
#3749 = VERTEX_POINT ( 'NONE', #4550 ) ;
#3750 = CARTESIAN_POINT ( 'NONE',  ( -1.289051144925000170, 8.966174887680001149, -6.209999999999999964 ) ) ;
#3751 = ORIENTED_EDGE ( 'NONE', *, *, #4316, .T. ) ;
#3752 = DIRECTION ( 'NONE',  ( 1.000000000000000000, 0.000000000000000000, 0.000000000000000000 ) ) ;
#3753 = DIRECTION ( 'NONE',  ( -1.000000000000000000, 0.000000000000000000, 0.000000000000000000 ) ) ;
#3754 = LINE ( 'NONE', #4763, #11386 ) ;
#3755 = CARTESIAN_POINT ( 'NONE',  ( -2.880000000000000338, 15.11999999999999922, 4.890000000000000568 ) ) ;
#3756 = VECTOR ( 'NONE', #7713, 1000.000000000000000 ) ;
#3757 = EDGE_CURVE ( 'NONE', #5303, #6427, #4486, .T. ) ;
#3758 = ADVANCED_FACE ( 'NONE', ( #12161 ), #1619, .T. ) ;
#3759 = LINE ( 'NONE', #10502, #1319 ) ;
#3760 = ORIENTED_EDGE ( 'NONE', *, *, #8414, .F. ) ;
#3761 = DIRECTION ( 'NONE',  ( 0.000000000000000000, 0.9086141679698426232, -0.4176365570259273907 ) ) ;
#3762 = VERTEX_POINT ( 'NONE', #3603 ) ;
#3763 = LINE ( 'NONE', #7513, #4227 ) ;
#3764 = VECTOR ( 'NONE', #455, 1000.000000000000000 ) ;
#3765 = CARTESIAN_POINT ( 'NONE',  ( -1.625000000000000000, 8.348755370245001473, -6.490000000000000213 ) ) ;
#3766 = ORIENTED_EDGE ( 'NONE', *, *, #4376, .T. ) ;
#3767 = DIRECTION ( 'NONE',  ( 1.224646799146999945E-16, 0.000000000000000000, 1.000000000000000000 ) ) ;
#3768 = EDGE_CURVE ( 'NONE', #10206, #11902, #5672, .T. ) ;
#3769 = ADVANCED_FACE ( 'NONE', ( #9286, #7419 ), #6542, .T. ) ;
#3770 = EDGE_CURVE ( 'NONE', #2708, #682, #10162, .T. ) ;
#3771 = ORIENTED_EDGE ( 'NONE', *, *, #9633, .F. ) ;
#3772 = CARTESIAN_POINT ( 'NONE',  ( -1.810000000000000053, 14.00000000000000000, -6.209999999999999964 ) ) ;
#3773 = FACE_OUTER_BOUND ( 'NONE', #939, .T. ) ;
#3774 = CARTESIAN_POINT ( 'NONE',  ( -6.540000000000000036, 1.100000000000000089, 10.33999999999999986 ) ) ;
#3775 = CYLINDRICAL_SURFACE ( 'NONE', #10906, 1.363702780452000107 ) ;
#3776 = DIRECTION ( 'NONE',  ( -0.0008402963645893615557, -0.9999996469509474517, 0.000000000000000000 ) ) ;
#3777 = VECTOR ( 'NONE', #7742, 1000.000000000000000 ) ;
#3778 = VECTOR ( 'NONE', #12288, 1000.000000000000000 ) ;
#3779 = ORIENTED_EDGE ( 'NONE', *, *, #8862, .T. ) ;
#3780 = DIRECTION ( 'NONE',  ( 0.000000000000000000, 0.6817255992298820733, -0.7316079601498730600 ) ) ;
#3781 = ORIENTED_EDGE ( 'NONE', *, *, #861, .T. ) ;
#3782 = ORIENTED_EDGE ( 'NONE', *, *, #893, .F. ) ;
#3783 = VECTOR ( 'NONE', #12352, 1000.000000000000000 ) ;
#3784 = VERTEX_POINT ( 'NONE', #8344 ) ;
#3785 = AXIS2_PLACEMENT_3D ( 'NONE', #7823, #1580, #385 ) ;
#3786 = FACE_OUTER_BOUND ( 'NONE', #6495, .T. ) ;
#3787 = DIRECTION ( 'NONE',  ( -1.000000000000000000, 1.110223024624999878E-16, 0.000000000000000000 ) ) ;
#3788 = CARTESIAN_POINT ( 'NONE',  ( 2.220000000000000195, 15.45000000000000107, -0.3649999999999989919 ) ) ;
#3789 = DIRECTION ( 'NONE',  ( 0.000000000000000000, 0.9763850306004406843, 0.2160376634278765307 ) ) ;
#3790 = CYLINDRICAL_SURFACE ( 'NONE', #9160, 1.363702780452000107 ) ;
#3791 = AXIS2_PLACEMENT_3D ( 'NONE', #730, #3600, #7416 ) ;
#3792 = CIRCLE ( 'NONE', #7188, 1.350000000000000089 ) ;
#3793 = VECTOR ( 'NONE', #8513, 1000.000000000000000 ) ;
#3794 = DIRECTION ( 'NONE',  ( 0.000000000000000000, -1.000000000000000000, 0.000000000000000000 ) ) ;
#3795 = VERTEX_POINT ( 'NONE', #4615 ) ;
#3796 = ORIENTED_EDGE ( 'NONE', *, *, #10739, .T. ) ;
#3797 = EDGE_CURVE ( 'NONE', #9720, #3057, #4580, .T. ) ;
#3798 = CARTESIAN_POINT ( 'NONE',  ( -4.327062524925040066, -2.908996640173377113, -1.192644188478627632 ) ) ;
#3799 = EDGE_LOOP ( 'NONE', ( #8161, #5275, #548, #244, #1916, #12037, #5165, #9018, #711, #1630, #8945, #767, #11725, #1959, #3659, #6883, #664, #9997, #8478, #10380, #1092, #12347, #9805, #11645, #396, #3771, #7984, #9606 ) ) ;
#3800 = DIRECTION ( 'NONE',  ( -0.8784405254313307765, -0.4657665326191748889, -0.1067884842660401790 ) ) ;
#3801 = VERTEX_POINT ( 'NONE', #8227 ) ;
#3802 = CARTESIAN_POINT ( 'NONE',  ( -0.9058317552739999501, 8.498246844457000293, -7.755675272488000260 ) ) ;
#3803 = CARTESIAN_POINT ( 'NONE',  ( -4.421826076239626424, -3.043840290738952348, 1.218036005525276577 ) ) ;
#3804 = VECTOR ( 'NONE', #3458, 1000.000000000000000 ) ;
#3805 = VECTOR ( 'NONE', #11672, 1000.000000000000000 ) ;
#3806 = FACE_OUTER_BOUND ( 'NONE', #1856, .T. ) ;
#3807 = DIRECTION ( 'NONE',  ( 1.000000000000000000, 0.000000000000000000, 0.000000000000000000 ) ) ;
#3808 = VECTOR ( 'NONE', #10989, 1000.000000000000114 ) ;
#3809 = CIRCLE ( 'NONE', #10788, 1.714203002955001498 ) ;
#3810 = DIRECTION ( 'NONE',  ( 0.000000000000000000, 0.000000000000000000, 1.000000000000000000 ) ) ;
#3811 = EDGE_CURVE ( 'NONE', #3139, #4297, #674, .T. ) ;
#3812 = VERTEX_POINT ( 'NONE', #793 ) ;
#3813 = CARTESIAN_POINT ( 'NONE',  ( -1.814999999999999947, 13.47720598351600074, 5.141530882016000170 ) ) ;
#3814 = ORIENTED_EDGE ( 'NONE', *, *, #705, .T. ) ;
#3815 = DIRECTION ( 'NONE',  ( 0.000000000000000000, 1.000000000000000000, -3.469446951953635882E-15 ) ) ;
#3816 = VERTEX_POINT ( 'NONE', #10232 ) ;
#3817 = DIRECTION ( 'NONE',  ( 1.000000000000000000, 0.000000000000000000, 0.000000000000000000 ) ) ;
#3818 =( BOUNDED_SURFACE ( )  B_SPLINE_SURFACE ( 1, 3, ( 
 ( #11105, #2537, #10288, #676 ),
 ( #8285, #1624, #10234, #12166 ) ),
 .UNSPECIFIED., .F., .F., .F. ) 
 B_SPLINE_SURFACE_WITH_KNOTS ( ( 2, 2 ),
 ( 4, 4 ),
 ( 0.008928571428571454097, 1.000000000000000000 ),
 ( 0.000000000000000000, 1.000000000000000000 ),
 .UNSPECIFIED. ) 
 GEOMETRIC_REPRESENTATION_ITEM ( )  RATIONAL_B_SPLINE_SURFACE ( (
 ( 1.000000000000000000, 0.9982238607890084880, 0.9982238607890084880, 1.000000000000000000),
 ( 1.000000000000000000, 0.9982238607890084880, 0.9982238607890084880, 1.000000000000000000) ) ) 
 REPRESENTATION_ITEM ( '' )  SURFACE ( )  );
#3819 = CARTESIAN_POINT ( 'NONE',  ( -1.250000000000000000, 15.66000000000000014, 5.159999999999999254 ) ) ;
#3820 = FACE_OUTER_BOUND ( 'NONE', #6758, .T. ) ;
#3821 = CARTESIAN_POINT ( 'NONE',  ( -0.2300000000000000100, 14.00000000000000000, -6.480650477015999833 ) ) ;
#3822 = DIRECTION ( 'NONE',  ( 0.000000000000000000, 0.000000000000000000, 1.000000000000000000 ) ) ;
#3823 = ORIENTED_EDGE ( 'NONE', *, *, #10246, .F. ) ;
#3824 = CARTESIAN_POINT ( 'NONE',  ( -5.080000000000000071, -3.500000000000000000, 0.000000000000000000 ) ) ;
#3825 = ORIENTED_EDGE ( 'NONE', *, *, #11620, .F. ) ;
#3826 = DIRECTION ( 'NONE',  ( -1.000000000000000000, 0.000000000000000000, 0.000000000000000000 ) ) ;
#3827 = CARTESIAN_POINT ( 'NONE',  ( 1.250000000000000000, 14.07605394207246796, -6.211894583666930814 ) ) ;
#3828 = ORIENTED_EDGE ( 'NONE', *, *, #640, .T. ) ;
#3829 = DIRECTION ( 'NONE',  ( -0.9999978741628190448, -0.0002349796750125575286, 0.002048524931505630361 ) ) ;
#3830 = EDGE_CURVE ( 'NONE', #163, #11521, #7475, .T. ) ;
#3831 = EDGE_LOOP ( 'NONE', ( #1054, #2145, #4876, #11989, #9528, #5973 ) ) ;
#3832 = DIRECTION ( 'NONE',  ( 0.000000000000000000, -1.000000000000000000, 0.000000000000000000 ) ) ;
#3833 = CARTESIAN_POINT ( 'NONE',  ( 2.172969148282791085, 8.542968460996968716, -7.747328068328616091 ) ) ;
#3834 = CARTESIAN_POINT ( 'NONE',  ( 1.804999999999999938, 15.79999999999954774, 5.159999999999999254 ) ) ;
#3835 = DIRECTION ( 'NONE',  ( 0.000000000000000000, 0.000000000000000000, -1.000000000000000000 ) ) ;
#3836 = MANIFOLD_SOLID_BREP ( 'Move Face4', #11080 ) ;
#3837 = EDGE_CURVE ( 'NONE', #7195, #9224, #9419, .T. ) ;
#3838 = VECTOR ( 'NONE', #10612, 1000.000000000000000 ) ;
#3839 = EDGE_CURVE ( 'NONE', #1778, #11017, #12098, .T. ) ;
#3840 = CIRCLE ( 'NONE', #8818, 0.2599999999999997868 ) ;
#3841 = ORIENTED_EDGE ( 'NONE', *, *, #11009, .T. ) ;
#3842 = CYLINDRICAL_SURFACE ( 'NONE', #1749, 1.363702780452000107 ) ;
#3843 = VERTEX_POINT ( 'NONE', #2781 ) ;
#3844 = ORIENTED_EDGE ( 'NONE', *, *, #7812, .T. ) ;
#3845 = ADVANCED_FACE ( 'NONE', ( #2899 ), #1104, .F. ) ;
#3846 = VERTEX_POINT ( 'NONE', #10530 ) ;
#3847 = CARTESIAN_POINT ( 'NONE',  ( 1.284785134171159138, 8.935365071661701464, -7.352686860905772726 ) ) ;
#3848 = CARTESIAN_POINT ( 'NONE',  ( 1.245000000000000107, 13.48134016943100022, 5.151525677993999963 ) ) ;
#3849 = LINE ( 'NONE', #7841, #4724 ) ;
#3850 = FACE_OUTER_BOUND ( 'NONE', #7510, .T. ) ;
#3851 = VECTOR ( 'NONE', #10761, 1000.000000000000000 ) ;
#3852 = DIRECTION ( 'NONE',  ( 1.000000000000000000, 0.000000000000000000, 0.000000000000000000 ) ) ;
#3853 = DIRECTION ( 'NONE',  ( -1.110223024624999878E-16, -1.000000000000000000, 0.000000000000000000 ) ) ;
#3854 = DIRECTION ( 'NONE',  ( 0.000000000000000000, 0.000000000000000000, -1.000000000000000000 ) ) ;
#3855 = ORIENTED_EDGE ( 'NONE', *, *, #9796, .F. ) ;
#3856 = ADVANCED_FACE ( 'NONE', ( #11469 ), #8711, .T. ) ;
#3857 = ORIENTED_EDGE ( 'NONE', *, *, #188, .F. ) ;
#3858 = DIRECTION ( 'NONE',  ( 1.000000000000000000, 0.000000000000000000, 0.000000000000000000 ) ) ;
#3859 = ORIENTED_EDGE ( 'NONE', *, *, #11132, .T. ) ;
#3860 = CARTESIAN_POINT ( 'NONE',  ( -0.7900000000000000355, 15.55369816261100091, -5.620000000000000107 ) ) ;
#3861 = ORIENTED_EDGE ( 'NONE', *, *, #6750, .T. ) ;
#3862 = CARTESIAN_POINT ( 'NONE',  ( 5.080000000000000071, -2.089999999999999858, 0.000000000000000000 ) ) ;
#3863 = DIRECTION ( 'NONE',  ( 0.000000000000000000, -1.000000000000000000, 0.000000000000000000 ) ) ;
#3864 = EDGE_CURVE ( 'NONE', #5564, #12220, #11528, .T. ) ;
#3865 = LINE ( 'NONE', #1822, #7919 ) ;
#3866 = CARTESIAN_POINT ( 'NONE',  ( 5.079999999999999183, -0.7200000000000000844, 1.273734666247000158 ) ) ;
#3867 = EDGE_CURVE ( 'NONE', #6390, #11152, #4973, .T. ) ;
#3868 = CARTESIAN_POINT ( 'NONE',  ( -0.7900000000000000355, 8.360390039879314728, -4.011929090572528445 ) ) ;
#3869 = VERTEX_POINT ( 'NONE', #8775 ) ;
#3870 = CARTESIAN_POINT ( 'NONE',  ( 2.880000000000000782, 13.08000000000000007, -0.3649999999999998801 ) ) ;
#3871 = VERTEX_POINT ( 'NONE', #8537 ) ;
#3872 = CARTESIAN_POINT ( 'NONE',  ( -0.6300480643300000461, 2.983941052415000073, -8.750000000000000000 ) ) ;
#3873 = ORIENTED_EDGE ( 'NONE', *, *, #11638, .F. ) ;
#3874 = CARTESIAN_POINT ( 'NONE',  ( 1.624713814988615335, 8.451568522031340791, -7.765794753500165015 ) ) ;
#3875 = EDGE_CURVE ( 'NONE', #10151, #11139, #6854, .T. ) ;
#3876 = CARTESIAN_POINT ( 'NONE',  ( -1.250000000000000000, 14.09999999999999964, -6.209999999999999964 ) ) ;
#3877 = EDGE_CURVE ( 'NONE', #3816, #4136, #7843, .T. ) ;
#3878 = EDGE_CURVE ( 'NONE', #7121, #8968, #9761, .T. ) ;
#3879 = CARTESIAN_POINT ( 'NONE',  ( 8.751918340712878219, 15.70000000000005080, -5.572572872400037625 ) ) ;
#3880 = VERTEX_POINT ( 'NONE', #5789 ) ;
#3881 = CARTESIAN_POINT ( 'NONE',  ( 0.6350000000000000089, 8.419999999999999929, -6.490000000000000213 ) ) ;
#3882 = VERTEX_POINT ( 'NONE', #2096 ) ;
#3883 = DIRECTION ( 'NONE',  ( 1.000000000000000000, 0.000000000000000000, 0.000000000000000000 ) ) ;
#3884 = DIRECTION ( 'NONE',  ( 0.000000000000000000, 1.000000000000000000, 0.000000000000000000 ) ) ;
#3885 = ORIENTED_EDGE ( 'NONE', *, *, #3377, .F. ) ;
#3886 = CARTESIAN_POINT ( 'NONE',  ( -0.2300000000000000100, 14.00000000000000000, -6.955765441008000316 ) ) ;
#3887 = ORIENTED_EDGE ( 'NONE', *, *, #5515, .T. ) ;
#3888 = CARTESIAN_POINT ( 'NONE',  ( -1.200000000000000178, 13.01999999999999957, 10.33999999999999808 ) ) ;
#3889 = CARTESIAN_POINT ( 'NONE',  ( 2.150898506819528766, 8.519241050225858203, -7.463611483888488607 ) ) ;
#3890 = CARTESIAN_POINT ( 'NONE',  ( 4.879999999999999893, 13.02999999999999936, 10.35999999999999943 ) ) ;
#3891 = CARTESIAN_POINT ( 'NONE',  ( -4.684071175070939397, -3.321765743776065705, -1.273734666246999936 ) ) ;
#3892 = ORIENTED_EDGE ( 'NONE', *, *, #119, .T. ) ;
#3893 = CARTESIAN_POINT ( 'NONE',  ( 3.971129570381793261, -3.700000000000000178, 1.097272240749140426 ) ) ;
#3894 = ORIENTED_EDGE ( 'NONE', *, *, #3657, .T. ) ;
#3895 = ORIENTED_EDGE ( 'NONE', *, *, #10028, .T. ) ;
#3896 = ORIENTED_EDGE ( 'NONE', *, *, #6562, .F. ) ;
#3897 = CARTESIAN_POINT ( 'NONE',  ( 5.080000000000000071, 1.100000000000000089, 0.000000000000000000 ) ) ;
#3898 = CARTESIAN_POINT ( 'NONE',  ( -0.1800000000000000211, 15.69999999999999929, -0.3649999999999998801 ) ) ;
#3899 = CARTESIAN_POINT ( 'NONE',  ( -0.2350000000000000144, 13.35000000000000142, 5.200000000000000178 ) ) ;
#3900 = DIRECTION ( 'NONE',  ( 0.000000000000000000, 1.000000000000000000, 0.000000000000000000 ) ) ;
#3901 = CARTESIAN_POINT ( 'NONE',  ( 0.7900000000000000355, 13.96993164062500092, -4.623949218749999091 ) ) ;
#3902 = CYLINDRICAL_SURFACE ( 'NONE', #1801, 1.083702780452000747 ) ;
#3903 = ADVANCED_FACE ( 'NONE', ( #5851 ), #1160, .T. ) ;
#3904 = EDGE_CURVE ( 'NONE', #10153, #8322, #11369, .T. ) ;
#3905 = AXIS2_PLACEMENT_3D ( 'NONE', #3608, #4620, #799 ) ;
#3906 = DIRECTION ( 'NONE',  ( 1.000000000000000000, 0.000000000000000000, 0.000000000000000000 ) ) ;
#3907 = VERTEX_POINT ( 'NONE', #3963 ) ;
#3908 = CIRCLE ( 'NONE', #4906, 0.1399999999999996803 ) ;
#3909 = VERTEX_POINT ( 'NONE', #7779 ) ;
#3910 = CARTESIAN_POINT ( 'NONE',  ( -1.810000000000000053, 15.80000000000000071, 5.159999999999999254 ) ) ;
#3911 = ORIENTED_EDGE ( 'NONE', *, *, #11164, .F. ) ;
#3912 = CARTESIAN_POINT ( 'NONE',  ( -1.255000000000000115, 13.96993164062500092, -4.623949218749999091 ) ) ;
#3913 = ORIENTED_EDGE ( 'NONE', *, *, #631, .F. ) ;
#3914 = DIRECTION ( 'NONE',  ( 0.000000000000000000, 0.9763850306004406843, 0.2160376634278765307 ) ) ;
#3915 = FACE_OUTER_BOUND ( 'NONE', #3070, .T. ) ;
#3916 = AXIS2_PLACEMENT_3D ( 'NONE', #4274, #5411, #12029 ) ;
#3917 = EDGE_CURVE ( 'NONE', #217, #11984, #2153, .T. ) ;
#3918 = VECTOR ( 'NONE', #7528, 1000.000000000000000 ) ;
#3919 = EDGE_CURVE ( 'NONE', #1596, #7494, #5904, .T. ) ;
#3920 =( NAMED_UNIT ( * ) SI_UNIT ( $, .STERADIAN. ) SOLID_ANGLE_UNIT ( ) );
#3921 = DIRECTION ( 'NONE',  ( 0.000000000000000000, -1.000000000000000000, 0.000000000000000000 ) ) ;
#3922 = EDGE_CURVE ( 'NONE', #9281, #8072, #6791, .T. ) ;
#3923 = VECTOR ( 'NONE', #6384, 1000.000000000000114 ) ;
#3924 = VECTOR ( 'NONE', #4186, 1000.000000000000227 ) ;
#3925 = DIRECTION ( 'NONE',  ( 0.000000000000000000, -0.9381440673623764326, 0.3462451571831393071 ) ) ;
#3926 = EDGE_LOOP ( 'NONE', ( #10188, #1168, #6302, #278 ) ) ;
#3927 = CARTESIAN_POINT ( 'NONE',  ( -1.810000000000000053, 15.79293969097784966, 5.203898047366450896 ) ) ;
#3928 = ORIENTED_EDGE ( 'NONE', *, *, #2804, .T. ) ;
#3929 = CARTESIAN_POINT ( 'NONE',  ( -1.199999999999999956, 15.11999999999999922, -0.3649999999999999911 ) ) ;
#3930 = VERTEX_POINT ( 'NONE', #9712 ) ;
#3931 = FACE_OUTER_BOUND ( 'NONE', #6680, .T. ) ;
#3932 = DIRECTION ( 'NONE',  ( 0.000000000000000000, 1.000000000000000000, 0.000000000000000000 ) ) ;
#3933 = VECTOR ( 'NONE', #6628, 1000.000000000000000 ) ;
#3934 = ADVANCED_FACE ( 'NONE', ( #9657 ), #4970, .F. ) ;
#3935 = LINE ( 'NONE', #1073, #8153 ) ;
#3936 = CARTESIAN_POINT ( 'NONE',  ( -0.8400000000000000799, 15.69999999999999929, -0.3649999999999998801 ) ) ;
#3937 = VERTEX_POINT ( 'NONE', #7605 ) ;
#3938 = CARTESIAN_POINT ( 'NONE',  ( 0.7900000000000000355, 9.377205983516001098, -3.778469117984000203 ) ) ;
#3939 = VERTEX_POINT ( 'NONE', #2851 ) ;
#3940 = LINE ( 'NONE', #12261, #2625 ) ;
#3941 = DIRECTION ( 'NONE',  ( 0.000000000000000000, 0.000000000000000000, -1.000000000000000000 ) ) ;
#3942 = EDGE_LOOP ( 'NONE', ( #6099, #6773, #4849, #3887 ) ) ;
#3943 = CARTESIAN_POINT ( 'NONE',  ( -4.879999999999999893, 13.01999999999999957, 4.890000000000000568 ) ) ;
#3944 = EDGE_CURVE ( 'NONE', #2179, #2387, #5730, .T. ) ;
#3945 = ORIENTED_EDGE ( 'NONE', *, *, #9107, .T. ) ;
#3946 = AXIS2_PLACEMENT_3D ( 'NONE', #3897, #8655, #11524 ) ;
#3947 = CARTESIAN_POINT ( 'NONE',  ( -5.080000000000000071, -1.639999999999999902, 0.000000000000000000 ) ) ;
#3948 = CARTESIAN_POINT ( 'NONE',  ( -0.9167877336409075983, 8.390263174505168564, -7.502084449061362292 ) ) ;
#3949 = CARTESIAN_POINT ( 'NONE',  ( -6.540000000000000036, 16.00000000000000000, 10.33999999999999986 ) ) ;
#3950 = ORIENTED_EDGE ( 'NONE', *, *, #9206, .F. ) ;
#3951 = VECTOR ( 'NONE', #5100, 1000.000000000000114 ) ;
#3952 = CARTESIAN_POINT ( 'NONE',  ( 1.860000000000000098, 13.08000000000000007, -0.3649999999999998801 ) ) ;
#3953 = ORIENTED_EDGE ( 'NONE', *, *, #12077, .F. ) ;
#3955 = AXIS2_PLACEMENT_3D ( 'NONE', #6231, #3341, #2346 ) ;
#3954 = PLANE ( 'NONE',  #4824 ) ;
#3956 = ORIENTED_EDGE ( 'NONE', *, *, #6693, .F. ) ;
#3957 = EDGE_CURVE ( 'NONE', #9266, #11017, #9538, .T. ) ;
#3958 = EDGE_LOOP ( 'NONE', ( #910, #8219, #12237, #5233 ) ) ;
#3959 = CARTESIAN_POINT ( 'NONE',  ( 1.255259285756457954, 8.973535066069093347, -7.343395104985876110 ) ) ;
#3960 = DIRECTION ( 'NONE',  ( 1.000000000000000000, 0.000000000000000000, 0.000000000000000000 ) ) ;
#3961 = CARTESIAN_POINT ( 'NONE',  ( -2.220000000000000195, 1.840000000000000080, -5.070000000000000284 ) ) ;
#3962 = DIRECTION ( 'NONE',  ( 1.000000000000000000, 0.000000000000000000, 0.000000000000000000 ) ) ;
#3963 = CARTESIAN_POINT ( 'NONE',  ( -3.500000000000000000, 8.000000000000000000, 10.33999999999999986 ) ) ;
#3964 = VECTOR ( 'NONE', #862, 1000.000000000000000 ) ;
#3965 = DIRECTION ( 'NONE',  ( 3.662845177315896756E-17, 0.000000000000000000, 1.000000000000000000 ) ) ;
#3966 = CARTESIAN_POINT ( 'NONE',  ( 1.245000000000000107, 14.09999999999999964, -6.349999999999999645 ) ) ;
#3967 = VECTOR ( 'NONE', #4905, 1000.000000000000000 ) ;
#3968 = ORIENTED_EDGE ( 'NONE', *, *, #7375, .F. ) ;
#3969 = EDGE_LOOP ( 'NONE', ( #12174, #9279, #9485, #10885, #5870 ) ) ;
#3970 = FACE_OUTER_BOUND ( 'NONE', #5299, .T. ) ;
#3971 = ORIENTED_EDGE ( 'NONE', *, *, #7954, .T. ) ;
#3972 = CARTESIAN_POINT ( 'NONE',  ( 1.256762614542963341, 8.974829004346874584, -7.341379118647902935 ) ) ;
#3973 = ORIENTED_EDGE ( 'NONE', *, *, #243, .F. ) ;
#3974 = DIRECTION ( 'NONE',  ( 0.000000000000000000, 0.000000000000000000, 1.000000000000000000 ) ) ;
#3975 = CARTESIAN_POINT ( 'NONE',  ( -6.540000000000000036, 14.28619153674800124, -4.603223830734999744 ) ) ;
#3976 = EDGE_CURVE ( 'NONE', #9297, #595, #7661, .T. ) ;
#3977 = EDGE_CURVE ( 'NONE', #754, #8895, #5045, .T. ) ;
#3978 = ADVANCED_FACE ( 'NONE', ( #525 ), #283, .F. ) ;
#3979 = FILL_AREA_STYLE ('',( #9669 ) ) ;
#3980 = CARTESIAN_POINT ( 'NONE',  ( 7.900000000000000355, 3.319999999999999840, 8.789999999999999147 ) ) ;
#3981 = VECTOR ( 'NONE', #2778, 1000.000000000000000 ) ;
#3982 = VECTOR ( 'NONE', #12143, 1000.000000000000000 ) ;
#3983 = CIRCLE ( 'NONE', #10966, 1.363702780452000107 ) ;
#3984 = EDGE_CURVE ( 'NONE', #4652, #7195, #10772, .T. ) ;
#3985 = EDGE_CURVE ( 'NONE', #11462, #5083, #11029, .T. ) ;
#3986 = DIRECTION ( 'NONE',  ( 0.000000000000000000, 0.000000000000000000, -1.000000000000000000 ) ) ;
#3987 = VECTOR ( 'NONE', #6402, 1000.000000000000000 ) ;
#3988 = EDGE_LOOP ( 'NONE', ( #8899, #8319, #4887, #2038 ) ) ;
#3989 = VECTOR ( 'NONE', #3169, 1000.000000000000227 ) ;
#3990 = DIRECTION ( 'NONE',  ( 1.000000000000000000, 0.000000000000000000, 0.000000000000000000 ) ) ;
#3991 = EDGE_LOOP ( 'NONE', ( #7051, #16, #5656, #2705 ) ) ;
#3992 = AXIS2_PLACEMENT_3D ( 'NONE', #8905, #7791, #8670 ) ;
#3993 = DIRECTION ( 'NONE',  ( 0.000000000000000000, 0.000000000000000000, 1.000000000000000000 ) ) ;
#3994 = ORIENTED_EDGE ( 'NONE', *, *, #10549, .T. ) ;
#3995 = CARTESIAN_POINT ( 'NONE',  ( -3.600000000000000089, 17.10172695738399895, 1.974943012883999760 ) ) ;
#3996 = ADVANCED_FACE ( 'NONE', ( #7961 ), #10893, .F. ) ;
#3997 = CARTESIAN_POINT ( 'NONE',  ( 1.804999999999999938, 15.52330609571595943, -4.280245272880009111 ) ) ;
#3998 = CARTESIAN_POINT ( 'NONE',  ( -1.780948855074999893, 9.233825112319999917, -6.209999999999999964 ) ) ;
#3999 = LINE ( 'NONE', #8863, #8564 ) ;
#4000 = CIRCLE ( 'NONE', #8391, 1.870944562245001386 ) ;
#4001 = VECTOR ( 'NONE', #11606, 1000.000000000000000 ) ;
#4002 = CARTESIAN_POINT ( 'NONE',  ( 1.630928925291000198, 2.947952212436999453, -8.436253597033999796 ) ) ;
#4003 = ORIENTED_EDGE ( 'NONE', *, *, #9640, .F. ) ;
#4004 = DIRECTION ( 'NONE',  ( -0.000000000000000000, -1.000000000000000000, -0.000000000000000000 ) ) ;
#4005 = ORIENTED_EDGE ( 'NONE', *, *, #3171, .F. ) ;
#4006 = DIRECTION ( 'NONE',  ( 0.000000000000000000, -1.000000000000000000, 0.000000000000000000 ) ) ;
#4007 = DIRECTION ( 'NONE',  ( 0.000000000000000000, -0.07514299545580460649, 0.9971727684979815320 ) ) ;
#4008 = ORIENTED_EDGE ( 'NONE', *, *, #1638, .F. ) ;
#4009 = PLANE ( 'NONE',  #3785 ) ;
#4010 = AXIS2_PLACEMENT_3D ( 'NONE', #8737, #2180, #8680 ) ;
#4011 = DIRECTION ( 'NONE',  ( 0.000000000000000000, 0.000000000000000000, 1.000000000000000000 ) ) ;
#4012 = ADVANCED_FACE ( 'NONE', ( #5228 ), #2462, .F. ) ;
#4013 = DIRECTION ( 'NONE',  ( -1.000000000000000000, 0.000000000000000000, 0.000000000000000000 ) ) ;
#4014 = DIRECTION ( 'NONE',  ( 0.000000000000000000, -0.9381440673623764326, 0.3462451571831393071 ) ) ;
#4015 = LINE ( 'NONE', #8586, #11349 ) ;
#4016 = EDGE_CURVE ( 'NONE', #9904, #9516, #3328, .T. ) ;
#4017 = ORIENTED_EDGE ( 'NONE', *, *, #436, .T. ) ;
#4018 = CARTESIAN_POINT ( 'NONE',  ( -1.810000000000000053, 14.09462133319000010, -6.209999999999999964 ) ) ;
#4019 = VECTOR ( 'NONE', #3435, 1000.000000000000000 ) ;
#4020 = EDGE_LOOP ( 'NONE', ( #10464, #5223, #6977, #11813 ) ) ;
#4021 = CARTESIAN_POINT ( 'NONE',  ( -2.220000000000000195, 15.11999999999999922, -0.3649999999999999911 ) ) ;
#4022 = EDGE_LOOP ( 'NONE', ( #8718, #1341, #2809, #9452 ) ) ;
#4023 = VERTEX_POINT ( 'NONE', #3396 ) ;
#4024 = LINE ( 'NONE', #6904, #8731 ) ;
#4025 = ADVANCED_FACE ( 'NONE', ( #9777 ), #2335, .T. ) ;
#4026 = LINE ( 'NONE', #11649, #2509 ) ;
#4027 = DIRECTION ( 'NONE',  ( -0.0006866331995831718993, 0.000000000000000000, 0.9999997642673967846 ) ) ;
#4028 = DIRECTION ( 'NONE',  ( 1.000000000000000000, 0.000000000000000000, 0.000000000000000000 ) ) ;
#4029 = STYLED_ITEM ( 'NONE', ( #6872 ), #12013 ) ;
#4030 = VECTOR ( 'NONE', #8852, 1000.000000000000000 ) ;
#4031 = EDGE_CURVE ( 'NONE', #2491, #11035, #6083, .T. ) ;
#4032 = EDGE_CURVE ( 'NONE', #2147, #8372, #11835, .T. ) ;
#4033 = CARTESIAN_POINT ( 'NONE',  ( 6.541141843972000380, 3.318858156027999939, 10.08999999999999986 ) ) ;
#4034 = EDGE_LOOP ( 'NONE', ( #1110, #9582, #215 ) ) ;
#4035 = ORIENTED_EDGE ( 'NONE', *, *, #2991, .F. ) ;
#4036 = CARTESIAN_POINT ( 'NONE',  ( 0.3549999999999999822, -3.700000000000000178, -6.490000000000000213 ) ) ;
#4037 = VECTOR ( 'NONE', #3148, 1000.000000000000000 ) ;
#4038 = AXIS2_PLACEMENT_3D ( 'NONE', #11912, #3282, #3348 ) ;
#4039 = CARTESIAN_POINT ( 'NONE',  ( 5.080000000000000071, 1.100000000000000089, 0.000000000000000000 ) ) ;
#4040 = VERTEX_POINT ( 'NONE', #1290 ) ;
#4041 = DIRECTION ( 'NONE',  ( 1.000000000000000000, 0.000000000000000000, 0.000000000000000000 ) ) ;
#4042 = CARTESIAN_POINT ( 'NONE',  ( -4.272626278629504171, -2.809133815488001229, 1.178058040244756910 ) ) ;
#4043 = PLANE ( 'NONE',  #11611 ) ;
#4044 = FACE_BOUND ( 'NONE', #10719, .T. ) ;
#4045 = FILL_AREA_STYLE_COLOUR ( '', #6805 ) ;
#4046 = CARTESIAN_POINT ( 'NONE',  ( -1.814999999999999947, 15.52000000000000135, 5.159999999999999254 ) ) ;
#4047 = ORIENTED_EDGE ( 'NONE', *, *, #1865, .T. ) ;
#4048 = CARTESIAN_POINT ( 'NONE',  ( 8.751918340712878219, 15.70000000000005080, -5.572572872400037625 ) ) ;
#4049 = ORIENTED_EDGE ( 'NONE', *, *, #6199, .T. ) ;
#4050 = CARTESIAN_POINT ( 'NONE',  ( -5.029999999999999361, 13.01999999999999957, 4.890000000000000568 ) ) ;
#4051 = VERTEX_POINT ( 'NONE', #1231 ) ;
#4052 = DIRECTION ( 'NONE',  ( -1.000000000000000000, 0.000000000000000000, 0.000000000000000000 ) ) ;
#4053 = DIRECTION ( 'NONE',  ( 0.000000000000000000, 0.000000000000000000, -1.000000000000000000 ) ) ;
#4054 = ADVANCED_FACE ( 'NONE', ( #9086 ), #9842, .F. ) ;
#4055 = FACE_OUTER_BOUND ( 'NONE', #7836, .T. ) ;
#4056 = EDGE_CURVE ( 'NONE', #3762, #9605, #11958, .T. ) ;
#4057 = CARTESIAN_POINT ( 'NONE',  ( -0.2389142942222649557, 9.086226893704905549, -7.618528577579566807 ) ) ;
#4058 = EDGE_CURVE ( 'NONE', #8322, #11173, #6032, .T. ) ;
#4059 = CARTESIAN_POINT ( 'NONE',  ( -1.255000000000000115, 15.52000012041266608, -4.249816382101536227 ) ) ;
#4060 = ADVANCED_FACE ( 'NONE', ( #8024 ), #8894, .T. ) ;
#4061 = ORIENTED_EDGE ( 'NONE', *, *, #4634, .T. ) ;
#4062 = DIRECTION ( 'NONE',  ( 0.000000000000000000, 0.000000000000000000, 1.000000000000000000 ) ) ;
#4063 = ORIENTED_EDGE ( 'NONE', *, *, #3279, .T. ) ;
#4064 = CARTESIAN_POINT ( 'NONE',  ( 4.457586536047635661, -3.088855126804893825, -1.227617991851797541 ) ) ;
#4065 = DIRECTION ( 'NONE',  ( 0.9999979017704853090, 0.0004638561100252248915, -0.001995317552647971147 ) ) ;
#4066 = ORIENTED_EDGE ( 'NONE', *, *, #7432, .T. ) ;
#4067 = DIRECTION ( 'NONE',  ( 1.000000000000000000, 0.000000000000000000, 0.000000000000000000 ) ) ;
#4068 = LINE ( 'NONE', #10877, #12257 ) ;
#4069 = EDGE_CURVE ( 'NONE', #1165, #11290, #5677, .T. ) ;
#4070 = PLANE ( 'NONE',  #8584 ) ;
#4071 = ADVANCED_FACE ( 'NONE', ( #8083 ), #10957, .F. ) ;
#4072 = LINE ( 'NONE', #10634, #4534 ) ;
#4073 = CARTESIAN_POINT ( 'NONE',  ( -0.3549519686785001515, 3.800000000000116618, -8.847950982515360607 ) ) ;
#4074 = ORIENTED_EDGE ( 'NONE', *, *, #4460, .T. ) ;
#4075 = CARTESIAN_POINT ( 'NONE',  ( -6.540000000000000036, 1.100000000000000089, 10.33999999999999986 ) ) ;
#4076 = ORIENTED_EDGE ( 'NONE', *, *, #3314, .F. ) ;
#4077 = CARTESIAN_POINT ( 'NONE',  ( 0.8400000000000000799, 13.08000000000000007, 6.119999999999999218 ) ) ;
#4078 = ORIENTED_EDGE ( 'NONE', *, *, #1482, .T. ) ;
#4079 = VERTEX_POINT ( 'NONE', #9275 ) ;
#4080 = EDGE_LOOP ( 'NONE', ( #7730, #10553, #6511, #8436, #11876, #10439, #2694, #8417, #1335, #10481, #6393 ) ) ;
#4081 = CARTESIAN_POINT ( 'NONE',  ( 1.250439577005937997, 9.020696185721059024, -7.332878549569556093 ) ) ;
#4082 = CARTESIAN_POINT ( 'NONE',  ( -1.814999999999999947, 15.79999999999954774, 5.160000000000000142 ) ) ;
#4083 = DIRECTION ( 'NONE',  ( 0.000000000000000000, -3.469446951953635882E-15, -1.000000000000000000 ) ) ;
#4084 = FACE_OUTER_BOUND ( 'NONE', #11615, .T. ) ;
#4085 = CARTESIAN_POINT ( 'NONE',  ( -0.3499999999999999778, -3.700000000000000178, -9.029999999999999361 ) ) ;
#4086 = ORIENTED_EDGE ( 'NONE', *, *, #4992, .F. ) ;
#4087 = DIRECTION ( 'NONE',  ( 0.000000000000000000, 0.4176365570259273907, 0.9086141679698426232 ) ) ;
#4088 = ORIENTED_EDGE ( 'NONE', *, *, #2852, .F. ) ;
#4089 = ORIENTED_EDGE ( 'NONE', *, *, #6896, .T. ) ;
#4090 = CARTESIAN_POINT ( 'NONE',  ( -4.535627368713016416, -3.166673025795313734, -1.248528969941139044 ) ) ;
#4091 = CYLINDRICAL_SURFACE ( 'NONE', #3028, 1.590944562245001137 ) ;
#4092 = VERTEX_POINT ( 'NONE', #3710 ) ;
#4093 = CARTESIAN_POINT ( 'NONE',  ( -1.255000000000000115, 9.099999999999999645, -6.490000000000000213 ) ) ;
#4094 = EDGE_CURVE ( 'NONE', #11691, #3545, #2753, .T. ) ;
#4095 = DIRECTION ( 'NONE',  ( -0.1692997943950509676, -0.9593655015712897471, -0.2257330591930679642 ) ) ;
#4096 = EDGE_CURVE ( 'NONE', #6785, #10494, #1670, .T. ) ;
#4097 = CARTESIAN_POINT ( 'NONE',  ( -3.971129570381793261, -1.639999999999999902, 1.097272240749140426 ) ) ;
#4098 = FACE_OUTER_BOUND ( 'NONE', #6979, .T. ) ;
#4099 = CARTESIAN_POINT ( 'NONE',  ( -0.7900000000000000355, 14.28619153674800124, -4.603223830734999744 ) ) ;
#4100 = VECTOR ( 'NONE', #4551, 1000.000000000000114 ) ;
#4101 = PLANE ( 'NONE',  #10795 ) ;
#4102 = AXIS2_PLACEMENT_3D ( 'NONE', #6790, #158, #8710 ) ;
#4103 = ORIENTED_EDGE ( 'NONE', *, *, #8297, .T. ) ;
#4104 = AXIS2_PLACEMENT_3D ( 'NONE', #10649, #4858, #8661 ) ;
#4105 = DIRECTION ( 'NONE',  ( -1.000000000000000000, 0.000000000000000000, 0.000000000000000000 ) ) ;
#4106 = ORIENTED_EDGE ( 'NONE', *, *, #4251, .F. ) ;
#4107 = CARTESIAN_POINT ( 'NONE',  ( -1.810000000000000053, 15.80000000000000071, 5.159999999999999254 ) ) ;
#4108 = ORIENTED_EDGE ( 'NONE', *, *, #8567, .F. ) ;
#4109 = DIRECTION ( 'NONE',  ( -0.9999979017704853090, 0.000000000000000000, 0.002048524988061995421 ) ) ;
#4110 = CARTESIAN_POINT ( 'NONE',  ( -0.9137143024408950209, 8.420050064160912839, -7.489058706551788624 ) ) ;
#4111 = DIRECTION ( 'NONE',  ( 1.000000000000000000, 0.000000000000000000, 0.000000000000000000 ) ) ;
#4112 = CARTESIAN_POINT ( 'NONE',  ( 1.199999999999999956, 15.69999999999999929, -5.620000000000000107 ) ) ;
#4113 = LINE ( 'NONE', #9927, #2567 ) ;
#4114 = VECTOR ( 'NONE', #6071, 1000.000000000000000 ) ;
#4115 = VECTOR ( 'NONE', #1900, 1000.000000000000114 ) ;
#4116 = CARTESIAN_POINT ( 'NONE',  ( 0.9133348310235699374, 8.455234637903366490, -6.489999999999999325 ) ) ;
#4117 = VERTEX_POINT ( 'NONE', #2581 ) ;
#4118 = DIRECTION ( 'NONE',  ( 0.000000000000000000, 0.000000000000000000, -1.000000000000000000 ) ) ;
#4119 = EDGE_CURVE ( 'NONE', #12346, #4652, #8400, .T. ) ;
#4120 = ORIENTED_EDGE ( 'NONE', *, *, #7431, .F. ) ;
#4121 = PLANE ( 'NONE',  #4432 ) ;
#4122 = CARTESIAN_POINT ( 'NONE',  ( -1.814999999999999947, 15.66000000000000014, -4.250000000000000000 ) ) ;
#4123 = ORIENTED_EDGE ( 'NONE', *, *, #12356, .T. ) ;
#4124 = CARTESIAN_POINT ( 'NONE',  ( 3.600000000000000089, 0.000000000000000000, 6.740000000000000213 ) ) ;
#4125 = VECTOR ( 'NONE', #10290, 1000.000000000000000 ) ;
#4126 = CIRCLE ( 'NONE', #5935, 1.358858635772000722 ) ;
#4127 = CARTESIAN_POINT ( 'NONE',  ( 0.3549999999999999822, 8.419629322895621826, -6.490000000000000213 ) ) ;
#4128 = ADVANCED_FACE ( 'NONE', ( #661 ), #1790, .F. ) ;
#4129 = DIRECTION ( 'NONE',  ( 0.000000000000000000, 0.000000000000000000, 1.000000000000000000 ) ) ;
#4130 = ADVANCED_FACE ( 'NONE', ( #1603 ), #12273, .T. ) ;
#4131 = CARTESIAN_POINT ( 'NONE',  ( 1.250000000000000000, 14.08947998063599982, -6.210395812409999827 ) ) ;
#4132 = CARTESIAN_POINT ( 'NONE',  ( -0.3549999999999999822, 3.800000000000121059, -8.752522009007607906 ) ) ;
#4133 = ORIENTED_EDGE ( 'NONE', *, *, #10178, .T. ) ;
#4134 = DIRECTION ( 'NONE',  ( 1.000000000000000000, 0.000000000000000000, -0.000000000000000000 ) ) ;
#4135 = EDGE_CURVE ( 'NONE', #10409, #1372, #1582, .T. ) ;
#4136 = VERTEX_POINT ( 'NONE', #3654 ) ;
#4137 = EDGE_CURVE ( 'NONE', #10600, #5667, #10336, .T. ) ;
#4138 = CARTESIAN_POINT ( 'NONE',  ( -3.600000000000000089, 7.065000000000000391, 10.33999999999999986 ) ) ;
#4139 = VERTEX_POINT ( 'NONE', #5343 ) ;
#4140 = AXIS2_PLACEMENT_3D ( 'NONE', #7352, #2593, #9282 ) ;
#4141 = ORIENTED_EDGE ( 'NONE', *, *, #10408, .T. ) ;
#4142 = ORIENTED_EDGE ( 'NONE', *, *, #5760, .T. ) ;
#4143 = LINE ( 'NONE', #6145, #5554 ) ;
#4144 = DIRECTION ( 'NONE',  ( 0.000000000000000000, -0.9381440673623764326, 0.3462451571831393071 ) ) ;
#4145 = PLANE ( 'NONE',  #5344 ) ;
#4146 = CARTESIAN_POINT ( 'NONE',  ( -5.599999999999999645, 0.000000000000000000, 6.740000000000000213 ) ) ;
#4147 = CARTESIAN_POINT ( 'NONE',  ( -5.029999999999999361, 6.819999999999999396, -6.040000000000000036 ) ) ;
#4148 = VECTOR ( 'NONE', #1544, 1000.000000000000000 ) ;
#4149 = DIRECTION ( 'NONE',  ( 0.000000000000000000, 1.000000000000000000, 0.000000000000000000 ) ) ;
#4150 = VERTEX_POINT ( 'NONE', #5472 ) ;
#4151 = ORIENTED_EDGE ( 'NONE', *, *, #10560, .F. ) ;
#4152 = PLANE ( 'NONE',  #10958 ) ;
#4153 = CARTESIAN_POINT ( 'NONE',  ( 4.629696307966639779, -1.639999999999999902, 1.273734666246999936 ) ) ;
#4154 = VERTEX_POINT ( 'NONE', #8213 ) ;
#4155 = VECTOR ( 'NONE', #9960, 1000.000000000000000 ) ;
#4156 = FACE_OUTER_BOUND ( 'NONE', #5978, .T. ) ;
#4157 = CARTESIAN_POINT ( 'NONE',  ( -6.540000000000000036, 1.959999999999999964, 10.08999999999999986 ) ) ;
#4158 = DIRECTION ( 'NONE',  ( 1.000000000000000000, 0.000000000000000000, 0.000000000000000000 ) ) ;
#4159 = CARTESIAN_POINT ( 'NONE',  ( 2.189999999999999947, 2.986472889283000143, -8.750000000000000000 ) ) ;
#4160 = VECTOR ( 'NONE', #7104, 999.9999999999998863 ) ;
#4161 = VECTOR ( 'NONE', #5576, 1000.000000000000114 ) ;
#4162 = EDGE_LOOP ( 'NONE', ( #7163, #8136, #443, #3844 ) ) ;
#4163 = EDGE_CURVE ( 'NONE', #583, #4932, #11277, .T. ) ;
#4164 = EDGE_LOOP ( 'NONE', ( #6621, #10623, #9262, #6366 ) ) ;
#4165 = CARTESIAN_POINT ( 'NONE',  ( -2.219999999999996199, 15.69999999999999929, -0.3649999999999998801 ) ) ;
#4166 = EDGE_CURVE ( 'NONE', #8984, #2391, #9151, .T. ) ;
#4167 = DIRECTION ( 'NONE',  ( 0.2588190451025217942, 0.000000000000000000, -0.9659258262890680902 ) ) ;
#4168 = ORIENTED_EDGE ( 'NONE', *, *, #5938, .F. ) ;
#4169 = FACE_OUTER_BOUND ( 'NONE', #6258, .T. ) ;
#4170 = ORIENTED_EDGE ( 'NONE', *, *, #2991, .T. ) ;
#4171 = CARTESIAN_POINT ( 'NONE',  ( -0.2369580155030684698, 9.108193807659564101, -7.611635830562792471 ) ) ;
#4172 = ORIENTED_EDGE ( 'NONE', *, *, #7600, .T. ) ;
#4173 = CARTESIAN_POINT ( 'NONE',  ( 2.189712618997000426, 1.100000000000000089, -9.030573293245000244 ) ) ;
#4174 = STYLED_ITEM ( 'NONE', ( #7358 ), #3836 ) ;
#4175 = LINE ( 'NONE', #4936, #4558 ) ;
#4176 = DIRECTION ( 'NONE',  ( 0.000000000000000000, 0.000000000000000000, 1.000000000000000000 ) ) ;
#4177 = CIRCLE ( 'NONE', #391, 0.2820530691360000342 ) ;
#4178 = LINE ( 'NONE', #4938, #10775 ) ;
#4179 = CARTESIAN_POINT ( 'NONE',  ( -0.2350000000000006251, 9.069398338315545871, -7.333385438908521792 ) ) ;
#4180 = B_SPLINE_CURVE_WITH_KNOTS ( 'NONE', 3,
 ( #11267, #11950, #9209, #8263 ),
 .UNSPECIFIED., .F., .F.,
 ( 4, 4 ),
 ( 0.000000000000000000, 2.389250218798873387E-06 ),
 .UNSPECIFIED. ) ;
#4181 = VECTOR ( 'NONE', #11716, 1000.000000000000000 ) ;
#4182 = EDGE_CURVE ( 'NONE', #2793, #7802, #5595, .T. ) ;
#4183 = VECTOR ( 'NONE', #11214, 1000.000000000000000 ) ;
#4184 = VERTEX_POINT ( 'NONE', #9336 ) ;
#4185 = CIRCLE ( 'NONE', #7980, 1.870944562245001386 ) ;
#4186 = DIRECTION ( 'NONE',  ( -0.4779468297139849997, -0.8783887681239730405, 2.465190328815925183E-32 ) ) ;
#4187 = ORIENTED_EDGE ( 'NONE', *, *, #7728, .F. ) ;
#4188 = CARTESIAN_POINT ( 'NONE',  ( 4.579427557576267738, -3.201482212714459763, -1.260265195175378272 ) ) ;
#4189 = DIRECTION ( 'NONE',  ( 0.0008402963645893615557, -0.9999996469509474517, 0.000000000000000000 ) ) ;
#4190 = EDGE_LOOP ( 'NONE', ( #5124, #4510, #5397, #2035 ) ) ;
#4191 = CARTESIAN_POINT ( 'NONE',  ( 2.151299007909971639, 8.518524231512254019, -7.463767840141024124 ) ) ;
#4192 = FACE_OUTER_BOUND ( 'NONE', #7038, .T. ) ;
#4193 = VECTOR ( 'NONE', #6430, 1000.000000000000000 ) ;
#4194 = DIRECTION ( 'NONE',  ( 1.000000000000000000, 0.000000000000000000, 0.000000000000000000 ) ) ;
#4195 = VECTOR ( 'NONE', #11555, 999.9999999999998863 ) ;
#4196 = DIRECTION ( 'NONE',  ( 0.000000000000000000, 0.000000000000000000, 1.000000000000000000 ) ) ;
#4197 = CARTESIAN_POINT ( 'NONE',  ( 1.250000000000000000, 15.80000000000000071, -4.234997608640000522 ) ) ;
#4198 = ORIENTED_EDGE ( 'NONE', *, *, #1678, .F. ) ;
#4199 = CARTESIAN_POINT ( 'NONE',  ( -0.7900000000000000355, 13.96993164062500092, -4.623949218749999091 ) ) ;
#4200 = EDGE_CURVE ( 'NONE', #12335, #8595, #2165, .T. ) ;
#4201 = AXIS2_PLACEMENT_3D ( 'NONE', #1010, #7683, #4052 ) ;
#4202 = ORIENTED_EDGE ( 'NONE', *, *, #6751, .F. ) ;
#4203 = FACE_OUTER_BOUND ( 'NONE', #9531, .T. ) ;
#4204 = EDGE_LOOP ( 'NONE', ( #4467, #528, #9340, #1374, #4958, #4729 ) ) ;
#4205 = VERTEX_POINT ( 'NONE', #10149 ) ;
#4206 = ORIENTED_EDGE ( 'NONE', *, *, #12048, .T. ) ;
#4207 = DIRECTION ( 'NONE',  ( -1.000000000000000000, 0.000000000000000000, 0.000000000000000000 ) ) ;
#4208 = CARTESIAN_POINT ( 'NONE',  ( -1.810000000000000053, 15.79285544331319002, 5.204152363265506231 ) ) ;
#4209 =( BOUNDED_SURFACE ( )  B_SPLINE_SURFACE ( 1, 3, ( 
 ( #9760, #11577, #1968, #8644 ),
 ( #3121, #3006, #8585, #6837 ),
 ( #3834, #4891, #90, #11689 ) ),
 .UNSPECIFIED., .F., .F., .F. ) 
 B_SPLINE_SURFACE_WITH_KNOTS ( ( 2, 1, 2 ),
 ( 4, 4 ),
 ( -0.008928571428571452362, 0.000000000000000000, 0.9910714285714284921 ),
 ( 0.000000000000000000, 1.000000000000000000 ),
 .UNSPECIFIED. ) 
 GEOMETRIC_REPRESENTATION_ITEM ( )  RATIONAL_B_SPLINE_SURFACE ( (
 ( 1.000000000000000000, 0.9914396152328341927, 0.9914396152328341927, 1.000000000000000000),
 ( 1.000000000000000000, 0.9914396152328341927, 0.9914396152328341927, 1.000000000000000000),
 ( 1.000000000000000000, 0.9914396152328341927, 0.9914396152328341927, 1.000000000000000000) ) ) 
 REPRESENTATION_ITEM ( '' )  SURFACE ( )  );
#4210 = FACE_OUTER_BOUND ( 'NONE', #7656, .T. ) ;
#4211 = DIRECTION ( 'NONE',  ( 0.9963844089145981187, -0.08290499428924659464, -0.01857071872079250549 ) ) ;
#4212 = DIRECTION ( 'NONE',  ( 0.000000000000000000, 1.000000000000000000, 0.000000000000000000 ) ) ;
#4213 = EDGE_CURVE ( 'NONE', #11842, #11984, #3588, .T. ) ;
#4214 = ORIENTED_EDGE ( 'NONE', *, *, #4031, .T. ) ;
#4215 = EDGE_CURVE ( 'NONE', #3696, #1860, #10216, .T. ) ;
#4216 = VECTOR ( 'NONE', #11504, 1000.000000000000000 ) ;
#4217 = ORIENTED_EDGE ( 'NONE', *, *, #2760, .T. ) ;
#4218 = LINE ( 'NONE', #4277, #8302 ) ;
#4219 = EDGE_CURVE ( 'NONE', #1452, #11756, #8272, .T. ) ;
#4220 = ORIENTED_EDGE ( 'NONE', *, *, #869, .T. ) ;
#4221 = EDGE_CURVE ( 'NONE', #4497, #1342, #4619, .T. ) ;
#4222 = ORIENTED_EDGE ( 'NONE', *, *, #4880, .F. ) ;
#4223 = SURFACE_SIDE_STYLE ('',( #3337 ) ) ;
#4224 = ORIENTED_EDGE ( 'NONE', *, *, #7767, .T. ) ;
#4225 = LINE ( 'NONE', #7233, #10155 ) ;
#4226 = DIRECTION ( 'NONE',  ( 0.000000000000000000, 0.000000000000000000, -1.000000000000000000 ) ) ;
#4227 = VECTOR ( 'NONE', #6708, 1000.000000000000000 ) ;
#4228 = CARTESIAN_POINT ( 'NONE',  ( -3.600000000000000089, 15.45000000000000107, -5.070000000000000284 ) ) ;
#4229 = LINE ( 'NONE', #5424, #7708 ) ;
#4230 = DIRECTION ( 'NONE',  ( 0.000000000000000000, 0.000000000000000000, 1.000000000000000000 ) ) ;
#4231 = ADVANCED_FACE ( 'NONE', ( #7408 ), #6465, .T. ) ;
#4232 = EDGE_CURVE ( 'NONE', #11013, #10322, #4015, .T. ) ;
#4233 = ORIENTED_EDGE ( 'NONE', *, *, #7465, .F. ) ;
#4234 = VECTOR ( 'NONE', #6802, 1000.000000000000114 ) ;
#4235 = AXIS2_PLACEMENT_3D ( 'NONE', #120, #3986, #5866 ) ;
#4236 = LINE ( 'NONE', #8044, #9800 ) ;
#4237 = CARTESIAN_POINT ( 'NONE',  ( 1.250000000000000222, 13.48008363145958022, 5.148121114438890977 ) ) ;
#4238 = ORIENTED_EDGE ( 'NONE', *, *, #8110, .T. ) ;
#4239 = VERTEX_POINT ( 'NONE', #7588 ) ;
#4240 = PLANE ( 'NONE',  #5833 ) ;
#4241 = ORIENTED_EDGE ( 'NONE', *, *, #11974, .F. ) ;
#4242 = CARTESIAN_POINT ( 'NONE',  ( 1.909311433667000069, 8.451700534652999863, -7.766362617316000083 ) ) ;
#4243 = VERTEX_POINT ( 'NONE', #12340 ) ;
#4244 = DIRECTION ( 'NONE',  ( 0.9659258262890679791, 0.000000000000000000, 0.2588190451025217387 ) ) ;
#4245 = ORIENTED_EDGE ( 'NONE', *, *, #5230, .T. ) ;
#4246 = DIRECTION ( 'NONE',  ( 0.000000000000000000, 1.000000000000000000, 2.198461434901000047E-16 ) ) ;
#4247 = LINE ( 'NONE', #11864, #11385 ) ;
#4248 = DIRECTION ( 'NONE',  ( 0.000000000000000000, 1.000000000000000000, 0.000000000000000000 ) ) ;
#4249 = EDGE_LOOP ( 'NONE', ( #8920, #1785, #511, #7822 ) ) ;
#4250 = LINE ( 'NONE', #378, #9715 ) ;
#4251 = EDGE_CURVE ( 'NONE', #6266, #7413, #2764, .T. ) ;
#4252 = EDGE_LOOP ( 'NONE', ( #1992, #6982, #1957, #3581 ) ) ;
#4253 = LINE ( 'NONE', #262, #840 ) ;
#4254 = CARTESIAN_POINT ( 'NONE',  ( 1.624713814988614224, 8.381051074752138064, -7.782188108403327753 ) ) ;
#4255 = VERTEX_POINT ( 'NONE', #36 ) ;
#4256 = CARTESIAN_POINT ( 'NONE',  ( 1.810000000000000053, 14.06939833831600062, -6.213385438909000413 ) ) ;
#4257 = CARTESIAN_POINT ( 'NONE',  ( 1.629999999999999893, -3.700000000000000178, -9.029999999999999361 ) ) ;
#4258 = EDGE_CURVE ( 'NONE', #1391, #805, #7829, .T. ) ;
#4259 = EDGE_CURVE ( 'NONE', #10742, #11196, #5560, .T. ) ;
#4260 = FACE_OUTER_BOUND ( 'NONE', #4450, .T. ) ;
#4261 = CARTESIAN_POINT ( 'NONE',  ( -0.6321804546452574058, 8.388299544004219399, -7.493637721036294330 ) ) ;
#4262 = CARTESIAN_POINT ( 'NONE',  ( -0.9099038053469989951, 8.451744313687205690, -7.766550936653378479 ) ) ;
#4263 = ORIENTED_EDGE ( 'NONE', *, *, #8796, .T. ) ;
#4264 = DIRECTION ( 'NONE',  ( 0.000000000000000000, 1.000000000000000000, 0.000000000000000000 ) ) ;
#4265 = ORIENTED_EDGE ( 'NONE', *, *, #9758, .T. ) ;
#4266 = DIRECTION ( 'NONE',  ( 1.224646799146999945E-16, 0.000000000000000000, 1.000000000000000000 ) ) ;
#4267 = ORIENTED_EDGE ( 'NONE', *, *, #1663, .T. ) ;
#4268 = ORIENTED_EDGE ( 'NONE', *, *, #7652, .T. ) ;
#4269 = ORIENTED_EDGE ( 'NONE', *, *, #3020, .T. ) ;
#4270 = DIRECTION ( 'NONE',  ( -1.000000000000000000, -2.676873359316999777E-17, 1.195032749694999960E-16 ) ) ;
#4271 = DIRECTION ( 'NONE',  ( 0.000000000000000000, -1.000000000000000000, 0.000000000000000000 ) ) ;
#4272 = PLANE ( 'NONE',  #9807 ) ;
#4273 = VECTOR ( 'NONE', #4011, 1000.000000000000000 ) ;
#4274 = CARTESIAN_POINT ( 'NONE',  ( -1.814999999999999947, 14.49800950369600017, 4.776298838437000427 ) ) ;
#4275 = CARTESIAN_POINT ( 'NONE',  ( -0.9110080991620407298, 8.435528584434131005, -7.487210954322073952 ) ) ;
#4276 = VERTEX_POINT ( 'NONE', #6593 ) ;
#4277 = CARTESIAN_POINT ( 'NONE',  ( -5.599999999999999645, 1.100000000000000089, -10.22999999999999865 ) ) ;
#4278 = ORIENTED_EDGE ( 'NONE', *, *, #9186, .F. ) ;
#4279 = ORIENTED_EDGE ( 'NONE', *, *, #8194, .F. ) ;
#4280 =( BOUNDED_SURFACE ( )  B_SPLINE_SURFACE ( 1, 3, ( 
 ( #4082, #11832, #7029, #9957 ),
 ( #1345, #3073, #1227, #4208 ),
 ( #10704, #3202, #5225, #6214 ) ),
 .UNSPECIFIED., .F., .F., .F. ) 
 B_SPLINE_SURFACE_WITH_KNOTS ( ( 2, 1, 2 ),
 ( 4, 4 ),
 ( -0.008928571428571452362, 0.000000000000000000, 0.9910714285714284921 ),
 ( 0.000000000000000000, 1.000000000000000000 ),
 .UNSPECIFIED. ) 
 GEOMETRIC_REPRESENTATION_ITEM ( )  RATIONAL_B_SPLINE_SURFACE ( (
 ( 1.000000000000000000, 0.9914396152328341927, 0.9914396152328341927, 1.000000000000000000),
 ( 1.000000000000000000, 0.9914396152328341927, 0.9914396152328341927, 1.000000000000000000),
 ( 1.000000000000000000, 0.9914396152328341927, 0.9914396152328341927, 1.000000000000000000) ) ) 
 REPRESENTATION_ITEM ( '' )  SURFACE ( )  );
#4281 = FILL_AREA_STYLE ('',( #9037 ) ) ;
#4282 = ORIENTED_EDGE ( 'NONE', *, *, #3641, .T. ) ;
#4283 = DIRECTION ( 'NONE',  ( 2.180948566442000048E-16, 4.169460494667999380E-17, 1.000000000000000000 ) ) ;
#4284 = LINE ( 'NONE', #2345, #9791 ) ;
#4285 = CARTESIAN_POINT ( 'NONE',  ( -5.339999999999998970, -3.350000000001385203, 1.273734666247064995 ) ) ;
#4286 = VECTOR ( 'NONE', #7205, 999.9999999999998863 ) ;
#4287 = LINE ( 'NONE', #6162, #1938 ) ;
#4288 = DIRECTION ( 'NONE',  ( 0.000000000000000000, -0.000000000000000000, -1.000000000000000000 ) ) ;
#4289 = ADVANCED_FACE ( 'NONE', ( #4721 ), #5962, .T. ) ;
#4290 = ADVANCED_FACE ( 'NONE', ( #2833 ), #1969, .T. ) ;
#4291 = ORIENTED_EDGE ( 'NONE', *, *, #10482, .F. ) ;
#4292 = PLANE ( 'NONE',  #6417 ) ;
#4293 = EDGE_CURVE ( 'NONE', #9608, #10002, #6848, .T. ) ;
#4294 = CARTESIAN_POINT ( 'NONE',  ( -5.080000000000000071, -3.200000000000831513, 0.000000000000000000 ) ) ;
#4295 = ORIENTED_EDGE ( 'NONE', *, *, #938, .F. ) ;
#4296 = EDGE_CURVE ( 'NONE', #11453, #54, #8757, .T. ) ;
#4297 = VERTEX_POINT ( 'NONE', #6719 ) ;
#4298 = ORIENTED_EDGE ( 'NONE', *, *, #8924, .T. ) ;
#4299 = CARTESIAN_POINT ( 'NONE',  ( -0.7900000000000000355, 15.52000000000000135, 5.159999999999999254 ) ) ;
#4300 = ORIENTED_EDGE ( 'NONE', *, *, #6688, .F. ) ;
#4301 = CARTESIAN_POINT ( 'NONE',  ( -1.255000000000000115, 14.10706124084490654, -6.489866411560861970 ) ) ;
#4302 = ORIENTED_EDGE ( 'NONE', *, *, #1825, .T. ) ;
#4303 = CARTESIAN_POINT ( 'NONE',  ( -0.9135020355510395929, 8.483712364309454301, -7.760797462319438011 ) ) ;
#4304 = DIRECTION ( 'NONE',  ( -1.000000000000000000, 0.000000000000000000, 0.000000000000000000 ) ) ;
#4305 = DIRECTION ( 'NONE',  ( 0.000000000000000000, 0.9763850306004407953, 0.2160376634278763919 ) ) ;
#4306 = AXIS2_PLACEMENT_3D ( 'NONE', #9150, #11892, #5159 ) ;
#4307 = VECTOR ( 'NONE', #11476, 1000.000000000000000 ) ;
#4308 = EDGE_LOOP ( 'NONE', ( #3649, #961, #4005, #6638 ) ) ;
#4309 = CARTESIAN_POINT ( 'NONE',  ( 1.279943154908561143, 8.936404552006106172, -7.358293197390762153 ) ) ;
#4310 = ORIENTED_EDGE ( 'NONE', *, *, #6749, .T. ) ;
#4311 = DIRECTION ( 'NONE',  ( -0.000000000000000000, 1.000000000000000000, 0.000000000000000000 ) ) ;
#4312 = PLANE ( 'NONE',  #5596 ) ;
#4313 = ORIENTED_EDGE ( 'NONE', *, *, #5229, .F. ) ;
#4314 = LINE ( 'NONE', #8005, #8967 ) ;
#4315 = DIRECTION ( 'NONE',  ( -1.000000000000000000, 0.000000000000000000, 0.000000000000000000 ) ) ;
#4316 = EDGE_CURVE ( 'NONE', #1628, #4885, #9467, .T. ) ;
#4317 = VECTOR ( 'NONE', #11149, 1000.000000000000000 ) ;
#4318 = DIRECTION ( 'NONE',  ( -1.000000000000000000, 0.000000000000000000, 0.000000000000000000 ) ) ;
#4319 = VECTOR ( 'NONE', #10424, 1000.000000000000000 ) ;
#4320 = CARTESIAN_POINT ( 'NONE',  ( 1.245000000000000107, 14.49800950369600017, 4.776298838437000427 ) ) ;
#4321 = CARTESIAN_POINT ( 'NONE',  ( -0.9124071585812040253, 8.499638905461706528, -7.755354043662555874 ) ) ;
#4322 = ORIENTED_EDGE ( 'NONE', *, *, #6462, .F. ) ;
#4323 = ORIENTED_EDGE ( 'NONE', *, *, #3259, .T. ) ;
#4324 = DIRECTION ( 'NONE',  ( 0.000000000000000000, 1.000000000000000000, 0.000000000000000000 ) ) ;
#4325 = AXIS2_PLACEMENT_3D ( 'NONE', #870, #5549, #1814 ) ;
#4326 = EDGE_CURVE ( 'NONE', #4899, #5066, #171, .T. ) ;
#4327 = ORIENTED_EDGE ( 'NONE', *, *, #3985, .T. ) ;
#4328 = CIRCLE ( 'NONE', #5331, 1.363702780452000107 ) ;
#4329 = LINE ( 'NONE', #8886, #8635 ) ;
#4330 = ORIENTED_EDGE ( 'NONE', *, *, #8240, .T. ) ;
#4331 = ORIENTED_EDGE ( 'NONE', *, *, #4617, .T. ) ;
#4332 = ORIENTED_EDGE ( 'NONE', *, *, #1943, .T. ) ;
#4333 = CARTESIAN_POINT ( 'NONE',  ( 5.339999999999998970, -3.500000000000000000, -1.222661032339174225 ) ) ;
#4334 = DIRECTION ( 'NONE',  ( 0.1877758073010515338, -0.9822119151142680860, -3.697785493224010661E-32 ) ) ;
#4335 = CARTESIAN_POINT ( 'NONE',  ( 2.220000000000000195, 15.11999999999999922, -0.3649999999999998801 ) ) ;
#4336 = LINE ( 'NONE', #9959, #2520 ) ;
#4337 = DIRECTION ( 'NONE',  ( 0.000000000000000000, 1.000000000000000000, 0.000000000000000000 ) ) ;
#4338 = EDGE_CURVE ( 'NONE', #4816, #10799, #4957, .T. ) ;
#4339 = PRESENTATION_LAYER_ASSIGNMENT (  '', '', ( #5739 ) ) ;
#4340 = ORIENTED_EDGE ( 'NONE', *, *, #32, .F. ) ;
#4341 = CARTESIAN_POINT ( 'NONE',  ( 5.339999999999998970, -3.350000000001385203, 1.273734666247064995 ) ) ;
#4342 = EDGE_CURVE ( 'NONE', #2194, #4518, #967, .T. ) ;
#4343 = EDGE_LOOP ( 'NONE', ( #9860, #4669, #4268, #10491 ) ) ;
#4344 = EDGE_LOOP ( 'NONE', ( #7643, #5402, #4295, #9918, #4233, #11410, #4715, #9168 ) ) ;
#4345 =( NAMED_UNIT ( * ) SI_UNIT ( $, .STERADIAN. ) SOLID_ANGLE_UNIT ( ) );
#4346 = ORIENTED_EDGE ( 'NONE', *, *, #7574, .F. ) ;
#4347 = PLANE ( 'NONE',  #6555 ) ;
#4348 = LINE ( 'NONE', #11160, #1835 ) ;
#4349 = DIRECTION ( 'NONE',  ( 1.000000000000000000, 0.000000000000000000, -1.224646799146999945E-16 ) ) ;
#4350 = DIRECTION ( 'NONE',  ( 1.000000000000000000, -1.110223024624999878E-16, 0.000000000000000000 ) ) ;
#4351 = LINE ( 'NONE', #8913, #8965 ) ;
#4352 = VECTOR ( 'NONE', #1666, 1000.000000000000227 ) ;
#4353 = ORIENTED_EDGE ( 'NONE', *, *, #5207, .T. ) ;
#4354 = CARTESIAN_POINT ( 'NONE',  ( -5.029999999999999361, 15.11999999999999922, -4.580000000000000071 ) ) ;
#4355 =( BOUNDED_SURFACE ( )  B_SPLINE_SURFACE ( 1, 3, ( 
 ( #710, #10456, #5587, #8325 ),
 ( #12139, #3580, #5709, #8576 ) ),
 .UNSPECIFIED., .F., .F., .F. ) 
 B_SPLINE_SURFACE_WITH_KNOTS ( ( 2, 2 ),
 ( 4, 4 ),
 ( 0.000000000000000000, 1.000000000000000000 ),
 ( 0.000000000000000000, 1.000000000000000000 ),
 .UNSPECIFIED. ) 
 GEOMETRIC_REPRESENTATION_ITEM ( )  RATIONAL_B_SPLINE_SURFACE ( (
 ( 1.000000000000000000, 0.9915412068257637435, 0.9915412068257637435, 1.000000000000000000),
 ( 1.000000000000000000, 0.9915412068257637435, 0.9915412068257637435, 1.000000000000000000) ) ) 
 REPRESENTATION_ITEM ( '' )  SURFACE ( )  );
#4356 = VECTOR ( 'NONE', #847, 1000.000000000000000 ) ;
#4357 = DIRECTION ( 'NONE',  ( 1.000000000000000000, 0.000000000000000000, 0.000000000000000000 ) ) ;
#4358 = EDGE_CURVE ( 'NONE', #4276, #2767, #9587, .T. ) ;
#4359 = DIRECTION ( 'NONE',  ( 1.000000000000000000, 0.000000000000000000, 0.000000000000000000 ) ) ;
#4360 = ORIENTED_EDGE ( 'NONE', *, *, #10896, .T. ) ;
#4361 = ORIENTED_EDGE ( 'NONE', *, *, #7211, .F. ) ;
#4362 = CARTESIAN_POINT ( 'NONE',  ( 1.625046996755565409, 2.299999999999999822, -9.028882713599646337 ) ) ;
#4363 = ORIENTED_EDGE ( 'NONE', *, *, #1903, .F. ) ;
#4364 = DIRECTION ( 'NONE',  ( 0.000000000000000000, -1.000000000000000000, 0.000000000000000000 ) ) ;
#4365 = ORIENTED_EDGE ( 'NONE', *, *, #9046, .F. ) ;
#4366 = CARTESIAN_POINT ( 'NONE',  ( -0.3550480973265000006, 3.799999611307193881, -8.560484886588289655 ) ) ;
#4367 = CARTESIAN_POINT ( 'NONE',  ( 1.860000000000000098, 13.08000000000001783, -0.3649999999999912204 ) ) ;
#4368 = CARTESIAN_POINT ( 'NONE',  ( -2.219999999999996199, 15.11999999999999922, -0.3649999999999998801 ) ) ;
#4369 = AXIS2_PLACEMENT_3D ( 'NONE', #620, #1443, #3547 ) ;
#4370 = CARTESIAN_POINT ( 'NONE',  ( -1.860000000000000098, 13.08000000000000007, -0.3649999999999998801 ) ) ;
#4371 = VECTOR ( 'NONE', #2122, 1000.000000000000000 ) ;
#4372 = ADVANCED_FACE ( 'NONE', ( #4892 ), #147, .T. ) ;
#4373 = ADVANCED_FACE ( 'NONE', ( #10635 ), #5889, .T. ) ;
#4374 = VECTOR ( 'NONE', #4761, 1000.000000000000000 ) ;
#4375 = EDGE_LOOP ( 'NONE', ( #6344, #1284, #3855, #5523 ) ) ;
#4376 = EDGE_CURVE ( 'NONE', #9721, #3909, #2140, .T. ) ;
#4377 = FACE_OUTER_BOUND ( 'NONE', #11380, .T. ) ;
#4378 = EDGE_CURVE ( 'NONE', #8724, #8018, #10755, .T. ) ;
#4379 = VERTEX_POINT ( 'NONE', #11878 ) ;
#4380 = AXIS2_PLACEMENT_3D ( 'NONE', #10707, #159, #2043 ) ;
#4381 = CARTESIAN_POINT ( 'NONE',  ( 1.243164532875593364, 9.084649661713854130, -7.616904938513928691 ) ) ;
#4382 = ORIENTED_EDGE ( 'NONE', *, *, #8117, .F. ) ;
#4383 = AXIS2_PLACEMENT_3D ( 'NONE', #6733, #983, #1982 ) ;
#4384 = CARTESIAN_POINT ( 'NONE',  ( -1.250000000000000000, 9.122794016484000679, -3.661530882016000188 ) ) ;
#4385 = EDGE_LOOP ( 'NONE', ( #7541, #1508, #9589, #6151 ) ) ;
#4386 = DIRECTION ( 'NONE',  ( 1.000000000000000000, 0.000000000000000000, 0.000000000000000000 ) ) ;
#4387 = CARTESIAN_POINT ( 'NONE',  ( 6.540000000000000036, 14.52999999999999936, -6.299999999999999822 ) ) ;
#4388 = CARTESIAN_POINT ( 'NONE',  ( -6.540000000000000036, 14.52999999999999936, -6.299999999999999822 ) ) ;
#4389 = DIRECTION ( 'NONE',  ( 0.000000000000000000, 1.000000000000000000, 0.000000000000000000 ) ) ;
#4390 = FACE_OUTER_BOUND ( 'NONE', #8745, .T. ) ;
#4391 = VECTOR ( 'NONE', #6729, 1000.000000000000000 ) ;
#4392 = CIRCLE ( 'NONE', #11375, 1.363702780452000107 ) ;
#4393 = CIRCLE ( 'NONE', #5200, 0.1399999999999985978 ) ;
#4394 = ORIENTED_EDGE ( 'NONE', *, *, #4296, .T. ) ;
#4395 = LINE ( 'NONE', #2449, #6734 ) ;
#4396 = EDGE_LOOP ( 'NONE', ( #10941, #7712, #8388, #5150 ) ) ;
#4397 = DIRECTION ( 'NONE',  ( 0.000000000000000000, 0.9997698407351198746, -0.02145380051350246134 ) ) ;
#4398 = EDGE_LOOP ( 'NONE', ( #1122, #8218, #3642, #2924 ) ) ;
#4399 = CARTESIAN_POINT ( 'NONE',  ( -1.810000000000000053, 13.96993164062500092, -4.623949218749999091 ) ) ;
#4400 = ORIENTED_EDGE ( 'NONE', *, *, #11203, .T. ) ;
#4401 = VECTOR ( 'NONE', #10513, 1000.000000000000000 ) ;
#4402 = VECTOR ( 'NONE', #3690, 1000.000000000000000 ) ;
#4403 = VERTEX_POINT ( 'NONE', #5951 ) ;
#4404 = CIRCLE ( 'NONE', #6968, 1.714203002955001498 ) ;
#4405 = CARTESIAN_POINT ( 'NONE',  ( 2.190286205994000035, 8.388429158692998655, -7.494195269932999892 ) ) ;
#4406 = DIRECTION ( 'NONE',  ( 0.000000000000000000, -1.000000000000000000, 0.000000000000000000 ) ) ;
#4407 = CARTESIAN_POINT ( 'NONE',  ( 5.599999999999999645, 1.100000000000000089, -10.22999999999999865 ) ) ;
#4408 = CARTESIAN_POINT ( 'NONE',  ( -0.7900000000000000355, 13.48134016943098246, 5.151525677994007069 ) ) ;
#4409 = DIRECTION ( 'NONE',  ( 0.000000000000000000, -0.9465272815540003437, -0.3226237828710001310 ) ) ;
#4410 = ADVANCED_FACE ( 'NONE', ( #11748 ), #8665, .F. ) ;
#4411 = VECTOR ( 'NONE', #10862, 1000.000000000000000 ) ;
#4412 = ORIENTED_EDGE ( 'NONE', *, *, #2839, .F. ) ;
#4413 = CARTESIAN_POINT ( 'NONE',  ( 1.200000000000000178, 13.01999999999999957, 4.890000000000000568 ) ) ;
#4414 = ORIENTED_EDGE ( 'NONE', *, *, #3837, .F. ) ;
#4415 = VERTEX_POINT ( 'NONE', #9010 ) ;
#4416 = EDGE_CURVE ( 'NONE', #12121, #2114, #1277, .T. ) ;
#4417 = ORIENTED_EDGE ( 'NONE', *, *, #5176, .T. ) ;
#4418 = DIRECTION ( 'NONE',  ( 0.000000000000000000, -0.9086141679698426232, 0.4176365570259273907 ) ) ;
#4419 = CARTESIAN_POINT ( 'NONE',  ( -0.9106884431738704322, 8.499058946358205802, -7.755484189687591901 ) ) ;
#4420 = PLANE ( 'NONE',  #722 ) ;
#4421 = DIRECTION ( 'NONE',  ( 0.000000000000000000, 0.9763850306004407953, 0.2160376634278763919 ) ) ;
#4422 = DIRECTION ( 'NONE',  ( 0.000000000000000000, -1.000000000000000000, 0.000000000000000000 ) ) ;
#4423 = EDGE_CURVE ( 'NONE', #11033, #12153, #7079, .T. ) ;
#4424 = EDGE_CURVE ( 'NONE', #3025, #4255, #7945, .T. ) ;
#4425 = AXIS2_PLACEMENT_3D ( 'NONE', #12101, #3541, #12047 ) ;
#4426 = VECTOR ( 'NONE', #1244, 1000.000000000000000 ) ;
#4427 = ORIENTED_EDGE ( 'NONE', *, *, #8715, .F. ) ;
#4428 = CARTESIAN_POINT ( 'NONE',  ( -5.029999999999999361, 15.11999999999999922, 4.890000000000000568 ) ) ;
#4429 = DIRECTION ( 'NONE',  ( 0.000000000000000000, -1.000000000000000000, 0.000000000000000000 ) ) ;
#4430 = DIRECTION ( 'NONE',  ( 0.000000000000000000, 0.000000000000000000, 1.000000000000000000 ) ) ;
#4431 = ORIENTED_EDGE ( 'NONE', *, *, #9961, .F. ) ;
#4432 = AXIS2_PLACEMENT_3D ( 'NONE', #8060, #7872, #5081 ) ;
#4433 = EDGE_LOOP ( 'NONE', ( #8953, #4465, #10137, #11653, #3212, #1712 ) ) ;
#4434 = CARTESIAN_POINT ( 'NONE',  ( -5.029999999999999361, 15.11999999999999922, 4.890000000000000568 ) ) ;
#4435 = VERTEX_POINT ( 'NONE', #10943 ) ;
#4436 = CARTESIAN_POINT ( 'NONE',  ( 1.245000000000000107, 14.13060166168400045, -6.486614561090999764 ) ) ;
#4437 = ORIENTED_EDGE ( 'NONE', *, *, #2928, .F. ) ;
#4438 = CARTESIAN_POINT ( 'NONE',  ( 0.2300000000000000100, 9.099999999999999645, -6.209999999999999964 ) ) ;
#4439 = VERTEX_POINT ( 'NONE', #10880 ) ;
#4440 = LINE ( 'NONE', #8053, #10129 ) ;
#4441 = CARTESIAN_POINT ( 'NONE',  ( -1.625000000000000000, 3.000000000000000000, -10.22999999999999865 ) ) ;
#4442 = DIRECTION ( 'NONE',  ( -1.000000000000000000, 0.000000000000000000, 0.000000000000000000 ) ) ;
#4443 = VECTOR ( 'NONE', #7249, 1000.000000000000000 ) ;
#4444 = CIRCLE ( 'NONE', #1855, 1.714203002955001498 ) ;
#4445 = FACE_OUTER_BOUND ( 'NONE', #12148, .T. ) ;
#4446 = VERTEX_POINT ( 'NONE', #10009 ) ;
#4447 = CARTESIAN_POINT ( 'NONE',  ( 1.243307834866637540, 9.131429888709337916, -7.606429063875598473 ) ) ;
#4448 = ORIENTED_EDGE ( 'NONE', *, *, #1943, .F. ) ;
#4449 = PLANE ( 'NONE',  #1202 ) ;
#4450 = EDGE_LOOP ( 'NONE', ( #2664, #5316, #4202, #11799 ) ) ;
#4451 = DIRECTION ( 'NONE',  ( -0.01557295022983769262, -0.2264067379570288974, 0.9739083489881356082 ) ) ;
#4452 = EDGE_CURVE ( 'NONE', #11571, #2071, #7001, .T. ) ;
#4453 = EDGE_CURVE ( 'NONE', #1309, #8531, #6893, .T. ) ;
#4454 = VECTOR ( 'NONE', #2508, 1000.000000000000000 ) ;
#4455 = DIRECTION ( 'NONE',  ( -1.224646799146999945E-16, 0.000000000000000000, -1.000000000000000000 ) ) ;
#4456 = CARTESIAN_POINT ( 'NONE',  ( 0.7900000000000000355, 14.49800950369600017, 4.776298838437000427 ) ) ;
#4457 = CARTESIAN_POINT ( 'NONE',  ( 1.199999999999999956, 13.05000000000000071, 4.890000000000000568 ) ) ;
#4458 = LINE ( 'NONE', #3504, #5572 ) ;
#4459 = EDGE_CURVE ( 'NONE', #10432, #8187, #12136, .T. ) ;
#4460 = EDGE_CURVE ( 'NONE', #6697, #3417, #3122, .T. ) ;
#4461 = ORIENTED_EDGE ( 'NONE', *, *, #4342, .F. ) ;
#4462 = LINE ( 'NONE', #12131, #2723 ) ;
#4463 = ORIENTED_EDGE ( 'NONE', *, *, #1793, .F. ) ;
#4464 = DIRECTION ( 'NONE',  ( 0.000000000000000000, 1.000000000000000000, 0.000000000000000000 ) ) ;
#4465 = ORIENTED_EDGE ( 'NONE', *, *, #68, .T. ) ;
#4466 = LINE ( 'NONE', #350, #3595 ) ;
#4467 = ORIENTED_EDGE ( 'NONE', *, *, #3567, .F. ) ;
#4468 = EDGE_CURVE ( 'NONE', #3843, #11035, #6956, .T. ) ;
#4469 = EDGE_CURVE ( 'NONE', #3495, #7676, #2266, .T. ) ;
#4470 = ORIENTED_EDGE ( 'NONE', *, *, #9870, .F. ) ;
#4471 = DIRECTION ( 'NONE',  ( 0.000000000000000000, 0.9495692212737610882, 0.3135574811889244584 ) ) ;
#4472 = LINE ( 'NONE', #7223, #8976 ) ;
#4473 = CARTESIAN_POINT ( 'NONE',  ( -1.810000000000000053, 12.60677285372899981, -6.955531889406000090 ) ) ;
#4474 = DIRECTION ( 'NONE',  ( 1.000000000000000000, 0.000000000000000000, 0.000000000000000000 ) ) ;
#4475 = DIRECTION ( 'NONE',  ( 0.000000000000000000, -1.000000000000000000, 0.000000000000000000 ) ) ;
#4476 = EDGE_CURVE ( 'NONE', #9015, #2071, #6470, .T. ) ;
#4477 = VERTEX_POINT ( 'NONE', #5088 ) ;
#4478 = DIRECTION ( 'NONE',  ( 0.000000000000000000, 0.000000000000000000, 1.000000000000000000 ) ) ;
#4479 = ORIENTED_EDGE ( 'NONE', *, *, #3065, .T. ) ;
#4480 = ORIENTED_EDGE ( 'NONE', *, *, #9435, .T. ) ;
#4481 = ORIENTED_EDGE ( 'NONE', *, *, #7687, .T. ) ;
#4482 = LINE ( 'NONE', #1802, #8929 ) ;
#4483 = CARTESIAN_POINT ( 'NONE',  ( -0.9107839823855941042, 8.498518062559035968, -7.755613775072446536 ) ) ;
#4484 = CARTESIAN_POINT ( 'NONE',  ( -4.743807326360575338, -3.417360253976823969, 1.273734666246999936 ) ) ;
#4485 = DIRECTION ( 'NONE',  ( -0.000000000000000000, -1.000000000000000000, 3.469446951953635094E-15 ) ) ;
#4486 = LINE ( 'NONE', #5425, #1799 ) ;
#4487 = FACE_OUTER_BOUND ( 'NONE', #4164, .T. ) ;
#4488 = EDGE_CURVE ( 'NONE', #3524, #7494, #3379, .T. ) ;
#4489 = DIRECTION ( 'NONE',  ( -0.9999922429354503040, 0.003938790287276196928, 0.000000000000000000 ) ) ;
#4490 = EDGE_CURVE ( 'NONE', #3417, #805, #4971, .T. ) ;
#4491 = PLANE ( 'NONE',  #5925 ) ;
#4492 = ORIENTED_EDGE ( 'NONE', *, *, #9526, .T. ) ;
#4493 = ORIENTED_EDGE ( 'NONE', *, *, #7586, .T. ) ;
#4494 = CARTESIAN_POINT ( 'NONE',  ( 1.810000000000000053, 14.08947998063599982, -6.210395812409999827 ) ) ;
#4495 = EDGE_LOOP ( 'NONE', ( #1990, #1733, #6317, #9344 ) ) ;
#4496 = DIRECTION ( 'NONE',  ( 1.000000000000000000, 0.000000000000000000, -1.224646799146999945E-16 ) ) ;
#4497 = VERTEX_POINT ( 'NONE', #3570 ) ;
#4498 = CARTESIAN_POINT ( 'NONE',  ( -4.859999999999999432, 6.982209012993999764, -6.214077965163999906 ) ) ;
#4499 = CARTESIAN_POINT ( 'NONE',  ( -6.540000000000000036, 14.52999999999999936, -6.299999999999999822 ) ) ;
#4500 = PLANE ( 'NONE',  #7591 ) ;
#4501 = CARTESIAN_POINT ( 'NONE',  ( -1.199999999999999956, 13.08000000000000007, 6.119999999999999218 ) ) ;
#4502 = EDGE_CURVE ( 'NONE', #6088, #1154, #1771, .T. ) ;
#4503 = ORIENTED_EDGE ( 'NONE', *, *, #3539, .F. ) ;
#4504 = DIRECTION ( 'NONE',  ( 1.000000000000000000, 0.000000000000000000, 0.000000000000000000 ) ) ;
#4505 = VERTEX_POINT ( 'NONE', #8379 ) ;
#4506 = CARTESIAN_POINT ( 'NONE',  ( 1.630286206595999987, 1.100000000000000311, -8.750000000000000000 ) ) ;
#4507 = VERTEX_POINT ( 'NONE', #830 ) ;
#4508 = DIRECTION ( 'NONE',  ( -0.002397371803626730403, 0.2277690527549744992, -0.9737122322408899855 ) ) ;
#4509 = LINE ( 'NONE', #1460, #9505 ) ;
#4510 = ORIENTED_EDGE ( 'NONE', *, *, #8998, .T. ) ;
#4511 = CARTESIAN_POINT ( 'NONE',  ( 0.2300000000000000100, 15.79293969097799888, 5.203898047366000590 ) ) ;
#4512 = CARTESIAN_POINT ( 'NONE',  ( 8.751918340712878219, 15.69999999999999929, -0.3649999999999998801 ) ) ;
#4513 = CARTESIAN_POINT ( 'NONE',  ( 0.7900000000000000355, 14.11052001936399769, -6.489604187590000350 ) ) ;
#4514 = AXIS2_PLACEMENT_3D ( 'NONE', #5423, #1617, #2779 ) ;
#4515 = AXIS2_PLACEMENT_3D ( 'NONE', #5051, #3147, #7668 ) ;
#4516 = ORIENTED_EDGE ( 'NONE', *, *, #2455, .T. ) ;
#4517 = CARTESIAN_POINT ( 'NONE',  ( 4.045609568873220319, -2.300980512439032566, 1.117229096197190463 ) ) ;
#4518 = VERTEX_POINT ( 'NONE', #1709 ) ;
#4519 = CARTESIAN_POINT ( 'NONE',  ( -0.9110080991620407298, 8.435528584434131005, -7.487210954322073952 ) ) ;
#4520 = ORIENTED_EDGE ( 'NONE', *, *, #9647, .F. ) ;
#4521 = DIRECTION ( 'NONE',  ( 0.000000000000000000, 0.000000000000000000, -1.000000000000000000 ) ) ;
#4522 = ORIENTED_EDGE ( 'NONE', *, *, #4945, .F. ) ;
#4523 = LINE ( 'NONE', #6583, #4976 ) ;
#4524 = EDGE_CURVE ( 'NONE', #595, #7671, #4458, .T. ) ;
#4525 = CIRCLE ( 'NONE', #131, 1.870944562245001386 ) ;
#4526 = EDGE_CURVE ( 'NONE', #11859, #11073, #10199, .T. ) ;
#4527 = AXIS2_PLACEMENT_3D ( 'NONE', #11032, #2467, #10085 ) ;
#4528 = ORIENTED_EDGE ( 'NONE', *, *, #1591, .F. ) ;
#4529 = CARTESIAN_POINT ( 'NONE',  ( -3.600000000000000089, 14.97186046511600033, -5.070000000000000284 ) ) ;
#4530 = DIRECTION ( 'NONE',  ( 0.000000000000000000, 0.000000000000000000, 1.000000000000000000 ) ) ;
#4531 = DIRECTION ( 'NONE',  ( -1.000000000000000000, 0.000000000000000000, 0.000000000000000000 ) ) ;
#4532 = DIRECTION ( 'NONE',  ( 0.000000000000000000, 0.000000000000000000, -1.000000000000000000 ) ) ;
#4533 = DIRECTION ( 'NONE',  ( 0.000000000000000000, 1.000000000000000000, 0.000000000000000000 ) ) ;
#4534 = VECTOR ( 'NONE', #6955, 1000.000000000000000 ) ;
#4535 = EDGE_CURVE ( 'NONE', #3387, #6666, #11011, .T. ) ;
#4536 = EDGE_CURVE ( 'NONE', #6277, #9915, #762, .T. ) ;
#4537 = CIRCLE ( 'NONE', #3738, 1.870944562245001386 ) ;
#4538 = ADVANCED_FACE ( 'NONE', ( #11945 ), #9938, .F. ) ;
#4539 = ORIENTED_EDGE ( 'NONE', *, *, #2917, .F. ) ;
#4540 = DIRECTION ( 'NONE',  ( 0.000000000000000000, 0.9763850306004407953, 0.2160376634278763919 ) ) ;
#4541 = ORIENTED_EDGE ( 'NONE', *, *, #12196, .T. ) ;
#4542 = VERTEX_POINT ( 'NONE', #5460 ) ;
#4543 = EDGE_CURVE ( 'NONE', #774, #7121, #1585, .T. ) ;
#4544 = ORIENTED_EDGE ( 'NONE', *, *, #11245, .F. ) ;
#4545 = CARTESIAN_POINT ( 'NONE',  ( 5.339999999999998970, -3.350000000001385203, -1.273734666247064773 ) ) ;
#4546 = LINE ( 'NONE', #11284, #224 ) ;
#4547 = DIRECTION ( 'NONE',  ( 0.000000000000000000, -0.9381440673623766546, 0.3462451571831385855 ) ) ;
#4548 = VECTOR ( 'NONE', #8850, 1000.000000000000000 ) ;
#4549 = CARTESIAN_POINT ( 'NONE',  ( -0.5187433319097665141, 9.069398338315995289, -7.333385438908996967 ) ) ;
#4550 = CARTESIAN_POINT ( 'NONE',  ( 2.184712639979269344, 3.018590926482555226, -9.029989450015607488 ) ) ;
#4551 = DIRECTION ( 'NONE',  ( 1.232595164407794408E-32, -0.9758182935088373089, -0.2185832977459636062 ) ) ;
#4552 = CARTESIAN_POINT ( 'NONE',  ( 0.7900000000000000355, 15.52000000000000135, 5.136780657427999941 ) ) ;
#4553 = EDGE_CURVE ( 'NONE', #4755, #6828, #2502, .T. ) ;
#4554 = CARTESIAN_POINT ( 'NONE',  ( 2.189712618997000426, 3.000000000000000000, -9.030573293245000244 ) ) ;
#4555 = ORIENTED_EDGE ( 'NONE', *, *, #12228, .F. ) ;
#4556 = LINE ( 'NONE', #3352, #4443 ) ;
#4557 = VERTEX_POINT ( 'NONE', #9135 ) ;
#4558 = VECTOR ( 'NONE', #5126, 999.9999999999998863 ) ;
#4559 = LINE ( 'NONE', #10485, #6400 ) ;
#4560 = EDGE_LOOP ( 'NONE', ( #340, #11538, #9595, #2311, #5894, #1070 ) ) ;
#4561 = LINE ( 'NONE', #5626, #4625 ) ;
#4562 = DIRECTION ( 'NONE',  ( 0.000000000000000000, -1.000000000000000000, 0.000000000000000000 ) ) ;
#4563 = LINE ( 'NONE', #7372, #7983 ) ;
#4564 = ADVANCED_FACE ( 'NONE', ( #12127 ), #2564, .T. ) ;
#4565 = AXIS2_PLACEMENT_3D ( 'NONE', #6274, #10081, #11083 ) ;
#4566 = EDGE_CURVE ( 'NONE', #10432, #7441, #9204, .T. ) ;
#4567 = CARTESIAN_POINT ( 'NONE',  ( 0.7900000000000000355, 14.09462133319000010, -6.209999999999999964 ) ) ;
#4568 = EDGE_LOOP ( 'NONE', ( #6283, #3892, #7146, #2325 ) ) ;
#4569 = CARTESIAN_POINT ( 'NONE',  ( -6.540000000000000036, 3.000000000000000000, -10.22999999999999865 ) ) ;
#4570 = ORIENTED_EDGE ( 'NONE', *, *, #3526, .T. ) ;
#4571 = DIRECTION ( 'NONE',  ( 1.000000000000000000, 0.000000000000000000, 0.000000000000000000 ) ) ;
#4572 = ORIENTED_EDGE ( 'NONE', *, *, #8179, .F. ) ;
#4573 = DIRECTION ( 'NONE',  ( 0.000000000000000000, 1.000000000000000000, 0.000000000000000000 ) ) ;
#4574 = CARTESIAN_POINT ( 'NONE',  ( -2.185000000000000053, -3.700000000000000178, -6.490000000000000213 ) ) ;
#4575 = AXIS2_PLACEMENT_3D ( 'NONE', #626, #4442, #4305 ) ;
#4576 = CARTESIAN_POINT ( 'NONE',  ( 0.2300000000000000100, 15.52000000000000135, 5.136780657427999941 ) ) ;
#4577 = FACE_OUTER_BOUND ( 'NONE', #7847, .T. ) ;
#4578 = CARTESIAN_POINT ( 'NONE',  ( -0.7900000000000000355, 14.13060166168400045, -6.486614561090999764 ) ) ;
#4579 = EDGE_CURVE ( 'NONE', #6427, #4684, #6448, .T. ) ;
#4580 = CIRCLE ( 'NONE', #2579, 0.1399999999999995137 ) ;
#4581 = DIRECTION ( 'NONE',  ( -0.000000000000000000, 1.000000000000000000, 0.000000000000000000 ) ) ;
#4582 = ORIENTED_EDGE ( 'NONE', *, *, #3141, .T. ) ;
#4583 = VECTOR ( 'NONE', #9144, 1000.000000000000000 ) ;
#4584 = FACE_OUTER_BOUND ( 'NONE', #3991, .T. ) ;
#4585 = ORIENTED_EDGE ( 'NONE', *, *, #4722, .F. ) ;
#4586 = DIRECTION ( 'NONE',  ( -1.000000000000000000, 0.000000000000000000, 0.000000000000000000 ) ) ;
#4587 = ORIENTED_EDGE ( 'NONE', *, *, #795, .T. ) ;
#4588 = CARTESIAN_POINT ( 'NONE',  ( -1.199999999999999956, 13.08000000000000007, -0.3649999999999998801 ) ) ;
#4589 = VERTEX_POINT ( 'NONE', #574 ) ;
#4590 = PLANE ( 'NONE',  #3589 ) ;
#4591 = ORIENTED_EDGE ( 'NONE', *, *, #11661, .F. ) ;
#4592 = FACE_OUTER_BOUND ( 'NONE', #7291, .T. ) ;
#4593 = PLANE ( 'NONE',  #6793 ) ;
#4594 = VECTOR ( 'NONE', #4271, 1000.000000000000000 ) ;
#4595 = DIRECTION ( 'NONE',  ( 1.000000000000000000, 0.000000000000000000, 0.000000000000000000 ) ) ;
#4596 = CIRCLE ( 'NONE', #3586, 1.590944562245001137 ) ;
#4597 = CARTESIAN_POINT ( 'NONE',  ( 1.245000000000000107, 15.80000000000000071, 5.159999999999999254 ) ) ;
#4598 = CARTESIAN_POINT ( 'NONE',  ( 0.2300000000000000100, 15.55369816261100091, -5.620000000000000107 ) ) ;
#4599 = VECTOR ( 'NONE', #4065, 1000.000000000000114 ) ;
#4600 = ADVANCED_FACE ( 'NONE', ( #4390 ), #9257, .T. ) ;
#4601 = ORIENTED_EDGE ( 'NONE', *, *, #11006, .F. ) ;
#4602 = VECTOR ( 'NONE', #625, 1000.000000000000114 ) ;
#4603 = LINE ( 'NONE', #8149, #2512 ) ;
#4604 = VECTOR ( 'NONE', #5210, 1000.000000000000114 ) ;
#4605 = VERTEX_POINT ( 'NONE', #11259 ) ;
#4606 = AXIS2_PLACEMENT_3D ( 'NONE', #9611, #6917, #10720 ) ;
#4607 = ORIENTED_EDGE ( 'NONE', *, *, #11131, .T. ) ;
#4608 = VERTEX_POINT ( 'NONE', #2685 ) ;
#4609 = CARTESIAN_POINT ( 'NONE',  ( 0.2300000000000000100, 15.66000000000000014, 5.159999999999999254 ) ) ;
#4610 = DIRECTION ( 'NONE',  ( 0.000000000000000000, 0.000000000000000000, -1.000000000000000000 ) ) ;
#4611 = EDGE_CURVE ( 'NONE', #8375, #4889, #10317, .T. ) ;
#4612 = CARTESIAN_POINT ( 'NONE',  ( -0.7900000000000000355, 15.55369816261100091, -5.620000000000000107 ) ) ;
#4613 = ADVANCED_FACE ( 'NONE', ( #77 ), #11316, .T. ) ;
#4614 = CARTESIAN_POINT ( 'NONE',  ( -0.2332095708004721379, 9.053770019984698436, -7.336885119473195438 ) ) ;
#4615 = CARTESIAN_POINT ( 'NONE',  ( 0.3549999999999999822, 1.100000000000000089, -10.22999999999999865 ) ) ;
#4616 = AXIS2_PLACEMENT_3D ( 'NONE', #11670, #9625, #10616 ) ;
#4617 = EDGE_CURVE ( 'NONE', #1090, #5666, #7567, .T. ) ;
#4618 = ADVANCED_FACE ( 'NONE', ( #10619 ), #6702, .T. ) ;
#4619 = B_SPLINE_CURVE_WITH_KNOTS ( 'NONE', 3,
 ( #12145, #11150, #11216, #2645 ),
 .UNSPECIFIED., .F., .F.,
 ( 4, 4 ),
 ( 0.000000000000000000, 0.0001584566646648637178 ),
 .UNSPECIFIED. ) ;
#4620 = DIRECTION ( 'NONE',  ( 0.000000000000000000, 0.2264341966679444540, -0.9740264650302591365 ) ) ;
#4621 = ORIENTED_EDGE ( 'NONE', *, *, #7436, .F. ) ;
#4622 = LINE ( 'NONE', #801, #10437 ) ;
#4623 = LINE ( 'NONE', #4554, #6925 ) ;
#4624 = VERTEX_POINT ( 'NONE', #9682 ) ;
#4625 = VECTOR ( 'NONE', #5491, 1000.000000000000000 ) ;
#4626 = CARTESIAN_POINT ( 'NONE',  ( 2.184904664999772983, 8.497120381318065796, -7.758007396797782285 ) ) ;
#4627 = ORIENTED_EDGE ( 'NONE', *, *, #11753, .T. ) ;
#4628 = DIRECTION ( 'NONE',  ( 0.000000000000000000, 1.000000000000000000, 0.000000000000000000 ) ) ;
#4629 = ORIENTED_EDGE ( 'NONE', *, *, #4376, .F. ) ;
#4630 = CARTESIAN_POINT ( 'NONE',  ( 1.245000000000000107, 9.068157359074207946, -7.327845353008103579 ) ) ;
#4631 = EDGE_CURVE ( 'NONE', #8622, #9153, #11384, .T. ) ;
#4632 = DIRECTION ( 'NONE',  ( 1.000000000000000000, 0.000000000000000000, 0.000000000000000000 ) ) ;
#4633 = DIRECTION ( 'NONE',  ( -0.000000000000000000, 1.000000000000000000, 0.000000000000000000 ) ) ;
#4634 = EDGE_CURVE ( 'NONE', #5289, #2338, #3935, .T. ) ;
#4635 = VECTOR ( 'NONE', #12062, 1000.000000000000114 ) ;
#4636 = DIRECTION ( 'NONE',  ( 0.000000000000000000, 1.000000000000000000, -3.469446951953635882E-15 ) ) ;
#4637 = ORIENTED_EDGE ( 'NONE', *, *, #1643, .F. ) ;
#4638 = DIRECTION ( 'NONE',  ( 0.000000000000000000, 1.000000000000000000, 0.000000000000000000 ) ) ;
#4639 = ORIENTED_EDGE ( 'NONE', *, *, #9612, .T. ) ;
#4640 = CARTESIAN_POINT ( 'NONE',  ( 2.220000000000000195, 1.840000000000000080, 10.33278260869600018 ) ) ;
#4641 = ORIENTED_EDGE ( 'NONE', *, *, #10010, .T. ) ;
#4642 = FACE_OUTER_BOUND ( 'NONE', #7850, .T. ) ;
#4643 = CARTESIAN_POINT ( 'NONE',  ( -0.2350000000000000144, 13.48134016943100022, 5.151525677993999963 ) ) ;
#4644 = ORIENTED_EDGE ( 'NONE', *, *, #12005, .T. ) ;
#4645 = DIRECTION ( 'NONE',  ( 0.000000000000000000, 0.000000000000000000, -1.000000000000000000 ) ) ;
#4646 = VECTOR ( 'NONE', #3990, 1000.000000000000000 ) ;
#4647 = CARTESIAN_POINT ( 'NONE',  ( 0.2300000000000000100, 15.52330609571600029, -4.280245272880000229 ) ) ;
#4648 = DIRECTION ( 'NONE',  ( 0.000000000000000000, 1.000000000000000000, -3.469446951953635882E-15 ) ) ;
#4649 = CARTESIAN_POINT ( 'NONE',  ( 0.2300000000000002043, 9.082343333578259958, -6.489999999999999325 ) ) ;
#4650 = EDGE_LOOP ( 'NONE', ( #668, #4522, #8168, #10135 ) ) ;
#4651 = CARTESIAN_POINT ( 'NONE',  ( -1.625000000000000000, 8.348755370245001473, -6.490000000000000213 ) ) ;
#4652 = VERTEX_POINT ( 'NONE', #3821 ) ;
#4653 = VECTOR ( 'NONE', #8554, 1000.000000000000114 ) ;
#4654 = DIRECTION ( 'NONE',  ( 1.000000000000000000, 0.000000000000000000, 0.000000000000000000 ) ) ;
#4655 = VERTEX_POINT ( 'NONE', #4823 ) ;
#4656 = ADVANCED_FACE ( 'NONE', ( #4879 ), #8566, .T. ) ;
#4657 = FACE_OUTER_BOUND ( 'NONE', #10046, .T. ) ;
#4658 = ORIENTED_EDGE ( 'NONE', *, *, #51, .F. ) ;
#4659 = CARTESIAN_POINT ( 'NONE',  ( 0.7900000000000000355, 13.22059501705500217, 5.253684953371999811 ) ) ;
#4660 = EDGE_CURVE ( 'NONE', #5449, #8404, #7747, .T. ) ;
#4661 = VERTEX_POINT ( 'NONE', #12322 ) ;
#4662 = CARTESIAN_POINT ( 'NONE',  ( -1.619999999999999885, 1.100000000000000089, -6.209999999999999964 ) ) ;
#4663 = DIRECTION ( 'NONE',  ( 0.000000000000000000, 0.000000000000000000, -1.000000000000000000 ) ) ;
#4664 = DIRECTION ( 'NONE',  ( -1.000000000000000000, 0.000000000000000000, 0.000000000000000000 ) ) ;
#4665 = DIRECTION ( 'NONE',  ( -1.000000000000000000, 0.000000000000000000, 0.000000000000000000 ) ) ;
#4666 = DIRECTION ( 'NONE',  ( 1.000000000000000000, 0.000000000000000000, 0.000000000000000000 ) ) ;
#4667 = ORIENTED_EDGE ( 'NONE', *, *, #541, .F. ) ;
#4668 = DIRECTION ( 'NONE',  ( 1.000000000000000000, 0.000000000000000000, 0.000000000000000000 ) ) ;
#4669 = ORIENTED_EDGE ( 'NONE', *, *, #10473, .T. ) ;
#4670 = ORIENTED_EDGE ( 'NONE', *, *, #5064, .T. ) ;
#4671 = ORIENTED_EDGE ( 'NONE', *, *, #9896, .F. ) ;
#4672 = CARTESIAN_POINT ( 'NONE',  ( -1.810000000000000053, 13.47717856557508043, 5.141471268095363811 ) ) ;
#4673 = DIRECTION ( 'NONE',  ( 0.000000000000000000, 0.000000000000000000, 1.000000000000000000 ) ) ;
#4674 = CARTESIAN_POINT ( 'NONE',  ( -4.819999999999999396, -3.500000000000000000, 1.273734666246999936 ) ) ;
#4675 = DIRECTION ( 'NONE',  ( 0.000000000000000000, 0.9465272815540003437, 0.3226237828710001310 ) ) ;
#4676 = LINE ( 'NONE', #6614, #3778 ) ;
#4677 = LINE ( 'NONE', #4428, #12091 ) ;
#4678 = EDGE_LOOP ( 'NONE', ( #11154, #2314, #11900, #1469 ) ) ;
#4679 = CARTESIAN_POINT ( 'NONE',  ( 4.819999999999999396, -0.7200000000000000844, -1.273734666246999936 ) ) ;
#4680 = VERTEX_POINT ( 'NONE', #6761 ) ;
#4681 = DIRECTION ( 'NONE',  ( 0.000000000000000000, 1.000000000000000000, 0.000000000000000000 ) ) ;
#4682 = VERTEX_POINT ( 'NONE', #8629 ) ;
#4683 = CARTESIAN_POINT ( 'NONE',  ( -0.2350000000000000699, 14.12086359458399976, -6.488795888121999589 ) ) ;
#4684 = VERTEX_POINT ( 'NONE', #3755 ) ;
#4685 = CARTESIAN_POINT ( 'NONE',  ( 0.2300000000000000100, 15.79999999999954774, 5.159999999999999254 ) ) ;
#4686 = LINE ( 'NONE', #8293, #3614 ) ;
#4687 = EDGE_CURVE ( 'NONE', #3687, #7082, #5819, .T. ) ;
#4688 = ADVANCED_FACE ( 'NONE', ( #1836 ), #5645, .T. ) ;
#4689 = CARTESIAN_POINT ( 'NONE',  ( 3.500000000000000000, 4.549999999999999822, 10.33999999999999986 ) ) ;
#4690 = DIRECTION ( 'NONE',  ( 0.000000000000000000, 4.645801397152689612E-16, -1.000000000000000000 ) ) ;
#4691 = EDGE_CURVE ( 'NONE', #121, #5914, #7686, .T. ) ;
#4692 = ADVANCED_FACE ( 'NONE', ( #10499 ), #7257, .T. ) ;
#4693 = EDGE_CURVE ( 'NONE', #1596, #9901, #8502, .T. ) ;
#4694 = LINE ( 'NONE', #6632, #11624 ) ;
#4695 = ORIENTED_EDGE ( 'NONE', *, *, #9384, .F. ) ;
#4696 = FACE_OUTER_BOUND ( 'NONE', #4759, .T. ) ;
#4697 = ORIENTED_EDGE ( 'NONE', *, *, #8298, .F. ) ;
#4698 = DIRECTION ( 'NONE',  ( 0.000000000000000000, 1.000000000000000000, 0.000000000000000000 ) ) ;
#4699 = ORIENTED_EDGE ( 'NONE', *, *, #8530, .F. ) ;
#4700 = LINE ( 'NONE', #11128, #11977 ) ;
#4701 = PLANE ( 'NONE',  #10724 ) ;
#4702 = CARTESIAN_POINT ( 'NONE',  ( -5.029999999999999361, 13.01999999999999957, 4.890000000000000568 ) ) ;
#4703 = DIRECTION ( 'NONE',  ( -1.000000000000000000, 0.000000000000000000, 0.000000000000000000 ) ) ;
#4704 = PRODUCT_DEFINITION_SHAPE ( 'NONE', 'NONE',  #2834 ) ;
#4705 = DIRECTION ( 'NONE',  ( 0.000000000000000000, 0.000000000000000000, 1.000000000000000000 ) ) ;
#4706 = ORIENTED_EDGE ( 'NONE', *, *, #5385, .T. ) ;
#4707 = PLANE ( 'NONE',  #10709 ) ;
#4708 = VERTEX_POINT ( 'NONE', #9629 ) ;
#4709 = EDGE_CURVE ( 'NONE', #8949, #1761, #2931, .T. ) ;
#4710 = CARTESIAN_POINT ( 'NONE',  ( 0.1800000000000000211, 15.45000000000000107, 2.370000000000000107 ) ) ;
#4711 = CARTESIAN_POINT ( 'NONE',  ( -0.3499999999999999778, 1.100000000000000311, -9.029999999999999361 ) ) ;
#4712 = ADVANCED_FACE ( 'NONE', ( #7127 ), #11805, .T. ) ;
#4713 = ORIENTED_EDGE ( 'NONE', *, *, #4543, .F. ) ;
#4714 = DIRECTION ( 'NONE',  ( 1.000000000000000000, 0.000000000000000000, -1.224646799146999945E-16 ) ) ;
#4715 = ORIENTED_EDGE ( 'NONE', *, *, #7534, .T. ) ;
#4716 = CARTESIAN_POINT ( 'NONE',  ( -5.029999999999999361, 7.000000000000000000, -5.009999999999999787 ) ) ;
#4717 = CARTESIAN_POINT ( 'NONE',  ( 2.186969229132729620, 8.498258205034725066, -7.757759392478218885 ) ) ;
#4718 = LINE ( 'NONE', #6774, #1610 ) ;
#4719 = VECTOR ( 'NONE', #2417, 1000.000000000000000 ) ;
#4720 = CARTESIAN_POINT ( 'NONE',  ( -0.1800000000000000211, 15.45000000000000107, 6.119999999999999218 ) ) ;
#4721 = FACE_OUTER_BOUND ( 'NONE', #5486, .T. ) ;
#4722 = EDGE_CURVE ( 'NONE', #825, #6828, #3999, .T. ) ;
#4723 = ORIENTED_EDGE ( 'NONE', *, *, #1014, .T. ) ;
#4724 = VECTOR ( 'NONE', #10645, 1000.000000000000000 ) ;
#4725 = DIRECTION ( 'NONE',  ( 0.000000000000000000, 0.000000000000000000, -1.000000000000000000 ) ) ;
#4726 = VECTOR ( 'NONE', #4211, 1000.000000000000114 ) ;
#4727 = ORIENTED_EDGE ( 'NONE', *, *, #1793, .T. ) ;
#4728 = AXIS2_PLACEMENT_3D ( 'NONE', #11773, #5048, #2339 ) ;
#4729 = ORIENTED_EDGE ( 'NONE', *, *, #2270, .F. ) ;
#4730 = ORIENTED_EDGE ( 'NONE', *, *, #9939, .F. ) ;
#4731 = CARTESIAN_POINT ( 'NONE',  ( -1.814999999999999947, 13.47869573117973196, 5.144767955706051943 ) ) ;
#4732 = PLANE ( 'NONE',  #2187 ) ;
#4733 = CARTESIAN_POINT ( 'NONE',  ( 4.859999999999999432, 6.773409090909000341, -5.989999999999999325 ) ) ;
#4734 = CARTESIAN_POINT ( 'NONE',  ( 5.599999999999999645, 0.000000000000000000, 6.740000000000000213 ) ) ;
#4735 = DIRECTION ( 'NONE',  ( 0.000000000000000000, 0.000000000000000000, -1.000000000000000000 ) ) ;
#4736 = VECTOR ( 'NONE', #1770, 1000.000000000000000 ) ;
#4737 = CARTESIAN_POINT ( 'NONE',  ( 0.2300000000000000100, 14.09999999999999964, -6.209999999999999964 ) ) ;
#4738 = CIRCLE ( 'NONE', #7526, 1.083702780452000747 ) ;
#4739 = EDGE_CURVE ( 'NONE', #10057, #9605, #9867, .T. ) ;
#4740 = CARTESIAN_POINT ( 'NONE',  ( -2.185000000000000053, -3.700000000000000178, -6.490000000000000213 ) ) ;
#4741 = ORIENTED_EDGE ( 'NONE', *, *, #11734, .F. ) ;
#4742 = ORIENTED_EDGE ( 'NONE', *, *, #12147, .F. ) ;
#4743 = AXIS2_PLACEMENT_3D ( 'NONE', #4294, #8101, #4430 ) ;
#4744 = DIRECTION ( 'NONE',  ( -1.000000000000000000, 0.000000000000000000, 1.224646799146999945E-16 ) ) ;
#4745 = VERTEX_POINT ( 'NONE', #10804 ) ;
#4746 = AXIS2_PLACEMENT_3D ( 'NONE', #8828, #1404, #3255 ) ;
#4747 = CARTESIAN_POINT ( 'NONE',  ( 1.245000000000000107, 13.47720598351600074, 5.141530882016000170 ) ) ;
#4748 = ORIENTED_EDGE ( 'NONE', *, *, #7278, .T. ) ;
#4749 = CARTESIAN_POINT ( 'NONE',  ( 0.7900000000000000355, 15.79999999999954774, 5.159999999999999254 ) ) ;
#4750 = CARTESIAN_POINT ( 'NONE',  ( -4.534911016226295999, -3.166092078129098653, 1.248337023870826012 ) ) ;
#4751 = CARTESIAN_POINT ( 'NONE',  ( 1.630286206595999987, 2.983941048439000099, -8.750000000000000000 ) ) ;
#4752 = LINE ( 'NONE', #11183, #4193 ) ;
#4753 = EDGE_CURVE ( 'NONE', #9952, #10536, #310, .T. ) ;
#4754 = CARTESIAN_POINT ( 'NONE',  ( -5.470291799390337495, -3.256694601349561680, 1.273734666246999936 ) ) ;
#4755 = VERTEX_POINT ( 'NONE', #3296 ) ;
#4756 = CARTESIAN_POINT ( 'NONE',  ( -6.540000000000000036, 3.000000000000000000, -10.22999999999999865 ) ) ;
#4757 = EDGE_LOOP ( 'NONE', ( #5952, #8606, #2541, #5736 ) ) ;
#4758 = CARTESIAN_POINT ( 'NONE',  ( 8.751918340712878219, 15.45000000000000107, -0.3649999999999989919 ) ) ;
#4759 = EDGE_LOOP ( 'NONE', ( #332, #9888, #4412, #1218 ) ) ;
#4760 = LINE ( 'NONE', #10254, #205 ) ;
#4761 = DIRECTION ( 'NONE',  ( -1.000000000000000000, 0.000000000000000000, 0.000000000000000000 ) ) ;
#4762 = EDGE_CURVE ( 'NONE', #694, #5582, #10676, .T. ) ;
#4763 = CARTESIAN_POINT ( 'NONE',  ( 0.2300000000000000100, 15.79293969097799888, 5.203898047366000590 ) ) ;
#4764 = EDGE_CURVE ( 'NONE', #1526, #1090, #190, .T. ) ;
#4765 = CARTESIAN_POINT ( 'NONE',  ( -0.3500961946529999591, 8.388255686313000226, -7.493449063346999672 ) ) ;
#4766 = VECTOR ( 'NONE', #6525, 1000.000000000000000 ) ;
#4767 = EDGE_CURVE ( 'NONE', #1006, #4624, #7811, .T. ) ;
#4768 = CARTESIAN_POINT ( 'NONE',  ( 0.9100193362319999313, 8.472577226043998877, -6.490000000000000213 ) ) ;
#4769 = ORIENTED_EDGE ( 'NONE', *, *, #6899, .T. ) ;
#4770 = CARTESIAN_POINT ( 'NONE',  ( 1.250000000000000000, 13.96993164062500092, -4.623949218749999091 ) ) ;
#4771 = VERTEX_POINT ( 'NONE', #11673 ) ;
#4772 = CARTESIAN_POINT ( 'NONE',  ( 1.278701036260477375, 9.001471697671064476, -7.636214749127621992 ) ) ;
#4773 = AXIS2_PLACEMENT_3D ( 'NONE', #8698, #1034, #2031 ) ;
#4774 = CARTESIAN_POINT ( 'NONE',  ( -3.154999999999999805, 1.100000000000000089, -6.490000000000000213 ) ) ;
#4775 = ORIENTED_EDGE ( 'NONE', *, *, #2010, .F. ) ;
#4776 = DIRECTION ( 'NONE',  ( -1.000000000000000000, 0.000000000000000000, 0.000000000000000000 ) ) ;
#4777 = ORIENTED_EDGE ( 'NONE', *, *, #2712, .F. ) ;
#4778 = CYLINDRICAL_SURFACE ( 'NONE', #9778, 1.358858635772000722 ) ;
#4779 = DIRECTION ( 'NONE',  ( 0.000000000000000000, 1.000000000000000000, 7.371536664223000042E-17 ) ) ;
#4780 = CARTESIAN_POINT ( 'NONE',  ( 0.2300000000000000100, 9.099999999999999645, -6.209999999999999964 ) ) ;
#4781 = CIRCLE ( 'NONE', #2565, 1.870944562245001386 ) ;
#4782 = VECTOR ( 'NONE', #10558, 1000.000000000000000 ) ;
#4783 = EDGE_CURVE ( 'NONE', #8384, #11667, #4113, .T. ) ;
#4784 = ORIENTED_EDGE ( 'NONE', *, *, #2394, .T. ) ;
#4785 = CARTESIAN_POINT ( 'NONE',  ( -0.9106884431738704322, 8.499058946358205802, -7.755484189687591901 ) ) ;
#4786 = ORIENTED_EDGE ( 'NONE', *, *, #1783, .T. ) ;
#4787 = ORIENTED_EDGE ( 'NONE', *, *, #8646, .T. ) ;
#4788 = VECTOR ( 'NONE', #482, 1000.000000000000000 ) ;
#4789 = ORIENTED_EDGE ( 'NONE', *, *, #9672, .F. ) ;
#4790 = VECTOR ( 'NONE', #52, 1000.000000000000000 ) ;
#4791 = LINE ( 'NONE', #9773, #10338 ) ;
#4792 = CARTESIAN_POINT ( 'NONE',  ( -5.029999999999999361, 13.01999999999999957, 4.890000000000000568 ) ) ;
#4793 = LINE ( 'NONE', #3017, #1247 ) ;
#4794 = DIRECTION ( 'NONE',  ( -1.000000000000000000, 0.000000000000000000, 0.000000000000000000 ) ) ;
#4795 = CARTESIAN_POINT ( 'NONE',  ( -5.029999999999999361, 13.01999999999999957, -5.009999999999999787 ) ) ;
#4796 = CARTESIAN_POINT ( 'NONE',  ( -5.029999999999999361, 13.95000000000000107, -6.040000000000000036 ) ) ;
#4797 = VECTOR ( 'NONE', #10833, 1000.000000000000114 ) ;
#4798 = VECTOR ( 'NONE', #9753, 1000.000000000000000 ) ;
#4799 = DIRECTION ( 'NONE',  ( 0.000000000000000000, -1.000000000000000000, 0.000000000000000000 ) ) ;
#4800 = ORIENTED_EDGE ( 'NONE', *, *, #4937, .T. ) ;
#4801 = VERTEX_POINT ( 'NONE', #1265 ) ;
#4802 = CARTESIAN_POINT ( 'NONE',  ( -0.2391682447260000122, 9.021753155543001057, -7.344324727511999384 ) ) ;
#4803 = ORIENTED_EDGE ( 'NONE', *, *, #7867, .F. ) ;
#4804 = DIRECTION ( 'NONE',  ( -4.590173547547999377E-17, -1.000000000000000000, -2.203283302822999913E-16 ) ) ;
#4805 = ORIENTED_EDGE ( 'NONE', *, *, #11793, .T. ) ;
#4806 = CARTESIAN_POINT ( 'NONE',  ( -3.600000000000000089, 13.02999999999999936, 10.33999999999999986 ) ) ;
#4807 = EDGE_CURVE ( 'NONE', #3126, #7667, #9354, .T. ) ;
#4808 = CARTESIAN_POINT ( 'NONE',  ( -4.629696307968335312, -3.223478441774483283, 1.273734666247454461 ) ) ;
#4809 = VECTOR ( 'NONE', #8328, 1000.000000000000000 ) ;
#4810 = ADVANCED_FACE ( 'NONE', ( #6061 ), #8524, .F. ) ;
#4811 = DIRECTION ( 'NONE',  ( 1.000000000000000000, 0.000000000000000000, 0.000000000000000000 ) ) ;
#4812 = CARTESIAN_POINT ( 'NONE',  ( 1.250000000000000000, 15.79293969097799888, 5.203898047366000590 ) ) ;
#4813 = VECTOR ( 'NONE', #8612, 1000.000000000000000 ) ;
#4814 = VECTOR ( 'NONE', #1071, 1000.000000000000000 ) ;
#4815 = DIRECTION ( 'NONE',  ( 1.000000000000000000, 0.000000000000000000, 0.000000000000000000 ) ) ;
#4816 = VERTEX_POINT ( 'NONE', #7996 ) ;
#4817 = CARTESIAN_POINT ( 'NONE',  ( -1.255000000000000115, 14.09999999999999964, -6.349999999999999645 ) ) ;
#4818 = ORIENTED_EDGE ( 'NONE', *, *, #11881, .F. ) ;
#4819 = FACE_OUTER_BOUND ( 'NONE', #10900, .T. ) ;
#4820 = ORIENTED_EDGE ( 'NONE', *, *, #9292, .T. ) ;
#4821 = CARTESIAN_POINT ( 'NONE',  ( 0.7900000000000000355, 9.377205983516001098, -3.778469117984000203 ) ) ;
#4822 = DIRECTION ( 'NONE',  ( 1.000000000000000000, 0.000000000000000000, -1.224646799146999945E-16 ) ) ;
#4823 = CARTESIAN_POINT ( 'NONE',  ( -5.079999999999999183, -0.4600000000000000200, -1.273734666247000158 ) ) ;
#4824 = AXIS2_PLACEMENT_3D ( 'NONE', #9650, #1094, #4898 ) ;
#4825 = CARTESIAN_POINT ( 'NONE',  ( 0.2300000000000002043, 9.082343333578259958, -6.209999999999999076 ) ) ;
#4826 = ORIENTED_EDGE ( 'NONE', *, *, #9858, .T. ) ;
#4827 = CARTESIAN_POINT ( 'NONE',  ( 1.199999999999999956, 15.45000000000000107, 2.370000000000000107 ) ) ;
#4828 = EDGE_CURVE ( 'NONE', #1860, #7482, #1382, .T. ) ;
#4829 = ORIENTED_EDGE ( 'NONE', *, *, #12113, .F. ) ;
#4830 = DIRECTION ( 'NONE',  ( -1.000000000000000000, 0.000000000000000000, 1.224646799146999945E-16 ) ) ;
#4831 = CARTESIAN_POINT ( 'NONE',  ( 0.2300000000000000100, 15.11416361098900119, -6.104208234257000321 ) ) ;
#4832 = ORIENTED_EDGE ( 'NONE', *, *, #7654, .T. ) ;
#4833 = LINE ( 'NONE', #9821, #10556 ) ;
#4834 = CIRCLE ( 'NONE', #848, 0.1400000000000004297 ) ;
#4835 = VERTEX_POINT ( 'NONE', #8807 ) ;
#4836 = CARTESIAN_POINT ( 'NONE',  ( 1.909311433666691427, 8.451700534652951902, -7.766362617315494710 ) ) ;
#4837 = EDGE_CURVE ( 'NONE', #2951, #3512, #255, .T. ) ;
#4838 = CARTESIAN_POINT ( 'NONE',  ( -1.810000000000000053, 15.80000000000000071, -4.234997608640000522 ) ) ;
#4839 = EDGE_CURVE ( 'NONE', #10057, #4680, #2186, .T. ) ;
#4840 = LINE ( 'NONE', #6017, #5731 ) ;
#4841 = CARTESIAN_POINT ( 'NONE',  ( 1.810000000000000053, 13.48134016943100022, 5.151525677993999963 ) ) ;
#4842 = AXIS2_PLACEMENT_3D ( 'NONE', #3912, #7729, #11778 ) ;
#4843 = VECTOR ( 'NONE', #2438, 1000.000000000000000 ) ;
#4844 = ORIENTED_EDGE ( 'NONE', *, *, #256, .F. ) ;
#4845 = LINE ( 'NONE', #8649, #11511 ) ;
#4846 = EDGE_CURVE ( 'NONE', #7403, #12258, #10356, .T. ) ;
#4847 = ORIENTED_EDGE ( 'NONE', *, *, #2909, .T. ) ;
#4848 = EDGE_CURVE ( 'NONE', #10305, #10467, #7004, .T. ) ;
#4849 = ORIENTED_EDGE ( 'NONE', *, *, #9526, .F. ) ;
#4850 = ORIENTED_EDGE ( 'NONE', *, *, #1865, .F. ) ;
#4851 = EDGE_CURVE ( 'NONE', #9313, #2469, #1571, .T. ) ;
#4852 = CARTESIAN_POINT ( 'NONE',  ( 1.810000000000000053, 14.08947998063600160, -6.210395812409999827 ) ) ;
#4853 = FACE_OUTER_BOUND ( 'NONE', #1573, .T. ) ;
#4854 = LINE ( 'NONE', #2848, #6615 ) ;
#4855 = DIRECTION ( 'NONE',  ( 0.000000000000000000, 1.000000000000000000, 0.000000000000000000 ) ) ;
#4856 = CARTESIAN_POINT ( 'NONE',  ( -0.9149035436924596310, 3.018593245758239618, -9.029999426582437039 ) ) ;
#4857 = LINE ( 'NONE', #9658, #8759 ) ;
#4858 = DIRECTION ( 'NONE',  ( -1.000000000000000000, 0.000000000000000000, 0.000000000000000000 ) ) ;
#4859 = ORIENTED_EDGE ( 'NONE', *, *, #2366, .F. ) ;
#4860 = EDGE_LOOP ( 'NONE', ( #2374, #8631, #10265 ) ) ;
#4861 = CARTESIAN_POINT ( 'NONE',  ( -4.422869846263425941, -3.045178467334976435, -1.218315682860237059 ) ) ;
#4862 = EDGE_LOOP ( 'NONE', ( #2032, #2680, #7698, #5816, #3857, #6946, #11157 ) ) ;
#4863 = CARTESIAN_POINT ( 'NONE',  ( 2.151192629068031881, 8.581456100077193838, -7.737419413932922652 ) ) ;
#4864 = ORIENTED_EDGE ( 'NONE', *, *, #5629, .F. ) ;
#4865 = FACE_OUTER_BOUND ( 'NONE', #10960, .T. ) ;
#4866 = DIRECTION ( 'NONE',  ( -1.000000000000000000, 0.000000000000000000, 0.000000000000000000 ) ) ;
#4867 = CARTESIAN_POINT ( 'NONE',  ( -0.2350000000000000144, 15.52000012041266608, -4.249816382101536227 ) ) ;
#4868 = CARTESIAN_POINT ( 'NONE',  ( 1.245000000000000107, 14.08947998063599982, -6.210395812409999827 ) ) ;
#4869 = ADVANCED_FACE ( 'NONE', ( #5312 ), #3790, .F. ) ;
#4870 = EDGE_CURVE ( 'NONE', #8187, #9948, #8113, .T. ) ;
#4871 = LINE ( 'NONE', #11722, #241 ) ;
#4872 = ORIENTED_EDGE ( 'NONE', *, *, #9434, .T. ) ;
#4873 = CARTESIAN_POINT ( 'NONE',  ( -0.9150000000000000355, 3.000000000000000000, -10.22999999999999865 ) ) ;
#4874 = ORIENTED_EDGE ( 'NONE', *, *, #12366, .T. ) ;
#4875 = CARTESIAN_POINT ( 'NONE',  ( -0.3275535989189773400, 9.101519303980950326, -7.613291842732057724 ) ) ;
#4876 = ORIENTED_EDGE ( 'NONE', *, *, #7867, .T. ) ;
#4877 = CARTESIAN_POINT ( 'NONE',  ( 2.189999999999999947, 1.100000000000000311, -8.750000000000000000 ) ) ;
#4878 = CYLINDRICAL_SURFACE ( 'NONE', #7782, 1.590944562245001137 ) ;
#4879 = FACE_OUTER_BOUND ( 'NONE', #6842, .T. ) ;
#4880 = EDGE_CURVE ( 'NONE', #9771, #7678, #8474, .T. ) ;
#4881 = LINE ( 'NONE', #9746, #2504 ) ;
#4882 = B_SPLINE_CURVE_WITH_KNOTS ( 'NONE', 1,
 ( #1327, #7879 ),
 .UNSPECIFIED., .F., .F.,
 ( 2, 2 ),
 ( 0.000000000000000000, 0.9843353970528166963 ),
 .UNSPECIFIED. ) ;
#4883 = EDGE_LOOP ( 'NONE', ( #11982, #1975, #9103, #8747 ) ) ;
#4884 = FACE_OUTER_BOUND ( 'NONE', #4398, .T. ) ;
#4885 = VERTEX_POINT ( 'NONE', #12354 ) ;
#4886 = LINE ( 'NONE', #7575, #12208 ) ;
#4887 = ORIENTED_EDGE ( 'NONE', *, *, #5673, .T. ) ;
#4888 = CARTESIAN_POINT ( 'NONE',  ( -1.814999999999999947, 9.171244629754999877, -6.209999999999999964 ) ) ;
#4889 = VERTEX_POINT ( 'NONE', #10422 ) ;
#4890 = DIRECTION ( 'NONE',  ( -0.9659258262890679791, 0.000000000000000000, 0.2588190451025217387 ) ) ;
#4891 = CARTESIAN_POINT ( 'NONE',  ( 1.804999999999999938, 15.79999999999954596, 5.175037621037463786 ) ) ;
#4892 = FACE_OUTER_BOUND ( 'NONE', #3514, .T. ) ;
#4893 = VERTEX_POINT ( 'NONE', #7192 ) ;
#4894 = CARTESIAN_POINT ( 'NONE',  ( 0.8400000000000000799, 13.08000000000000007, -0.3649999999999998801 ) ) ;
#4895 = EDGE_CURVE ( 'NONE', #8783, #1338, #1383, .T. ) ;
#4896 = EDGE_LOOP ( 'NONE', ( #2795, #432, #9799, #5955, #8029, #9662, #6875, #900 ) ) ;
#4897 = EDGE_CURVE ( 'NONE', #9687, #2244, #5374, .T. ) ;
#4898 = DIRECTION ( 'NONE',  ( 1.000000000000000000, 1.928573859431459854E-15, 0.000000000000000000 ) ) ;
#4899 = VERTEX_POINT ( 'NONE', #7311 ) ;
#4900 = ORIENTED_EDGE ( 'NONE', *, *, #3095, .F. ) ;
#4901 = CARTESIAN_POINT ( 'NONE',  ( 1.249999999999999778, 14.07601394832616926, -6.211903542266102640 ) ) ;
#4902 = CARTESIAN_POINT ( 'NONE',  ( 0.2300000000000000100, 15.55369816261100091, -5.620000000000000107 ) ) ;
#4903 = PLANE ( 'NONE',  #5615 ) ;
#4904 = DIRECTION ( 'NONE',  ( -1.000000000000000000, 0.000000000000000000, 0.000000000000000000 ) ) ;
#4905 = DIRECTION ( 'NONE',  ( 0.9999977883754428420, 0.000000000000000000, -0.002103151022394929813 ) ) ;
#4906 = AXIS2_PLACEMENT_3D ( 'NONE', #3308, #3373, #10255 ) ;
#4907 = EDGE_CURVE ( 'NONE', #5185, #2821, #11355, .T. ) ;
#4908 = DIRECTION ( 'NONE',  ( -1.000000000000000000, 1.110223024624999878E-16, 0.000000000000000000 ) ) ;
#4909 = EDGE_CURVE ( 'NONE', #11521, #3795, #11120, .T. ) ;
#4910 = CIRCLE ( 'NONE', #11911, 1.350000000000000089 ) ;
#4911 = AXIS2_PLACEMENT_3D ( 'NONE', #107, #5734, #162 ) ;
#4912 = CARTESIAN_POINT ( 'NONE',  ( -3.500000000000000000, 6.000000000000000000, 2.600000000000000089 ) ) ;
#4913 = EDGE_CURVE ( 'NONE', #8390, #12188, #3360, .T. ) ;
#4914 = ORIENTED_EDGE ( 'NONE', *, *, #2841, .T. ) ;
#4915 = ORIENTED_EDGE ( 'NONE', *, *, #1561, .T. ) ;
#4916 = DIRECTION ( 'NONE',  ( 0.000000000000000000, 1.000000000000000000, 0.000000000000000000 ) ) ;
#4917 = ORIENTED_EDGE ( 'NONE', *, *, #7501, .F. ) ;
#4918 = CARTESIAN_POINT ( 'NONE',  ( 1.244856906216005532, 9.020340265610938602, -7.330943975493300790 ) ) ;
#4919 = EDGE_LOOP ( 'NONE', ( #5037, #10837, #8058, #11787 ) ) ;
#4920 = FACE_OUTER_BOUND ( 'NONE', #4650, .T. ) ;
#4921 = DIRECTION ( 'NONE',  ( 0.0004638570334013216129, -0.9999998924183205462, -1.026800857931619213E-15 ) ) ;
#4922 = VECTOR ( 'NONE', #2898, 1000.000000000000000 ) ;
#4923 = AXIS2_PLACEMENT_3D ( 'NONE', #2033, #2949, #6843 ) ;
#4924 = PLANE ( 'NONE',  #5544 ) ;
#4925 = CARTESIAN_POINT ( 'NONE',  ( -0.9150000000000000355, 1.100000000000000089, -8.750000000000000000 ) ) ;
#4926 = ADVANCED_FACE ( 'NONE', ( #1507 ), #5674, .T. ) ;
#4927 = VECTOR ( 'NONE', #2334, 1000.000000000000000 ) ;
#4928 = AXIS2_PLACEMENT_3D ( 'NONE', #3509, #9076, #5272 ) ;
#4929 = CARTESIAN_POINT ( 'NONE',  ( 1.810000000000000053, 14.28619153674800124, -4.603223830734999744 ) ) ;
#4930 = ORIENTED_EDGE ( 'NONE', *, *, #8998, .F. ) ;
#4931 = FACE_OUTER_BOUND ( 'NONE', #461, .T. ) ;
#4932 = VERTEX_POINT ( 'NONE', #6307 ) ;
#4933 = CARTESIAN_POINT ( 'NONE',  ( -1.860000000000000098, 15.45000000000000107, 6.119999999999999218 ) ) ;
#4934 = VERTEX_POINT ( 'NONE', #6250 ) ;
#4935 = PLANE ( 'NONE',  #4010 ) ;
#4936 = CARTESIAN_POINT ( 'NONE',  ( 1.804999999999999938, 9.377205983516001098, -3.778469117984000203 ) ) ;
#4937 = EDGE_CURVE ( 'NONE', #9050, #11599, #2550, .T. ) ;
#4938 = CARTESIAN_POINT ( 'NONE',  ( -1.860000000000000098, 15.11999999999999922, -0.3649999999999999911 ) ) ;
#4939 = AXIS2_PLACEMENT_3D ( 'NONE', #6922, #9793, #1062 ) ;
#4940 = DIRECTION ( 'NONE',  ( 0.000000000000000000, 0.9763850306004407953, 0.2160376634278763919 ) ) ;
#4941 = B_SPLINE_CURVE_WITH_KNOTS ( 'NONE', 3,
 ( #9677, #1126, #4875, #4171 ),
 .UNSPECIFIED., .F., .F.,
 ( 4, 4 ),
 ( 0.000000000000000000, 0.9746157251195392002 ),
 .UNSPECIFIED. ) ;
#4942 = CARTESIAN_POINT ( 'NONE',  ( -1.255000000000000115, 15.51998668538456805, -4.260059949487317255 ) ) ;
#4943 = ORIENTED_EDGE ( 'NONE', *, *, #8027, .F. ) ;
#4944 = LINE ( 'NONE', #11629, #5443 ) ;
#4945 = EDGE_CURVE ( 'NONE', #3468, #6036, #9121, .T. ) ;
#4946 = ORIENTED_EDGE ( 'NONE', *, *, #2992, .F. ) ;
#4947 = CARTESIAN_POINT ( 'NONE',  ( 3.500000000000000000, 8.000000000000000000, -5.070000000000000284 ) ) ;
#4948 = LINE ( 'NONE', #5944, #8370 ) ;
#4949 = ORIENTED_EDGE ( 'NONE', *, *, #11974, .T. ) ;
#4950 = DIRECTION ( 'NONE',  ( -1.000000000000000000, -0.000000000000000000, -0.000000000000000000 ) ) ;
#4951 = PLANE ( 'NONE',  #7071 ) ;
#4952 = VECTOR ( 'NONE', #3201, 1000.000000000000000 ) ;
#4953 = EDGE_CURVE ( 'NONE', #3524, #12170, #8177, .T. ) ;
#4954 = EDGE_CURVE ( 'NONE', #2491, #2190, #8256, .T. ) ;
#4955 = CARTESIAN_POINT ( 'NONE',  ( -3.971129570381793261, -3.700000000000000178, -1.097272240749140426 ) ) ;
#4956 = CARTESIAN_POINT ( 'NONE',  ( -0.9150168097640113407, 8.390250956124278403, -7.502031890629286437 ) ) ;
#4957 = LINE ( 'NONE', #6776, #11733 ) ;
#4958 = ORIENTED_EDGE ( 'NONE', *, *, #10714, .T. ) ;
#4959 = VECTOR ( 'NONE', #10463, 1000.000000000000000 ) ;
#4960 = FACE_OUTER_BOUND ( 'NONE', #8438, .T. ) ;
#4961 = VERTEX_POINT ( 'NONE', #10117 ) ;
#4962 = CARTESIAN_POINT ( 'NONE',  ( 0.7900000000000000355, 9.122794016484000679, -3.661530882016000188 ) ) ;
#4963 = ORIENTED_EDGE ( 'NONE', *, *, #2551, .F. ) ;
#4964 = B_SPLINE_CURVE_WITH_KNOTS ( 'NONE', 3,
 ( #8131, #10202, #1657, #11948, #6327, #10070, #6265, #1523, #4517, #8201 ),
 .UNSPECIFIED., .F., .F.,
 ( 4, 2, 2, 2, 4 ),
 ( 0.0002013547146018811109, 0.0003710857328748498390, 0.0005408167511478185942, 0.0008802787876937570805, 0.001559202860785635246 ),
 .UNSPECIFIED. ) ;
#4965 = ORIENTED_EDGE ( 'NONE', *, *, #5161, .F. ) ;
#4966 = DIRECTION ( 'NONE',  ( 0.000000000000000000, 0.4176365570259273907, 0.9086141679698426232 ) ) ;
#4967 = LINE ( 'NONE', #8772, #10175 ) ;
#4968 = DIRECTION ( 'NONE',  ( 0.9963844089145981187, -0.08290499428924659464, -0.01857071872079250549 ) ) ;
#4969 = CARTESIAN_POINT ( 'NONE',  ( 4.819999999999999396, -3.600000000000000089, -1.800000000000000044 ) ) ;
#4970 = PLANE ( 'NONE',  #6976 ) ;
#4971 = CIRCLE ( 'NONE', #2365, 1.870944562245001386 ) ;
#4972 = DIRECTION ( 'NONE',  ( 1.000000000000000000, 0.000000000000000000, 0.000000000000000000 ) ) ;
#4973 = CIRCLE ( 'NONE', #11956, 1.590944562245001137 ) ;
#4974 = VECTOR ( 'NONE', #4664, 1000.000000000000000 ) ;
#4975 = EDGE_LOOP ( 'NONE', ( #12248, #12200, #10702, #9468 ) ) ;
#4976 = VECTOR ( 'NONE', #4776, 1000.000000000000000 ) ;
#4977 = ORIENTED_EDGE ( 'NONE', *, *, #12321, .T. ) ;
#4978 = EDGE_CURVE ( 'NONE', #6390, #3196, #1806, .T. ) ;
#4979 = LINE ( 'NONE', #288, #7507 ) ;
#4980 = ORIENTED_EDGE ( 'NONE', *, *, #1224, .T. ) ;
#4981 = EDGE_CURVE ( 'NONE', #7577, #9857, #4676, .T. ) ;
#4982 = DIRECTION ( 'NONE',  ( 0.000000000000000000, -0.9381440673623766546, 0.3462451571831385855 ) ) ;
#4983 = ORIENTED_EDGE ( 'NONE', *, *, #8347, .T. ) ;
#4984 = PLANE ( 'NONE',  #4606 ) ;
#4985 = DIRECTION ( 'NONE',  ( 0.000000000000000000, 1.000000000000000000, 0.000000000000000000 ) ) ;
#4986 = DIRECTION ( 'NONE',  ( 1.000000000000000000, 0.000000000000000000, 0.000000000000000000 ) ) ;
#4987 = CARTESIAN_POINT ( 'NONE',  ( -0.2350000000000000422, 15.52109309744938592, -4.270243598422243991 ) ) ;
#4988 = DIRECTION ( 'NONE',  ( 1.000000000000000000, -1.110223024624999878E-16, 0.000000000000000000 ) ) ;
#4989 = AXIS2_PLACEMENT_3D ( 'NONE', #220, #2040, #7602 ) ;
#4990 = EDGE_CURVE ( 'NONE', #290, #5992, #3728, .T. ) ;
#4991 = AXIS2_PLACEMENT_3D ( 'NONE', #1461, #4013, #7880 ) ;
#4992 = EDGE_CURVE ( 'NONE', #4205, #2194, #918, .T. ) ;
#4993 = AXIS2_PLACEMENT_3D ( 'NONE', #3437, #5386, #636 ) ;
#4994 = ORIENTED_EDGE ( 'NONE', *, *, #10593, .F. ) ;
#4995 = CARTESIAN_POINT ( 'NONE',  ( 3.971129570381793261, -2.089999999999999858, 1.097272240749140426 ) ) ;
#4996 = VECTOR ( 'NONE', #10922, 1000.000000000000000 ) ;
#4997 = EDGE_CURVE ( 'NONE', #10585, #8215, #1925, .T. ) ;
#4998 = ORIENTED_EDGE ( 'NONE', *, *, #6433, .T. ) ;
#4999 = AXIS2_PLACEMENT_3D ( 'NONE', #4702, #1834, #9506 ) ;
#5000 = EDGE_CURVE ( 'NONE', #10641, #8384, #6166, .T. ) ;
#5001 = CARTESIAN_POINT ( 'NONE',  ( -4.629696307966639779, -3.700000000000000178, -1.273734666246999936 ) ) ;
#5002 = ORIENTED_EDGE ( 'NONE', *, *, #11929, .F. ) ;
#5003 = VECTOR ( 'NONE', #7497, 1000.000000000000000 ) ;
#5004 = LINE ( 'NONE', #4107, #11978 ) ;
#5005 = ORIENTED_EDGE ( 'NONE', *, *, #8942, .T. ) ;
#5006 = LINE ( 'NONE', #2872, #1430 ) ;
#5007 = CARTESIAN_POINT ( 'NONE',  ( 1.245000000000000329, 15.51998668538456982, -4.260059949487317255 ) ) ;
#5008 = EDGE_CURVE ( 'NONE', #8452, #6998, #4857, .T. ) ;
#5009 = FACE_OUTER_BOUND ( 'NONE', #10169, .T. ) ;
#5010 = DIRECTION ( 'NONE',  ( 0.000000000000000000, -1.000000000000000000, 0.000000000000000000 ) ) ;
#5011 = VECTOR ( 'NONE', #11660, 1000.000000000000000 ) ;
#5012 = CARTESIAN_POINT ( 'NONE',  ( 2.189712618997000426, 3.000000000000000000, -9.030573293245000244 ) ) ;
#5013 = ORIENTED_EDGE ( 'NONE', *, *, #8767, .T. ) ;
#5014 = DIRECTION ( 'NONE',  ( -1.000000000000000000, 0.000000000000000000, 0.000000000000000000 ) ) ;
#5015 = ORIENTED_EDGE ( 'NONE', *, *, #6749, .F. ) ;
#5016 = DIRECTION ( 'NONE',  ( -8.054429466231597953E-16, 0.4176365570259273907, 0.9086141679698426232 ) ) ;
#5017 = EDGE_LOOP ( 'NONE', ( #10965, #11630, #5451, #2116 ) ) ;
#5018 = CARTESIAN_POINT ( 'NONE',  ( 3.500000000000000000, 4.179999999999999716, 10.35999999999999943 ) ) ;
#5019 = VERTEX_POINT ( 'NONE', #7663 ) ;
#5020 = CARTESIAN_POINT ( 'NONE',  ( -5.339999999999998970, -3.500000000000000000, 1.222661032339174447 ) ) ;
#5021 = VECTOR ( 'NONE', #9021, 1000.000000000000000 ) ;
#5022 = CARTESIAN_POINT ( 'NONE',  ( 2.184706514122919607, 8.452007237174569809, -7.767681924988790954 ) ) ;
#5023 = VECTOR ( 'NONE', #11591, 1000.000000000000000 ) ;
#5024 = PLANE ( 'NONE',  #1412 ) ;
#5025 = CONICAL_SURFACE ( 'NONE', #11995, 1.250000000000277778, 0.3217505543966404646 ) ;
#5026 = CARTESIAN_POINT ( 'NONE',  ( -0.9085041605031755063, 8.420879333445437709, -7.494728399417502906 ) ) ;
#5027 = CARTESIAN_POINT ( 'NONE',  ( -0.6278195453548219840, 8.451700455994870964, -7.766362278963922172 ) ) ;
#5028 = AXIS2_PLACEMENT_3D ( 'NONE', #12190, #12252, #6920 ) ;
#5029 = ORIENTED_EDGE ( 'NONE', *, *, #11438, .F. ) ;
#5030 = ADVANCED_FACE ( 'NONE', ( #6676 ), #1105, .T. ) ;
#5031 = FACE_OUTER_BOUND ( 'NONE', #4343, .T. ) ;
#5032 = ADVANCED_FACE ( 'NONE', ( #8713 ), #2045, .F. ) ;
#5033 = VECTOR ( 'NONE', #3684, 1000.000000000000000 ) ;
#5034 = VERTEX_POINT ( 'NONE', #2901 ) ;
#5035 = DIRECTION ( 'NONE',  ( 0.000000000000000000, 0.000000000000000000, 1.000000000000000000 ) ) ;
#5036 = ORIENTED_EDGE ( 'NONE', *, *, #7623, .F. ) ;
#5037 = ORIENTED_EDGE ( 'NONE', *, *, #8681, .F. ) ;
#5038 = ORIENTED_EDGE ( 'NONE', *, *, #2906, .T. ) ;
#5039 = AXIS2_PLACEMENT_3D ( 'NONE', #10285, #1737, #11096 ) ;
#5040 = CARTESIAN_POINT ( 'NONE',  ( 1.250439577006022818, 9.066963296551088902, -7.322514716743628860 ) ) ;
#5041 = DIRECTION ( 'NONE',  ( -1.000000000000000000, 0.000000000000000000, 0.000000000000000000 ) ) ;
#5042 = FACE_OUTER_BOUND ( 'NONE', #8609, .T. ) ;
#5043 = ORIENTED_EDGE ( 'NONE', *, *, #12177, .F. ) ;
#5044 = PLANE ( 'NONE',  #10302 ) ;
#5045 = LINE ( 'NONE', #6219, #11151 ) ;
#5046 = VECTOR ( 'NONE', #11294, 1000.000000000000000 ) ;
#5047 = CIRCLE ( 'NONE', #1660, 1.590944562245001137 ) ;
#5048 = DIRECTION ( 'NONE',  ( -0.9999979017704854201, 0.000000000000000000, 0.002048524988061995854 ) ) ;
#5049 = VERTEX_POINT ( 'NONE', #1048 ) ;
#5050 = EDGE_LOOP ( 'NONE', ( #8339, #4775, #7609, #11455 ) ) ;
#5051 = CARTESIAN_POINT ( 'NONE',  ( -4.859999999999999432, 14.00000000000000000, -10.25000000000000000 ) ) ;
#5052 = VECTOR ( 'NONE', #9016, 1000.000000000000000 ) ;
#5053 = FACE_OUTER_BOUND ( 'NONE', #6652, .T. ) ;
#5054 = VERTEX_POINT ( 'NONE', #5792 ) ;
#5055 = DIRECTION ( 'NONE',  ( 0.000000000000000000, 1.000000000000000000, 0.000000000000000000 ) ) ;
#5056 = DIRECTION ( 'NONE',  ( 0.000000000000000000, 0.3226237828710001865, -0.9465272815540003437 ) ) ;
#5057 = DIRECTION ( 'NONE',  ( -1.000000000000000000, 0.000000000000000000, 0.000000000000000000 ) ) ;
#5058 =( LENGTH_UNIT ( ) NAMED_UNIT ( * ) SI_UNIT ( .MILLI., .METRE. ) );
#5059 = DIRECTION ( 'NONE',  ( 0.000000000000000000, 0.000000000000000000, 1.000000000000000000 ) ) ;
#5060 = DIRECTION ( 'NONE',  ( 1.000000000000000000, 1.928573859431459854E-15, 0.000000000000000000 ) ) ;
#5061 = ADVANCED_FACE ( 'NONE', ( #5853 ), #3902, .F. ) ;
#5062 = ORIENTED_EDGE ( 'NONE', *, *, #3095, .T. ) ;
#5063 = ADVANCED_FACE ( 'NONE', ( #8660 ), #7720, .T. ) ;
#5064 = EDGE_CURVE ( 'NONE', #6931, #6310, #6792, .T. ) ;
#5065 = SURFACE_SIDE_STYLE ('',( #6107 ) ) ;
#5066 = VERTEX_POINT ( 'NONE', #3022 ) ;
#5067 = LINE ( 'NONE', #7926, #9780 ) ;
#5068 = ORIENTED_EDGE ( 'NONE', *, *, #4693, .F. ) ;
#5069 = FACE_OUTER_BOUND ( 'NONE', #1828, .T. ) ;
#5070 = FACE_OUTER_BOUND ( 'NONE', #1531, .T. ) ;
#5071 = CARTESIAN_POINT ( 'NONE',  ( 2.190286205994000035, 3.000000000000000000, -8.750573880748998334 ) ) ;
#5072 = DIRECTION ( 'NONE',  ( -0.000000000000000000, 1.000000000000000000, 0.000000000000000000 ) ) ;
#5073 = DIRECTION ( 'NONE',  ( -1.000000000000000000, 0.000000000000000000, 0.000000000000000000 ) ) ;
#5074 = EDGE_CURVE ( 'NONE', #682, #4415, #11595, .T. ) ;
#5075 = EDGE_CURVE ( 'NONE', #11353, #12121, #11454, .T. ) ;
#5076 = EDGE_CURVE ( 'NONE', #1522, #7875, #6657, .T. ) ;
#5077 = CARTESIAN_POINT ( 'NONE',  ( 2.220000000000000195, 13.08000000000000007, 6.119999999999999218 ) ) ;
#5078 = EDGE_LOOP ( 'NONE', ( #8200, #1438, #6313, #11757 ) ) ;
#5079 = PLANE ( 'NONE',  #2052 ) ;
#5080 = ORIENTED_EDGE ( 'NONE', *, *, #9457, .T. ) ;
#5081 = DIRECTION ( 'NONE',  ( -1.000000000000000000, 0.000000000000000000, 0.000000000000000000 ) ) ;
#5082 = CARTESIAN_POINT ( 'NONE',  ( -3.600000000000000089, 1.100000000000000089, 6.740000000000000213 ) ) ;
#5083 = VERTEX_POINT ( 'NONE', #1906 ) ;
#5084 = CARTESIAN_POINT ( 'NONE',  ( -5.527325384929412166, -3.200000000000831513, -1.273734666246370884 ) ) ;
#5085 = DIRECTION ( 'NONE',  ( 0.000000000000000000, 0.000000000000000000, 1.000000000000000000 ) ) ;
#5086 = LINE ( 'NONE', #9825, #10764 ) ;
#5087 = CARTESIAN_POINT ( 'NONE',  ( 0.000000000000000000, 0.000000000000000000, -1.273734666246999936 ) ) ;
#5088 = CARTESIAN_POINT ( 'NONE',  ( 0.9150000000000000355, 8.419999999999999929, -6.490000000000000213 ) ) ;
#5089 = VERTEX_POINT ( 'NONE', #26 ) ;
#5090 = FACE_OUTER_BOUND ( 'NONE', #5624, .T. ) ;
#5091 = ORIENTED_EDGE ( 'NONE', *, *, #9642, .T. ) ;
#5092 = LINE ( 'NONE', #10014, #9235 ) ;
#5093 = VERTEX_POINT ( 'NONE', #7517 ) ;
#5094 = ORIENTED_EDGE ( 'NONE', *, *, #8490, .F. ) ;
#5095 = ORIENTED_EDGE ( 'NONE', *, *, #4213, .T. ) ;
#5096 = DIRECTION ( 'NONE',  ( 0.000000000000000000, 0.9763850306004407953, 0.2160376634278763919 ) ) ;
#5097 = CARTESIAN_POINT ( 'NONE',  ( -1.255000000000000115, 14.49800950369600017, 4.776298838437000427 ) ) ;
#5098 = DIRECTION ( 'NONE',  ( 1.000000000000000000, 0.000000000000000000, 0.000000000000000000 ) ) ;
#5099 = CARTESIAN_POINT ( 'NONE',  ( 5.079999999999999183, -0.4600000000000000200, 1.273734666247000158 ) ) ;
#5100 = DIRECTION ( 'NONE',  ( 0.9691330279346821452, 0.2405766639339210200, 0.05388917272124231495 ) ) ;
#5101 = ADVANCED_FACE ( 'NONE', ( #899 ), #4355, .T. ) ;
#5102 = VERTEX_POINT ( 'NONE', #6712 ) ;
#5103 = CARTESIAN_POINT ( 'NONE',  ( -4.629696307968335312, -3.223478441774483283, 1.273734666247454461 ) ) ;
#5104 = ORIENTED_EDGE ( 'NONE', *, *, #2376, .T. ) ;
#5105 = ORIENTED_EDGE ( 'NONE', *, *, #7243, .T. ) ;
#5106 = DIRECTION ( 'NONE',  ( 0.000000000000000000, 0.000000000000000000, -1.000000000000000000 ) ) ;
#5107 = DIRECTION ( 'NONE',  ( -1.000000000000000000, 0.000000000000000000, 0.000000000000000000 ) ) ;
#5108 = ORIENTED_EDGE ( 'NONE', *, *, #10586, .F. ) ;
#5109 = CYLINDRICAL_SURFACE ( 'NONE', #2984, 1.560000000000000053 ) ;
#5110 = DIRECTION ( 'NONE',  ( 0.000000000000000000, 0.9997698407351198746, -0.02145380051350246134 ) ) ;
#5111 = LINE ( 'NONE', #7046, #1570 ) ;
#5112 = FACE_BOUND ( 'NONE', #2946, .T. ) ;
#5113 = DIRECTION ( 'NONE',  ( -1.000000000000000000, 0.000000000000000000, 0.000000000000000000 ) ) ;
#5114 = ADVANCED_FACE ( 'NONE', ( #1782 ), #3648, .T. ) ;
#5115 = AXIS2_PLACEMENT_3D ( 'NONE', #9389, #2932, #9573 ) ;
#5116 = FACE_OUTER_BOUND ( 'NONE', #2409, .T. ) ;
#5117 = AXIS2_PLACEMENT_3D ( 'NONE', #6416, #5545, #9418 ) ;
#5118 = CARTESIAN_POINT ( 'NONE',  ( -1.255000000000000115, 9.122794016484000679, -3.661530882016000188 ) ) ;
#5119 = ORIENTED_EDGE ( 'NONE', *, *, #6746, .T. ) ;
#5120 = VECTOR ( 'NONE', #9154, 1000.000000000000000 ) ;
#5121 = DIRECTION ( 'NONE',  ( 0.000000000000000000, 0.000000000000000000, 1.000000000000000000 ) ) ;
#5122 = ORIENTED_EDGE ( 'NONE', *, *, #8796, .F. ) ;
#5123 = DIRECTION ( 'NONE',  ( 0.000000000000000000, -0.07514299545580413464, 0.9971727684979814210 ) ) ;
#5124 = ORIENTED_EDGE ( 'NONE', *, *, #7877, .T. ) ;
#5125 = DIRECTION ( 'NONE',  ( -1.000000000000000000, 0.000000000000000000, 0.000000000000000000 ) ) ;
#5126 = DIRECTION ( 'NONE',  ( 0.000000000000000000, 0.4176365570259273907, 0.9086141679698426232 ) ) ;
#5127 = DIRECTION ( 'NONE',  ( 0.000000000000000000, 1.000000000000000000, 0.000000000000000000 ) ) ;
#5128 = CARTESIAN_POINT ( 'NONE',  ( -0.8400000000000000799, 13.08000000000000007, -0.3649999999999998801 ) ) ;
#5129 = CARTESIAN_POINT ( 'NONE',  ( -0.2389158105180657632, 9.085841931844029773, -7.616891352448994290 ) ) ;
#5130 = EDGE_CURVE ( 'NONE', #10468, #1154, #12265, .T. ) ;
#5131 = VECTOR ( 'NONE', #1852, 1000.000000000000114 ) ;
#5132 = VECTOR ( 'NONE', #9872, 1000.000000000000114 ) ;
#5133 = ORIENTED_EDGE ( 'NONE', *, *, #8578, .T. ) ;
#5134 = DIRECTION ( 'NONE',  ( 0.000000000000000000, -0.9740264650302337124, -0.2264341966680544216 ) ) ;
#5135 = ORIENTED_EDGE ( 'NONE', *, *, #364, .F. ) ;
#5136 = PLANE ( 'NONE',  #8014 ) ;
#5137 = DIRECTION ( 'NONE',  ( 1.000000000000000000, 0.000000000000000000, 0.000000000000000000 ) ) ;
#5138 = ORIENTED_EDGE ( 'NONE', *, *, #8412, .F. ) ;
#5139 = LINE ( 'NONE', #2262, #8362 ) ;
#5140 = EDGE_CURVE ( 'NONE', #8018, #10307, #773, .T. ) ;
#5141 = EDGE_CURVE ( 'NONE', #8650, #1267, #4523, .T. ) ;
#5142 = PLANE ( 'NONE',  #1697 ) ;
#5143 = DIRECTION ( 'NONE',  ( 0.000000000000000000, 1.000000000000000000, 0.000000000000000000 ) ) ;
#5144 = CARTESIAN_POINT ( 'NONE',  ( 3.500000000000000000, 6.000000000000000000, 2.600000000000000089 ) ) ;
#5145 = DIRECTION ( 'NONE',  ( 1.000000000000000000, 0.000000000000000000, 0.000000000000000000 ) ) ;
#5146 = EDGE_CURVE ( 'NONE', #12138, #11304, #7400, .T. ) ;
#5147 = ADVANCED_FACE ( 'NONE', ( #10396 ), #839, .T. ) ;
#5148 = ORIENTED_EDGE ( 'NONE', *, *, #10701, .F. ) ;
#5149 = DIRECTION ( 'NONE',  ( 0.000000000000000000, 1.000000000000000000, 0.000000000000000000 ) ) ;
#5150 = ORIENTED_EDGE ( 'NONE', *, *, #4166, .T. ) ;
#5151 = PLANE ( 'NONE',  #11408 ) ;
#5152 = ORIENTED_EDGE ( 'NONE', *, *, #5458, .T. ) ;
#5153 = VECTOR ( 'NONE', #12336, 1000.000000000000000 ) ;
#5154 = VERTEX_POINT ( 'NONE', #3704 ) ;
#5155 = ORIENTED_EDGE ( 'NONE', *, *, #10959, .F. ) ;
#5156 = CARTESIAN_POINT ( 'NONE',  ( 2.189999999999999947, 3.040000000000000036, -9.029999999999999361 ) ) ;
#5157 = LINE ( 'NONE', #6028, #11758 ) ;
#5158 = DIRECTION ( 'NONE',  ( 1.000000000000000000, 0.000000000000000000, 0.000000000000000000 ) ) ;
#5159 = DIRECTION ( 'NONE',  ( -0.9999590792420752772, -0.009046537533280833016, 0.000000000000000000 ) ) ;
#5160 = CARTESIAN_POINT ( 'NONE',  ( 2.405272503346000068, 9.285989753637998945, -7.284868961877000615 ) ) ;
#5161 = EDGE_CURVE ( 'NONE', #1526, #6846, #5466, .T. ) ;
#5162 = VERTEX_POINT ( 'NONE', #4659 ) ;
#5163 = VECTOR ( 'NONE', #10690, 1000.000000000000000 ) ;
#5164 = ADVANCED_FACE ( 'NONE', ( #1719 ), #4590, .F. ) ;
#5165 = ORIENTED_EDGE ( 'NONE', *, *, #12024, .T. ) ;
#5166 = DIRECTION ( 'NONE',  ( -1.000000000000000000, -0.000000000000000000, -0.000000000000000000 ) ) ;
#5167 = VERTEX_POINT ( 'NONE', #8392 ) ;
#5168 = ORIENTED_EDGE ( 'NONE', *, *, #4783, .F. ) ;
#5169 = ORIENTED_EDGE ( 'NONE', *, *, #5377, .T. ) ;
#5170 = VECTOR ( 'NONE', #6385, 1000.000000000000000 ) ;
#5171 = PLANE ( 'NONE',  #11156 ) ;
#5172 = LINE ( 'NONE', #8848, #11994 ) ;
#5173 = FACE_OUTER_BOUND ( 'NONE', #2340, .T. ) ;
#5174 = LINE ( 'NONE', #10039, #2113 ) ;
#5175 = CARTESIAN_POINT ( 'NONE',  ( -0.3499999999999999778, 3.000000000000000000, -9.639999999999998792 ) ) ;
#5176 = EDGE_CURVE ( 'NONE', #5650, #2790, #12206, .T. ) ;
#5177 = AXIS2_PLACEMENT_3D ( 'NONE', #3469, #12038, #11094 ) ;
#5178 = VECTOR ( 'NONE', #10127, 1000.000000000000000 ) ;
#5179 = ORIENTED_EDGE ( 'NONE', *, *, #1937, .T. ) ;
#5180 = ADVANCED_FACE ( 'NONE', ( #6518 ), #8453, .T. ) ;
#5181 = DIRECTION ( 'NONE',  ( -0.0001554772717247635146, -0.9999999879134089387, 0.000000000000000000 ) ) ;
#5182 = ADVANCED_FACE ( 'NONE', ( #8516 ), #7578, .T. ) ;
#5183 = CARTESIAN_POINT ( 'NONE',  ( 1.250000000000000000, 13.48134016943098246, 5.151525677994007069 ) ) ;
#5184 = EDGE_LOOP ( 'NONE', ( #7711, #1494, #8043, #2437, #6567, #6253 ) ) ;
#5185 = VERTEX_POINT ( 'NONE', #11682 ) ;
#5186 = DIRECTION ( 'NONE',  ( 1.000000000000000000, 0.000000000000000000, 0.000000000000000000 ) ) ;
#5187 = EDGE_LOOP ( 'NONE', ( #6023, #6933, #6210, #6139 ) ) ;
#5188 = DIRECTION ( 'NONE',  ( 0.000000000000000000, 0.000000000000000000, -1.000000000000000000 ) ) ;
#5189 = VERTEX_POINT ( 'NONE', #7940 ) ;
#5190 = CARTESIAN_POINT ( 'NONE',  ( -1.810000000000000053, 14.09999999999999787, -6.490000000000295977 ) ) ;
#5191 = ORIENTED_EDGE ( 'NONE', *, *, #4691, .T. ) ;
#5192 = AXIS2_PLACEMENT_3D ( 'NONE', #9043, #607, #10976 ) ;
#5193 = DIRECTION ( 'NONE',  ( 1.000000000000000000, 0.000000000000000000, 0.000000000000000000 ) ) ;
#5194 = LINE ( 'NONE', #11803, #8776 ) ;
#5195 = VECTOR ( 'NONE', #1079, 1000.000000000000000 ) ;
#5196 = CARTESIAN_POINT ( 'NONE',  ( 3.600000000000000089, 8.274999999999998579, 10.33999999999999986 ) ) ;
#5197 = CIRCLE ( 'NONE', #2798, 0.2800000000000002487 ) ;
#5198 = VECTOR ( 'NONE', #2080, 1000.000000000000114 ) ;
#5199 = ORIENTED_EDGE ( 'NONE', *, *, #7622, .F. ) ;
#5200 = AXIS2_PLACEMENT_3D ( 'NONE', #11632, #11812, #139 ) ;
#5201 = FACE_OUTER_BOUND ( 'NONE', #3988, .T. ) ;
#5202 = ORIENTED_EDGE ( 'NONE', *, *, #7596, .T. ) ;
#5203 = DIRECTION ( 'NONE',  ( 0.000000000000000000, 1.000000000000000000, -3.469446951953635882E-15 ) ) ;
#5204 = DIRECTION ( 'NONE',  ( -1.000000000000000000, 0.000000000000000000, 0.000000000000000000 ) ) ;
#5205 = ORIENTED_EDGE ( 'NONE', *, *, #4880, .T. ) ;
#5206 = DIRECTION ( 'NONE',  ( 0.9999979017704853090, 0.0004638561100252248915, -0.001995317552647971147 ) ) ;
#5207 = EDGE_CURVE ( 'NONE', #1342, #9765, #1093, .T. ) ;
#5208 = DIRECTION ( 'NONE',  ( -1.000000000000000000, 0.000000000000000000, -0.000000000000000000 ) ) ;
#5209 = CIRCLE ( 'NONE', #5610, 0.2599999999999997868 ) ;
#5210 = DIRECTION ( 'NONE',  ( 0.4778456820861315957, -0.8550922732074700550, -0.2011981819314505315 ) ) ;
#5211 = VECTOR ( 'NONE', #1011, 1000.000000000000000 ) ;
#5212 = DIRECTION ( 'NONE',  ( 0.000000000000000000, 0.9495692212737610882, 0.3135574811889244584 ) ) ;
#5213 = DIRECTION ( 'NONE',  ( 1.000000000000000000, 0.000000000000000000, 0.000000000000000000 ) ) ;
#5214 = ORIENTED_EDGE ( 'NONE', *, *, #2865, .F. ) ;
#5215 = DIRECTION ( 'NONE',  ( 0.000000000000000000, -1.000000000000000000, 0.000000000000000000 ) ) ;
#5216 = VECTOR ( 'NONE', #2546, 1000.000000000000000 ) ;
#5217 = ORIENTED_EDGE ( 'NONE', *, *, #4232, .F. ) ;
#5218 = DIRECTION ( 'NONE',  ( -0.9855641870644102909, 0.1650087725240685366, 0.03788585707316575318 ) ) ;
#5219 = ORIENTED_EDGE ( 'NONE', *, *, #5458, .F. ) ;
#5220 = ORIENTED_EDGE ( 'NONE', *, *, #1552, .F. ) ;
#5221 = EDGE_CURVE ( 'NONE', #2606, #5328, #6951, .T. ) ;
#5222 = EDGE_CURVE ( 'NONE', #11678, #12035, #1273, .T. ) ;
#5223 = ORIENTED_EDGE ( 'NONE', *, *, #5911, .T. ) ;
#5224 = DIRECTION ( 'NONE',  ( 1.000000000000000000, 0.000000000000000000, 0.000000000000000000 ) ) ;
#5225 = CARTESIAN_POINT ( 'NONE',  ( -1.255000000000000338, 15.79759791836103133, 5.189882150341832201 ) ) ;
#5226 = DIRECTION ( 'NONE',  ( 0.000000000000000000, 0.000000000000000000, 1.000000000000000000 ) ) ;
#5227 = DIRECTION ( 'NONE',  ( 0.000000000000000000, 0.000000000000000000, 1.000000000000000000 ) ) ;
#5228 = FACE_OUTER_BOUND ( 'NONE', #11125, .T. ) ;
#5229 = EDGE_CURVE ( 'NONE', #530, #12107, #12267, .T. ) ;
#5230 = EDGE_CURVE ( 'NONE', #10570, #6801, #12372, .T. ) ;
#5231 = VECTOR ( 'NONE', #1511, 1000.000000000000000 ) ;
#5232 = EDGE_CURVE ( 'NONE', #12258, #7667, #4833, .T. ) ;
#5233 = ORIENTED_EDGE ( 'NONE', *, *, #4807, .F. ) ;
#5234 = CARTESIAN_POINT ( 'NONE',  ( -5.079999999999999183, -0.4600000000000000200, 1.273734666247000158 ) ) ;
#5235 = EDGE_LOOP ( 'NONE', ( #655, #10613, #5892, #462 ) ) ;
#5236 = ORIENTED_EDGE ( 'NONE', *, *, #8298, .T. ) ;
#5237 = ORIENTED_EDGE ( 'NONE', *, *, #5074, .T. ) ;
#5238 = DIRECTION ( 'NONE',  ( 0.000000000000000000, 0.000000000000000000, 1.000000000000000000 ) ) ;
#5239 = CARTESIAN_POINT ( 'NONE',  ( -1.619999999999999885, 1.100000000000000089, -6.490000000000000213 ) ) ;
#5240 = VECTOR ( 'NONE', #7484, 1000.000000000000227 ) ;
#5241 = CARTESIAN_POINT ( 'NONE',  ( 0.7900000000000000355, 9.100370677103635231, -6.490000000000000213 ) ) ;
#5242 = LINE ( 'NONE', #9164, #10895 ) ;
#5243 = DIRECTION ( 'NONE',  ( 0.000000000000000000, 1.000000000000000000, 0.000000000000000000 ) ) ;
#5244 = ORIENTED_EDGE ( 'NONE', *, *, #6896, .F. ) ;
#5245 = VECTOR ( 'NONE', #1574, 1000.000000000000000 ) ;
#5246 = CARTESIAN_POINT ( 'NONE',  ( -6.540000000000000036, 14.52999999999999936, -6.299999999999999822 ) ) ;
#5247 = CARTESIAN_POINT ( 'NONE',  ( 1.245000000000000107, 13.48134016943098246, 5.151525677994007069 ) ) ;
#5248 = ORIENTED_EDGE ( 'NONE', *, *, #10475, .T. ) ;
#5249 = ORIENTED_EDGE ( 'NONE', *, *, #7345, .T. ) ;
#5250 = DIRECTION ( 'NONE',  ( 0.000000000000000000, -3.469446951953635882E-15, -1.000000000000000000 ) ) ;
#5251 = ORIENTED_EDGE ( 'NONE', *, *, #4326, .F. ) ;
#5252 = LINE ( 'NONE', #6244, #1217 ) ;
#5253 = ORIENTED_EDGE ( 'NONE', *, *, #7621, .T. ) ;
#5254 = LINE ( 'NONE', #8108, #2805 ) ;
#5255 = DIRECTION ( 'NONE',  ( 0.000000000000000000, 0.9086141679698415130, -0.4176365570259298332 ) ) ;
#5256 = DIRECTION ( 'NONE',  ( 0.000000000000000000, 0.8348623853212218116, 0.5504587155961468969 ) ) ;
#5257 = CARTESIAN_POINT ( 'NONE',  ( -6.540000000000000036, 0.000000000000000000, -10.22999999999999865 ) ) ;
#5258 = ADVANCED_FACE ( 'NONE', ( #9691 ), #1964, .T. ) ;
#5259 = VERTEX_POINT ( 'NONE', #9581 ) ;
#5260 = LINE ( 'NONE', #8119, #10430 ) ;
#5261 = EDGE_LOOP ( 'NONE', ( #8185, #9310, #4123, #11270 ) ) ;
#5262 = CARTESIAN_POINT ( 'NONE',  ( 1.527238947818015058, 9.130601661683996895, -7.606614561091000759 ) ) ;
#5263 = CARTESIAN_POINT ( 'NONE',  ( -5.080000000000000071, -1.639999999999999902, 0.000000000000000000 ) ) ;
#5264 = EDGE_LOOP ( 'NONE', ( #4282, #4826, #10551, #8326, #12311, #12276, #8434 ) ) ;
#5265 = CARTESIAN_POINT ( 'NONE',  ( 0.1800000000000000211, 15.45000000000000107, -0.3649999999999989919 ) ) ;
#5266 = DIRECTION ( 'NONE',  ( 0.000000000000000000, 0.9495692212737610882, 0.3135574811889244584 ) ) ;
#5267 = FACE_OUTER_BOUND ( 'NONE', #3969, .T. ) ;
#5268 = FACE_OUTER_BOUND ( 'NONE', #2926, .T. ) ;
#5269 = CARTESIAN_POINT ( 'NONE',  ( 5.339999999999998970, -0.7200000000000001954, 1.324726386843241066 ) ) ;
#5270 = EDGE_CURVE ( 'NONE', #2788, #5089, #2183, .T. ) ;
#5271 = ORIENTED_EDGE ( 'NONE', *, *, #938, .T. ) ;
#5272 = DIRECTION ( 'NONE',  ( 1.000000000000000000, 0.000000000000000000, 0.000000000000000000 ) ) ;
#5273 = ORIENTED_EDGE ( 'NONE', *, *, #2125, .F. ) ;
#5274 = CARTESIAN_POINT ( 'NONE',  ( 2.185000000000000497, 3.000000000000000000, -10.22999999999999865 ) ) ;
#5275 = ORIENTED_EDGE ( 'NONE', *, *, #4839, .T. ) ;
#5276 = EDGE_LOOP ( 'NONE', ( #3013, #1434, #9063, #5678 ) ) ;
#5277 = CARTESIAN_POINT ( 'NONE',  ( -0.2300000000000000100, 13.96993164062500092, -4.623949218749999091 ) ) ;
#5278 = CARTESIAN_POINT ( 'NONE',  ( -0.1800000000000000211, 15.11999999999999922, -0.3649999999999999911 ) ) ;
#5279 = LINE ( 'NONE', #523, #1305 ) ;
#5280 = AXIS2_PLACEMENT_3D ( 'NONE', #2263, #11745, #5208 ) ;
#5281 = CARTESIAN_POINT ( 'NONE',  ( 2.220000000000000195, 4.179999999999999716, -5.070000000000000284 ) ) ;
#5282 = CARTESIAN_POINT ( 'NONE',  ( -5.700000000000000178, 14.00000000000000000, -6.480650477015999833 ) ) ;
#5283 = EDGE_CURVE ( 'NONE', #12044, #9988, #1142, .T. ) ;
#5284 = EDGE_CURVE ( 'NONE', #595, #4835, #6012, .T. ) ;
#5285 = VERTEX_POINT ( 'NONE', #9638 ) ;
#5286 = CARTESIAN_POINT ( 'NONE',  ( 1.804999999999999938, 14.06939833831600062, -6.213385438909000413 ) ) ;
#5287 = VERTEX_POINT ( 'NONE', #11634 ) ;
#5288 = ORIENTED_EDGE ( 'NONE', *, *, #6048, .F. ) ;
#5289 = VERTEX_POINT ( 'NONE', #8639 ) ;
#5290 = DIRECTION ( 'NONE',  ( 1.000000000000000000, 0.000000000000000000, 0.000000000000000000 ) ) ;
#5291 = DIRECTION ( 'NONE',  ( 0.000000000000000000, 1.000000000000000000, 0.000000000000000000 ) ) ;
#5292 = EDGE_CURVE ( 'NONE', #3432, #4652, #86, .T. ) ;
#5293 = LINE ( 'NONE', #9095, #9553 ) ;
#5294 = EDGE_CURVE ( 'NONE', #11152, #4150, #7697, .T. ) ;
#5295 = LINE ( 'NONE', #481, #10099 ) ;
#5296 = DIRECTION ( 'NONE',  ( 1.224646799146999945E-16, 0.000000000000000000, 1.000000000000000000 ) ) ;
#5297 = CLOSED_SHELL ( 'NONE', ( #3730, #11809, #5809, #10769, #7056, #2056, #3209, #2729, #9368, #4618, #1334, #3375, #8181, #5061, #4130, #7684, #1516, #3493, #6289, #8348, #5984, #4054, #10324, #9339, #8042, #9954, #11976, #10017, #7963, #4810, #8193, #11233, #8464, #10890, #6818, #6692, #4410, #7376 ) ) ;
#5298 = EDGE_CURVE ( 'NONE', #9320, #9516, #1081, .T. ) ;
#5299 = EDGE_LOOP ( 'NONE', ( #3146, #707, #1466, #7968, #7696, #9547, #8992, #3 ) ) ;
#5300 = CARTESIAN_POINT ( 'NONE',  ( -0.9100000000000000311, 1.100000000000000311, -9.029999999999999361 ) ) ;
#5301 = PLANE ( 'NONE',  #7017 ) ;
#5302 = CARTESIAN_POINT ( 'NONE',  ( -0.7900000000000000355, 9.377205983516001098, -3.778469117984000203 ) ) ;
#5303 = VERTEX_POINT ( 'NONE', #3943 ) ;
#5304 = ORIENTED_EDGE ( 'NONE', *, *, #8607, .F. ) ;
#5305 = DIRECTION ( 'NONE',  ( -0.000000000000000000, 1.000000000000000000, 0.000000000000000000 ) ) ;
#5306 = ORIENTED_EDGE ( 'NONE', *, *, #213, .T. ) ;
#5307 = CARTESIAN_POINT ( 'NONE',  ( 0.9100193362319999313, 8.472577226043998877, -6.209999999999999964 ) ) ;
#5308 = ORIENTED_EDGE ( 'NONE', *, *, #11445, .F. ) ;
#5309 = LINE ( 'NONE', #11800, #2602 ) ;
#5310 = LINE ( 'NONE', #12057, #748 ) ;
#5311 = DIRECTION ( 'NONE',  ( 0.000000000000000000, 0.000000000000000000, -1.000000000000000000 ) ) ;
#5312 = FACE_OUTER_BOUND ( 'NONE', #11633, .T. ) ;
#5313 = VECTOR ( 'NONE', #1167, 1000.000000000000000 ) ;
#5314 = EDGE_LOOP ( 'NONE', ( #11669, #95, #10326, #5945, #5647, #3953 ) ) ;
#5315 = CARTESIAN_POINT ( 'NONE',  ( -7.900000000000000355, 13.15000000000000036, 10.08999999999999986 ) ) ;
#5316 = ORIENTED_EDGE ( 'NONE', *, *, #4452, .F. ) ;
#5317 = DIRECTION ( 'NONE',  ( -1.000000000000000000, 0.000000000000000000, 0.000000000000000000 ) ) ;
#5318 = CARTESIAN_POINT ( 'NONE',  ( 1.250000000000000000, 9.122794016484000679, -3.661530882016000188 ) ) ;
#5319 = ORIENTED_EDGE ( 'NONE', *, *, #7219, .T. ) ;
#5320 = DIRECTION ( 'NONE',  ( -0.000000000000000000, 1.000000000000000000, 0.000000000000000000 ) ) ;
#5321 = ADVANCED_FACE ( 'NONE', ( #7757 ), #6887, .T. ) ;
#5322 = CARTESIAN_POINT ( 'NONE',  ( 2.880000000000000782, 15.45000000000000107, -0.3649999999999989919 ) ) ;
#5323 = AXIS2_PLACEMENT_3D ( 'NONE', #7448, #12126, #8378 ) ;
#5324 = CARTESIAN_POINT ( 'NONE',  ( 8.751918340712878219, 15.45000000000000107, -0.3649999999999989919 ) ) ;
#5325 = CIRCLE ( 'NONE', #1940, 1.358858635772000722 ) ;
#5326 = FACE_OUTER_BOUND ( 'NONE', #10625, .T. ) ;
#5327 = DIRECTION ( 'NONE',  ( 1.000000000000000000, 0.000000000000000000, 0.000000000000000000 ) ) ;
#5328 = VERTEX_POINT ( 'NONE', #10629 ) ;
#5329 = FACE_OUTER_BOUND ( 'NONE', #9897, .T. ) ;
#5330 = ORIENTED_EDGE ( 'NONE', *, *, #8284, .F. ) ;
#5331 = AXIS2_PLACEMENT_3D ( 'NONE', #7948, #393, #8013 ) ;
#5332 = CARTESIAN_POINT ( 'NONE',  ( -0.7900000000000000355, 9.120371686417874102, -7.321967408934099808 ) ) ;
#5333 = EDGE_LOOP ( 'NONE', ( #8324, #12033, #5723, #1648 ) ) ;
#5334 = EDGE_CURVE ( 'NONE', #6051, #11828, #2134, .T. ) ;
#5335 = DIRECTION ( 'NONE',  ( 0.000000000000000000, 0.9763850306004407953, 0.2160376634278763919 ) ) ;
#5336 = ORIENTED_EDGE ( 'NONE', *, *, #4846, .F. ) ;
#5337 = ADVANCED_FACE ( 'NONE', ( #5946 ), #4009, .F. ) ;
#5338 = ORIENTED_EDGE ( 'NONE', *, *, #6703, .T. ) ;
#5339 = CARTESIAN_POINT ( 'NONE',  ( 1.910143396899999901, 2.983941052415000073, -8.750000000000000000 ) ) ;
#5340 = CARTESIAN_POINT ( 'NONE',  ( -1.525000000000000133, 14.00000000000000000, -6.228930666691000262 ) ) ;
#5341 = CARTESIAN_POINT ( 'NONE',  ( -2.219999999999996199, 15.45000000000000107, -0.3649999999999989919 ) ) ;
#5342 = DIRECTION ( 'NONE',  ( -0.000000000000000000, -1.000000000000000000, -0.000000000000000000 ) ) ;
#5343 = CARTESIAN_POINT ( 'NONE',  ( -5.527325384926221830, 1.100000000000000089, 1.273734666246999936 ) ) ;
#5344 = AXIS2_PLACEMENT_3D ( 'NONE', #3263, #4083, #406 ) ;
#5345 = VECTOR ( 'NONE', #8551, 1000.000000000000000 ) ;
#5346 = ORIENTED_EDGE ( 'NONE', *, *, #12304, .F. ) ;
#5347 = CARTESIAN_POINT ( 'NONE',  ( -0.01800896454018057272, 2.299999999999999822, -9.025594311712504592 ) ) ;
#5348 = VERTEX_POINT ( 'NONE', #8936 ) ;
#5349 = ORIENTED_EDGE ( 'NONE', *, *, #3725, .T. ) ;
#5350 = ORIENTED_EDGE ( 'NONE', *, *, #844, .T. ) ;
#5351 = LINE ( 'NONE', #12155, #11141 ) ;
#5352 = DIRECTION ( 'NONE',  ( 0.000000000000000000, -1.000000000000000000, 0.000000000000000000 ) ) ;
#5353 = PLANE ( 'NONE',  #238 ) ;
#5354 = CARTESIAN_POINT ( 'NONE',  ( -2.880000000000000338, 13.08000000000000007, -5.620000000000000107 ) ) ;
#5355 = PLANE ( 'NONE',  #787 ) ;
#5356 = AXIS2_PLACEMENT_3D ( 'NONE', #4405, #10020, #10888 ) ;
#5357 = AXIS2_PLACEMENT_3D ( 'NONE', #1488, #7169, #479 ) ;
#5358 = PLANE ( 'NONE',  #1926 ) ;
#5359 = EDGE_CURVE ( 'NONE', #5665, #838, #4177, .T. ) ;
#5360 = AXIS2_PLACEMENT_3D ( 'NONE', #9697, #11822, #5145 ) ;
#5361 = CARTESIAN_POINT ( 'NONE',  ( -5.070000000000000284, 1.100000000000000089, 6.740000000000000213 ) ) ;
#5362 = LINE ( 'NONE', #2293, #2529 ) ;
#5363 = EDGE_LOOP ( 'NONE', ( #10047, #3575, #11896, #8394 ) ) ;
#5364 = EDGE_LOOP ( 'NONE', ( #7149, #7645, #2294, #10059 ) ) ;
#5365 = ORIENTED_EDGE ( 'NONE', *, *, #1362, .T. ) ;
#5366 = CARTESIAN_POINT ( 'NONE',  ( -0.7900000000000000355, 15.79999999999954774, 5.159999999999999254 ) ) ;
#5367 = VERTEX_POINT ( 'NONE', #3307 ) ;
#5368 = CARTESIAN_POINT ( 'NONE',  ( 2.190286205994000035, 1.100000000000000089, -8.750573880748998334 ) ) ;
#5369 = EDGE_CURVE ( 'NONE', #4239, #7446, #4314, .T. ) ;
#5370 = EDGE_CURVE ( 'NONE', #4297, #1165, #6126, .T. ) ;
#5371 = DIRECTION ( 'NONE',  ( -1.000000000000000000, 0.000000000000000000, 0.000000000000000000 ) ) ;
#5372 = FACE_OUTER_BOUND ( 'NONE', #957, .T. ) ;
#5373 = VECTOR ( 'NONE', #10433, 999.9999999999998863 ) ;
#5374 = LINE ( 'NONE', #498, #11947 ) ;
#5375 = VECTOR ( 'NONE', #5700, 1000.000000000000000 ) ;
#5376 = ADVANCED_FACE ( 'NONE', ( #9936 ), #10063, .F. ) ;
#5377 = EDGE_CURVE ( 'NONE', #2274, #8595, #11939, .T. ) ;
#5378 = ORIENTED_EDGE ( 'NONE', *, *, #8794, .T. ) ;
#5379 = DIRECTION ( 'NONE',  ( -1.000000000000000000, 0.000000000000000000, 0.000000000000000000 ) ) ;
#5380 = ORIENTED_EDGE ( 'NONE', *, *, #5076, .F. ) ;
#5381 = VECTOR ( 'NONE', #11416, 1000.000000000000114 ) ;
#5382 = CARTESIAN_POINT ( 'NONE',  ( 1.245000000000000107, 15.52330609571600029, -4.280245272880000229 ) ) ;
#5383 = ORIENTED_EDGE ( 'NONE', *, *, #8098, .T. ) ;
#5384 = VECTOR ( 'NONE', #11004, 1000.000000000000000 ) ;
#5385 = EDGE_CURVE ( 'NONE', #12150, #9173, #2315, .T. ) ;
#5386 = DIRECTION ( 'NONE',  ( 1.000000000000000000, 0.000000000000000000, 0.000000000000000000 ) ) ;
#5387 = VERTEX_POINT ( 'NONE', #3247 ) ;
#5388 = CARTESIAN_POINT ( 'NONE',  ( -1.709999999999999964, 15.45000000000000107, 6.119999999999999218 ) ) ;
#5389 = PLANE ( 'NONE',  #2110 ) ;
#5390 = EDGE_CURVE ( 'NONE', #7304, #4079, #8250, .T. ) ;
#5391 = CARTESIAN_POINT ( 'NONE',  ( 1.810000000000000053, 13.96993164062500092, -4.623949218749999091 ) ) ;
#5392 = DIRECTION ( 'NONE',  ( 0.000000000000000000, 1.000000000000000000, 0.000000000000000000 ) ) ;
#5393 = CARTESIAN_POINT ( 'NONE',  ( -6.540000000000000036, 1.100000000000000089, 6.740000000000000213 ) ) ;
#5394 = VECTOR ( 'NONE', #6670, 1000.000000000000000 ) ;
#5395 = AXIS2_PLACEMENT_3D ( 'NONE', #7268, #3568, #10314 ) ;
#5396 = AXIS2_PLACEMENT_3D ( 'NONE', #4122, #5137, #2260 ) ;
#5397 = ORIENTED_EDGE ( 'NONE', *, *, #9647, .T. ) ;
#5398 = DIRECTION ( 'NONE',  ( 0.0009015507420255266212, 0.2288884867901084252, -0.9734522319154617076 ) ) ;
#5399 = ORIENTED_EDGE ( 'NONE', *, *, #1591, .T. ) ;
#5400 = DIRECTION ( 'NONE',  ( 0.000000000000000000, 0.000000000000000000, -1.000000000000000000 ) ) ;
#5401 = DIRECTION ( 'NONE',  ( 0.000000000000000000, -1.000000000000000000, 0.000000000000000000 ) ) ;
#5402 = ORIENTED_EDGE ( 'NONE', *, *, #7431, .T. ) ;
#5403 = CIRCLE ( 'NONE', #2001, 0.1399999999999995137 ) ;
#5404 = VECTOR ( 'NONE', #11443, 1000.000000000000114 ) ;
#5405 = EDGE_LOOP ( 'NONE', ( #9986, #4787, #1035, #5942 ) ) ;
#5406 = VECTOR ( 'NONE', #7251, 1000.000000000000000 ) ;
#5407 = LINE ( 'NONE', #657, #3546 ) ;
#5408 = FACE_OUTER_BOUND ( 'NONE', #9907, .T. ) ;
#5409 = EDGE_CURVE ( 'NONE', #3795, #10585, #1326, .T. ) ;
#5410 = DIRECTION ( 'NONE',  ( 1.000000000000000000, 0.000000000000000000, 0.000000000000000000 ) ) ;
#5411 = DIRECTION ( 'NONE',  ( -1.000000000000000000, 0.000000000000000000, 0.000000000000000000 ) ) ;
#5412 = CARTESIAN_POINT ( 'NONE',  ( -6.540000000000000036, 3.000000000000000000, -10.22999999999999865 ) ) ;
#5413 = ADVANCED_FACE ( 'NONE', ( #6318 ), #1514, .F. ) ;
#5414 = EDGE_CURVE ( 'NONE', #9019, #1499, #7202, .T. ) ;
#5415 = VECTOR ( 'NONE', #10297, 1000.000000000000000 ) ;
#5416 = ORIENTED_EDGE ( 'NONE', *, *, #10246, .T. ) ;
#5417 = DIRECTION ( 'NONE',  ( 1.000000000000000000, 0.000000000000000000, 0.000000000000000000 ) ) ;
#5418 = ORIENTED_EDGE ( 'NONE', *, *, #3611, .T. ) ;
#5419 = ORIENTED_EDGE ( 'NONE', *, *, #4119, .F. ) ;
#5420 = EDGE_LOOP ( 'NONE', ( #5750, #8166, #5928, #499 ) ) ;
#5421 = LINE ( 'NONE', #1615, #6777 ) ;
#5422 = LINE ( 'NONE', #9283, #9180 ) ;
#5423 = CARTESIAN_POINT ( 'NONE',  ( -0.7900000000000000355, 13.96993164062500092, -4.623949218749999091 ) ) ;
#5424 = CARTESIAN_POINT ( 'NONE',  ( -6.540000000000000036, 14.52999999999999936, -6.299999999999999822 ) ) ;
#5425 = CARTESIAN_POINT ( 'NONE',  ( -5.029999999999999361, 13.01999999999999957, 4.890000000000000568 ) ) ;
#5426 = VECTOR ( 'NONE', #486, 1000.000000000000000 ) ;
#5427 =( BOUNDED_SURFACE ( )  B_SPLINE_SURFACE ( 1, 3, ( 
 ( #10362, #9360, #2726, #6426 ),
 ( #2862, #2605, #2796, #10295 ) ),
 .UNSPECIFIED., .F., .F., .F. ) 
 B_SPLINE_SURFACE_WITH_KNOTS ( ( 2, 2 ),
 ( 4, 4 ),
 ( 0.009839962867466679058, 1.000000000000000000 ),
 ( 0.000000000000000000, 1.000000000000000000 ),
 .UNSPECIFIED. ) 
 GEOMETRIC_REPRESENTATION_ITEM ( )  RATIONAL_B_SPLINE_SURFACE ( (
 ( 1.000000000000000000, 0.9791756736992288657, 0.9791756736992288657, 1.000000000000000000),
 ( 1.000000000000000000, 0.9791756736992288657, 0.9791756736992288657, 1.000000000000000000) ) ) 
 REPRESENTATION_ITEM ( '' )  SURFACE ( )  );
#5428 = CIRCLE ( 'NONE', #1199, 1.363702780452000107 ) ;
#5429 = CARTESIAN_POINT ( 'NONE',  ( -3.500000000000000000, 6.400000000000000355, -3.759999999999999787 ) ) ;
#5430 = DIRECTION ( 'NONE',  ( -0.9659258262890679791, 0.000000000000000000, 0.2588190451025217387 ) ) ;
#5431 = CARTESIAN_POINT ( 'NONE',  ( -0.2300000000000000100, 13.47720598351600074, 5.141530882016000170 ) ) ;
#5432 = ORIENTED_EDGE ( 'NONE', *, *, #1639, .T. ) ;
#5433 = VECTOR ( 'NONE', #2074, 1000.000000000000000 ) ;
#5434 = ORIENTED_EDGE ( 'NONE', *, *, #6596, .T. ) ;
#5435 = DIRECTION ( 'NONE',  ( 1.000000000000000000, 0.000000000000000000, 0.000000000000000000 ) ) ;
#5436 = VERTEX_POINT ( 'NONE', #10814 ) ;
#5437 = DIRECTION ( 'NONE',  ( -0.0001554772717247336720, -0.9999999879134089387, 0.000000000000000000 ) ) ;
#5438 = ORIENTED_EDGE ( 'NONE', *, *, #1014, .F. ) ;
#5439 = CARTESIAN_POINT ( 'NONE',  ( -0.9150960626429999190, 8.388342753565998677, -7.493823590735000373 ) ) ;
#5440 = CARTESIAN_POINT ( 'NONE',  ( -0.9149026679812458651, 8.452119387944492246, -7.768164351316461769 ) ) ;
#5441 = CARTESIAN_POINT ( 'NONE',  ( -0.2300000000000000100, 14.00000000000000000, -6.228930666691000262 ) ) ;
#5442 = VECTOR ( 'NONE', #3286, 1000.000000000000000 ) ;
#5443 = VECTOR ( 'NONE', #7870, 1000.000000000000114 ) ;
#5444 = EDGE_CURVE ( 'NONE', #9593, #1499, #2498, .T. ) ;
#5445 = EDGE_CURVE ( 'NONE', #6803, #7304, #8063, .T. ) ;
#5446 = PLANE ( 'NONE',  #12226 ) ;
#5447 = ORIENTED_EDGE ( 'NONE', *, *, #10479, .T. ) ;
#5448 = CARTESIAN_POINT ( 'NONE',  ( 1.245619350900241118, 9.131423146017322523, -7.606430574029887204 ) ) ;
#5449 = VERTEX_POINT ( 'NONE', #5265 ) ;
#5450 = CARTESIAN_POINT ( 'NONE',  ( -4.859999999999999432, 3.000000000000000000, -10.25000000000000000 ) ) ;
#5451 = ORIENTED_EDGE ( 'NONE', *, *, #6392, .F. ) ;
#5452 = CARTESIAN_POINT ( 'NONE',  ( 4.629696307966640667, -3.223478441773741654, -1.273734666247000158 ) ) ;
#5453 = PRODUCT_DEFINITION_FORMATION_WITH_SPECIFIED_SOURCE ( 'ANY', '', #6491, .NOT_KNOWN. ) ;
#5454 = AXIS2_PLACEMENT_3D ( 'NONE', #5246, #9105, #8099 ) ;
#5455 = DIRECTION ( 'NONE',  ( 0.000000000000000000, 1.000000000000000000, 0.000000000000000000 ) ) ;
#5456 = EDGE_CURVE ( 'NONE', #1679, #7743, #449, .T. ) ;
#5457 = LINE ( 'NONE', #10196, #2980 ) ;
#5458 = EDGE_CURVE ( 'NONE', #70, #10409, #5139, .T. ) ;
#5459 = CARTESIAN_POINT ( 'NONE',  ( 0.7900000000000000355, 13.47720598351600074, 5.141530882016000170 ) ) ;
#5460 = CARTESIAN_POINT ( 'NONE',  ( -0.1800000000000000488, 13.01999999999999957, -0.3649999999999998801 ) ) ;
#5461 = EDGE_LOOP ( 'NONE', ( #5336, #9145, #3161, #7228, #9698, #10253 ) ) ;
#5462 = VERTEX_POINT ( 'NONE', #6193 ) ;
#5463 = CARTESIAN_POINT ( 'NONE',  ( -2.185000000000000053, 8.419999999999999929, -6.490000000000000213 ) ) ;
#5464 = DIRECTION ( 'NONE',  ( 0.000000000000000000, -1.000000000000000000, 0.000000000000000000 ) ) ;
#5465 = VERTEX_POINT ( 'NONE', #7266 ) ;
#5466 = LINE ( 'NONE', #9267, #1604 ) ;
#5467 = EDGE_LOOP ( 'NONE', ( #10477, #8130, #6484, #3224 ) ) ;
#5468 = CARTESIAN_POINT ( 'NONE',  ( 2.185604629969591706, 2.300000280461894420, -8.750001206431324619 ) ) ;
#5469 = DIRECTION ( 'NONE',  ( 0.000000000000000000, -1.000000000000000000, 0.000000000000000000 ) ) ;
#5470 = CARTESIAN_POINT ( 'NONE',  ( -5.339999999999998970, -0.7200000000000001954, 1.324726386843241066 ) ) ;
#5471 = CARTESIAN_POINT ( 'NONE',  ( -6.540000000000000036, 3.000000000000000000, -10.22999999999999865 ) ) ;
#5472 = CARTESIAN_POINT ( 'NONE',  ( -1.250000000000000000, 14.00000000000000000, -6.209999999999999964 ) ) ;
#5473 = EDGE_LOOP ( 'NONE', ( #8641, #3040, #3112, #6156 ) ) ;
#5474 = CARTESIAN_POINT ( 'NONE',  ( -5.527325384929412166, -3.200000000000831513, -1.273734666246370884 ) ) ;
#5475 = EDGE_LOOP ( 'NONE', ( #4278, #4516, #11479, #12104, #552, #10205, #11654, #4279 ) ) ;
#5476 = VERTEX_POINT ( 'NONE', #4191 ) ;
#5477 = ORIENTED_EDGE ( 'NONE', *, *, #872, .T. ) ;
#5478 = PLANE ( 'NONE',  #4140 ) ;
#5479 = CARTESIAN_POINT ( 'NONE',  ( -4.632674615073779201, 1.100000000000000089, 1.273734666246999936 ) ) ;
#5480 = EDGE_CURVE ( 'NONE', #12053, #9952, #638, .T. ) ;
#5481 = LINE ( 'NONE', #11227, #2433 ) ;
#5482 = FILL_AREA_STYLE_COLOUR ( '', #3713 ) ;
#5483 = CARTESIAN_POINT ( 'NONE',  ( 8.751918340712878219, 15.45000000000000107, -0.3649999999999989919 ) ) ;
#5484 = DIRECTION ( 'NONE',  ( 0.000000000000000000, -1.000000000000000000, 0.000000000000000000 ) ) ;
#5485 = CARTESIAN_POINT ( 'NONE',  ( 0.3549999999999999822, 8.419999999999999929, -6.209999999999999964 ) ) ;
#5486 = EDGE_LOOP ( 'NONE', ( #5155, #6247, #5556, #1665 ) ) ;
#5487 = CARTESIAN_POINT ( 'NONE',  ( 1.624713818561769108, 8.382289563494937923, -7.781898403303197931 ) ) ;
#5488 = ORIENTED_EDGE ( 'NONE', *, *, #9338, .T. ) ;
#5489 = LINE ( 'NONE', #7486, #6996 ) ;
#5490 = ORIENTED_EDGE ( 'NONE', *, *, #11328, .T. ) ;
#5491 = DIRECTION ( 'NONE',  ( 0.000000000000000000, 0.000000000000000000, 1.000000000000000000 ) ) ;
#5492 = ADVANCED_FACE ( 'NONE', ( #11873 ), #1458, .F. ) ;
#5493 = LINE ( 'NONE', #496, #3534 ) ;
#5494 = DIRECTION ( 'NONE',  ( -0.9999997515276145554, 0.000000000000000000, -0.0007049430538970336219 ) ) ;
#5495 =( BOUNDED_SURFACE ( )  B_SPLINE_SURFACE ( 1, 3, ( 
 ( #590, #6339, #7158, #9085 ),
 ( #4408, #1602, #9894, #1347 ) ),
 .UNSPECIFIED., .F., .F., .F. ) 
 B_SPLINE_SURFACE_WITH_KNOTS ( ( 2, 2 ),
 ( 4, 4 ),
 ( 0.008928571428571454097, 1.000000000000000000 ),
 ( 0.000000000000000000, 1.000000000000000000 ),
 .UNSPECIFIED. ) 
 GEOMETRIC_REPRESENTATION_ITEM ( )  RATIONAL_B_SPLINE_SURFACE ( (
 ( 1.000000000000000000, 0.9994963654399259267, 0.9994963654399259267, 1.000000000000000000),
 ( 1.000000000000000000, 0.9994963654399259267, 0.9994963654399259267, 1.000000000000000000) ) ) 
 REPRESENTATION_ITEM ( '' )  SURFACE ( )  );
#5496 = CARTESIAN_POINT ( 'NONE',  ( 1.256986600015557842, 8.975112478909929692, -7.343115801827296174 ) ) ;
#5497 = ORIENTED_EDGE ( 'NONE', *, *, #1626, .F. ) ;
#5498 = DIRECTION ( 'NONE',  ( 0.000000000000000000, 1.000000000000000000, -3.469446951953635882E-15 ) ) ;
#5499 = EDGE_LOOP ( 'NONE', ( #7904, #11127, #9559, #1184 ) ) ;
#5500 = LINE ( 'NONE', #9309, #5003 ) ;
#5501 = ORIENTED_EDGE ( 'NONE', *, *, #7204, .T. ) ;
#5502 = FACE_OUTER_BOUND ( 'NONE', #8353, .T. ) ;
#5503 = DIRECTION ( 'NONE',  ( 1.000000000000000000, 0.000000000000000000, 0.000000000000000000 ) ) ;
#5504 = ORIENTED_EDGE ( 'NONE', *, *, #4953, .T. ) ;
#5505 = EDGE_CURVE ( 'NONE', #3703, #2298, #12204, .T. ) ;
#5506 = FACE_OUTER_BOUND ( 'NONE', #4883, .T. ) ;
#5507 = CARTESIAN_POINT ( 'NONE',  ( -2.034999999999999698, 14.00000000000000000, -6.209999999999999964 ) ) ;
#5508 = DIRECTION ( 'NONE',  ( 0.000000000000000000, 0.000000000000000000, 1.000000000000000000 ) ) ;
#5509 = AXIS2_PLACEMENT_3D ( 'NONE', #12045, #9234, #11168 ) ;
#5510 = VERTEX_POINT ( 'NONE', #2572 ) ;
#5511 = PLANE ( 'NONE',  #11314 ) ;
#5512 = ADVANCED_FACE ( 'NONE', ( #10074 ), #8205, .F. ) ;
#5513 = ADVANCED_FACE ( 'NONE', ( #9846 ), #4152, .T. ) ;
#5514 = ORIENTED_EDGE ( 'NONE', *, *, #3171, .T. ) ;
#5515 = EDGE_CURVE ( 'NONE', #170, #501, #1297, .T. ) ;
#5516 = LINE ( 'NONE', #9324, #11806 ) ;
#5517 = ORIENTED_EDGE ( 'NONE', *, *, #6595, .F. ) ;
#5518 = CARTESIAN_POINT ( 'NONE',  ( 8.751918340712878219, 13.08000000000000007, -0.3649999999999998801 ) ) ;
#5519 = VERTEX_POINT ( 'NONE', #8264 ) ;
#5520 = CARTESIAN_POINT ( 'NONE',  ( -4.819999999999999396, -3.600000000000000089, -1.800000000000000044 ) ) ;
#5521 = VECTOR ( 'NONE', #1548, 1000.000000000000000 ) ;
#5522 = VECTOR ( 'NONE', #2281, 1000.000000000000000 ) ;
#5523 = ORIENTED_EDGE ( 'NONE', *, *, #8110, .F. ) ;
#5524 = EDGE_CURVE ( 'NONE', #72, #1963, #8389, .T. ) ;
#5525 = LINE ( 'NONE', #5468, #3140 ) ;
#5526 = CARTESIAN_POINT ( 'NONE',  ( -1.255000000000000115, 15.66000000000000014, -4.250000000000000000 ) ) ;
#5527 = EDGE_CURVE ( 'NONE', #1279, #8217, #7276, .T. ) ;
#5528 = FACE_OUTER_BOUND ( 'NONE', #9411, .T. ) ;
#5529 = ADVANCED_FACE ( 'NONE', ( #9211 ), #10141, .F. ) ;
#5530 = LINE ( 'NONE', #9335, #2720 ) ;
#5531 = DIRECTION ( 'NONE',  ( 0.000000000000000000, -1.000000000000000000, 0.000000000000000000 ) ) ;
#5532 = VECTOR ( 'NONE', #11315, 1000.000000000000000 ) ;
#5533 = AXIS2_PLACEMENT_3D ( 'NONE', #6721, #12344, #4725 ) ;
#5534 = ORIENTED_EDGE ( 'NONE', *, *, #2255, .T. ) ;
#5535 = LINE ( 'NONE', #11219, #5120 ) ;
#5536 = ORIENTED_EDGE ( 'NONE', *, *, #9896, .T. ) ;
#5537 = EDGE_CURVE ( 'NONE', #1728, #6695, #11207, .T. ) ;
#5538 = ORIENTED_EDGE ( 'NONE', *, *, #2282, .F. ) ;
#5539 = ORIENTED_EDGE ( 'NONE', *, *, #1819, .T. ) ;
#5540 = ADVANCED_FACE ( 'NONE', ( #6456 ), #7039, .F. ) ;
#5541 = PLANE ( 'NONE',  #9548 ) ;
#5542 = CARTESIAN_POINT ( 'NONE',  ( -0.2390261514776291230, 9.022566493973686264, -7.344137985783251388 ) ) ;
#5543 = FACE_OUTER_BOUND ( 'NONE', #10243, .T. ) ;
#5544 = AXIS2_PLACEMENT_3D ( 'NONE', #10723, #10849, #236 ) ;
#5545 = DIRECTION ( 'NONE',  ( 1.000000000000000000, 0.000000000000000000, 0.000000000000000000 ) ) ;
#5546 = DIRECTION ( 'NONE',  ( -0.000000000000000000, 1.000000000000000000, 0.000000000000000000 ) ) ;
#5547 = CARTESIAN_POINT ( 'NONE',  ( 2.220000000000000195, 2.979999999999999982, 8.224999999999999645 ) ) ;
#5548 = LINE ( 'NONE', #216, #9440 ) ;
#5549 = DIRECTION ( 'NONE',  ( -1.000000000000000000, 0.000000000000000000, 0.000000000000000000 ) ) ;
#5550 = ORIENTED_EDGE ( 'NONE', *, *, #1962, .T. ) ;
#5551 = EDGE_LOOP ( 'NONE', ( #5517, #5169, #3911, #6091 ) ) ;
#5552 = CARTESIAN_POINT ( 'NONE',  ( -1.619999999999999885, 1.100000000000000089, -8.359999999999999432 ) ) ;
#5553 = ORIENTED_EDGE ( 'NONE', *, *, #7654, .F. ) ;
#5554 = VECTOR ( 'NONE', #6271, 1000.000000000000000 ) ;
#5555 = CARTESIAN_POINT ( 'NONE',  ( 0.2300000000000000100, 15.79293969097784966, 5.203898047366450896 ) ) ;
#5556 = ORIENTED_EDGE ( 'NONE', *, *, #4913, .T. ) ;
#5557 = CARTESIAN_POINT ( 'NONE',  ( -0.9149035436924596310, 3.018593245758239174, -9.029999426582437039 ) ) ;
#5558 = CARTESIAN_POINT ( 'NONE',  ( 2.189713793404999720, -0.3499999999999999778, -9.029999999999999361 ) ) ;
#5559 = DIRECTION ( 'NONE',  ( -1.000000000000000000, 0.000000000000000000, 0.000000000000000000 ) ) ;
#5560 = CIRCLE ( 'NONE', #8939, 0.1399999999999985978 ) ;
#5561 = ADVANCED_FACE ( 'NONE', ( #8902 ), #6395, .T. ) ;
#5562 = EDGE_CURVE ( 'NONE', #7215, #11888, #4466, .T. ) ;
#5563 = DIRECTION ( 'NONE',  ( 0.000000000000000000, -0.9086141679698426232, 0.4176365570259273907 ) ) ;
#5564 = VERTEX_POINT ( 'NONE', #10842 ) ;
#5565 = CARTESIAN_POINT ( 'NONE',  ( -1.810000000000000053, 15.69999999999999929, -4.699234558991999045 ) ) ;
#5566 = ORIENTED_EDGE ( 'NONE', *, *, #323, .T. ) ;
#5567 = LINE ( 'NONE', #3630, #2802 ) ;
#5568 = ORIENTED_EDGE ( 'NONE', *, *, #12239, .T. ) ;
#5569 = CARTESIAN_POINT ( 'NONE',  ( -1.250000000000000000, 14.49800950369600017, 4.776298838437000427 ) ) ;
#5570 =( BOUNDED_SURFACE ( )  B_SPLINE_SURFACE ( 1, 3, ( 
 ( #1031, #4717, #2885, #10735 ),
 ( #4836, #8642, #11730, #12337 ) ),
 .UNSPECIFIED., .F., .F., .F. ) 
 B_SPLINE_SURFACE_WITH_KNOTS ( ( 2, 2 ),
 ( 4, 4 ),
 ( 0.009739537866944047301, 1.000000000000000000 ),
 ( 0.000000000000000000, 1.000000000000000000 ),
 .UNSPECIFIED. ) 
 GEOMETRIC_REPRESENTATION_ITEM ( )  RATIONAL_B_SPLINE_SURFACE ( (
 ( 1.000000000000000000, 0.9788147751770441829, 0.9788147751770441829, 1.000000000000000000),
 ( 1.000000000000000000, 0.9788147751770441829, 0.9788147751770441829, 1.000000000000000000) ) ) 
 REPRESENTATION_ITEM ( '' )  SURFACE ( )  );
#5571 = DIRECTION ( 'NONE',  ( -0.000000000000000000, -1.000000000000000000, -0.000000000000000000 ) ) ;
#5572 = VECTOR ( 'NONE', #3446, 999.9999999999998863 ) ;
#5573 = ORIENTED_EDGE ( 'NONE', *, *, #2945, .F. ) ;
#5574 = CARTESIAN_POINT ( 'NONE',  ( 1.860000000000000098, 15.45000000000000107, 2.370000000000000107 ) ) ;
#5575 = DIRECTION ( 'NONE',  ( 0.000000000000000000, 1.000000000000000000, -3.469446951953635882E-15 ) ) ;
#5576 = DIRECTION ( 'NONE',  ( 0.000000000000000000, 0.2594879219549526272, -0.9657463530138233887 ) ) ;
#5577 = VECTOR ( 'NONE', #9913, 1000.000000000000000 ) ;
#5578 = LINE ( 'NONE', #2746, #3090 ) ;
#5579 = ORIENTED_EDGE ( 'NONE', *, *, #9233, .F. ) ;
#5580 = VECTOR ( 'NONE', #6458, 1000.000000000000000 ) ;
#5581 = FACE_OUTER_BOUND ( 'NONE', #6903, .T. ) ;
#5582 = VERTEX_POINT ( 'NONE', #12021 ) ;
#5583 = LINE ( 'NONE', #6394, #3208 ) ;
#5584 = ORIENTED_EDGE ( 'NONE', *, *, #9290, .T. ) ;
#5585 = LINE ( 'NONE', #4774, #7 ) ;
#5586 = ORIENTED_EDGE ( 'NONE', *, *, #3020, .F. ) ;
#5587 = CARTESIAN_POINT ( 'NONE',  ( 0.2299999999999999822, 15.79762648660004132, 5.189704678889510703 ) ) ;
#5588 = VERTEX_POINT ( 'NONE', #7336 ) ;
#5589 = LINE ( 'NONE', #1786, #2157 ) ;
#5590 = CARTESIAN_POINT ( 'NONE',  ( -5.079999999999999183, -0.7200000000000000844, -1.800000000000000044 ) ) ;
#5591 = VECTOR ( 'NONE', #3135, 1000.000000000000000 ) ;
#5592 = CARTESIAN_POINT ( 'NONE',  ( -2.185000000000000053, 7.058817561802944063, -10.22999999999999865 ) ) ;
#5593 = AXIS2_PLACEMENT_3D ( 'NONE', #6835, #9641, #1084 ) ;
#5594 = LINE ( 'NONE', #3653, #737 ) ;
#5595 = LINE ( 'NONE', #4598, #2352 ) ;
#5596 = AXIS2_PLACEMENT_3D ( 'NONE', #5450, #8122, #6379 ) ;
#5597 = VERTEX_POINT ( 'NONE', #3513 ) ;
#5598 = AXIS2_PLACEMENT_3D ( 'NONE', #5071, #2829, #3832 ) ;
#5599 = DIRECTION ( 'NONE',  ( -1.000000000000000000, 0.000000000000000000, 0.000000000000000000 ) ) ;
#5600 = ADVANCED_FACE ( 'NONE', ( #708 ), #5649, .F. ) ;
#5601 = VECTOR ( 'NONE', #9811, 1000.000000000000000 ) ;
#5602 = VERTEX_POINT ( 'NONE', #11075 ) ;
#5603 = EDGE_CURVE ( 'NONE', #5436, #2588, #2975, .T. ) ;
#5604 = AXIS2_PLACEMENT_3D ( 'NONE', #3233, #11553, #2245 ) ;
#5605 = ORIENTED_EDGE ( 'NONE', *, *, #11627, .T. ) ;
#5606 = ORIENTED_EDGE ( 'NONE', *, *, #5782, .F. ) ;
#5607 = CARTESIAN_POINT ( 'NONE',  ( -2.220000000000000195, 13.01999999999999957, -0.3649999999999998801 ) ) ;
#5608 = DIRECTION ( 'NONE',  ( 1.000000000000000000, 0.000000000000000000, 0.000000000000000000 ) ) ;
#5609 = FACE_OUTER_BOUND ( 'NONE', #4919, .T. ) ;
#5610 = AXIS2_PLACEMENT_3D ( 'NONE', #3866, #5059, #6808 ) ;
#5611 = EDGE_CURVE ( 'NONE', #2244, #2677, #8323, .T. ) ;
#5612 = VECTOR ( 'NONE', #435, 1000.000000000000000 ) ;
#5613 = DIRECTION ( 'NONE',  ( 0.000000000000000000, 0.000000000000000000, -1.000000000000000000 ) ) ;
#5614 = EDGE_CURVE ( 'NONE', #11085, #4239, #84, .T. ) ;
#5615 = AXIS2_PLACEMENT_3D ( 'NONE', #10590, #8657, #9655 ) ;
#5616 = DIRECTION ( 'NONE',  ( -1.000000000000000000, 1.110223024624999878E-16, 0.000000000000000000 ) ) ;
#5617 = VERTEX_POINT ( 'NONE', #4831 ) ;
#5618 = PLANE ( 'NONE',  #7242 ) ;
#5619 = LINE ( 'NONE', #5431, #7525 ) ;
#5620 = ORIENTED_EDGE ( 'NONE', *, *, #12031, .T. ) ;
#5621 = AXIS2_PLACEMENT_3D ( 'NONE', #9414, #12223, #9348 ) ;
#5622 = VERTEX_POINT ( 'NONE', #5707 ) ;
#5623 = CARTESIAN_POINT ( 'NONE',  ( 8.751918340712878219, 15.69999999999999929, -0.3649999999999998801 ) ) ;
#5624 = EDGE_LOOP ( 'NONE', ( #5620, #5380, #8074, #8257 ) ) ;
#5625 = PLANE ( 'NONE',  #7783 ) ;
#5626 = CARTESIAN_POINT ( 'NONE',  ( -1.199999999999999956, 15.69999999999999929, -5.620000000000000107 ) ) ;
#5627 = CARTESIAN_POINT ( 'NONE',  ( -0.1800000000000000211, 15.11999999999999922, 4.890000000000000568 ) ) ;
#5628 = FACE_OUTER_BOUND ( 'NONE', #8990, .T. ) ;
#5629 = EDGE_CURVE ( 'NONE', #6598, #7923, #1780, .T. ) ;
#5630 = VECTOR ( 'NONE', #1205, 1000.000000000000000 ) ;
#5631 = DIRECTION ( 'NONE',  ( 1.000000000000000000, 0.000000000000000000, 0.000000000000000000 ) ) ;
#5632 = EDGE_CURVE ( 'NONE', #7559, #4542, #7456, .T. ) ;
#5633 = ORIENTED_EDGE ( 'NONE', *, *, #998, .T. ) ;
#5634 = CARTESIAN_POINT ( 'NONE',  ( -1.250000000000000000, 15.79999999999954774, 5.174947165682039163 ) ) ;
#5635 = ORIENTED_EDGE ( 'NONE', *, *, #7762, .T. ) ;
#5636 = VECTOR ( 'NONE', #2655, 1000.000000000000000 ) ;
#5637 = FACE_OUTER_BOUND ( 'NONE', #9497, .T. ) ;
#5638 = VERTEX_POINT ( 'NONE', #11506 ) ;
#5639 = DIRECTION ( 'NONE',  ( -0.9999954023831147953, 0.003032360900745974339, 0.000000000000000000 ) ) ;
#5640 = DIRECTION ( 'NONE',  ( 0.000000000000000000, 0.000000000000000000, 1.000000000000000000 ) ) ;
#5641 = ADVANCED_FACE ( 'NONE', ( #959 ), #2937, .F. ) ;
#5642 = CARTESIAN_POINT ( 'NONE',  ( -5.339999999999998970, -0.7200000000000001954, 1.273734666247000158 ) ) ;
#5643 = VECTOR ( 'NONE', #7546, 1000.000000000000000 ) ;
#5644 = CIRCLE ( 'NONE', #2633, 1.358858635772000722 ) ;
#5645 = PLANE ( 'NONE',  #1589 ) ;
#5646 = CARTESIAN_POINT ( 'NONE',  ( 6.540000000000000036, 3.000000000000000000, -10.22999999999999865 ) ) ;
#5647 = ORIENTED_EDGE ( 'NONE', *, *, #7065, .F. ) ;
#5648 = DIRECTION ( 'NONE',  ( 0.000000000000000000, 0.000000000000000000, -1.000000000000000000 ) ) ;
#5649 =( BOUNDED_SURFACE ( )  B_SPLINE_SURFACE ( 1, 3, ( 
 ( #3578, #11142, #2453, #6268 ),
 ( #9326, #10207, #3454, #1662 ) ),
 .UNSPECIFIED., .F., .F., .F. ) 
 B_SPLINE_SURFACE_WITH_KNOTS ( ( 2, 2 ),
 ( 4, 4 ),
 ( 0.000000000000000000, 1.000000000000000000 ),
 ( 0.000000000000000000, 1.000000000000000000 ),
 .UNSPECIFIED. ) 
 GEOMETRIC_REPRESENTATION_ITEM ( )  RATIONAL_B_SPLINE_SURFACE ( (
 ( 1.000000000000000000, 0.9794136118202997343, 0.9794136118202997343, 1.000000000000000000),
 ( 1.000000000000000000, 0.9794136118202997343, 0.9794136118202997343, 1.000000000000000000) ) ) 
 REPRESENTATION_ITEM ( '' )  SURFACE ( )  );
#5650 = VERTEX_POINT ( 'NONE', #10569 ) ;
#5651 = AXIS2_PLACEMENT_3D ( 'NONE', #7244, #4357, #4429 ) ;
#5652 = CARTESIAN_POINT ( 'NONE',  ( 2.220000000000000195, 4.179999999999999716, -5.070000000000000284 ) ) ;
#5653 = CARTESIAN_POINT ( 'NONE',  ( 1.244999999999999885, 14.07605394207246796, -6.211894583666930814 ) ) ;
#5654 = EDGE_LOOP ( 'NONE', ( #11628, #10269, #6329, #4300 ) ) ;
#5655 = CARTESIAN_POINT ( 'NONE',  ( -1.199999999999999956, 13.05000000000000071, 4.890000000000000568 ) ) ;
#5656 = ORIENTED_EDGE ( 'NONE', *, *, #5790, .F. ) ;
#5657 = FACE_OUTER_BOUND ( 'NONE', #1934, .T. ) ;
#5658 = DIRECTION ( 'NONE',  ( -1.000000000000000000, 0.000000000000000000, 0.000000000000000000 ) ) ;
#5659 = EDGE_CURVE ( 'NONE', #838, #2387, #897, .T. ) ;
#5660 = DIRECTION ( 'NONE',  ( -0.2588190451025217942, 0.000000000000000000, -0.9659258262890680902 ) ) ;
#5661 = LINE ( 'NONE', #778, #8114 ) ;
#5662 = CARTESIAN_POINT ( 'NONE',  ( -0.2300000000000000100, 15.79293969097784966, 5.203898047366450896 ) ) ;
#5663 = VERTEX_POINT ( 'NONE', #6516 ) ;
#5664 = CARTESIAN_POINT ( 'NONE',  ( 0.2300000000000000100, 14.09999999999999964, -6.209999999999999964 ) ) ;
#5665 = VERTEX_POINT ( 'NONE', #7576 ) ;
#5666 = VERTEX_POINT ( 'NONE', #10327 ) ;
#5667 = VERTEX_POINT ( 'NONE', #11452 ) ;
#5668 = CARTESIAN_POINT ( 'NONE',  ( -1.255000000000000115, 13.48008363145957844, 5.148121114438890977 ) ) ;
#5669 = DIRECTION ( 'NONE',  ( -1.000000000000000000, 0.000000000000000000, 0.000000000000000000 ) ) ;
#5670 = CARTESIAN_POINT ( 'NONE',  ( -0.8400000000000000799, 15.69999999999999929, -5.620000000000000107 ) ) ;
#5671 = CARTESIAN_POINT ( 'NONE',  ( 1.625287401940776366, 2.986210948275539678, -8.748873237830657956 ) ) ;
#5672 = LINE ( 'NONE', #9231, #3367 ) ;
#5673 = EDGE_CURVE ( 'NONE', #6666, #4255, #5585, .T. ) ;
#5674 = PLANE ( 'NONE',  #1791 ) ;
#5675 = CARTESIAN_POINT ( 'NONE',  ( 6.540000000000000036, 14.50999999999999979, 10.08999999999999986 ) ) ;
#5676 = ORIENTED_EDGE ( 'NONE', *, *, #12207, .T. ) ;
#5677 = B_SPLINE_CURVE_WITH_KNOTS ( 'NONE', 1,
 ( #468, #4275 ),
 .UNSPECIFIED., .F., .F.,
 ( 2, 2 ),
 ( 0.000000000000000000, 0.9999999999999973355 ),
 .UNSPECIFIED. ) ;
#5678 = ORIENTED_EDGE ( 'NONE', *, *, #6521, .T. ) ;
#5679 = EDGE_CURVE ( 'NONE', #9645, #11776, #8574, .T. ) ;
#5680 = CARTESIAN_POINT ( 'NONE',  ( 6.540000000000000036, 14.50999999999999979, 8.789999999999999147 ) ) ;
#5681 = ORIENTED_EDGE ( 'NONE', *, *, #11328, .F. ) ;
#5682 = EDGE_CURVE ( 'NONE', #9720, #4745, #8637, .T. ) ;
#5683 = CARTESIAN_POINT ( 'NONE',  ( 2.190286205994000035, 2.984006880421000041, -8.750573880748998334 ) ) ;
#5684 = ORIENTED_EDGE ( 'NONE', *, *, #10636, .T. ) ;
#5685 = LINE ( 'NONE', #994, #9158 ) ;
#5686 = DIRECTION ( 'NONE',  ( 0.000000000000000000, 0.9763850306004407953, 0.2160376634278763919 ) ) ;
#5687 = CARTESIAN_POINT ( 'NONE',  ( -0.1800000000000000488, 13.01999999999999957, 4.890000000000000568 ) ) ;
#5688 = LINE ( 'NONE', #1823, #5991 ) ;
#5689 = ADVANCED_FACE ( 'NONE', ( #4657 ), #6913, .F. ) ;
#5690 = DIRECTION ( 'NONE',  ( 0.000000000000000000, 0.000000000000000000, 1.000000000000000000 ) ) ;
#5691 = ORIENTED_EDGE ( 'NONE', *, *, #3470, .F. ) ;
#5692 = CARTESIAN_POINT ( 'NONE',  ( 2.185604650951864958, 2.299997961186210915, -8.749991229864493292 ) ) ;
#5693 = EDGE_LOOP ( 'NONE', ( #9115, #9346, #6326, #7819 ) ) ;
#5694 = PLANE ( 'NONE',  #9750 ) ;
#5695 = EDGE_LOOP ( 'NONE', ( #611, #7693, #3671, #709, #3873, #5477 ) ) ;
#5696 = DIRECTION ( 'NONE',  ( 1.000000000000000000, 0.000000000000000000, 0.000000000000000000 ) ) ;
#5697 = LINE ( 'NONE', #6501, #6164 ) ;
#5698 = EDGE_CURVE ( 'NONE', #3869, #10928, #1844, .T. ) ;
#5699 = DIRECTION ( 'NONE',  ( 1.224646799146999945E-16, 0.000000000000000000, 1.000000000000000000 ) ) ;
#5700 = DIRECTION ( 'NONE',  ( 0.000000000000000000, 0.000000000000000000, -1.000000000000000000 ) ) ;
#5701 = CARTESIAN_POINT ( 'NONE',  ( 2.880000000000000338, 15.45000000000000107, 2.370000000000000107 ) ) ;
#5702 = ORIENTED_EDGE ( 'NONE', *, *, #7954, .F. ) ;
#5703 = LINE ( 'NONE', #9512, #8314 ) ;
#5704 = EDGE_CURVE ( 'NONE', #4801, #727, #6581, .T. ) ;
#5705 = EDGE_LOOP ( 'NONE', ( #9210, #11949, #10113, #320 ) ) ;
#5706 = DIRECTION ( 'NONE',  ( 0.000000000000000000, 0.000000000000000000, -1.000000000000000000 ) ) ;
#5707 = CARTESIAN_POINT ( 'NONE',  ( 0.9150000000000000355, 3.000000000000000000, -10.22999999999999865 ) ) ;
#5708 = ORIENTED_EDGE ( 'NONE', *, *, #11244, .T. ) ;
#5709 = CARTESIAN_POINT ( 'NONE',  ( 0.7900000000000000355, 15.79762648660004132, 5.189704678889510703 ) ) ;
#5710 = VERTEX_POINT ( 'NONE', #1904 ) ;
#5711 = LINE ( 'NONE', #6715, #4401 ) ;
#5712 = CARTESIAN_POINT ( 'NONE',  ( 2.185289691999368955, 8.434023580364499395, -7.481848739268263770 ) ) ;
#5713 = VECTOR ( 'NONE', #11359, 1000.000000000000114 ) ;
#5714 = CARTESIAN_POINT ( 'NONE',  ( 0.7900000000000000355, 15.52000000000000135, -4.250000000000000000 ) ) ;
#5715 = CARTESIAN_POINT ( 'NONE',  ( 1.810000000000000053, 15.70000000000003304, -3.661530882015934463 ) ) ;
#5716 = EDGE_CURVE ( 'NONE', #7070, #6858, #2881, .T. ) ;
#5717 = VECTOR ( 'NONE', #4315, 1000.000000000000000 ) ;
#5718 = EDGE_LOOP ( 'NONE', ( #3321, #5633, #7599, #11342 ) ) ;
#5719 = EDGE_CURVE ( 'NONE', #2819, #10322, #9515, .T. ) ;
#5720 = LINE ( 'NONE', #4894, #10897 ) ;
#5721 = VECTOR ( 'NONE', #407, 1000.000000000000114 ) ;
#5722 = EDGE_CURVE ( 'NONE', #1728, #10322, #10029, .T. ) ;
#5723 = ORIENTED_EDGE ( 'NONE', *, *, #10101, .T. ) ;
#5724 = ORIENTED_EDGE ( 'NONE', *, *, #11661, .T. ) ;
#5725 = ORIENTED_EDGE ( 'NONE', *, *, #11260, .F. ) ;
#5726 = CARTESIAN_POINT ( 'NONE',  ( -1.625000000000000000, -3.700000000000000178, -6.209999999999999964 ) ) ;
#5727 = FACE_OUTER_BOUND ( 'NONE', #2770, .T. ) ;
#5728 = CARTESIAN_POINT ( 'NONE',  ( 6.540000000000000036, 0.000000000000000000, 6.740000000000000213 ) ) ;
#5729 = PLANE ( 'NONE',  #1121 ) ;
#5730 = LINE ( 'NONE', #4856, #3166 ) ;
#5731 = VECTOR ( 'NONE', #5888, 1000.000000000000000 ) ;
#5732 = DIRECTION ( 'NONE',  ( -0.9659258262890679791, 0.000000000000000000, 0.2588190451025217387 ) ) ;
#5733 = AXIS2_PLACEMENT_3D ( 'NONE', #7021, #5149, #2388 ) ;
#5734 = DIRECTION ( 'NONE',  ( -0.000000000000000000, -0.000000000000000000, -1.000000000000000000 ) ) ;
#5735 = ORIENTED_EDGE ( 'NONE', *, *, #6118, .F. ) ;
#5736 = ORIENTED_EDGE ( 'NONE', *, *, #9798, .F. ) ;
#5737 = DIRECTION ( 'NONE',  ( -0.1692997943950509676, -0.9593655015712897471, -0.2257330591930679642 ) ) ;
#5738 = ORIENTED_EDGE ( 'NONE', *, *, #3977, .T. ) ;
#5739 = STYLED_ITEM ( 'NONE', ( #11718 ), #7690 ) ;
#5740 = DIRECTION ( 'NONE',  ( 1.224646799146999945E-16, 0.000000000000000000, 1.000000000000000000 ) ) ;
#5741 = VERTEX_POINT ( 'NONE', #5768 ) ;
#5742 = FACE_OUTER_BOUND ( 'NONE', #990, .T. ) ;
#5743 = DIRECTION ( 'NONE',  ( 1.000000000000000000, 0.000000000000000000, 0.000000000000000000 ) ) ;
#5744 = LINE ( 'NONE', #11484, #6330 ) ;
#5745 = EDGE_CURVE ( 'NONE', #5066, #12188, #4393, .T. ) ;
#5746 = VERTEX_POINT ( 'NONE', #3181 ) ;
#5747 = AXIS2_PLACEMENT_3D ( 'NONE', #10036, #1486, #11036 ) ;
#5748 = LINE ( 'NONE', #11434, #9823 ) ;
#5749 = EDGE_CURVE ( 'NONE', #1166, #6831, #3381, .T. ) ;
#5750 = ORIENTED_EDGE ( 'NONE', *, *, #2727, .T. ) ;
#5751 = EDGE_CURVE ( 'NONE', #7403, #3126, #8003, .T. ) ;
#5752 = DIRECTION ( 'NONE',  ( 1.000000000000000000, 0.000000000000000000, 0.000000000000000000 ) ) ;
#5753 = EDGE_LOOP ( 'NONE', ( #7111, #2273, #2857, #1355 ) ) ;
#5754 = DIRECTION ( 'NONE',  ( 0.000000000000000000, 0.9495692212737610882, 0.3135574811889244584 ) ) ;
#5755 = ORIENTED_EDGE ( 'NONE', *, *, #7360, .F. ) ;
#5756 = LINE ( 'NONE', #1189, #7402 ) ;
#5757 = LINE ( 'NONE', #948, #5993 ) ;
#5758 = CARTESIAN_POINT ( 'NONE',  ( 1.250000000000000000, 15.79293969097784966, 5.203898047366450896 ) ) ;
#5759 = AXIS2_PLACEMENT_3D ( 'NONE', #6149, #8838, #10836 ) ;
#5760 = EDGE_CURVE ( 'NONE', #12217, #3254, #4948, .T. ) ;
#5761 = EDGE_CURVE ( 'NONE', #10443, #11428, #3114, .T. ) ;
#5762 = DIRECTION ( 'NONE',  ( 0.000000000000000000, -1.000000000000000000, -9.993466352650292719E-15 ) ) ;
#5763 = ORIENTED_EDGE ( 'NONE', *, *, #2571, .T. ) ;
#5764 = EDGE_CURVE ( 'NONE', #5663, #3801, #1324, .T. ) ;
#5765 = FACE_OUTER_BOUND ( 'NONE', #7723, .T. ) ;
#5766 = ORIENTED_EDGE ( 'NONE', *, *, #10218, .F. ) ;
#5767 = DIRECTION ( 'NONE',  ( -1.224646799146999945E-16, 0.000000000000000000, -1.000000000000000000 ) ) ;
#5768 = CARTESIAN_POINT ( 'NONE',  ( 0.2300000000000000100, 15.52000000000000135, -4.250000000000000000 ) ) ;
#5769 = EDGE_LOOP ( 'NONE', ( #1714, #6720, #7277, #12278 ) ) ;
#5770 = CARTESIAN_POINT ( 'NONE',  ( -4.879999999999999893, 13.02999999999999936, 10.35999999999999943 ) ) ;
#5771 = ORIENTED_EDGE ( 'NONE', *, *, #10257, .T. ) ;
#5772 = DIRECTION ( 'NONE',  ( 0.000000000000000000, -0.9086141679698426232, 0.4176365570259273907 ) ) ;
#5773 = FACE_OUTER_BOUND ( 'NONE', #12266, .T. ) ;
#5774 = CARTESIAN_POINT ( 'NONE',  ( -4.879999999999999893, 8.000000000000000000, 10.33999999999999986 ) ) ;
#5775 = DIRECTION ( 'NONE',  ( 0.000000000000000000, 0.9495692212737610882, 0.3135574811889244584 ) ) ;
#5776 = CIRCLE ( 'NONE', #12152, 0.1399999999999985978 ) ;
#5777 = VECTOR ( 'NONE', #8255, 1000.000000000000000 ) ;
#5778 = EDGE_LOOP ( 'NONE', ( #8667, #1613, #11117, #11709, #12132, #8273, #3052, #8572 ) ) ;
#5779 = DIRECTION ( 'NONE',  ( -0.000000000000000000, 1.000000000000000000, 0.000000000000000000 ) ) ;
#5780 = VERTEX_POINT ( 'NONE', #3056 ) ;
#5781 = ORIENTED_EDGE ( 'NONE', *, *, #1558, .T. ) ;
#5782 = EDGE_CURVE ( 'NONE', #7154, #4150, #1207, .T. ) ;
#5783 = VECTOR ( 'NONE', #8158, 999.9999999999998863 ) ;
#5784 = VERTEX_POINT ( 'NONE', #5082 ) ;
#5785 = VECTOR ( 'NONE', #2883, 1000.000000000000000 ) ;
#5786 = DIRECTION ( 'NONE',  ( 0.000000000000000000, -0.9740264650302331573, -0.2264341966680560869 ) ) ;
#5787 = CARTESIAN_POINT ( 'NONE',  ( -0.2300000000000000100, 15.69999999999999929, -0.3649999999999998801 ) ) ;
#5788 = CARTESIAN_POINT ( 'NONE',  ( -5.079999999999999183, -0.7200000000000001954, 1.273734666247000158 ) ) ;
#5789 = CARTESIAN_POINT ( 'NONE',  ( -0.9100961946759337229, 2.984790262930260063, -8.750000000000000000 ) ) ;
#5790 = EDGE_CURVE ( 'NONE', #2511, #6785, #9967, .T. ) ;
#5791 = ADVANCED_FACE ( 'NONE', ( #8814 ), #6949, .F. ) ;
#5792 = CARTESIAN_POINT ( 'NONE',  ( -4.819999999999999396, -3.500000000000000000, 1.273734666246999936 ) ) ;
#5793 = VECTOR ( 'NONE', #4226, 1000.000000000000000 ) ;
#5794 = VECTOR ( 'NONE', #2643, 1000.000000000000114 ) ;
#5795 = AXIS2_PLACEMENT_3D ( 'NONE', #10932, #9197, #2496 ) ;
#5796 = FACE_OUTER_BOUND ( 'NONE', #3001, .T. ) ;
#5797 = ORIENTED_EDGE ( 'NONE', *, *, #9914, .T. ) ;
#5798 = VERTEX_POINT ( 'NONE', #7938 ) ;
#5799 = DIRECTION ( 'NONE',  ( 1.000000000000000000, 0.000000000000000000, 0.000000000000000000 ) ) ;
#5800 = ORIENTED_EDGE ( 'NONE', *, *, #2383, .F. ) ;
#5801 = LINE ( 'NONE', #6090, #8223 ) ;
#5802 = VERTEX_POINT ( 'NONE', #8872 ) ;
#5803 = FACE_OUTER_BOUND ( 'NONE', #2258, .T. ) ;
#5804 = CARTESIAN_POINT ( 'NONE',  ( -1.250000000000000000, 15.80000000000000071, -4.234997608641000610 ) ) ;
#5805 = VECTOR ( 'NONE', #6272, 1000.000000000000000 ) ;
#5806 = AXIS2_PLACEMENT_3D ( 'NONE', #2987, #9739, #6876 ) ;
#5807 = LINE ( 'NONE', #12241, #8535 ) ;
#5808 = DIRECTION ( 'NONE',  ( 1.000000000000000000, 0.000000000000000000, 0.000000000000000000 ) ) ;
#5809 = ADVANCED_FACE ( 'NONE', ( #7010 ), #8750, .T. ) ;
#5810 = AXIS2_PLACEMENT_3D ( 'NONE', #8359, #2607, #685 ) ;
#5811 = CARTESIAN_POINT ( 'NONE',  ( -5.080000000000000071, -1.639999999999999902, 0.000000000000000000 ) ) ;
#5812 = ORIENTED_EDGE ( 'NONE', *, *, #817, .T. ) ;
#5813 = DIRECTION ( 'NONE',  ( -1.000000000000000000, 0.000000000000000000, 0.000000000000000000 ) ) ;
#5814 = ORIENTED_EDGE ( 'NONE', *, *, #5820, .F. ) ;
#5815 = CARTESIAN_POINT ( 'NONE',  ( 5.599999999999999645, -1.639999999999999902, 1.245833054627000003 ) ) ;
#5816 = ORIENTED_EDGE ( 'NONE', *, *, #8820, .F. ) ;
#5817 = PLANE ( 'NONE',  #9407 ) ;
#5818 = LINE ( 'NONE', #10617, #2404 ) ;
#5819 = LINE ( 'NONE', #12255, #1981 ) ;
#5820 = EDGE_CURVE ( 'NONE', #6961, #11828, #3000, .T. ) ;
#5821 = EDGE_CURVE ( 'NONE', #4932, #1659, #199, .T. ) ;
#5822 =( BOUNDED_SURFACE ( )  B_SPLINE_SURFACE ( 1, 3, ( 
 ( #3948, #7760, #1147, #3063 ),
 ( #4956, #11639, #6892, #10689 ),
 ( #2139, #5950, #5026, #8822 ),
 ( #1519, #3378, #7144, #4261 ) ),
 .UNSPECIFIED., .F., .F., .F. ) 
 B_SPLINE_SURFACE_WITH_KNOTS ( ( 2, 1, 1, 2 ),
 ( 4, 4 ),
 ( -0.02500739584297058046, -0.01862944908876686123, 0.000000000000000000, 1.000000000000000000 ),
 ( 0.000000000000000000, 1.000000000000000000 ),
 .UNSPECIFIED. ) 
 GEOMETRIC_REPRESENTATION_ITEM ( )  RATIONAL_B_SPLINE_SURFACE ( (
 ( 1.000000000000000000, 0.9975891528765931104, 0.9975891528765931104, 1.000000000000000000),
 ( 1.000000000000000000, 0.9975891528765931104, 0.9975891528765931104, 1.000000000000000000),
 ( 1.000000000000000000, 0.9975891528765931104, 0.9975891528765931104, 1.000000000000000000),
 ( 1.000000000000000000, 0.9975891528765931104, 0.9975891528765931104, 1.000000000000000000) ) ) 
 REPRESENTATION_ITEM ( '' )  SURFACE ( )  );
#5823 = LINE ( 'NONE', #8865, #6509 ) ;
#5824 = ORIENTED_EDGE ( 'NONE', *, *, #4660, .T. ) ;
#5825 = PLANE ( 'NONE',  #5926 ) ;
#5826 = EDGE_LOOP ( 'NONE', ( #5108, #2454, #7613, #6067, #2616, #9674 ) ) ;
#5827 = CARTESIAN_POINT ( 'NONE',  ( -1.625000000000000000, 7.058817561802944063, -10.22999999999999865 ) ) ;
#5828 = DIRECTION ( 'NONE',  ( 5.421010862429298840E-20, -0.9740264650302337124, -0.2264341966680544216 ) ) ;
#5829 = ORIENTED_EDGE ( 'NONE', *, *, #6640, .F. ) ;
#5830 = CARTESIAN_POINT ( 'NONE',  ( -5.470291799390337495, -3.256694601349561680, -1.273734666246999936 ) ) ;
#5831 = EDGE_CURVE ( 'NONE', #2793, #5617, #4185, .T. ) ;
#5832 = EDGE_CURVE ( 'NONE', #3784, #1311, #10812, .T. ) ;
#5833 = AXIS2_PLACEMENT_3D ( 'NONE', #4048, #2297, #246 ) ;
#5834 = EDGE_CURVE ( 'NONE', #2391, #8247, #7774, .T. ) ;
#5835 = ORIENTED_EDGE ( 'NONE', *, *, #2981, .F. ) ;
#5836 = LINE ( 'NONE', #4838, #10964 ) ;
#5837 = FACE_OUTER_BOUND ( 'NONE', #9327, .T. ) ;
#5838 = CARTESIAN_POINT ( 'NONE',  ( -0.7900000000000000355, 15.79293969097784966, 5.203898047366450896 ) ) ;
#5839 = EDGE_CURVE ( 'NONE', #11428, #8208, #2075, .T. ) ;
#5840 = AXIS2_PLACEMENT_3D ( 'NONE', #6990, #10666, #3925 ) ;
#5841 = ORIENTED_EDGE ( 'NONE', *, *, #7279, .T. ) ;
#5842 = DIRECTION ( 'NONE',  ( 0.000000000000000000, 0.000000000000000000, 1.000000000000000000 ) ) ;
#5843 = ORIENTED_EDGE ( 'NONE', *, *, #817, .F. ) ;
#5844 = FACE_OUTER_BOUND ( 'NONE', #10762, .T. ) ;
#5845 = ORIENTED_EDGE ( 'NONE', *, *, #2463, .F. ) ;
#5846 = ORIENTED_EDGE ( 'NONE', *, *, #9457, .F. ) ;
#5847 = FACE_OUTER_BOUND ( 'NONE', #9208, .T. ) ;
#5848 = DIRECTION ( 'NONE',  ( 0.000000000000000000, 0.000000000000000000, 1.000000000000000000 ) ) ;
#5849 = LINE ( 'NONE', #1043, #928 ) ;
#5850 = DIRECTION ( 'NONE',  ( -0.000000000000000000, -0.000000000000000000, -1.000000000000000000 ) ) ;
#5851 = FACE_OUTER_BOUND ( 'NONE', #6202, .T. ) ;
#5852 = EDGE_CURVE ( 'NONE', #1878, #1367, #2313, .T. ) ;
#5853 = FACE_OUTER_BOUND ( 'NONE', #550, .T. ) ;
#5854 = CARTESIAN_POINT ( 'NONE',  ( 5.527325384929412166, 1.100000000000000089, -1.273734666247000602 ) ) ;
#5855 = VERTEX_POINT ( 'NONE', #12064 ) ;
#5856 = ORIENTED_EDGE ( 'NONE', *, *, #2642, .T. ) ;
#5857 = EDGE_CURVE ( 'NONE', #2387, #11571, #3281, .T. ) ;
#5858 = CARTESIAN_POINT ( 'NONE',  ( -0.3499999999999999778, 3.000000000000000000, -8.750000000000000000 ) ) ;
#5859 = VERTEX_POINT ( 'NONE', #11064 ) ;
#5860 = DIRECTION ( 'NONE',  ( -1.000000000000000000, 0.000000000000000000, 0.000000000000000000 ) ) ;
#5861 = VERTEX_POINT ( 'NONE', #4254 ) ;
#5862 = DIRECTION ( 'NONE',  ( 0.000000000000000000, 0.000000000000000000, 1.000000000000000000 ) ) ;
#5863 = CARTESIAN_POINT ( 'NONE',  ( -2.185000000000000053, 1.100000000000000089, -10.22999999999999865 ) ) ;
#5864 = CARTESIAN_POINT ( 'NONE',  ( 3.600000000000000089, 17.20305996035699891, 2.310121407334000398 ) ) ;
#5865 = PLANE ( 'NONE',  #10983 ) ;
#5866 = DIRECTION ( 'NONE',  ( 0.000000000000000000, -1.000000000000000000, 0.000000000000000000 ) ) ;
#5867 = EDGE_CURVE ( 'NONE', #1659, #2076, #2373, .T. ) ;
#5868 = VERTEX_POINT ( 'NONE', #11191 ) ;
#5869 = DIRECTION ( 'NONE',  ( 0.000000000000000000, 0.000000000000000000, 1.000000000000000000 ) ) ;
#5870 = ORIENTED_EDGE ( 'NONE', *, *, #5369, .F. ) ;
#5871 = CARTESIAN_POINT ( 'NONE',  ( 0.7900000000000000355, 9.100370677103635231, -6.209999999999999964 ) ) ;
#5872 = VERTEX_POINT ( 'NONE', #447 ) ;
#5873 = DIRECTION ( 'NONE',  ( -1.000000000000000000, 0.000000000000000000, 0.000000000000000000 ) ) ;
#5874 = VECTOR ( 'NONE', #11129, 1000.000000000000000 ) ;
#5875 = DIRECTION ( 'NONE',  ( 0.000000000000000000, 0.9763850306004407953, 0.2160376634278763919 ) ) ;
#5876 = DIRECTION ( 'NONE',  ( 0.000000000000000000, 0.000000000000000000, 1.000000000000000000 ) ) ;
#5877 = DIRECTION ( 'NONE',  ( -0.9999590792420750551, -0.009046537533294681313, 0.000000000000000000 ) ) ;
#5878 = CARTESIAN_POINT ( 'NONE',  ( 1.625605804978931923, 2.299740521040280594, -8.748883828601842438 ) ) ;
#5879 = ORIENTED_EDGE ( 'NONE', *, *, #2536, .F. ) ;
#5880 = CARTESIAN_POINT ( 'NONE',  ( -5.079999999999999183, -0.4600000000000000200, 1.324726386843241066 ) ) ;
#5881 = ORIENTED_EDGE ( 'NONE', *, *, #6276, .T. ) ;
#5882 = CARTESIAN_POINT ( 'NONE',  ( 1.250000000000000000, 14.06939833831600062, -6.213385438909000413 ) ) ;
#5883 = CARTESIAN_POINT ( 'NONE',  ( 7.900000000000000355, 13.15000000000000036, 8.789999999999999147 ) ) ;
#5884 = ORIENTED_EDGE ( 'NONE', *, *, #12289, .F. ) ;
#5885 = DIRECTION ( 'NONE',  ( 0.000000000000000000, -1.000000000000000000, 0.000000000000000000 ) ) ;
#5886 = CARTESIAN_POINT ( 'NONE',  ( -2.220000000000000195, 13.05000000000000071, 4.890000000000000568 ) ) ;
#5887 = LINE ( 'NONE', #1146, #9770 ) ;
#5888 = DIRECTION ( 'NONE',  ( 0.000000000000000000, 0.000000000000000000, -1.000000000000000000 ) ) ;
#5889 = PLANE ( 'NONE',  #5360 ) ;
#5890 = EDGE_CURVE ( 'NONE', #5436, #5798, #8061, .T. ) ;
#5891 = EDGE_CURVE ( 'NONE', #12035, #5861, #7200, .T. ) ;
#5892 = ORIENTED_EDGE ( 'NONE', *, *, #6825, .T. ) ;
#5893 = FACE_OUTER_BOUND ( 'NONE', #61, .T. ) ;
#5894 = ORIENTED_EDGE ( 'NONE', *, *, #3259, .F. ) ;
#5895 = FACE_OUTER_BOUND ( 'NONE', #8482, .T. ) ;
#5896 = ORIENTED_EDGE ( 'NONE', *, *, #11330, .F. ) ;
#5897 = ADVANCED_FACE ( 'NONE', ( #6316 ), #7264, .F. ) ;
#5898 = EDGE_CURVE ( 'NONE', #12044, #4023, #6191, .T. ) ;
#5899 = ORIENTED_EDGE ( 'NONE', *, *, #3727, .T. ) ;
#5900 = DIRECTION ( 'NONE',  ( 0.000000000000000000, 0.4176365570259273907, 0.9086141679698426232 ) ) ;
#5901 = DIRECTION ( 'NONE',  ( 0.000000000000000000, -0.9381440673623766546, 0.3462451571831385855 ) ) ;
#5902 = CARTESIAN_POINT ( 'NONE',  ( -0.9150000000000000355, 3.000000000000000000, -8.750000000000000000 ) ) ;
#5903 = CARTESIAN_POINT ( 'NONE',  ( 5.599999999999999645, 1.100000000000000089, -10.22999999999999865 ) ) ;
#5904 = LINE ( 'NONE', #1045, #5381 ) ;
#5905 = CIRCLE ( 'NONE', #2317, 0.2599999999999997868 ) ;
#5906 = EDGE_CURVE ( 'NONE', #11600, #11176, #3983, .T. ) ;
#5907 = CIRCLE ( 'NONE', #2706, 0.1399999999999995415 ) ;
#5908 = ADVANCED_FACE ( 'NONE', ( #11126 ), #10001, .T. ) ;
#5909 = PLANE ( 'NONE',  #7118 ) ;
#5910 = ORIENTED_EDGE ( 'NONE', *, *, #12327, .T. ) ;
#5911 = EDGE_CURVE ( 'NONE', #11617, #5588, #9065, .T. ) ;
#5912 = ORIENTED_EDGE ( 'NONE', *, *, #6823, .F. ) ;
#5913 = CARTESIAN_POINT ( 'NONE',  ( -0.2300000000000000100, 15.11416361098900119, -6.104208234257000321 ) ) ;
#5914 = VERTEX_POINT ( 'NONE', #503 ) ;
#5915 = CARTESIAN_POINT ( 'NONE',  ( -0.2300000000000000100, 14.52999999999999936, -6.299999999999999822 ) ) ;
#5916 = ORIENTED_EDGE ( 'NONE', *, *, #11505, .F. ) ;
#5917 = CARTESIAN_POINT ( 'NONE',  ( -4.819999999999999396, -1.639999999999999902, -1.324726386844000015 ) ) ;
#5918 = ADVANCED_FACE ( 'NONE', ( #693 ), #4312, .T. ) ;
#5919 = DIRECTION ( 'NONE',  ( 0.000000000000000000, -9.255439220693158304E-07, -0.9999999999995716760 ) ) ;
#5920 = AXIS2_PLACEMENT_3D ( 'NONE', #5087, #8879, #1332 ) ;
#5921 = DIRECTION ( 'NONE',  ( 0.000000000000000000, 0.9495692212737610882, 0.3135574811889244584 ) ) ;
#5922 = VECTOR ( 'NONE', #7608, 1000.000000000000000 ) ;
#5923 = LINE ( 'NONE', #5864, #10323 ) ;
#5924 = CARTESIAN_POINT ( 'NONE',  ( -0.7900000000000000355, 15.80000000000000071, 5.159999999999999254 ) ) ;
#5925 = AXIS2_PLACEMENT_3D ( 'NONE', #802, #11292, #6551 ) ;
#5926 = AXIS2_PLACEMENT_3D ( 'NONE', #1076, #2689, #5648 ) ;
#5927 = CARTESIAN_POINT ( 'NONE',  ( 2.220000000000000195, 1.840000000000000080, 10.35999999999999943 ) ) ;
#5928 = ORIENTED_EDGE ( 'NONE', *, *, #4316, .F. ) ;
#5929 = VERTEX_POINT ( 'NONE', #4506 ) ;
#5930 = CARTESIAN_POINT ( 'NONE',  ( 0.2300000000000000100, 15.52000000000000135, 5.159999999999999254 ) ) ;
#5931 = ORIENTED_EDGE ( 'NONE', *, *, #4423, .T. ) ;
#5932 = PLANE ( 'NONE',  #9592 ) ;
#5933 = CARTESIAN_POINT ( 'NONE',  ( 1.804999999999999938, 15.52000012041266608, -4.249816382101536227 ) ) ;
#5934 = LINE ( 'NONE', #8861, #2015 ) ;
#5935 = AXIS2_PLACEMENT_3D ( 'NONE', #1909, #6935, #6112 ) ;
#5936 = CARTESIAN_POINT ( 'NONE',  ( -0.2350000000000000144, 15.80000000000000071, 5.159999999999999254 ) ) ;
#5937 = EDGE_CURVE ( 'NONE', #3229, #7512, #6257, .T. ) ;
#5938 = EDGE_CURVE ( 'NONE', #10799, #124, #7191, .T. ) ;
#5939 = DIRECTION ( 'NONE',  ( -1.110223024624999878E-16, -1.000000000000000000, 0.000000000000000000 ) ) ;
#5940 = ORIENTED_EDGE ( 'NONE', *, *, #9982, .T. ) ;
#5941 = CARTESIAN_POINT ( 'NONE',  ( -1.250000000000000000, 14.09462133319000010, -6.209999999999999964 ) ) ;
#5942 = ORIENTED_EDGE ( 'NONE', *, *, #3280, .F. ) ;
#5943 = CARTESIAN_POINT ( 'NONE',  ( 4.535627368713016416, -3.166673025795313734, -1.248528969941139044 ) ) ;
#5944 = CARTESIAN_POINT ( 'NONE',  ( 5.599999999999999645, -1.639999999999999902, -1.245833054627000003 ) ) ;
#5945 = ORIENTED_EDGE ( 'NONE', *, *, #11445, .T. ) ;
#5946 = FACE_OUTER_BOUND ( 'NONE', #10728, .T. ) ;
#5947 = LINE ( 'NONE', #9756, #1087 ) ;
#5948 = AXIS2_PLACEMENT_3D ( 'NONE', #8267, #713, #2758 ) ;
#5949 = CARTESIAN_POINT ( 'NONE',  ( -2.220000000000000195, 13.08000000000000007, 6.119999999999999218 ) ) ;
#5950 = CARTESIAN_POINT ( 'NONE',  ( -0.9098440892198904617, 8.405577439985236765, -7.498307091837308036 ) ) ;
#5951 = CARTESIAN_POINT ( 'NONE',  ( 1.245000000000000107, 14.06939833831600062, -6.213385438909000413 ) ) ;
#5952 = ORIENTED_EDGE ( 'NONE', *, *, #11472, .T. ) ;
#5953 = VECTOR ( 'NONE', #4409, 1000.000000000000114 ) ;
#5954 = CARTESIAN_POINT ( 'NONE',  ( -4.859999999999999432, 14.00000000000000000, -6.007032967033000048 ) ) ;
#5955 = ORIENTED_EDGE ( 'NONE', *, *, #718, .F. ) ;
#5956 = DIRECTION ( 'NONE',  ( 1.000000000000000000, 0.000000000000000000, -1.224646799146999945E-16 ) ) ;
#5957 = EDGE_LOOP ( 'NONE', ( #854, #12280, #6171, #5133 ) ) ;
#5958 = ORIENTED_EDGE ( 'NONE', *, *, #9494, .F. ) ;
#5959 = ORIENTED_EDGE ( 'NONE', *, *, #3459, .F. ) ;
#5960 = CARTESIAN_POINT ( 'NONE',  ( 1.243273433686815643, 9.019459982895105199, -7.332865683238179777 ) ) ;
#5961 = CARTESIAN_POINT ( 'NONE',  ( 5.079999999999999183, -0.7200000000000000844, -1.273734666246999936 ) ) ;
#5962 =( BOUNDED_SURFACE ( )  B_SPLINE_SURFACE ( 1, 3, ( 
 ( #91, #10577, #2083, #5838 ),
 ( #7649, #10404, #2889, #5662 ) ),
 .UNSPECIFIED., .F., .F., .F. ) 
 B_SPLINE_SURFACE_WITH_KNOTS ( ( 2, 2 ),
 ( 4, 4 ),
 ( 0.000000000000000000, 1.000000000000000000 ),
 ( 0.000000000000000000, 1.000000000000000000 ),
 .UNSPECIFIED. ) 
 GEOMETRIC_REPRESENTATION_ITEM ( )  RATIONAL_B_SPLINE_SURFACE ( (
 ( 1.000000000000000000, 0.9915412068257637435, 0.9915412068257637435, 1.000000000000000000),
 ( 1.000000000000000000, 0.9915412068257637435, 0.9915412068257637435, 1.000000000000000000) ) ) 
 REPRESENTATION_ITEM ( '' )  SURFACE ( )  );
#5963 = LINE ( 'NONE', #10891, #6937 ) ;
#5964 = VECTOR ( 'NONE', #6042, 1000.000000000000000 ) ;
#5965 = CARTESIAN_POINT ( 'NONE',  ( 0.7900000000000000355, 15.52330609571596121, -4.280245272880009111 ) ) ;
#5966 = CARTESIAN_POINT ( 'NONE',  ( -2.185000000000000053, 3.000000000000000000, -6.209999999999999964 ) ) ;
#5967 = VECTOR ( 'NONE', #10352, 1000.000000000000000 ) ;
#5968 = ADVANCED_FACE ( 'NONE', ( #1512 ), #567, .F. ) ;
#5969 = VECTOR ( 'NONE', #11608, 1000.000000000000000 ) ;
#5970 = ADVANCED_FACE ( 'NONE', ( #12001 ), #3560, .F. ) ;
#5971 = CARTESIAN_POINT ( 'NONE',  ( 8.751918340712878219, 15.69999999999999929, -0.3649999999999998801 ) ) ;
#5972 = CIRCLE ( 'NONE', #2181, 1.300000000000000044 ) ;
#5973 = ORIENTED_EDGE ( 'NONE', *, *, #4837, .F. ) ;
#5974 = AXIS2_PLACEMENT_3D ( 'NONE', #1846, #3767, #4714 ) ;
#5975 = EDGE_LOOP ( 'NONE', ( #12360, #1281, #5152, #1768, #11738, #151, #5488, #10390, #9706, #4461, #4086, #3366, #5846, #9844, #1751, #11710 ) ) ;
#5976 = LINE ( 'NONE', #11712, #6717 ) ;
#5977 = CARTESIAN_POINT ( 'NONE',  ( 1.244857036868509903, 9.023246513542110492, -7.343720558298032053 ) ) ;
#5978 = EDGE_LOOP ( 'NONE', ( #5068, #10525, #9481, #5708, #4323, #9110 ) ) ;
#5979 = DIRECTION ( 'NONE',  ( 0.000000000000000000, 0.000000000000000000, 1.000000000000000000 ) ) ;
#5980 = DIRECTION ( 'NONE',  ( -1.000000000000000000, 0.000000000000000000, 0.000000000000000000 ) ) ;
#5981 = ADVANCED_FACE ( 'NONE', ( #1647 ), #4449, .F. ) ;
#5982 = ADVANCED_FACE ( 'NONE', ( #7560 ), #10495, .F. ) ;
#5983 = DIRECTION ( 'NONE',  ( -1.000000000000000000, -0.000000000000000000, -0.000000000000000000 ) ) ;
#5984 = ADVANCED_FACE ( 'NONE', ( #6757 ), #943, .T. ) ;
#5985 = LINE ( 'NONE', #11544, #1149 ) ;
#5986 = LINE ( 'NONE', #3980, #1826 ) ;
#5987 = VECTOR ( 'NONE', #9474, 1000.000000000000000 ) ;
#5988 = VECTOR ( 'NONE', #8583, 1000.000000000000000 ) ;
#5989 = VECTOR ( 'NONE', #5828, 999.9999999999998863 ) ;
#5990 = PLANE ( 'NONE',  #6016 ) ;
#5991 = VECTOR ( 'NONE', #2801, 1000.000000000000114 ) ;
#5992 = VERTEX_POINT ( 'NONE', #7629 ) ;
#5993 = VECTOR ( 'NONE', #4645, 1000.000000000000000 ) ;
#5994 = FILL_AREA_STYLE_COLOUR ( '', #58 ) ;
#5995 = ORIENTED_EDGE ( 'NONE', *, *, #554, .T. ) ;
#5996 = AXIS2_PLACEMENT_3D ( 'NONE', #8623, #821, #5754 ) ;
#5997 = CARTESIAN_POINT ( 'NONE',  ( 0.2300000000000000100, 15.21049096661799993, -5.620000000000000107 ) ) ;
#5998 = VERTEX_POINT ( 'NONE', #11379 ) ;
#5999 = DIRECTION ( 'NONE',  ( 0.000000000000000000, 1.000000000000000000, 0.000000000000000000 ) ) ;
#6000 = DIRECTION ( 'NONE',  ( -0.000000000000000000, 1.000000000000000000, 0.000000000000000000 ) ) ;
#6001 = CARTESIAN_POINT ( 'NONE',  ( 4.859999999999999432, 13.95000000000000107, -6.040000000000000036 ) ) ;
#6002 = DIRECTION ( 'NONE',  ( 1.000000000000000000, 0.000000000000000000, 0.000000000000000000 ) ) ;
#6003 = DIRECTION ( 'NONE',  ( 0.000000000000000000, 0.9763850306004407953, 0.2160376634278763919 ) ) ;
#6004 = AXIS2_PLACEMENT_3D ( 'NONE', #2797, #7370, #876 ) ;
#6005 = CARTESIAN_POINT ( 'NONE',  ( -1.810000000000000053, 15.52330609571596121, -4.280245272880009111 ) ) ;
#6006 = EDGE_LOOP ( 'NONE', ( #10294, #4078, #11810, #8165 ) ) ;
#6007 = CARTESIAN_POINT ( 'NONE',  ( -1.289051144925000170, 8.966174887680001149, -6.490000000000000213 ) ) ;
#6008 = VERTEX_POINT ( 'NONE', #1950 ) ;
#6009 = DIRECTION ( 'NONE',  ( 0.000000000000000000, 0.000000000000000000, 1.000000000000000000 ) ) ;
#6010 = CARTESIAN_POINT ( 'NONE',  ( 4.684071175070939397, -3.321765743776065705, -1.273734666246999936 ) ) ;
#6011 = ORIENTED_EDGE ( 'NONE', *, *, #4476, .T. ) ;
#6012 = LINE ( 'NONE', #1025, #592 ) ;
#6013 = ADVANCED_FACE ( 'NONE', ( #6698 ), #10552, .T. ) ;
#6014 = DIRECTION ( 'NONE',  ( 0.000000000000000000, -0.9381440673623766546, 0.3462451571831385855 ) ) ;
#6015 = CARTESIAN_POINT ( 'NONE',  ( 0.05841025474852008098, 2.299011246997967550, -9.025746792642049598 ) ) ;
#6016 = AXIS2_PLACEMENT_3D ( 'NONE', #9797, #1253, #5060 ) ;
#6017 = CARTESIAN_POINT ( 'NONE',  ( -0.2300000000000000100, 15.69999999999999929, -4.640765441007999925 ) ) ;
#6018 = CARTESIAN_POINT ( 'NONE',  ( 0.7900000000000000355, 9.377205983516001098, -3.778469117984000203 ) ) ;
#6019 = ORIENTED_EDGE ( 'NONE', *, *, #1109, .T. ) ;
#6020 = LINE ( 'NONE', #4075, #336 ) ;
#6021 = VECTOR ( 'NONE', #652, 1000.000000000000000 ) ;
#6022 = ORIENTED_EDGE ( 'NONE', *, *, #4258, .F. ) ;
#6023 = ORIENTED_EDGE ( 'NONE', *, *, #5359, .T. ) ;
#6024 = ORIENTED_EDGE ( 'NONE', *, *, #7840, .T. ) ;
#6025 = EDGE_CURVE ( 'NONE', #1372, #9664, #9191, .T. ) ;
#6026 = ORIENTED_EDGE ( 'NONE', *, *, #3878, .F. ) ;
#6027 = LINE ( 'NONE', #9838, #2349 ) ;
#6028 = CARTESIAN_POINT ( 'NONE',  ( -5.070000000000000284, 1.100000000000000089, -3.559999999999999609 ) ) ;
#6029 = CARTESIAN_POINT ( 'NONE',  ( 0.2300000000000000100, 14.00000000000000000, -7.014234558991999435 ) ) ;
#6030 = B_SPLINE_CURVE_WITH_KNOTS ( 'NONE', 3,
 ( #11231, #8416, #6481, #1743 ),
 .UNSPECIFIED., .F., .F.,
 ( 4, 4 ),
 ( 0.0002744793010256174636, 0.0005135338022357688543 ),
 .UNSPECIFIED. ) ;
#6031 = CARTESIAN_POINT ( 'NONE',  ( 5.339999999999998970, -3.600000000000000089, -1.800000000000000044 ) ) ;
#6032 = LINE ( 'NONE', #9895, #1171 ) ;
#6033 = VECTOR ( 'NONE', #10916, 1000.000000000000000 ) ;
#6034 = VECTOR ( 'NONE', #9686, 1000.000000000000000 ) ;
#6035 = DIRECTION ( 'NONE',  ( 0.000000000000000000, 0.000000000000000000, -1.000000000000000000 ) ) ;
#6036 = VERTEX_POINT ( 'NONE', #3750 ) ;
#6037 = VERTEX_POINT ( 'NONE', #12187 ) ;
#6038 = DIRECTION ( 'NONE',  ( 0.000000000000000000, 1.000000000000000000, 0.000000000000000000 ) ) ;
#6039 = AXIS2_PLACEMENT_3D ( 'NONE', #1777, #4654, #12201 ) ;
#6040 = LINE ( 'NONE', #2103, #2051 ) ;
#6041 = EDGE_LOOP ( 'NONE', ( #8885, #7457, #7398, #2774 ) ) ;
#6042 = DIRECTION ( 'NONE',  ( -0.000000000000000000, -1.000000000000000000, -0.000000000000000000 ) ) ;
#6043 = CARTESIAN_POINT ( 'NONE',  ( -5.339999999999998970, -0.7200000000000001954, -1.273734666247000158 ) ) ;
#6044 = EDGE_CURVE ( 'NONE', #11678, #788, #8496, .T. ) ;
#6045 = LINE ( 'NONE', #422, #968 ) ;
#6046 = LINE ( 'NONE', #3222, #7140 ) ;
#6047 = CARTESIAN_POINT ( 'NONE',  ( -3.895000000000000018, 1.100000000000000089, -6.209999999999999964 ) ) ;
#6048 = EDGE_CURVE ( 'NONE', #6499, #10168, #5500, .T. ) ;
#6049 = EDGE_CURVE ( 'NONE', #1522, #11223, #8, .T. ) ;
#6050 = DIRECTION ( 'NONE',  ( 0.000000000000000000, 0.000000000000000000, 1.000000000000000000 ) ) ;
#6051 = VERTEX_POINT ( 'NONE', #2810 ) ;
#6052 = LINE ( 'NONE', #9802, #4646 ) ;
#6053 = ORIENTED_EDGE ( 'NONE', *, *, #10056, .T. ) ;
#6054 = DIRECTION ( 'NONE',  ( -1.000000000000000000, 0.000000000000000000, 0.000000000000000000 ) ) ;
#6055 = EDGE_LOOP ( 'NONE', ( #10032, #7630, #3246, #9955 ) ) ;
#6056 = CARTESIAN_POINT ( 'NONE',  ( -1.255000000000000115, 14.11058301933567094, -6.489599425864949644 ) ) ;
#6057 = EDGE_CURVE ( 'NONE', #11917, #5564, #5567, .T. ) ;
#6058 = CARTESIAN_POINT ( 'NONE',  ( 3.971129570381793261, -3.700000000000000178, -1.097272240749140426 ) ) ;
#6059 = LINE ( 'NONE', #2432, #4602 ) ;
#6060 = CARTESIAN_POINT ( 'NONE',  ( -1.810000000000000053, 13.22059501705500217, 5.253684953371999811 ) ) ;
#6061 = FACE_OUTER_BOUND ( 'NONE', #5705, .T. ) ;
#6062 = VERTEX_POINT ( 'NONE', #9560 ) ;
#6063 = CARTESIAN_POINT ( 'NONE',  ( 0.2300000000000000100, 13.48134016943100022, 5.151525677993999963 ) ) ;
#6064 = ORIENTED_EDGE ( 'NONE', *, *, #2776, .T. ) ;
#6065 = DIRECTION ( 'NONE',  ( 1.000000000000000000, 1.928573859431459854E-15, 0.000000000000000000 ) ) ;
#6066 = CARTESIAN_POINT ( 'NONE',  ( 3.500000000000000000, 4.179999999999999716, -5.070000000000000284 ) ) ;
#6067 = ORIENTED_EDGE ( 'NONE', *, *, #7508, .F. ) ;
#6068 = CARTESIAN_POINT ( 'NONE',  ( -0.3549999999999999822, 3.000000000000000000, -8.750000000000000000 ) ) ;
#6069 = CARTESIAN_POINT ( 'NONE',  ( -2.880000000000000338, 15.45000000000000107, 6.119999999999999218 ) ) ;
#6070 = LINE ( 'NONE', #5949, #9181 ) ;
#6071 = DIRECTION ( 'NONE',  ( -1.000000000000000000, 0.000000000000000000, 0.000000000000000000 ) ) ;
#6072 = CARTESIAN_POINT ( 'NONE',  ( -0.9166263085356001206, 8.451745358883686166, -7.766555432657227698 ) ) ;
#6073 = EDGE_LOOP ( 'NONE', ( #6459, #7573, #6602, #3751 ) ) ;
#6074 = DIRECTION ( 'NONE',  ( 0.000000000000000000, 0.000000000000000000, 1.000000000000000000 ) ) ;
#6075 = VERTEX_POINT ( 'NONE', #3872 ) ;
#6076 = DIRECTION ( 'NONE',  ( 1.110223024624999878E-16, 1.000000000000000000, 0.000000000000000000 ) ) ;
#6077 = ORIENTED_EDGE ( 'NONE', *, *, #8740, .F. ) ;
#6078 = EDGE_LOOP ( 'NONE', ( #4340, #3714, #4699, #10758 ) ) ;
#6079 = CARTESIAN_POINT ( 'NONE',  ( 4.629696307968335312, -3.223478441774483283, 1.273734666247454461 ) ) ;
#6080 = LINE ( 'NONE', #6905, #10405 ) ;
#6081 = DIRECTION ( 'NONE',  ( -1.000000000000000000, 0.000000000000000000, 0.000000000000000000 ) ) ;
#6082 = CARTESIAN_POINT ( 'NONE',  ( -2.185000000000000053, 7.058817561802944063, -6.209999999999999964 ) ) ;
#6083 = LINE ( 'NONE', #5160, #3951 ) ;
#6084 = ADVANCED_FACE ( 'NONE', ( #8558 ), #11307, .F. ) ;
#6085 = ADVANCED_FACE ( 'NONE', ( #5637 ), #11439, .T. ) ;
#6086 = VERTEX_POINT ( 'NONE', #11252 ) ;
#6087 = DIRECTION ( 'NONE',  ( 0.000000000000000000, -1.000000000000000000, 0.000000000000000000 ) ) ;
#6088 = VERTEX_POINT ( 'NONE', #4640 ) ;
#6089 = ORIENTED_EDGE ( 'NONE', *, *, #9869, .T. ) ;
#6090 = CARTESIAN_POINT ( 'NONE',  ( -5.339999999999998970, -3.600000000000000089, -1.273734666246999936 ) ) ;
#6091 = ORIENTED_EDGE ( 'NONE', *, *, #1907, .F. ) ;
#6092 = DIRECTION ( 'NONE',  ( 0.000000000000000000, 1.000000000000000000, 0.000000000000000000 ) ) ;
#6093 = CARTESIAN_POINT ( 'NONE',  ( -3.500000000000000000, 4.179999999999999716, 10.35999999999999943 ) ) ;
#6094 = DIRECTION ( 'NONE',  ( 1.000000000000000000, 0.000000000000000000, 0.000000000000000000 ) ) ;
#6095 = DIRECTION ( 'NONE',  ( 0.002048524988061995421, -0.000000000000000000, 0.9999979017704853090 ) ) ;
#6096 = CARTESIAN_POINT ( 'NONE',  ( -5.080000000000000071, -3.500000000000000000, 0.000000000000000000 ) ) ;
#6097 = AXIS2_PLACEMENT_3D ( 'NONE', #10348, #3472, #4547 ) ;
#6098 = CIRCLE ( 'NONE', #5509, 1.870944562245001386 ) ;
#6099 = ORIENTED_EDGE ( 'NONE', *, *, #7745, .F. ) ;
#6100 = VERTEX_POINT ( 'NONE', #1764 ) ;
#6101 = PLANE ( 'NONE',  #7825 ) ;
#6102 = PRESENTATION_LAYER_ASSIGNMENT (  '', '', ( #6722 ) ) ;
#6103 = DIRECTION ( 'NONE',  ( 0.000000000000000000, 0.4176365570259273907, 0.9086141679698426232 ) ) ;
#6104 = EDGE_LOOP ( 'NONE', ( #10019, #3335, #10670, #3269, #10377 ) ) ;
#6105 = VECTOR ( 'NONE', #4149, 1000.000000000000000 ) ;
#6106 = ORIENTED_EDGE ( 'NONE', *, *, #6562, .T. ) ;
#6107 = SURFACE_STYLE_FILL_AREA ( #3041 ) ;
#6108 = ORIENTED_EDGE ( 'NONE', *, *, #4488, .T. ) ;
#6109 = CARTESIAN_POINT ( 'NONE',  ( -0.2349999999999999867, 15.79293969097784966, 5.203898047366450896 ) ) ;
#6110 = ORIENTED_EDGE ( 'NONE', *, *, #5632, .F. ) ;
#6111 = CARTESIAN_POINT ( 'NONE',  ( 3.500000000000000000, 8.000000000000000000, -5.009999999999999787 ) ) ;
#6112 = DIRECTION ( 'NONE',  ( -0.9999996469509474517, -0.0008402963645880849076, 0.000000000000000000 ) ) ;
#6113 = LINE ( 'NONE', #9926, #3185 ) ;
#6114 = DIRECTION ( 'NONE',  ( 0.000000000000000000, 9.993466352650292719E-15, -1.000000000000000000 ) ) ;
#6115 = CARTESIAN_POINT ( 'NONE',  ( -1.250000000000000000, 9.377205983516001098, -3.778469117984000203 ) ) ;
#6116 = VECTOR ( 'NONE', #829, 1000.000000000000000 ) ;
#6117 = AXIS2_PLACEMENT_3D ( 'NONE', #272, #10694, #11752 ) ;
#6118 = EDGE_CURVE ( 'NONE', #4608, #10151, #73, .T. ) ;
#6119 = EDGE_CURVE ( 'NONE', #7512, #5780, #3686, .T. ) ;
#6120 = ORIENTED_EDGE ( 'NONE', *, *, #7739, .T. ) ;
#6121 = DIRECTION ( 'NONE',  ( -0.0006687989162456869224, 0.000000000000000000, 0.9999997763539797413 ) ) ;
#6122 = ORIENTED_EDGE ( 'NONE', *, *, #7050, .F. ) ;
#6123 = CARTESIAN_POINT ( 'NONE',  ( 3.971129570381793261, -2.089999999999999858, -1.097272240749140426 ) ) ;
#6124 = DIRECTION ( 'NONE',  ( 0.000000000000000000, 1.000000000000000000, 0.000000000000000000 ) ) ;
#6125 = EDGE_LOOP ( 'NONE', ( #1566, #10765, #4706, #4641 ) ) ;
#6126 = LINE ( 'NONE', #9130, #1998 ) ;
#6127 = VECTOR ( 'NONE', #8295, 1000.000000000000000 ) ;
#6128 = CARTESIAN_POINT ( 'NONE',  ( -0.3499999999999999778, 3.000000000000000000, -9.029807775661000235 ) ) ;
#6129 = ADVANCED_FACE ( 'NONE', ( #1891 ), #5694, .F. ) ;
#6130 = FACE_OUTER_BOUND ( 'NONE', #9392, .T. ) ;
#6131 = ADVANCED_FACE ( 'NONE', ( #4819 ), #248, .T. ) ;
#6132 = VERTEX_POINT ( 'NONE', #7989 ) ;
#6133 = DIRECTION ( 'NONE',  ( 0.0008402963645893615557, -0.9999996469509474517, 0.000000000000000000 ) ) ;
#6134 = CARTESIAN_POINT ( 'NONE',  ( -0.7250801658153962492, 3.799999999999999378, -8.560355871581478482 ) ) ;
#6135 = ORIENTED_EDGE ( 'NONE', *, *, #4693, .T. ) ;
#6136 = EDGE_CURVE ( 'NONE', #12346, #9224, #182, .T. ) ;
#6137 = ORIENTED_EDGE ( 'NONE', *, *, #9555, .F. ) ;
#6138 = CARTESIAN_POINT ( 'NONE',  ( 1.804999999999999938, 14.08947998063599982, -6.210395812409999827 ) ) ;
#6139 = ORIENTED_EDGE ( 'NONE', *, *, #10095, .T. ) ;
#6140 = CARTESIAN_POINT ( 'NONE',  ( -0.2350000000000000144, 14.13060166168400045, -6.486614561090999764 ) ) ;
#6141 = ORIENTED_EDGE ( 'NONE', *, *, #6358, .F. ) ;
#6142 = VECTOR ( 'NONE', #6850, 1000.000000000000000 ) ;
#6143 = VERTEX_POINT ( 'NONE', #2007 ) ;
#6144 = ORIENTED_EDGE ( 'NONE', *, *, #8145, .F. ) ;
#6145 = CARTESIAN_POINT ( 'NONE',  ( 0.1800000000000000211, 13.05000000000000071, 4.890000000000000568 ) ) ;
#6146 = DIRECTION ( 'NONE',  ( -1.000000000000000000, 0.000000000000000000, 0.000000000000000000 ) ) ;
#6147 = LINE ( 'NONE', #6029, #11012 ) ;
#6148 = DIRECTION ( 'NONE',  ( -1.224646799146796074E-16, 0.2185832977459636339, -0.9758182935088374199 ) ) ;
#6149 = CARTESIAN_POINT ( 'NONE',  ( -0.5100000000000000089, 9.250000000000000000, -3.720000000000000195 ) ) ;
#6150 = AXIS2_PLACEMENT_3D ( 'NONE', #12030, #3462, #6340 ) ;
#6151 = ORIENTED_EDGE ( 'NONE', *, *, #6891, .T. ) ;
#6152 = VECTOR ( 'NONE', #2413, 1000.000000000000000 ) ;
#6153 = DIRECTION ( 'NONE',  ( 0.000000000000000000, 0.000000000000000000, 1.000000000000000000 ) ) ;
#6154 = ORIENTED_EDGE ( 'NONE', *, *, #5414, .F. ) ;
#6155 = ORIENTED_EDGE ( 'NONE', *, *, #3944, .F. ) ;
#6156 = ORIENTED_EDGE ( 'NONE', *, *, #3922, .F. ) ;
#6157 = AXIS2_PLACEMENT_3D ( 'NONE', #9185, #11350, #9060 ) ;
#6158 = DIRECTION ( 'NONE',  ( 0.000000000000000000, 9.993466352650292719E-15, -1.000000000000000000 ) ) ;
#6159 = CARTESIAN_POINT ( 'NONE',  ( -0.3499999999999999778, 3.000000000000000000, -9.639999999999998792 ) ) ;
#6160 = EDGE_CURVE ( 'NONE', #7057, #7785, #6997, .T. ) ;
#6161 = CARTESIAN_POINT ( 'NONE',  ( 1.250000000000000000, 15.69999999999999929, -5.336197087740999656 ) ) ;
#6162 = CARTESIAN_POINT ( 'NONE',  ( -1.250000000000000000, 15.21049096661799993, -5.620000000000000107 ) ) ;
#6163 = DIRECTION ( 'NONE',  ( -1.000000000000000000, 0.000000000000000000, 0.000000000000000000 ) ) ;
#6164 = VECTOR ( 'NONE', #887, 1000.000000000000114 ) ;
#6165 = AXIS2_PLACEMENT_3D ( 'NONE', #539, #6163, #3155 ) ;
#6166 = CIRCLE ( 'NONE', #4383, 1.870944562245001386 ) ;
#6167 = VERTEX_POINT ( 'NONE', #5871 ) ;
#6168 = LINE ( 'NONE', #10044, #3440 ) ;
#6169 = CARTESIAN_POINT ( 'NONE',  ( 0.7900000000000000355, 14.11052001936399947, -6.489604187589999462 ) ) ;
#6170 = ORIENTED_EDGE ( 'NONE', *, *, #10482, .T. ) ;
#6171 = ORIENTED_EDGE ( 'NONE', *, *, #5505, .T. ) ;
#6172 = PLANE ( 'NONE',  #2044 ) ;
#6173 = VERTEX_POINT ( 'NONE', #5997 ) ;
#6174 = CARTESIAN_POINT ( 'NONE',  ( 0.7900000000000000355, 14.09999999999999964, -6.490000000000000213 ) ) ;
#6175 = ORIENTED_EDGE ( 'NONE', *, *, #631, .T. ) ;
#6176 = CIRCLE ( 'NONE', #191, 1.363702780452000107 ) ;
#6177 = EDGE_CURVE ( 'NONE', #402, #2430, #11798, .T. ) ;
#6178 = ORIENTED_EDGE ( 'NONE', *, *, #3567, .T. ) ;
#6179 = AXIS2_PLACEMENT_3D ( 'NONE', #3947, #10461, #1851 ) ;
#6180 = CARTESIAN_POINT ( 'NONE',  ( -0.7900000000000000355, 14.52999999999999936, -6.299999999999999822 ) ) ;
#6181 = CARTESIAN_POINT ( 'NONE',  ( 5.599999999999999645, 1.100000000000000089, -1.245833054626000136 ) ) ;
#6182 = AXIS2_PLACEMENT_3D ( 'NONE', #5518, #5106, #12137 ) ;
#6183 = CARTESIAN_POINT ( 'NONE',  ( -0.2300000000000000100, 13.96993164062500092, -4.623949218749999091 ) ) ;
#6184 = VECTOR ( 'NONE', #6526, 1000.000000000000000 ) ;
#6185 = VECTOR ( 'NONE', #1600, 1000.000000000000000 ) ;
#6186 = VERTEX_POINT ( 'NONE', #6815 ) ;
#6187 = AXIS2_PLACEMENT_3D ( 'NONE', #1879, #927, #1818 ) ;
#6188 = LINE ( 'NONE', #1642, #4843 ) ;
#6189 = ORIENTED_EDGE ( 'NONE', *, *, #11818, .T. ) ;
#6190 = CARTESIAN_POINT ( 'NONE',  ( -4.629696307966639779, -1.639999999999999902, 1.273734666246999936 ) ) ;
#6191 = LINE ( 'NONE', #10125, #6989 ) ;
#6192 = VERTEX_POINT ( 'NONE', #2117 ) ;
#6193 = CARTESIAN_POINT ( 'NONE',  ( -1.814999999999999947, 15.80000000000000071, 5.159999999999999254 ) ) ;
#6194 = FACE_OUTER_BOUND ( 'NONE', #2938, .T. ) ;
#6195 = CIRCLE ( 'NONE', #9981, 1.714203002955001498 ) ;
#6196 = EDGE_CURVE ( 'NONE', #9223, #2358, #5067, .T. ) ;
#6197 = LINE ( 'NONE', #7016, #4604 ) ;
#6198 = AXIS2_PLACEMENT_3D ( 'NONE', #5391, #11257, #9201 ) ;
#6199 = EDGE_CURVE ( 'NONE', #10075, #4961, #5004, .T. ) ;
#6200 = DIRECTION ( 'NONE',  ( 0.000000000000000000, 0.000000000000000000, -1.000000000000000000 ) ) ;
#6201 = CARTESIAN_POINT ( 'NONE',  ( -0.6278195453548761629, 8.451700455994870964, -7.766362278963921284 ) ) ;
#6202 = EDGE_LOOP ( 'NONE', ( #2261, #8654, #4800, #4008 ) ) ;
#6203 = VERTEX_POINT ( 'NONE', #6932 ) ;
#6204 = FACE_OUTER_BOUND ( 'NONE', #9306, .T. ) ;
#6205 = EDGE_CURVE ( 'NONE', #9126, #181, #4404, .T. ) ;
#6206 = VECTOR ( 'NONE', #7488, 1000.000000000000114 ) ;
#6207 = ORIENTED_EDGE ( 'NONE', *, *, #11793, .F. ) ;
#6208 = EDGE_CURVE ( 'NONE', #9631, #10672, #1622, .T. ) ;
#6209 = CARTESIAN_POINT ( 'NONE',  ( 1.245000000000000107, 15.52000000000000135, 5.159999999999999254 ) ) ;
#6210 = ORIENTED_EDGE ( 'NONE', *, *, #952, .F. ) ;
#6211 = ORIENTED_EDGE ( 'NONE', *, *, #5764, .T. ) ;
#6212 = ORIENTED_EDGE ( 'NONE', *, *, #7322, .F. ) ;
#6213 = LINE ( 'NONE', #12210, #4352 ) ;
#6214 = CARTESIAN_POINT ( 'NONE',  ( -1.255000000000000115, 15.79285544331319002, 5.204152363265506231 ) ) ;
#6215 = VECTOR ( 'NONE', #5571, 1000.000000000000000 ) ;
#6216 = EDGE_CURVE ( 'NONE', #1309, #5093, #610, .T. ) ;
#6217 = DIRECTION ( 'NONE',  ( 1.000000000000000000, 0.000000000000000000, 0.000000000000000000 ) ) ;
#6218 = DIRECTION ( 'NONE',  ( -1.000000000000000000, 0.000000000000000000, 1.254994712943147935E-16 ) ) ;
#6219 = CARTESIAN_POINT ( 'NONE',  ( -6.540000000000000036, 16.00000000000000000, 10.33999999999999986 ) ) ;
#6220 = VECTOR ( 'NONE', #1022, 1000.000000000000227 ) ;
#6221 = EDGE_LOOP ( 'NONE', ( #1114, #12262, #8132, #10395, #12282, #379 ) ) ;
#6222 = LINE ( 'NONE', #10031, #6105 ) ;
#6223 =( BOUNDED_CURVE ( )  B_SPLINE_CURVE ( 3, ( #7704, #2082, #10576, #9696 ),
 .UNSPECIFIED., .F., .F. ) 
 B_SPLINE_CURVE_WITH_KNOTS ( ( 4, 4 ),
 ( 0.000000000000000000, 0.9829961070430626169 ),
 .UNSPECIFIED. ) 
 CURVE ( )  GEOMETRIC_REPRESENTATION_ITEM ( )  RATIONAL_B_SPLINE_CURVE ( ( 1.000000000000000000, 0.9794143820201688388, 0.9794143820201688388, 1.000000000000000000 ) ) 
 REPRESENTATION_ITEM ( '' )  );
#6224 = ORIENTED_EDGE ( 'NONE', *, *, #11934, .F. ) ;
#6225 = ORIENTED_EDGE ( 'NONE', *, *, #7375, .T. ) ;
#6226 = ORIENTED_EDGE ( 'NONE', *, *, #3697, .T. ) ;
#6227 = DIRECTION ( 'NONE',  ( 0.000000000000000000, -0.07514299545580460649, 0.9971727684979815320 ) ) ;
#6228 = EDGE_CURVE ( 'NONE', #11453, #7547, #10731, .T. ) ;
#6229 = CARTESIAN_POINT ( 'NONE',  ( -0.3550000000000000377, -3.700000000000000178, -9.029999999999999361 ) ) ;
#6230 = VECTOR ( 'NONE', #10729, 1000.000000000000000 ) ;
#6231 = CARTESIAN_POINT ( 'NONE',  ( -1.810000000000000053, 9.377205983516001098, -3.778469117984000203 ) ) ;
#6232 = CARTESIAN_POINT ( 'NONE',  ( 1.199999999999999956, 15.69999999999999929, 6.119999999999999218 ) ) ;
#6233 = LINE ( 'NONE', #1304, #10561 ) ;
#6234 = PLANE ( 'NONE',  #6304 ) ;
#6235 = EDGE_CURVE ( 'NONE', #11968, #8855, #4941, .T. ) ;
#6236 = COLOUR_RGB ( '',0.7921568627450980005, 0.8196078431372548767, 0.9333333333333333481 ) ;
#6237 = AXIS2_PLACEMENT_3D ( 'NONE', #9816, #2192, #3053 ) ;
#6238 = FACE_OUTER_BOUND ( 'NONE', #9, .T. ) ;
#6239 = CARTESIAN_POINT ( 'NONE',  ( 1.804999999999999938, 13.47869573117973019, 5.144767955706051943 ) ) ;
#6240 = ORIENTED_EDGE ( 'NONE', *, *, #4069, .F. ) ;
#6241 = ORIENTED_EDGE ( 'NONE', *, *, #8866, .T. ) ;
#6242 = FACE_OUTER_BOUND ( 'NONE', #2197, .T. ) ;
#6243 = ORIENTED_EDGE ( 'NONE', *, *, #5911, .F. ) ;
#6244 = CARTESIAN_POINT ( 'NONE',  ( -2.880000000000000338, 13.08000000000000007, 6.119999999999999218 ) ) ;
#6245 = ORIENTED_EDGE ( 'NONE', *, *, #11499, .F. ) ;
#6246 = CARTESIAN_POINT ( 'NONE',  ( 4.819999999999999396, -1.639999999999999902, 1.324726386844000015 ) ) ;
#6247 = ORIENTED_EDGE ( 'NONE', *, *, #1407, .T. ) ;
#6248 = CARTESIAN_POINT ( 'NONE',  ( -3.600000000000000089, 0.000000000000000000, 6.740000000000000213 ) ) ;
#6249 = FACE_OUTER_BOUND ( 'NONE', #7557, .T. ) ;
#6250 = CARTESIAN_POINT ( 'NONE',  ( -2.220000000000000195, 1.840000000000000080, 10.33278260869600018 ) ) ;
#6251 = EDGE_CURVE ( 'NONE', #1440, #5741, #8678, .T. ) ;
#6252 = EDGE_CURVE ( 'NONE', #12121, #2298, #9804, .T. ) ;
#6253 = ORIENTED_EDGE ( 'NONE', *, *, #7798, .T. ) ;
#6254 = CARTESIAN_POINT ( 'NONE',  ( 0.2349806637680000032, 9.047422773956000697, -6.209999999999999964 ) ) ;
#6255 = VERTEX_POINT ( 'NONE', #4933 ) ;
#6256 = LINE ( 'NONE', #7262, #2034 ) ;
#6257 = LINE ( 'NONE', #3370, #195 ) ;
#6258 = EDGE_LOOP ( 'NONE', ( #10572, #82, #9962, #8593 ) ) ;
#6259 = DIRECTION ( 'NONE',  ( -0.9854415572924817290, 0.1683978129390804879, 0.02339046297752067974 ) ) ;
#6260 = DIRECTION ( 'NONE',  ( -1.000000000000000000, 0.000000000000000000, 0.000000000000000000 ) ) ;
#6261 = DIRECTION ( 'NONE',  ( 0.000000000000000000, 0.000000000000000000, -1.000000000000000000 ) ) ;
#6262 = DIRECTION ( 'NONE',  ( 0.000000000000000000, 0.9465272815540003437, 0.3226237828710001310 ) ) ;
#6263 = CARTESIAN_POINT ( 'NONE',  ( 0.9150000000000000355, 1.100000000000000089, -10.22999999999999865 ) ) ;
#6264 = ORIENTED_EDGE ( 'NONE', *, *, #981, .F. ) ;
#6265 = CARTESIAN_POINT ( 'NONE',  ( 4.272626278629504171, -2.809133815488001229, 1.178058040244756910 ) ) ;
#6266 = VERTEX_POINT ( 'NONE', #7806 ) ;
#6267 = CARTESIAN_POINT ( 'NONE',  ( 0.8400000000000000799, 15.11999999999999922, -0.3649999999999999911 ) ) ;
#6268 = CARTESIAN_POINT ( 'NONE',  ( -2.150948855074999333, 8.553825112320000201, -6.209999999999999964 ) ) ;
#6269 = ORIENTED_EDGE ( 'NONE', *, *, #11411, .F. ) ;
#6270 = ORIENTED_EDGE ( 'NONE', *, *, #2909, .F. ) ;
#6271 = DIRECTION ( 'NONE',  ( 0.000000000000000000, 1.000000000000000000, 0.000000000000000000 ) ) ;
#6272 = DIRECTION ( 'NONE',  ( -1.000000000000000000, 0.000000000000000000, 1.224646799146999945E-16 ) ) ;
#6273 = DIRECTION ( 'NONE',  ( 1.000000000000000000, -1.110223024624999878E-16, 0.000000000000000000 ) ) ;
#6274 = CARTESIAN_POINT ( 'NONE',  ( 0.2300000000000000100, 14.49800950369600017, 4.776298838437000427 ) ) ;
#6275 = EDGE_CURVE ( 'NONE', #8555, #11488, #7563, .T. ) ;
#6276 = EDGE_CURVE ( 'NONE', #7280, #11643, #6796, .T. ) ;
#6277 = VERTEX_POINT ( 'NONE', #11616 ) ;
#6278 = CARTESIAN_POINT ( 'NONE',  ( -6.540000000000000036, 0.000000000000000000, -10.22999999999999865 ) ) ;
#6279 = EDGE_CURVE ( 'NONE', #2358, #4682, #3162, .T. ) ;
#6280 = ORIENTED_EDGE ( 'NONE', *, *, #8767, .F. ) ;
#6281 = EDGE_CURVE ( 'NONE', #11353, #1858, #8801, .T. ) ;
#6282 = VERTEX_POINT ( 'NONE', #302 ) ;
#6283 = ORIENTED_EDGE ( 'NONE', *, *, #4870, .F. ) ;
#6284 = CARTESIAN_POINT ( 'NONE',  ( -1.250000000000000000, 13.47720598351600074, 5.141530882016000170 ) ) ;
#6285 = CYLINDRICAL_SURFACE ( 'NONE', #10763, 1.083702780452000747 ) ;
#6286 = DIRECTION ( 'NONE',  ( 0.000000000000000000, -0.9740264650302337124, -0.2264341966680544216 ) ) ;
#6287 = DIRECTION ( 'NONE',  ( -1.000000000000000000, 0.000000000000000000, 0.000000000000000000 ) ) ;
#6288 = DIRECTION ( 'NONE',  ( 1.000000000000000000, 0.000000000000000000, 0.000000000000000000 ) ) ;
#6289 = ADVANCED_FACE ( 'NONE', ( #9242 ), #1119, .F. ) ;
#6290 = EDGE_CURVE ( 'NONE', #3057, #9999, #1414, .T. ) ;
#6291 = EDGE_CURVE ( 'NONE', #92, #10154, #5252, .T. ) ;
#6292 = ORIENTED_EDGE ( 'NONE', *, *, #6779, .F. ) ;
#6293 = CARTESIAN_POINT ( 'NONE',  ( -0.2350000000000000144, 9.122794016484000679, -3.661530882016000188 ) ) ;
#6295 = EDGE_CURVE ( 'NONE', #8384, #2951, #1633, .T. ) ;
#6294 = CARTESIAN_POINT ( 'NONE',  ( 0.2300000000000000100, 15.69999999999999929, -4.699234558991999045 ) ) ;
#6296 = DIRECTION ( 'NONE',  ( 0.9659258262890679791, 0.000000000000000000, 0.2588190451025217387 ) ) ;
#6297 = VERTEX_POINT ( 'NONE', #492 ) ;
#6298 = ORIENTED_EDGE ( 'NONE', *, *, #6279, .T. ) ;
#6299 = ORIENTED_EDGE ( 'NONE', *, *, #10586, .T. ) ;
#6300 = DIRECTION ( 'NONE',  ( -0.9999979017704854201, -0.0004638561100252251083, 0.001995317552647971147 ) ) ;
#6301 = ORIENTED_EDGE ( 'NONE', *, *, #5716, .T. ) ;
#6302 = ORIENTED_EDGE ( 'NONE', *, *, #1278, .F. ) ;
#6303 = CARTESIAN_POINT ( 'NONE',  ( -2.220000000000000195, 2.979999999999999982, 8.224999999999999645 ) ) ;
#6304 = AXIS2_PLACEMENT_3D ( 'NONE', #4354, #11563, #8162 ) ;
#6305 = CARTESIAN_POINT ( 'NONE',  ( 2.185045963209380826, 2.299997702034944247, -9.029990115102695114 ) ) ;
#6306 = LINE ( 'NONE', #2303, #7781 ) ;
#6307 = CARTESIAN_POINT ( 'NONE',  ( 4.879999999999999893, 8.000000000000000000, 10.33999999999999986 ) ) ;
#6308 = VECTOR ( 'NONE', #3327, 1000.000000000000114 ) ;
#6309 = AXIS2_PLACEMENT_3D ( 'NONE', #1674, #9278, #9342 ) ;
#6310 = VERTEX_POINT ( 'NONE', #1376 ) ;
#6311 = LINE ( 'NONE', #4501, #3029 ) ;
#6312 = EDGE_CURVE ( 'NONE', #217, #8679, #7305, .T. ) ;
#6313 = ORIENTED_EDGE ( 'NONE', *, *, #11472, .F. ) ;
#6314 = CARTESIAN_POINT ( 'NONE',  ( 1.527238947818131409, 9.130601661684044856, -7.606614561090992765 ) ) ;
#6315 = ORIENTED_EDGE ( 'NONE', *, *, #1394, .F. ) ;
#6316 = FACE_OUTER_BOUND ( 'NONE', #10221, .T. ) ;
#6317 = ORIENTED_EDGE ( 'NONE', *, *, #6864, .T. ) ;
#6318 = FACE_OUTER_BOUND ( 'NONE', #6125, .T. ) ;
#6319 = LINE ( 'NONE', #1650, #7898 ) ;
#6320 = EDGE_CURVE ( 'NONE', #5303, #9266, #8237, .T. ) ;
#6321 = AXIS2_PLACEMENT_3D ( 'NONE', #11134, #2563, #8045 ) ;
#6322 = EDGE_CURVE ( 'NONE', #7890, #9238, #11860, .T. ) ;
#6323 = CARTESIAN_POINT ( 'NONE',  ( 1.810000000000000053, 15.69999999999999929, -0.3649999999999998801 ) ) ;
#6324 = CARTESIAN_POINT ( 'NONE',  ( -1.619999999999999885, 3.000000000000000000, -6.209999999999999964 ) ) ;
#6325 = CARTESIAN_POINT ( 'NONE',  ( 1.810000000000000053, 13.96993164062500092, -4.623949218749999091 ) ) ;
#6326 = ORIENTED_EDGE ( 'NONE', *, *, #10460, .T. ) ;
#6327 = CARTESIAN_POINT ( 'NONE',  ( 4.421826076239626424, -3.043840290738952348, 1.218036005525276577 ) ) ;
#6328 = VECTOR ( 'NONE', #7180, 1000.000000000000000 ) ;
#6329 = ORIENTED_EDGE ( 'NONE', *, *, #8790, .T. ) ;
#6330 = VECTOR ( 'NONE', #6747, 1000.000000000000000 ) ;
#6331 = CARTESIAN_POINT ( 'NONE',  ( -4.859999999999999432, 6.773409090909000341, -5.989999999999999325 ) ) ;
#6332 = ORIENTED_EDGE ( 'NONE', *, *, #5603, .F. ) ;
#6333 = DIRECTION ( 'NONE',  ( 1.000000000000000000, 0.000000000000000000, 0.000000000000000000 ) ) ;
#6334 = ORIENTED_EDGE ( 'NONE', *, *, #2978, .T. ) ;
#6335 = ORIENTED_EDGE ( 'NONE', *, *, #9868, .T. ) ;
#6336 = CARTESIAN_POINT ( 'NONE',  ( 0.8400000000000000799, 13.08000000000000007, -5.620000000000000107 ) ) ;
#6337 = CARTESIAN_POINT ( 'NONE',  ( 0.7800193362320000379, 9.152577226044000369, -6.490000000000000213 ) ) ;
#6338 = PLANE ( 'NONE',  #8173 ) ;
#6339 = CARTESIAN_POINT ( 'NONE',  ( -0.2350000000000000144, 13.48008363145957844, 5.148121114438890977 ) ) ;
#6340 = DIRECTION ( 'NONE',  ( 0.000000000000000000, 0.9997698407351198746, -0.02145380051350246134 ) ) ;
#6341 = ORIENTED_EDGE ( 'NONE', *, *, #4416, .F. ) ;
#6342 = CARTESIAN_POINT ( 'NONE',  ( 5.339999999999998970, -3.450004514748930440, 1.239698830745242342 ) ) ;
#6343 = ORIENTED_EDGE ( 'NONE', *, *, #441, .F. ) ;
#6344 = ORIENTED_EDGE ( 'NONE', *, *, #1684, .T. ) ;
#6345 = UNCERTAINTY_MEASURE_WITH_UNIT (LENGTH_MEASURE( 1.000000000000000082E-05 ), #1246, 'distance_accuracy_value', 'NONE');
#6346 = EDGE_LOOP ( 'NONE', ( #368, #6442, #9270, #4998 ) ) ;
#6347 = DIRECTION ( 'NONE',  ( -1.000000000000000000, 0.000000000000000000, 0.000000000000000000 ) ) ;
#6348 = DIRECTION ( 'NONE',  ( 0.000000000000000000, 1.000000000000000000, 0.000000000000000000 ) ) ;
#6349 = CARTESIAN_POINT ( 'NONE',  ( 1.625000000000000000, 1.100000000000000089, -8.750000000000000000 ) ) ;
#6350 = DIRECTION ( 'NONE',  ( -1.000000000000000000, 0.000000000000000000, 0.000000000000000000 ) ) ;
#6351 = CARTESIAN_POINT ( 'NONE',  ( -6.540000000000000036, 1.100000000000000089, -10.22999999999999865 ) ) ;
#6352 = VECTOR ( 'NONE', #1156, 1000.000000000000000 ) ;
#6353 = EDGE_CURVE ( 'NONE', #29, #12221, #9922, .T. ) ;
#6354 = EDGE_CURVE ( 'NONE', #3278, #11091, #2359, .T. ) ;
#6355 = DIRECTION ( 'NONE',  ( 0.000000000000000000, 0.000000000000000000, -1.000000000000000000 ) ) ;
#6356 = VECTOR ( 'NONE', #8645, 1000.000000000000000 ) ;
#6357 = LINE ( 'NONE', #5361, #9829 ) ;
#6358 = EDGE_CURVE ( 'NONE', #1272, #4439, #433, .T. ) ;
#6359 = CARTESIAN_POINT ( 'NONE',  ( 1.244999999999999662, 13.48008363145958022, 5.148121114438890977 ) ) ;
#6360 = ORIENTED_EDGE ( 'NONE', *, *, #9831, .T. ) ;
#6361 = EDGE_CURVE ( 'NONE', #10343, #110, #11788, .T. ) ;
#6362 = ORIENTED_EDGE ( 'NONE', *, *, #1417, .T. ) ;
#6363 = DIRECTION ( 'NONE',  ( -0.0004638570334013237271, 0.9999998924183204352, 0.000000000000000000 ) ) ;
#6364 = ORIENTED_EDGE ( 'NONE', *, *, #4182, .T. ) ;
#6365 = CARTESIAN_POINT ( 'NONE',  ( -0.7900000000000000355, 11.22860299175799881, -5.620000000000000107 ) ) ;
#6366 = ORIENTED_EDGE ( 'NONE', *, *, #6647, .F. ) ;
#6367 = LINE ( 'NONE', #3620, #8602 ) ;
#6368 = ORIENTED_EDGE ( 'NONE', *, *, #10446, .F. ) ;
#6369 = DIRECTION ( 'NONE',  ( 0.000000000000000000, -0.07514299545580460649, 0.9971727684979815320 ) ) ;
#6370 = FACE_OUTER_BOUND ( 'NONE', #5826, .T. ) ;
#6371 = VECTOR ( 'NONE', #5979, 1000.000000000000000 ) ;
#6372 = VECTOR ( 'NONE', #5508, 1000.000000000000000 ) ;
#6373 = CARTESIAN_POINT ( 'NONE',  ( 1.244999999999933937, 9.021141296484232797, -7.332558885777225477 ) ) ;
#6374 = VERTEX_POINT ( 'NONE', #11050 ) ;
#6375 = CIRCLE ( 'NONE', #10163, 0.1399999999999996803 ) ;
#6376 = PLANE ( 'NONE',  #1439 ) ;
#6377 = VERTEX_POINT ( 'NONE', #2299 ) ;
#6378 = VECTOR ( 'NONE', #7644, 1000.000000000000000 ) ;
#6379 = DIRECTION ( 'NONE',  ( 1.000000000000000000, 0.000000000000000000, 0.000000000000000000 ) ) ;
#6380 = VERTEX_POINT ( 'NONE', #7122 ) ;
#6381 = CARTESIAN_POINT ( 'NONE',  ( 0.7800193362320000379, 9.152577226044000369, -6.209999999999999964 ) ) ;
#6382 = LINE ( 'NONE', #10130, #11093 ) ;
#6383 = FACE_OUTER_BOUND ( 'NONE', #10049, .T. ) ;
#6384 = DIRECTION ( 'NONE',  ( -0.9999979017704853090, 0.000000000000000000, 0.002048524988061995421 ) ) ;
#6385 = DIRECTION ( 'NONE',  ( 0.000000000000000000, 1.000000000000000000, 0.000000000000000000 ) ) ;
#6386 = AXIS2_PLACEMENT_3D ( 'NONE', #2276, #3262, #405 ) ;
#6387 = CIRCLE ( 'NONE', #6179, 1.350000000000000089 ) ;
#6388 = VECTOR ( 'NONE', #3646, 1000.000000000000000 ) ;
#6389 = EDGE_CURVE ( 'NONE', #601, #6681, #8050, .T. ) ;
#6390 = VERTEX_POINT ( 'NONE', #8106 ) ;
#6391 = DIRECTION ( 'NONE',  ( 0.000000000000000000, 0.000000000000000000, 1.000000000000000000 ) ) ;
#6392 = EDGE_CURVE ( 'NONE', #8290, #1338, #10172, .T. ) ;
#6393 = ORIENTED_EDGE ( 'NONE', *, *, #4553, .F. ) ;
#6394 = CARTESIAN_POINT ( 'NONE',  ( -6.540000000000000036, 3.000000000000000000, -10.22999999999999865 ) ) ;
#6395 = PLANE ( 'NONE',  #11565 ) ;
#6396 = VERTEX_POINT ( 'NONE', #6174 ) ;
#6397 = AXIS2_PLACEMENT_3D ( 'NONE', #12242, #688, #4690 ) ;
#6398 = AXIS2_PLACEMENT_3D ( 'NONE', #1704, #9503, #4573 ) ;
#6399 = ORIENTED_EDGE ( 'NONE', *, *, #11249, .F. ) ;
#6400 = VECTOR ( 'NONE', #8483, 1000.000000000000000 ) ;
#6401 = CARTESIAN_POINT ( 'NONE',  ( -0.9150931686817279642, 8.389297108278539028, -7.497928830848423765 ) ) ;
#6402 = DIRECTION ( 'NONE',  ( 0.000000000000000000, 0.000000000000000000, -1.000000000000000000 ) ) ;
#6403 = DIRECTION ( 'NONE',  ( -0.000000000000000000, 1.000000000000000000, 0.000000000000000000 ) ) ;
#6404 = CARTESIAN_POINT ( 'NONE',  ( -2.884999999999999787, 3.000000000000000000, -8.750000000000000000 ) ) ;
#6405 = CARTESIAN_POINT ( 'NONE',  ( -1.250000000000000000, 15.52000000000000135, -4.250000000000000000 ) ) ;
#6406 = CIRCLE ( 'NONE', #1629, 1.363702780452000107 ) ;
#6407 = VERTEX_POINT ( 'NONE', #5307 ) ;
#6408 = LINE ( 'NONE', #723, #10501 ) ;
#6409 = EDGE_CURVE ( 'NONE', #11123, #3930, #3289, .T. ) ;
#6410 = VERTEX_POINT ( 'NONE', #9989 ) ;
#6411 = ORIENTED_EDGE ( 'NONE', *, *, #6177, .T. ) ;
#6412 = VERTEX_POINT ( 'NONE', #551 ) ;
#6413 = CARTESIAN_POINT ( 'NONE',  ( -1.814999999999999947, 13.47717856557508043, 5.141471268095363811 ) ) ;
#6414 = DIRECTION ( 'NONE',  ( 0.000000000000000000, -1.000000000000000000, 0.000000000000000000 ) ) ;
#6415 = DIRECTION ( 'NONE',  ( 1.000000000000000000, 0.000000000000000000, -1.224646799146999945E-16 ) ) ;
#6416 = CARTESIAN_POINT ( 'NONE',  ( 2.185000000000000497, 7.058817561802944063, -10.22999999999999865 ) ) ;
#6417 = AXIS2_PLACEMENT_3D ( 'NONE', #2353, #613, #8231 ) ;
#6418 = CARTESIAN_POINT ( 'NONE',  ( -1.814999999999999947, 9.171244629754999877, -6.209999999999999964 ) ) ;
#6419 = CARTESIAN_POINT ( 'NONE',  ( -1.619999999999999885, 3.000000000000000000, -8.370000000000000995 ) ) ;
#6420 = EDGE_CURVE ( 'NONE', #3572, #8150, #8169, .T. ) ;
#6421 = DIRECTION ( 'NONE',  ( 0.000000000000000000, 0.000000000000000000, -1.000000000000000000 ) ) ;
#6422 = ORIENTED_EDGE ( 'NONE', *, *, #399, .F. ) ;
#6423 = AXIS2_PLACEMENT_3D ( 'NONE', #6884, #5016, #6065 ) ;
#6424 = LINE ( 'NONE', #7366, #6033 ) ;
#6425 = ORIENTED_EDGE ( 'NONE', *, *, #7877, .F. ) ;
#6426 = CARTESIAN_POINT ( 'NONE',  ( 2.153484864633678164, 8.517953985512386694, -7.463906609208669884 ) ) ;
#6427 = VERTEX_POINT ( 'NONE', #2484 ) ;
#6428 = FACE_OUTER_BOUND ( 'NONE', #9090, .T. ) ;
#6429 = CARTESIAN_POINT ( 'NONE',  ( 1.810000000000000053, 15.69999999999999929, 5.420429353323000576 ) ) ;
#6430 = DIRECTION ( 'NONE',  ( 1.000000000000000000, 0.000000000000000000, 0.000000000000000000 ) ) ;
#6431 = ADVANCED_FACE ( 'NONE', ( #8549 ), #5427, .F. ) ;
#6432 = CIRCLE ( 'NONE', #8025, 1.714203002955001498 ) ;
#6433 = EDGE_CURVE ( 'NONE', #11059, #8687, #5489, .T. ) ;
#6434 = AXIS2_PLACEMENT_3D ( 'NONE', #563, #689, #1453 ) ;
#6435 = DIRECTION ( 'NONE',  ( -1.000000000000000000, 0.000000000000000000, 0.000000000000000000 ) ) ;
#6436 = EDGE_CURVE ( 'NONE', #402, #12217, #3190, .T. ) ;
#6437 = ORIENTED_EDGE ( 'NONE', *, *, #10262, .T. ) ;
#6438 = ADVANCED_FACE ( 'NONE', ( #1935 ), #9549, .F. ) ;
#6439 = CARTESIAN_POINT ( 'NONE',  ( 8.751918340712878219, 13.08000000000000007, -5.620000000000000107 ) ) ;
#6440 = ORIENTED_EDGE ( 'NONE', *, *, #4945, .T. ) ;
#6441 = DIRECTION ( 'NONE',  ( -1.000000000000000000, 0.000000000000000000, 0.000000000000000000 ) ) ;
#6442 = ORIENTED_EDGE ( 'NONE', *, *, #8506, .F. ) ;
#6443 = CARTESIAN_POINT ( 'NONE',  ( 1.279372284931999948, 8.937697703480999678, -7.363581063080999911 ) ) ;
#6444 = CARTESIAN_POINT ( 'NONE',  ( -5.080000000000000071, -3.500000000000000000, 0.000000000000000000 ) ) ;
#6445 = ORIENTED_EDGE ( 'NONE', *, *, #94, .T. ) ;
#6446 = CARTESIAN_POINT ( 'NONE',  ( -2.150948855074999777, 8.553825112320000201, -6.209999999999999964 ) ) ;
#6447 = CARTESIAN_POINT ( 'NONE',  ( 2.190286205994000035, 1.100000000000000089, -8.750573880748998334 ) ) ;
#6448 = LINE ( 'NONE', #7388, #5170 ) ;
#6449 = B_SPLINE_CURVE_WITH_KNOTS ( 'NONE', 3,
 ( #9216, #8860, #11513, #7700 ),
 .UNSPECIFIED., .F., .F.,
 ( 4, 4 ),
 ( 0.000000000000000000, 1.000000000000008660 ),
 .UNSPECIFIED. ) ;
#6450 = ORIENTED_EDGE ( 'NONE', *, *, #6208, .F. ) ;
#6451 = EDGE_CURVE ( 'NONE', #8031, #3099, #5685, .T. ) ;
#6452 = DIRECTION ( 'NONE',  ( -0.000000000000000000, 1.000000000000000000, 0.000000000000000000 ) ) ;
#6453 = EDGE_LOOP ( 'NONE', ( #2087, #2480, #1634, #1188 ) ) ;
#6454 = DIRECTION ( 'NONE',  ( 1.000000000000000000, 0.000000000000000000, 0.000000000000000000 ) ) ;
#6455 = ORIENTED_EDGE ( 'NONE', *, *, #2586, .F. ) ;
#6456 = FACE_OUTER_BOUND ( 'NONE', #5957, .T. ) ;
#6457 = ORIENTED_EDGE ( 'NONE', *, *, #10284, .T. ) ;
#6458 = DIRECTION ( 'NONE',  ( 0.000000000000000000, -1.000000000000000000, 0.000000000000000000 ) ) ;
#6459 = ORIENTED_EDGE ( 'NONE', *, *, #982, .F. ) ;
#6460 = FACE_OUTER_BOUND ( 'NONE', #3128, .T. ) ;
#6461 = FACE_OUTER_BOUND ( 'NONE', #11412, .T. ) ;
#6462 = EDGE_CURVE ( 'NONE', #599, #8719, #7428, .T. ) ;
#6463 = CARTESIAN_POINT ( 'NONE',  ( -0.3548317571324498543, 8.428985909774386442, -7.771450341435678588 ) ) ;
#6464 = LINE ( 'NONE', #1726, #4317 ) ;
#6465 = CYLINDRICAL_SURFACE ( 'NONE', #11942, 1.358858635772000722 ) ;
#6466 = ORIENTED_EDGE ( 'NONE', *, *, #1251, .F. ) ;
#6467 = ORIENTED_EDGE ( 'NONE', *, *, #593, .F. ) ;
#6468 = FACE_OUTER_BOUND ( 'NONE', #7750, .T. ) ;
#6469 = ORIENTED_EDGE ( 'NONE', *, *, #796, .F. ) ;
#6470 = B_SPLINE_CURVE_WITH_KNOTS ( 'NONE', 3,
 ( #8010, #6134, #9945, #9383 ),
 .UNSPECIFIED., .F., .F.,
 ( 4, 4 ),
 ( 0.000000000000000000, 0.9911568237952956828 ),
 .UNSPECIFIED. ) ;
#6471 = ORIENTED_EDGE ( 'NONE', *, *, #8376, .F. ) ;
#6472 = VECTOR ( 'NONE', #10818, 999.9999999999998863 ) ;
#6473 = VERTEX_POINT ( 'NONE', #4806 ) ;
#6474 = DIRECTION ( 'NONE',  ( 0.000000000000000000, 1.000000000000000000, 0.000000000000000000 ) ) ;
#6475 = FACE_OUTER_BOUND ( 'NONE', #8086, .T. ) ;
#6476 = CYLINDRICAL_SURFACE ( 'NONE', #5039, 1.590944562245001137 ) ;
#6477 = FACE_OUTER_BOUND ( 'NONE', #11836, .T. ) ;
#6478 = FILL_AREA_STYLE ('',( #1868 ) ) ;
#6479 = ADVANCED_FACE ( 'NONE', ( #6625 ), #5625, .F. ) ;
#6480 = EDGE_CURVE ( 'NONE', #5465, #4557, #4559, .T. ) ;
#6481 = CARTESIAN_POINT ( 'NONE',  ( 5.470291799390337495, -3.256694601349561680, 1.273734666246999936 ) ) ;
#6482 = CARTESIAN_POINT ( 'NONE',  ( -0.9150931686817279642, 8.389297108278539028, -7.497928830848423765 ) ) ;
#6483 = LINE ( 'NONE', #10358, #1546 ) ;
#6484 = ORIENTED_EDGE ( 'NONE', *, *, #4215, .F. ) ;
#6485 = VERTEX_POINT ( 'NONE', #10240 ) ;
#6486 = DIRECTION ( 'NONE',  ( 5.421010862429298840E-20, -0.9740264650302337124, -0.2264341966680544216 ) ) ;
#6487 = EDGE_LOOP ( 'NONE', ( #12117, #4346, #10406, #12055 ) ) ;
#6488 = CARTESIAN_POINT ( 'NONE',  ( -5.599999999999999645, 1.100000000000000089, 1.245833054625999470 ) ) ;
#6489 = ORIENTED_EDGE ( 'NONE', *, *, #323, .F. ) ;
#6490 = CARTESIAN_POINT ( 'NONE',  ( 0.7900000000000000355, 15.80000000000000071, 5.159999999999999254 ) ) ;
#6491 = PRODUCT ( 'SS-90000-006', 'SS-90000-006', '', ( #6840 ) ) ;
#6492 = CARTESIAN_POINT ( 'NONE',  ( -1.624999999999999778, 1.100000000000000089, -6.490000000000000213 ) ) ;
#6493 = DIRECTION ( 'NONE',  ( 0.000000000000000000, 1.000000000000000000, 0.000000000000000000 ) ) ;
#6494 = DIRECTION ( 'NONE',  ( -1.000000000000000000, 0.000000000000000000, 0.000000000000000000 ) ) ;
#6495 = EDGE_LOOP ( 'NONE', ( #5248, #10990, #9574, #3861 ) ) ;
#6496 = LINE ( 'NONE', #2674, #4019 ) ;
#6497 = ORIENTED_EDGE ( 'NONE', *, *, #11542, .F. ) ;
#6498 = DIRECTION ( 'NONE',  ( 0.000000000000000000, 1.000000000000000000, -3.469446951953635882E-15 ) ) ;
#6499 = VERTEX_POINT ( 'NONE', #3672 ) ;
#6500 = LINE ( 'NONE', #2559, #10387 ) ;
#6501 = CARTESIAN_POINT ( 'NONE',  ( 1.245000000000000107, 9.069398338316000618, -7.333385438908999632 ) ) ;
#6502 = ORIENTED_EDGE ( 'NONE', *, *, #12196, .F. ) ;
#6503 = CYLINDRICAL_SURFACE ( 'NONE', #6198, 1.590944562245001137 ) ;
#6504 = CARTESIAN_POINT ( 'NONE',  ( -3.500000000000000000, 2.979999999999999982, -5.070000000000000284 ) ) ;
#6505 = CARTESIAN_POINT ( 'NONE',  ( -5.700000000000000178, 14.00000000000000000, -6.480650477015999833 ) ) ;
#6506 = EDGE_CURVE ( 'NONE', #2554, #5872, #628, .T. ) ;
#6507 = VECTOR ( 'NONE', #11182, 999.9999999999998863 ) ;
#6508 = ADVANCED_FACE ( 'NONE', ( #5742 ), #9432, .T. ) ;
#6509 = VECTOR ( 'NONE', #7816, 999.9999999999998863 ) ;
#6510 = LINE ( 'NONE', #1018, #1530 ) ;
#6511 = ORIENTED_EDGE ( 'NONE', *, *, #2250, .F. ) ;
#6512 = CARTESIAN_POINT ( 'NONE',  ( -0.3499999999999999778, 1.100000000000000311, -9.029999999999999361 ) ) ;
#6513 = VERTEX_POINT ( 'NONE', #6488 ) ;
#6514 = LINE ( 'NONE', #10204, #7618 ) ;
#6515 = ORIENTED_EDGE ( 'NONE', *, *, #11505, .T. ) ;
#6516 = CARTESIAN_POINT ( 'NONE',  ( 2.185000000000000497, 1.100000000000000089, -9.030563639306283363 ) ) ;
#6517 = ORIENTED_EDGE ( 'NONE', *, *, #8279, .T. ) ;
#6518 = FACE_OUTER_BOUND ( 'NONE', #457, .T. ) ;
#6519 = AXIS2_PLACEMENT_3D ( 'NONE', #7604, #4794, #12225 ) ;
#6520 = ADVANCED_FACE ( 'NONE', ( #11238 ), #1599, .F. ) ;
#6521 = EDGE_CURVE ( 'NONE', #9901, #5855, #12173, .T. ) ;
#6522 = VECTOR ( 'NONE', #5779, 1000.000000000000000 ) ;
#6523 = ADVANCED_FACE ( 'NONE', ( #2665 ), #1752, .F. ) ;
#6524 = ORIENTED_EDGE ( 'NONE', *, *, #7574, .T. ) ;
#6525 = DIRECTION ( 'NONE',  ( 0.000000000000000000, 1.000000000000000000, 0.000000000000000000 ) ) ;
#6526 = DIRECTION ( 'NONE',  ( 0.000000000000000000, 0.000000000000000000, -1.000000000000000000 ) ) ;
#6527 = CARTESIAN_POINT ( 'NONE',  ( 0.7900000000000000355, 15.80000000000000071, 5.159999999999999254 ) ) ;
#6528 = DIRECTION ( 'NONE',  ( 0.000000000000000000, 1.000000000000000000, 0.000000000000000000 ) ) ;
#6529 = DIRECTION ( 'NONE',  ( 0.000000000000000000, 0.9763850306004406843, 0.2160376634278765307 ) ) ;
#6530 = CIRCLE ( 'NONE', #2715, 1.083702780452000747 ) ;
#6531 = AXIS2_PLACEMENT_3D ( 'NONE', #3881, #10451, #12259 ) ;
#6532 = ORIENTED_EDGE ( 'NONE', *, *, #11446, .T. ) ;
#6533 = DIRECTION ( 'NONE',  ( 1.000000000000000000, 0.000000000000000000, 0.000000000000000000 ) ) ;
#6534 = ORIENTED_EDGE ( 'NONE', *, *, #783, .T. ) ;
#6535 = EDGE_LOOP ( 'NONE', ( #4667, #8449, #9444, #2407 ) ) ;
#6536 = ORIENTED_EDGE ( 'NONE', *, *, #4469, .T. ) ;
#6537 = DIRECTION ( 'NONE',  ( -0.9999969690584286086, 0.000000000000000000, 0.002462087316922783545 ) ) ;
#6538 = CARTESIAN_POINT ( 'NONE',  ( -7.900000000000000355, 3.319999999999999840, 8.789999999999999147 ) ) ;
#6539 = DIRECTION ( 'NONE',  ( -1.000000000000000000, 0.000000000000000000, 0.000000000000000000 ) ) ;
#6540 = VECTOR ( 'NONE', #10053, 1000.000000000000000 ) ;
#6541 = PRESENTATION_STYLE_ASSIGNMENT (( #3723 ) ) ;
#6542 = PLANE ( 'NONE',  #999 ) ;
#6543 = ADVANCED_FACE ( 'NONE', ( #11480 ), #1300, .T. ) ;
#6544 = CARTESIAN_POINT ( 'NONE',  ( 1.245000000000000107, 9.068157359074207946, -7.327845353008103579 ) ) ;
#6545 = ADVANCED_FACE ( 'NONE', ( #1993 ), #5109, .T. ) ;
#6546 = LINE ( 'NONE', #3665, #919 ) ;
#6547 = VECTOR ( 'NONE', #6286, 999.9999999999998863 ) ;
#6548 = ORIENTED_EDGE ( 'NONE', *, *, #3697, .F. ) ;
#6549 = DIRECTION ( 'NONE',  ( 1.000000000000000000, 0.000000000000000000, 0.000000000000000000 ) ) ;
#6550 = ADVANCED_FACE ( 'NONE', ( #4865 ), #4984, .F. ) ;
#6551 = DIRECTION ( 'NONE',  ( 0.000000000000000000, 0.000000000000000000, -1.000000000000000000 ) ) ;
#6552 = EDGE_LOOP ( 'NONE', ( #5691, #3895, #1931, #87 ) ) ;
#6553 = DIRECTION ( 'NONE',  ( -1.000000000000000000, 0.000000000000000000, 0.000000000000000000 ) ) ;
#6554 = ORIENTED_EDGE ( 'NONE', *, *, #7739, .F. ) ;
#6555 = AXIS2_PLACEMENT_3D ( 'NONE', #10090, #5238, #8089 ) ;
#6556 = DIRECTION ( 'NONE',  ( 0.000000000000000000, 0.000000000000000000, 1.000000000000000000 ) ) ;
#6557 = CARTESIAN_POINT ( 'NONE',  ( -0.3500961946529999591, 3.000000000000000000, -8.746069388946999368 ) ) ;
#6558 = CARTESIAN_POINT ( 'NONE',  ( 3.500000000000000000, 6.000000000000000000, -3.759999999999999787 ) ) ;
#6559 = PLANE ( 'NONE',  #6397 ) ;
#6560 = VECTOR ( 'NONE', #3138, 1000.000000000000000 ) ;
#6561 = FACE_OUTER_BOUND ( 'NONE', #9930, .T. ) ;
#6562 = EDGE_CURVE ( 'NONE', #540, #10307, #2912, .T. ) ;
#6563 = ORIENTED_EDGE ( 'NONE', *, *, #1396, .F. ) ;
#6564 = CARTESIAN_POINT ( 'NONE',  ( -1.250000000000000000, 15.79762648660004132, 5.189704678889510703 ) ) ;
#6565 = EDGE_LOOP ( 'NONE', ( #7483, #3323, #6224, #10563, #7101, #10628, #9992 ) ) ;
#6566 = CARTESIAN_POINT ( 'NONE',  ( 0.1800000000000000211, 13.08000000000000007, -5.620000000000000107 ) ) ;
#6567 = ORIENTED_EDGE ( 'NONE', *, *, #297, .T. ) ;
#6568 = LINE ( 'NONE', #12314, #1015 ) ;
#6569 = CARTESIAN_POINT ( 'NONE',  ( 1.629999999999999893, -3.700000000000000178, -8.750000000000000000 ) ) ;
#6570 = VECTOR ( 'NONE', #11993, 1000.000000000000000 ) ;
#6571 = CARTESIAN_POINT ( 'NONE',  ( 1.250000000000000000, 15.69999999999999929, -5.336197087740999656 ) ) ;
#6572 = CARTESIAN_POINT ( 'NONE',  ( 2.220000000000000195, 13.08000000000001783, -0.3649999999999912204 ) ) ;
#6573 = CARTESIAN_POINT ( 'NONE',  ( -1.255000000000000115, 9.122794016484000679, -3.661530882016000188 ) ) ;
#6574 = VECTOR ( 'NONE', #11973, 1000.000000000000000 ) ;
#6575 = LINE ( 'NONE', #11447, #1521 ) ;
#6576 = ORIENTED_EDGE ( 'NONE', *, *, #11245, .T. ) ;
#6577 = AXIS2_PLACEMENT_3D ( 'NONE', #4796, #7780, #8603 ) ;
#6578 = DIRECTION ( 'NONE',  ( 0.000000000000000000, 0.000000000000000000, 1.000000000000000000 ) ) ;
#6579 = ORIENTED_EDGE ( 'NONE', *, *, #5334, .F. ) ;
#6580 = DIRECTION ( 'NONE',  ( 0.000000000000000000, 0.000000000000000000, 1.000000000000000000 ) ) ;
#6581 = LINE ( 'NONE', #10394, #3793 ) ;
#6582 = ORIENTED_EDGE ( 'NONE', *, *, #893, .T. ) ;
#6583 = CARTESIAN_POINT ( 'NONE',  ( 0.7900000000000000355, 13.47720598351600074, 5.141530882016000170 ) ) ;
#6584 = EDGE_CURVE ( 'NONE', #5802, #3512, #1059, .T. ) ;
#6585 = ADVANCED_FACE ( 'NONE', ( #5803 ), #1172, .F. ) ;
#6586 = ORIENTED_EDGE ( 'NONE', *, *, #12219, .T. ) ;
#6587 = LINE ( 'NONE', #8520, #4766 ) ;
#6588 = LINE ( 'NONE', #3104, #14 ) ;
#6589 = VECTOR ( 'NONE', #5291, 1000.000000000000000 ) ;
#6590 = CARTESIAN_POINT ( 'NONE',  ( 2.184709322181000779, 8.498308469446975266, -7.757769562678322295 ) ) ;
#6591 = CIRCLE ( 'NONE', #9586, 1.083702780452000747 ) ;
#6592 = CARTESIAN_POINT ( 'NONE',  ( 1.250000000000000000, 15.80000000000000071, 5.159999999999999254 ) ) ;
#6593 = CARTESIAN_POINT ( 'NONE',  ( 1.804999999999999938, 13.48134016943100022, 5.151525677993999963 ) ) ;
#6594 = VECTOR ( 'NONE', #1271, 1000.000000000000000 ) ;
#6595 = EDGE_CURVE ( 'NONE', #2274, #3559, #1240, .T. ) ;
#6596 = EDGE_CURVE ( 'NONE', #4243, #10536, #9849, .T. ) ;
#6597 = EDGE_CURVE ( 'NONE', #8247, #4624, #1387, .T. ) ;
#6598 = VERTEX_POINT ( 'NONE', #2969 ) ;
#6599 = AXIS2_PLACEMENT_3D ( 'NONE', #10180, #10366, #5494 ) ;
#6600 = CARTESIAN_POINT ( 'NONE',  ( -0.6300480643300001571, 1.100000000000000089, -8.750000000000319744 ) ) ;
#6601 = VECTOR ( 'NONE', #10310, 1000.000000000000227 ) ;
#6602 = ORIENTED_EDGE ( 'NONE', *, *, #7801, .F. ) ;
#6603 = AXIS2_PLACEMENT_3D ( 'NONE', #8856, #369, #11726 ) ;
#6604 = ADVANCED_FACE ( 'NONE', ( #4920 ), #12281, .F. ) ;
#6605 = ORIENTED_EDGE ( 'NONE', *, *, #3770, .T. ) ;
#6606 = ADVANCED_FACE ( 'NONE', ( #11605 ), #3032, .T. ) ;
#6607 = EDGE_LOOP ( 'NONE', ( #6368, #11477, #10970, #2424, #8846, #471, #6860 ) ) ;
#6608 = CARTESIAN_POINT ( 'NONE',  ( -0.2300000000000000100, 14.06939833831600062, -6.213385438909000413 ) ) ;
#6609 = LINE ( 'NONE', #7658, #11962 ) ;
#6610 = DIRECTION ( 'NONE',  ( 1.224646799146999945E-16, 0.000000000000000000, 1.000000000000000000 ) ) ;
#6611 = CARTESIAN_POINT ( 'NONE',  ( 2.189750185898000190, 3.000000000000000000, -9.015494351329000011 ) ) ;
#6612 =( LENGTH_UNIT ( ) NAMED_UNIT ( * ) SI_UNIT ( .MILLI., .METRE. ) );
#6613 = CIRCLE ( 'NONE', #1220, 1.870944562245001386 ) ;
#6614 = CARTESIAN_POINT ( 'NONE',  ( 6.540000000000000036, 0.000000000000000000, 6.740000000000000213 ) ) ;
#6615 = VECTOR ( 'NONE', #8709, 1000.000000000000000 ) ;
#6616 = DIRECTION ( 'NONE',  ( 0.000000000000000000, -0.07514299545580413464, 0.9971727684979814210 ) ) ;
#6617 = ORIENTED_EDGE ( 'NONE', *, *, #555, .F. ) ;
#6618 = CARTESIAN_POINT ( 'NONE',  ( 8.751918340712878219, 13.08000000000000007, -5.620000000000000107 ) ) ;
#6619 = ORIENTED_EDGE ( 'NONE', *, *, #10233, .F. ) ;
#6620 = PLANE ( 'NONE',  #11312 ) ;
#6621 = ORIENTED_EDGE ( 'NONE', *, *, #10559, .F. ) ;
#6622 = AXIS2_PLACEMENT_3D ( 'NONE', #11904, #10905, #7045 ) ;
#6623 = LINE ( 'NONE', #11427, #10429 ) ;
#6624 = ORIENTED_EDGE ( 'NONE', *, *, #1162, .F. ) ;
#6625 = FACE_OUTER_BOUND ( 'NONE', #4896, .T. ) ;
#6626 = LINE ( 'NONE', #4498, #7409 ) ;
#6627 = AXIS2_PLACEMENT_3D ( 'NONE', #7112, #1625, #4489 ) ;
#6628 = DIRECTION ( 'NONE',  ( 0.000000000000000000, 1.000000000000000000, 0.000000000000000000 ) ) ;
#6629 = DIRECTION ( 'NONE',  ( 0.000000000000000000, -1.000000000000000000, 0.000000000000000000 ) ) ;
#6630 = EDGE_CURVE ( 'NONE', #3639, #11047, #2105, .T. ) ;
#6631 = CIRCLE ( 'NONE', #1047, 0.1400000000000004297 ) ;
#6632 = CARTESIAN_POINT ( 'NONE',  ( 2.185000000000000497, -3.700000000000000178, -8.750000000000000000 ) ) ;
#6633 = ORIENTED_EDGE ( 'NONE', *, *, #9139, .F. ) ;
#6634 = LINE ( 'NONE', #3870, #9822 ) ;
#6635 = ORIENTED_EDGE ( 'NONE', *, *, #11132, .F. ) ;
#6636 = AXIS2_PLACEMENT_3D ( 'NONE', #3663, #7535, #11526 ) ;
#6637 = CARTESIAN_POINT ( 'NONE',  ( -5.599999999999999645, 0.000000000000000000, -10.22999999999999865 ) ) ;
#6638 = ORIENTED_EDGE ( 'NONE', *, *, #4342, .T. ) ;
#6639 = LINE ( 'NONE', #3995, #7985 ) ;
#6640 = EDGE_CURVE ( 'NONE', #2650, #2606, #232, .T. ) ;
#6641 = LINE ( 'NONE', #3087, #3412 ) ;
#6642 = CARTESIAN_POINT ( 'NONE',  ( 0.9200000000000000400, 3.000000000000000000, -8.370000000000000995 ) ) ;
#6643 = VECTOR ( 'NONE', #3739, 1000.000000000000000 ) ;
#6644 = VECTOR ( 'NONE', #5098, 1000.000000000000000 ) ;
#6645 = AXIS2_PLACEMENT_3D ( 'NONE', #10372, #5631, #1183 ) ;
#6646 = CARTESIAN_POINT ( 'NONE',  ( 1.279372284931999948, 8.937697703480999678, -7.363581063080999911 ) ) ;
#6647 = EDGE_CURVE ( 'NONE', #532, #11047, #986, .T. ) ;
#6648 = EDGE_CURVE ( 'NONE', #9080, #6407, #7910, .T. ) ;
#6649 = PLANE ( 'NONE',  #725 ) ;
#6650 = ORIENTED_EDGE ( 'NONE', *, *, #5298, .T. ) ;
#6651 = DIRECTION ( 'NONE',  ( 0.000000000000000000, -0.9381440673623766546, 0.3462451571831385855 ) ) ;
#6652 = EDGE_LOOP ( 'NONE', ( #227, #11657, #4980, #5566, #4637, #4222 ) ) ;
#6653 = AXIS2_PLACEMENT_3D ( 'NONE', #7889, #6076, #395 ) ;
#6654 = CARTESIAN_POINT ( 'NONE',  ( 1.629999999999999893, -3.700000000000000178, -8.750000000000000000 ) ) ;
#6655 = CARTESIAN_POINT ( 'NONE',  ( 1.245000000000000107, 14.06939833831586384, -6.213385438908392011 ) ) ;
#6656 = ORIENTED_EDGE ( 'NONE', *, *, #11043, .F. ) ;
#6657 = LINE ( 'NONE', #12334, #5580 ) ;
#6658 = ORIENTED_EDGE ( 'NONE', *, *, #1557, .F. ) ;
#6659 = DIRECTION ( 'NONE',  ( 0.9999998924183204352, 0.0004638570334013215586, 0.000000000000000000 ) ) ;
#6660 = DIRECTION ( 'NONE',  ( 0.000000000000000000, 1.000000000000000000, 0.000000000000000000 ) ) ;
#6661 = CARTESIAN_POINT ( 'NONE',  ( 2.185286205993780762, 8.434409709131880817, -7.483506064480429210 ) ) ;
#6662 = CARTESIAN_POINT ( 'NONE',  ( -0.7900000000000000355, 15.11416361098900119, -6.104208234257000321 ) ) ;
#6663 = CARTESIAN_POINT ( 'NONE',  ( -4.629696307966640667, -3.223478441773741654, -1.273734666247000158 ) ) ;
#6664 = ORIENTED_EDGE ( 'NONE', *, *, #4468, .T. ) ;
#6665 = FACE_OUTER_BOUND ( 'NONE', #7689, .T. ) ;
#6666 = VERTEX_POINT ( 'NONE', #3339 ) ;
#6667 = ORIENTED_EDGE ( 'NONE', *, *, #7437, .T. ) ;
#6668 = ORIENTED_EDGE ( 'NONE', *, *, #5704, .T. ) ;
#6669 = CARTESIAN_POINT ( 'NONE',  ( 5.527325384929412166, -3.200000000000831513, -1.273734666246370884 ) ) ;
#6670 = DIRECTION ( 'NONE',  ( 0.000000000000000000, 1.000000000000000000, 0.000000000000000000 ) ) ;
#6671 = EDGE_CURVE ( 'NONE', #4961, #6380, #4781, .T. ) ;
#6672 = CARTESIAN_POINT ( 'NONE',  ( -0.7900000000000000355, 14.49800950369600017, 4.776298838437000427 ) ) ;
#6673 = EDGE_CURVE ( 'NONE', #5588, #6377, #2527, .T. ) ;
#6674 = SURFACE_SIDE_STYLE ('',( #2714 ) ) ;
#6675 = DIRECTION ( 'NONE',  ( 0.000000000000000000, 0.000000000000000000, 1.000000000000000000 ) ) ;
#6676 = FACE_OUTER_BOUND ( 'NONE', #7254, .T. ) ;
#6677 = ADVANCED_FACE ( 'NONE', ( #10158 ), #5171, .T. ) ;
#6678 = EDGE_CURVE ( 'NONE', #11754, #11320, #5421, .T. ) ;
#6679 = DIRECTION ( 'NONE',  ( 0.000000000000000000, 1.000000000000000000, 0.000000000000000000 ) ) ;
#6680 = EDGE_LOOP ( 'NONE', ( #475, #2772, #9239, #8234, #11391, #5812, #11460, #10203, #12093, #12260, #8427, #4803, #9820, #10871, #12065, #5438 ) ) ;
#6681 = VERTEX_POINT ( 'NONE', #3405 ) ;
#6682 = DIRECTION ( 'NONE',  ( 0.000000000000000000, 1.000000000000000000, 0.000000000000000000 ) ) ;
#6683 = ORIENTED_EDGE ( 'NONE', *, *, #5749, .F. ) ;
#6684 = LINE ( 'NONE', #7614, #1055 ) ;
#6685 = ORIENTED_EDGE ( 'NONE', *, *, #10973, .T. ) ;
#6686 = DIRECTION ( 'NONE',  ( 1.000000000000000000, 0.000000000000000000, 0.000000000000000000 ) ) ;
#6687 = DIRECTION ( 'NONE',  ( 1.000000000000000000, 0.000000000000000000, 0.000000000000000000 ) ) ;
#6688 = EDGE_CURVE ( 'NONE', #10641, #10426, #7293, .T. ) ;
#6689 = EDGE_CURVE ( 'NONE', #9738, #9428, #7974, .T. ) ;
#6690 = LINE ( 'NONE', #11299, #2337 ) ;
#6691 =( NAMED_UNIT ( * ) SI_UNIT ( $, .STERADIAN. ) SOLID_ANGLE_UNIT ( ) );
#6692 = ADVANCED_FACE ( 'NONE', ( #4156 ), #8220, .T. ) ;
#6693 = EDGE_CURVE ( 'NONE', #3099, #9952, #5776, .T. ) ;
#6694 = LINE ( 'NONE', #4567, #1056 ) ;
#6695 = VERTEX_POINT ( 'NONE', #3216 ) ;
#6696 = FACE_OUTER_BOUND ( 'NONE', #621, .T. ) ;
#6697 = VERTEX_POINT ( 'NONE', #7044 ) ;
#6698 = FACE_OUTER_BOUND ( 'NONE', #7151, .T. ) ;
#6699 = ORIENTED_EDGE ( 'NONE', *, *, #9530, .T. ) ;
#6700 = CARTESIAN_POINT ( 'NONE',  ( 7.900000000000000355, 13.15000000000000036, 8.789999999999999147 ) ) ;
#6701 = FACE_OUTER_BOUND ( 'NONE', #2164, .T. ) ;
#6702 = PLANE ( 'NONE',  #176 ) ;
#6703 = EDGE_CURVE ( 'NONE', #599, #2285, #10845, .T. ) ;
#6704 = CARTESIAN_POINT ( 'NONE',  ( -1.810000000000000053, 15.69999999999999929, -4.699234558991999045 ) ) ;
#6705 = ORIENTED_EDGE ( 'NONE', *, *, #10852, .F. ) ;
#6706 = FACE_OUTER_BOUND ( 'NONE', #10538, .T. ) ;
#6707 = ORIENTED_EDGE ( 'NONE', *, *, #8028, .F. ) ;
#6708 = DIRECTION ( 'NONE',  ( 1.000000000000000000, 0.000000000000000000, 0.000000000000000000 ) ) ;
#6709 = ADVANCED_FACE ( 'NONE', ( #9039 ), #10904, .T. ) ;
#6710 = CARTESIAN_POINT ( 'NONE',  ( 4.819999999999999396, -3.500000000000000000, -0.9000000000000000222 ) ) ;
#6711 = ORIENTED_EDGE ( 'NONE', *, *, #7117, .F. ) ;
#6712 = CARTESIAN_POINT ( 'NONE',  ( -0.7900000000000000355, 14.08947998063599982, -6.210395812409999827 ) ) ;
#6713 = EDGE_CURVE ( 'NONE', #8855, #8545, #11969, .T. ) ;
#6714 = ORIENTED_EDGE ( 'NONE', *, *, #3092, .T. ) ;
#6715 = CARTESIAN_POINT ( 'NONE',  ( 3.600000000000000089, 15.45000000000000107, 10.35999999999999943 ) ) ;
#6716 = CARTESIAN_POINT ( 'NONE',  ( -1.619999999999999885, -3.700000000000000178, -6.209999999999999964 ) ) ;
#6717 = VECTOR ( 'NONE', #4916, 1000.000000000000000 ) ;
#6718 = CARTESIAN_POINT ( 'NONE',  ( 0.9150000000000000355, 3.000000000000000000, -10.22999999999999865 ) ) ;
#6719 = CARTESIAN_POINT ( 'NONE',  ( -0.3550240184923414977, 8.365237104200854645, -7.498799092533560362 ) ) ;
#6720 = ORIENTED_EDGE ( 'NONE', *, *, #10665, .T. ) ;
#6721 = CARTESIAN_POINT ( 'NONE',  ( -5.029999999999999361, 6.000000000000000000, -5.159999999999999254 ) ) ;
#6722 = STYLED_ITEM ( 'NONE', ( #6541 ), #7917 ) ;
#6723 = ORIENTED_EDGE ( 'NONE', *, *, #6891, .F. ) ;
#6724 = VECTOR ( 'NONE', #2585, 1000.000000000000000 ) ;
#6725 = VERTEX_POINT ( 'NONE', #10971 ) ;
#6726 = EDGE_CURVE ( 'NONE', #682, #7667, #4225, .T. ) ;
#6727 = ORIENTED_EDGE ( 'NONE', *, *, #1885, .F. ) ;
#6728 = DIRECTION ( 'NONE',  ( 0.000000000000000000, 1.000000000000000000, 2.948614665689000336E-16 ) ) ;
#6729 = DIRECTION ( 'NONE',  ( 0.000000000000000000, 1.000000000000000000, 0.000000000000000000 ) ) ;
#6730 = CARTESIAN_POINT ( 'NONE',  ( 1.810000000000000053, 13.96993164062500092, -4.623949218749999091 ) ) ;
#6731 = CARTESIAN_POINT ( 'NONE',  ( 4.859999999999999432, 14.00000000000000000, -10.25000000000000000 ) ) ;
#6732 = VECTOR ( 'NONE', #4665, 1000.000000000000000 ) ;
#6733 = CARTESIAN_POINT ( 'NONE',  ( 1.245000000000000107, 13.96993164062500092, -4.623949218749999091 ) ) ;
#6734 = VECTOR ( 'NONE', #2568, 1000.000000000000000 ) ;
#6735 = FACE_OUTER_BOUND ( 'NONE', #2505, .T. ) ;
#6736 = VERTEX_POINT ( 'NONE', #9970 ) ;
#6737 = ORIENTED_EDGE ( 'NONE', *, *, #6208, .T. ) ;
#6738 = CARTESIAN_POINT ( 'NONE',  ( 1.804999999999999938, 14.09999999999999964, -6.349999999999999645 ) ) ;
#6739 = EDGE_LOOP ( 'NONE', ( #1892, #9357, #4607, #12184, #2389, #11424, #7143, #9322 ) ) ;
#6740 = CIRCLE ( 'NONE', #8320, 1.870944562245001386 ) ;
#6741 = CARTESIAN_POINT ( 'NONE',  ( 5.599999999999999645, 0.000000000000000000, -1.245833054626000136 ) ) ;
#6742 = ORIENTED_EDGE ( 'NONE', *, *, #10700, .F. ) ;
#6743 = CARTESIAN_POINT ( 'NONE',  ( 1.283701020827000105, 9.001473038251999625, -7.636220488108000026 ) ) ;
#6744 = DIRECTION ( 'NONE',  ( 0.000000000000000000, 0.000000000000000000, -1.000000000000000000 ) ) ;
#6745 = ADVANCED_FACE ( 'NONE', ( #1428 ), #4347, .T. ) ;
#6746 = EDGE_CURVE ( 'NONE', #7320, #10587, #8135, .T. ) ;
#6747 = DIRECTION ( 'NONE',  ( 0.000000000000000000, 0.000000000000000000, -1.000000000000000000 ) ) ;
#6748 = CARTESIAN_POINT ( 'NONE',  ( 2.189999999999999947, 1.100000000000000311, -9.029999999999999361 ) ) ;
#6749 = EDGE_CURVE ( 'NONE', #4136, #1848, #9341, .T. ) ;
#6750 = EDGE_CURVE ( 'NONE', #2788, #11776, #2471, .T. ) ;
#6751 = EDGE_CURVE ( 'NONE', #2673, #11571, #5351, .T. ) ;
#6752 = AXIS2_PLACEMENT_3D ( 'NONE', #8455, #7339, #10399 ) ;
#6753 = FACE_OUTER_BOUND ( 'NONE', #6739, .T. ) ;
#6754 = EDGE_LOOP ( 'NONE', ( #9666, #5856, #7653, #4572, #2755, #6240, #9532 ) ) ;
#6755 = CARTESIAN_POINT ( 'NONE',  ( 0.2300000000000000100, 13.96993164062500092, -4.623949218749999091 ) ) ;
#6756 = ORIENTED_EDGE ( 'NONE', *, *, #1784, .T. ) ;
#6757 = FACE_OUTER_BOUND ( 'NONE', #9214, .T. ) ;
#6758 = EDGE_LOOP ( 'NONE', ( #5800, #5995, #6226, #9089, #7265, #4470 ) ) ;
#6759 = DIRECTION ( 'NONE',  ( 1.000000000000000000, 0.000000000000000000, 0.000000000000000000 ) ) ;
#6760 = FACE_OUTER_BOUND ( 'NONE', #10933, .T. ) ;
#6761 = CARTESIAN_POINT ( 'NONE',  ( -3.600000000000000089, 15.11999999999999922, 4.890000000000000568 ) ) ;
#6762 = AXIS2_PLACEMENT_3D ( 'NONE', #9881, #7882, #11690 ) ;
#6763 = CARTESIAN_POINT ( 'NONE',  ( 0.2316651689763798982, 9.064765362096633083, -6.209999999999999076 ) ) ;
#6764 = ORIENTED_EDGE ( 'NONE', *, *, #11103, .T. ) ;
#6765 = DIRECTION ( 'NONE',  ( 0.000000000000000000, 0.3226237828710001865, -0.9465272815540003437 ) ) ;
#6766 = EDGE_LOOP ( 'NONE', ( #11088, #7805, #8529, #10210 ) ) ;
#6767 = CARTESIAN_POINT ( 'NONE',  ( 0.2300000000000000100, 14.09999999999999964, -6.490000000000000213 ) ) ;
#6768 = AXIS2_PLACEMENT_3D ( 'NONE', #10737, #3106, #6003 ) ;
#6769 = DIRECTION ( 'NONE',  ( 0.0006687989162456869224, 0.000000000000000000, -0.9999997763539797413 ) ) ;
#6770 = EDGE_CURVE ( 'NONE', #963, #6374, #4482, .T. ) ;
#6771 = EDGE_LOOP ( 'NONE', ( #10425, #6440, #6515, #4864 ) ) ;
#6772 = DIRECTION ( 'NONE',  ( 0.000000000000000000, -1.000000000000000000, 0.000000000000000000 ) ) ;
#6773 = ORIENTED_EDGE ( 'NONE', *, *, #9671, .T. ) ;
#6774 = CARTESIAN_POINT ( 'NONE',  ( -1.255000000000000115, 14.09999999999999964, -6.209999999999999964 ) ) ;
#6775 = DIRECTION ( 'NONE',  ( 0.000000000000000000, 0.000000000000000000, 1.000000000000000000 ) ) ;
#6776 = CARTESIAN_POINT ( 'NONE',  ( -0.2300000000000000100, 15.52330609571600029, -4.280245272880000229 ) ) ;
#6777 = VECTOR ( 'NONE', #353, 1000.000000000000000 ) ;
#6778 = VECTOR ( 'NONE', #9877, 1000.000000000000114 ) ;
#6779 = EDGE_CURVE ( 'NONE', #7752, #6282, #11130, .T. ) ;
#6780 = VERTEX_POINT ( 'NONE', #10226 ) ;
#6781 = CARTESIAN_POINT ( 'NONE',  ( -1.255000000000000115, 15.80000000000000071, 5.159999999999999254 ) ) ;
#6782 = ORIENTED_EDGE ( 'NONE', *, *, #4634, .F. ) ;
#6783 = ORIENTED_EDGE ( 'NONE', *, *, #10711, .F. ) ;
#6784 = AXIS2_PLACEMENT_3D ( 'NONE', #8283, #5546, #12042 ) ;
#6785 = VERTEX_POINT ( 'NONE', #729 ) ;
#6786 = AXIS2_PLACEMENT_3D ( 'NONE', #11742, #7073, #263 ) ;
#6787 = CARTESIAN_POINT ( 'NONE',  ( 1.532761052182048278, 9.069398338315258101, -7.333385438909166609 ) ) ;
#6788 = CARTESIAN_POINT ( 'NONE',  ( 0.2300000000000000100, 14.49800950369600017, 4.776298838437000427 ) ) ;
#6789 = CARTESIAN_POINT ( 'NONE',  ( -2.185000000000000053, 8.419999999999999929, -6.209999999999999964 ) ) ;
#6790 = CARTESIAN_POINT ( 'NONE',  ( 1.810000000000000053, 14.49800950369600017, 4.776298838437000427 ) ) ;
#6791 = LINE ( 'NONE', #917, #12371 ) ;
#6792 = LINE ( 'NONE', #10474, #4790 ) ;
#6793 = AXIS2_PLACEMENT_3D ( 'NONE', #9333, #10212, #5469 ) ;
#6794 = ADVANCED_FACE ( 'NONE', ( #3786 ), #7174, .F. ) ;
#6795 = VECTOR ( 'NONE', #1651, 1000.000000000000000 ) ;
#6796 = CIRCLE ( 'NONE', #6603, 1.363702780452000107 ) ;
#6797 = LINE ( 'NONE', #10596, #11102 ) ;
#6798 = EDGE_LOOP ( 'NONE', ( #9425, #6912, #12295, #9396 ) ) ;
#6799 = ORIENTED_EDGE ( 'NONE', *, *, #7432, .F. ) ;
#6800 = PLANE ( 'NONE',  #3505 ) ;
#6801 = VERTEX_POINT ( 'NONE', #8532 ) ;
#6802 = DIRECTION ( 'NONE',  ( 0.000000000000000000, -0.9758182935088373089, -0.2185832977459636062 ) ) ;
#6803 = VERTEX_POINT ( 'NONE', #3599 ) ;
#6804 = CARTESIAN_POINT ( 'NONE',  ( -4.126062929474906049, -2.510025185181876228, 1.138786509198780994 ) ) ;
#6805 = COLOUR_RGB ( '',1.000000000000000000, 0.8117647058823529438, 0.5019607843137254832 ) ;
#6806 = AXIS2_PLACEMENT_3D ( 'NONE', #1263, #9681, #8806 ) ;
#6807 = DIRECTION ( 'NONE',  ( 1.000000000000000000, 0.000000000000000000, -0.000000000000000000 ) ) ;
#6808 = DIRECTION ( 'NONE',  ( -1.000000000000000000, 0.000000000000000000, 0.000000000000000000 ) ) ;
#6809 = ADVANCED_FACE ( 'NONE', ( #10469 ), #1920, .T. ) ;
#6810 = CIRCLE ( 'NONE', #9399, 1.358858635772000722 ) ;
#6811 = DIRECTION ( 'NONE',  ( -1.000000000000000000, 0.000000000000000000, 0.000000000000000000 ) ) ;
#6812 = ORIENTED_EDGE ( 'NONE', *, *, #4687, .F. ) ;
#6813 = CARTESIAN_POINT ( 'NONE',  ( 0.7900000000000000355, 14.00000000000000000, -6.955765441008000316 ) ) ;
#6814 = ORIENTED_EDGE ( 'NONE', *, *, #8259, .F. ) ;
#6815 = CARTESIAN_POINT ( 'NONE',  ( -0.2390261514776291230, 9.022566493973686264, -7.344137985783251388 ) ) ;
#6816 = ORIENTED_EDGE ( 'NONE', *, *, #11043, .T. ) ;
#6817 = CARTESIAN_POINT ( 'NONE',  ( 1.624713814988609784, 3.018331167060941400, -9.028872072186125308 ) ) ;
#6818 = ADVANCED_FACE ( 'NONE', ( #3720 ), #12094, .T. ) ;
#6819 = CARTESIAN_POINT ( 'NONE',  ( -0.6281079616870000049, 2.983935169296000112, -8.750000000000000000 ) ) ;
#6820 = ADVANCED_FACE ( 'NONE', ( #3531 ), #5478, .F. ) ;
#6821 = DIRECTION ( 'NONE',  ( 0.000000000000000000, 0.000000000000000000, 1.000000000000000000 ) ) ;
#6822 = VECTOR ( 'NONE', #5203, 1000.000000000000000 ) ;
#6823 = EDGE_CURVE ( 'NONE', #5859, #8137, #1735, .T. ) ;
#6824 = FACE_OUTER_BOUND ( 'NONE', #10856, .T. ) ;
#6825 = EDGE_CURVE ( 'NONE', #1971, #3687, #2653, .T. ) ;
#6826 = ORIENTED_EDGE ( 'NONE', *, *, #1721, .T. ) ;
#6827 = FACE_BOUND ( 'NONE', #3926, .T. ) ;
#6828 = VERTEX_POINT ( 'NONE', #7471 ) ;
#6829 = CARTESIAN_POINT ( 'NONE',  ( 3.500000000000000000, 4.179999999999999716, -5.070000000000000284 ) ) ;
#6830 = CARTESIAN_POINT ( 'NONE',  ( 0.2300000000000000100, 13.96993164062500092, -4.623949218749999091 ) ) ;
#6831 = VERTEX_POINT ( 'NONE', #6608 ) ;
#6832 = DIRECTION ( 'NONE',  ( 0.000000000000000000, 0.000000000000000000, 1.000000000000000000 ) ) ;
#6833 = CARTESIAN_POINT ( 'NONE',  ( -5.029999999999999361, 6.000000000000000000, -3.759999999999999787 ) ) ;
#6834 = VECTOR ( 'NONE', #7500, 1000.000000000000000 ) ;
#6835 = CARTESIAN_POINT ( 'NONE',  ( 6.541141843972000380, 13.15114184397199892, 8.789999999999999147 ) ) ;
#6836 = EDGE_CURVE ( 'NONE', #11643, #3144, #11530, .T. ) ;
#6837 = CARTESIAN_POINT ( 'NONE',  ( 1.250000000000000000, 15.79285544331319002, 5.204152363265506231 ) ) ;
#6838 = DIRECTION ( 'NONE',  ( -1.224646799146999945E-16, 0.000000000000000000, -1.000000000000000000 ) ) ;
#6839 = ADVANCED_FACE ( 'NONE', ( #10282 ), #5541, .T. ) ;
#6840 = PRODUCT_CONTEXT ( 'NONE', #10653, 'mechanical' ) ;
#6841 = VECTOR ( 'NONE', #8433, 1000.000000000000000 ) ;
#6842 = EDGE_LOOP ( 'NONE', ( #4427, #9400, #7232, #2893, #10825, #4170, #8664, #11253, #11474, #7412, #4241, #7934, #5015, #11208, #4108, #5835 ) ) ;
#6843 = DIRECTION ( 'NONE',  ( 0.000000000000000000, 0.000000000000000000, 1.000000000000000000 ) ) ;
#6844 = ORIENTED_EDGE ( 'NONE', *, *, #2865, .T. ) ;
#6845 = LINE ( 'NONE', #9426, #663 ) ;
#6846 = VERTEX_POINT ( 'NONE', #5607 ) ;
#6847 = EDGE_CURVE ( 'NONE', #7871, #8208, #12283, .T. ) ;
#6848 = B_SPLINE_CURVE_WITH_KNOTS ( 'NONE', 3,
 ( #6663, #3891, #8523, #11459 ),
 .UNSPECIFIED., .F., .F.,
 ( 4, 4 ),
 ( 0.001221990409577998309, 0.001558973122136546275 ),
 .UNSPECIFIED. ) ;
#6849 = ORIENTED_EDGE ( 'NONE', *, *, #9292, .F. ) ;
#6850 = DIRECTION ( 'NONE',  ( 0.000000000000000000, 0.000000000000000000, 1.000000000000000000 ) ) ;
#6851 = CARTESIAN_POINT ( 'NONE',  ( -1.255000000000000115, 13.47720598351600074, 5.141530882016000170 ) ) ;
#6852 = CARTESIAN_POINT ( 'NONE',  ( 1.625287401985271885, 8.317450530987569479, -7.509507556081043589 ) ) ;
#6853 = CARTESIAN_POINT ( 'NONE',  ( 0.2300000000000000100, 15.52330609571596121, -4.280245272880009111 ) ) ;
#6854 = LINE ( 'NONE', #6731, #3783 ) ;
#6855 = CARTESIAN_POINT ( 'NONE',  ( -1.250000000000000000, 15.52000000000000135, 5.159999999999999254 ) ) ;
#6856 = CARTESIAN_POINT ( 'NONE',  ( 5.339999999999998970, -3.350000000001385203, 1.273734666247064995 ) ) ;
#6857 = ORIENTED_EDGE ( 'NONE', *, *, #3797, .F. ) ;
#6858 = VERTEX_POINT ( 'NONE', #7532 ) ;
#6859 = DIRECTION ( 'NONE',  ( -0.9999446120519638326, -0.01052486713680417935, 0.000000000000000000 ) ) ;
#6860 = ORIENTED_EDGE ( 'NONE', *, *, #5891, .F. ) ;
#6861 = CARTESIAN_POINT ( 'NONE',  ( -1.250000000000000000, 15.80000000000000071, 5.159999999999999254 ) ) ;
#6862 = ORIENTED_EDGE ( 'NONE', *, *, #6779, .T. ) ;
#6863 = CARTESIAN_POINT ( 'NONE',  ( 0.05896894249100359531, 2.299011506149234219, -8.745747907403849553 ) ) ;
#6864 = EDGE_CURVE ( 'NONE', #11123, #6485, #2777, .T. ) ;
#6865 = CARTESIAN_POINT ( 'NONE',  ( 5.079999999999999183, -0.7200000000000000844, -1.800000000000000044 ) ) ;
#6866 = EDGE_CURVE ( 'NONE', #9205, #2211, #4791, .T. ) ;
#6867 = CARTESIAN_POINT ( 'NONE',  ( 1.860000000000000098, 13.01999999999999957, 10.33999999999999808 ) ) ;
#6868 = CARTESIAN_POINT ( 'NONE',  ( -0.2350000000000000144, 15.52330609571595943, -4.280245272880009111 ) ) ;
#6869 = SURFACE_STYLE_USAGE ( .BOTH. , #7855 ) ;
#6870 = DIRECTION ( 'NONE',  ( 0.000000000000000000, 0.000000000000000000, 1.000000000000000000 ) ) ;
#6871 = VERTEX_POINT ( 'NONE', #7893 ) ;
#6872 = PRESENTATION_STYLE_ASSIGNMENT (( #8987 ) ) ;
#6873 = ORIENTED_EDGE ( 'NONE', *, *, #3605, .F. ) ;
#6874 = DIRECTION ( 'NONE',  ( -1.000000000000000000, 0.000000000000000000, 0.000000000000000000 ) ) ;
#6875 = ORIENTED_EDGE ( 'NONE', *, *, #879, .T. ) ;
#6876 = DIRECTION ( 'NONE',  ( 0.000000000000000000, 1.000000000000000000, 0.000000000000000000 ) ) ;
#6877 = FACE_OUTER_BOUND ( 'NONE', #985, .T. ) ;
#6878 = LINE ( 'NONE', #5128, #2204 ) ;
#6879 = CARTESIAN_POINT ( 'NONE',  ( -0.2350000000000004030, 9.130969291503895136, -7.608255765642385704 ) ) ;
#6880 = CARTESIAN_POINT ( 'NONE',  ( 0.9100193362320001533, 8.472577226044000653, -6.209999999999999964 ) ) ;
#6881 = ORIENTED_EDGE ( 'NONE', *, *, #9786, .F. ) ;
#6882 = LINE ( 'NONE', #9931, #10618 ) ;
#6883 = ORIENTED_EDGE ( 'NONE', *, *, #5414, .T. ) ;
#6884 = CARTESIAN_POINT ( 'NONE',  ( -1.529999999999999805, 9.250000000000000000, -3.720000000000000195 ) ) ;
#6885 = CARTESIAN_POINT ( 'NONE',  ( 8.751918340712878219, 13.08000000000000007, -0.3649999999999998801 ) ) ;
#6886 = VERTEX_POINT ( 'NONE', #10643 ) ;
#6887 = PLANE ( 'NONE',  #2582 ) ;
#6888 = CARTESIAN_POINT ( 'NONE',  ( 4.879999999999999893, 13.02999999999999936, 10.35999999999999943 ) ) ;
#6889 = EDGE_CURVE ( 'NONE', #6412, #1239, #8771, .T. ) ;
#6890 = CARTESIAN_POINT ( 'NONE',  ( -3.500000000000000000, 8.000000000000000000, -5.009999999999999787 ) ) ;
#6891 = EDGE_CURVE ( 'NONE', #7320, #124, #3015, .T. ) ;
#6892 = CARTESIAN_POINT ( 'NONE',  ( -0.9136519189134755248, 8.421486276974153640, -7.494748718154878198 ) ) ;
#6893 = LINE ( 'NONE', #5269, #5163 ) ;
#6894 = ORIENTED_EDGE ( 'NONE', *, *, #6199, .F. ) ;
#6895 = LINE ( 'NONE', #1151, #8911 ) ;
#6896 = EDGE_CURVE ( 'NONE', #4154, #7923, #2149, .T. ) ;
#6897 = EDGE_CURVE ( 'NONE', #9238, #6961, #4024, .T. ) ;
#6898 = ORIENTED_EDGE ( 'NONE', *, *, #7492, .F. ) ;
#6899 = EDGE_CURVE ( 'NONE', #8277, #10641, #9534, .T. ) ;
#6900 = CARTESIAN_POINT ( 'NONE',  ( -1.250000000000000000, 14.09462133319000010, -6.209999999999999964 ) ) ;
#6901 = ORIENTED_EDGE ( 'NONE', *, *, #718, .T. ) ;
#6902 = VECTOR ( 'NONE', #3082, 999.9999999999998863 ) ;
#6903 = EDGE_LOOP ( 'NONE', ( #2422, #3716, #10208, #1136, #3300, #7595 ) ) ;
#6904 = CARTESIAN_POINT ( 'NONE',  ( 0.05896894249100359531, 2.299011506149234219, -8.745747907403849553 ) ) ;
#6905 = CARTESIAN_POINT ( 'NONE',  ( -5.339999999999998970, -3.600000000000000089, 1.273734666247000158 ) ) ;
#6906 = CARTESIAN_POINT ( 'NONE',  ( 1.250000000000000000, 15.80000000000000071, 5.159999999999999254 ) ) ;
#6907 = DIRECTION ( 'NONE',  ( -0.9999997642673967846, 0.000000000000000000, -0.0006866331995831718993 ) ) ;
#6908 = DIRECTION ( 'NONE',  ( -1.000000000000000000, 0.000000000000000000, 0.000000000000000000 ) ) ;
#6909 = VECTOR ( 'NONE', #3018, 1000.000000000000000 ) ;
#6910 = DIRECTION ( 'NONE',  ( -0.000000000000000000, -1.000000000000000000, -0.000000000000000000 ) ) ;
#6911 = VERTEX_POINT ( 'NONE', #2092 ) ;
#6912 = ORIENTED_EDGE ( 'NONE', *, *, #10321, .T. ) ;
#6913 =( BOUNDED_SURFACE ( )  B_SPLINE_SURFACE ( 1, 3, ( 
 ( #8691, #8451, #11325, #24 ),
 ( #2823, #3827, #10507, #12263 ),
 ( #6655, #5653, #10454, #3702 ) ),
 .UNSPECIFIED., .F., .F., .F. ) 
 B_SPLINE_SURFACE_WITH_KNOTS ( ( 2, 1, 2 ),
 ( 4, 4 ),
 ( 0.008928571428571454097, 1.000000000000000000, 1.008928571428571397 ),
 ( 0.000000000000000000, 1.000000000000000000 ),
 .UNSPECIFIED. ) 
 GEOMETRIC_REPRESENTATION_ITEM ( )  RATIONAL_B_SPLINE_SURFACE ( (
 ( 1.000000000000000000, 0.9982238607890084880, 0.9982238607890084880, 1.000000000000000000),
 ( 1.000000000000000000, 0.9982238607890084880, 0.9982238607890084880, 1.000000000000000000),
 ( 1.000000000000000000, 0.9982238607890084880, 0.9982238607890084880, 1.000000000000000000) ) ) 
 REPRESENTATION_ITEM ( '' )  SURFACE ( )  );
#6914 = LINE ( 'NONE', #9785, #9695 ) ;
#6915 = DIRECTION ( 'NONE',  ( 0.000000000000000000, 0.9997698407351198746, -0.02145380051350246134 ) ) ;
#6916 = ORIENTED_EDGE ( 'NONE', *, *, #1132, .T. ) ;
#6917 = DIRECTION ( 'NONE',  ( 1.224646799146999945E-16, 0.000000000000000000, 1.000000000000000000 ) ) ;
#6918 = CARTESIAN_POINT ( 'NONE',  ( 2.220000000000000195, 15.45000000000000107, 6.119999999999999218 ) ) ;
#6919 = VECTOR ( 'NONE', #4474, 1000.000000000000000 ) ;
#6920 = DIRECTION ( 'NONE',  ( 0.000000000000000000, 0.9763850306004407953, 0.2160376634278763919 ) ) ;
#6921 = VECTOR ( 'NONE', #3143, 1000.000000000000000 ) ;
#6922 = CARTESIAN_POINT ( 'NONE',  ( -3.600000000000000089, 15.45000000000000107, 10.35999999999999943 ) ) ;
#6923 = DIRECTION ( 'NONE',  ( -1.000000000000000000, 0.000000000000000000, 0.000000000000000000 ) ) ;
#6924 = EDGE_CURVE ( 'NONE', #5868, #4755, #10925, .T. ) ;
#6925 = VECTOR ( 'NONE', #9237, 1000.000000000000000 ) ;
#6926 = ADVANCED_FACE ( 'NONE', ( #279 ), #7098, .T. ) ;
#6927 = CIRCLE ( 'NONE', #6531, 0.2799999999999999711 ) ;
#6928 = DIRECTION ( 'NONE',  ( 0.0001554772717247336720, 0.9999999879134089387, 0.000000000000000000 ) ) ;
#6929 = ORIENTED_EDGE ( 'NONE', *, *, #8979, .F. ) ;
#6930 = CARTESIAN_POINT ( 'NONE',  ( 0.7900000000000000355, 15.70000000000003304, -3.661530882015934463 ) ) ;
#6931 = VERTEX_POINT ( 'NONE', #7775 ) ;
#6932 = CARTESIAN_POINT ( 'NONE',  ( 1.804999999999999938, 14.06939833831600062, -6.213385438909000413 ) ) ;
#6933 = ORIENTED_EDGE ( 'NONE', *, *, #2155, .F. ) ;
#6934 = CARTESIAN_POINT ( 'NONE',  ( -0.7900000000000000355, 15.69999999999999929, -4.699234558991999045 ) ) ;
#6935 = DIRECTION ( 'NONE',  ( 0.000000000000000000, 0.000000000000000000, -1.000000000000000000 ) ) ;
#6936 = LINE ( 'NONE', #3707, #9188 ) ;
#6937 = VECTOR ( 'NONE', #9775, 1000.000000000000000 ) ;
#6938 = CARTESIAN_POINT ( 'NONE',  ( -1.534999999999999920, 9.099999999999999645, -6.209999999999999964 ) ) ;
#6939 = CIRCLE ( 'NONE', #1350, 0.2799999999999998601 ) ;
#6940 = CARTESIAN_POINT ( 'NONE',  ( -0.2349999999999973777, 9.115946601776760971, -7.611620848141259721 ) ) ;
#6941 = ADVANCED_FACE ( 'NONE', ( #8834 ), #3134, .F. ) ;
#6942 = EDGE_CURVE ( 'NONE', #11842, #9577, #2895, .T. ) ;
#6943 = CARTESIAN_POINT ( 'NONE',  ( -1.815000000000000169, 15.52109309744938770, -4.270243598422243991 ) ) ;
#6944 = EDGE_LOOP ( 'NONE', ( #2002, #2343, #7909, #12079 ) ) ;
#6945 = PLANE ( 'NONE',  #7634 ) ;
#6946 = ORIENTED_EDGE ( 'NONE', *, *, #2227, .F. ) ;
#6947 = VECTOR ( 'NONE', #4531, 1000.000000000000000 ) ;
#6948 = FACE_OUTER_BOUND ( 'NONE', #650, .T. ) ;
#6949 = PLANE ( 'NONE',  #10564 ) ;
#6950 = ORIENTED_EDGE ( 'NONE', *, *, #9571, .F. ) ;
#6951 = LINE ( 'NONE', #4124, #8961 ) ;
#6952 = ORIENTED_EDGE ( 'NONE', *, *, #11510, .F. ) ;
#6953 = VECTOR ( 'NONE', #855, 1000.000000000000000 ) ;
#6954 = PLANE ( 'NONE',  #3593 ) ;
#6955 = DIRECTION ( 'NONE',  ( 0.000000000000000000, 1.000000000000000000, 0.000000000000000000 ) ) ;
#6956 = LINE ( 'NONE', #389, #12353 ) ;
#6957 = ORIENTED_EDGE ( 'NONE', *, *, #401, .T. ) ;
#6958 = VECTOR ( 'NONE', #1333, 1000.000000000000000 ) ;
#6959 = CARTESIAN_POINT ( 'NONE',  ( -1.860000000000000098, 15.45000000000000107, -0.3649999999999989919 ) ) ;
#6960 = EDGE_CURVE ( 'NONE', #7676, #1267, #2039, .T. ) ;
#6961 = VERTEX_POINT ( 'NONE', #11465 ) ;
#6962 = DIRECTION ( 'NONE',  ( 0.000000000000000000, 0.000000000000000000, 1.000000000000000000 ) ) ;
#6963 = VERTEX_POINT ( 'NONE', #10588 ) ;
#6964 = VERTEX_POINT ( 'NONE', #10526 ) ;
#6965 = CARTESIAN_POINT ( 'NONE',  ( 0.2300000000000000100, 9.377205983516001098, -3.778469117984000203 ) ) ;
#6966 = LINE ( 'NONE', #10768, #7187 ) ;
#6967 = CARTESIAN_POINT ( 'NONE',  ( -0.9149038041684535161, 8.451744702380068475, -7.766552608649613276 ) ) ;
#6968 = AXIS2_PLACEMENT_3D ( 'NONE', #10614, #6874, #8735 ) ;
#6969 = CARTESIAN_POINT ( 'NONE',  ( 0.2300000000000000100, 15.51999999999999957, -4.250000000000000000 ) ) ;
#6970 = DIRECTION ( 'NONE',  ( 0.000000000000000000, 0.9086141679698426232, -0.4176365570259273907 ) ) ;
#6971 = VECTOR ( 'NONE', #8540, 1000.000000000000000 ) ;
#6972 = ADVANCED_FACE ( 'NONE', ( #5847 ), #1677, .T. ) ;
#6973 = EDGE_CURVE ( 'NONE', #10715, #6780, #3392, .T. ) ;
#6974 = LINE ( 'NONE', #414, #8505 ) ;
#6975 = ADVANCED_FACE ( 'NONE', ( #9020 ), #10832, .F. ) ;
#6976 = AXIS2_PLACEMENT_3D ( 'NONE', #3076, #3852, #4735 ) ;
#6977 = ORIENTED_EDGE ( 'NONE', *, *, #6673, .T. ) ;
#6978 = VECTOR ( 'NONE', #5320, 1000.000000000000000 ) ;
#6979 = EDGE_LOOP ( 'NONE', ( #2882, #7834, #11554, #1403, #12124, #316, #6737, #11357, #3386, #7709, #5725 ) ) ;
#6980 = CARTESIAN_POINT ( 'NONE',  ( -0.3499999999999999778, -0.3499999999999999778, -9.029807775661000235 ) ) ;
#6981 = LINE ( 'NONE', #10783, #11823 ) ;
#6982 = ORIENTED_EDGE ( 'NONE', *, *, #934, .T. ) ;
#6983 = CARTESIAN_POINT ( 'NONE',  ( 2.220000000000000195, 15.69999999999999929, -5.620000000000000107 ) ) ;
#6984 = LINE ( 'NONE', #10786, #4181 ) ;
#6985 = CARTESIAN_POINT ( 'NONE',  ( 2.220000000000000195, 13.08000000000000007, -5.620000000000000107 ) ) ;
#6986 = CARTESIAN_POINT ( 'NONE',  ( 0.000000000000000000, 2.299999999999999822, 0.000000000000000000 ) ) ;
#6987 = CIRCLE ( 'NONE', #1607, 0.2599999999999997868 ) ;
#6988 = VECTOR ( 'NONE', #1395, 1000.000000000000000 ) ;
#6989 = VECTOR ( 'NONE', #10192, 1000.000000000000000 ) ;
#6990 = CARTESIAN_POINT ( 'NONE',  ( 1.245000000000000107, 14.49800950369600017, 4.776298838437000427 ) ) ;
#6991 = AXIS2_PLACEMENT_3D ( 'NONE', #7930, #11333, #902 ) ;
#6992 = VERTEX_POINT ( 'NONE', #2331 ) ;
#6993 = AXIS2_PLACEMENT_3D ( 'NONE', #5569, #9447, #8309 ) ;
#6994 = CARTESIAN_POINT ( 'NONE',  ( -0.3499999999999999778, 3.000000000000000000, -9.029999999999999361 ) ) ;
#6995 = ORIENTED_EDGE ( 'NONE', *, *, #6726, .T. ) ;
#6996 = VECTOR ( 'NONE', #11429, 1000.000000000000000 ) ;
#6997 = LINE ( 'NONE', #9623, #3777 ) ;
#6998 = VERTEX_POINT ( 'NONE', #1532 ) ;
#6999 = CARTESIAN_POINT ( 'NONE',  ( -1.815000000000000169, 14.10706124084490654, -6.489866411560861970 ) ) ;
#7000 = CARTESIAN_POINT ( 'NONE',  ( -0.9149038053469871201, 8.467571346222895201, -7.762871589606325173 ) ) ;
#7001 = B_SPLINE_CURVE_WITH_KNOTS ( 'NONE', 3,
 ( #4073, #4132, #10822, #1463 ),
 .UNSPECIFIED., .F., .F.,
 ( 4, 4 ),
 ( 0.000000000000000000, 1.000000000000001998 ),
 .UNSPECIFIED. ) ;
#7002 = PLANE ( 'NONE',  #8590 ) ;
#7003 = DIRECTION ( 'NONE',  ( 1.000000000000000000, 0.000000000000000000, 0.000000000000000000 ) ) ;
#7004 = LINE ( 'NONE', #9812, #3361 ) ;
#7005 = VECTOR ( 'NONE', #11728, 1000.000000000000114 ) ;
#7006 = ORIENTED_EDGE ( 'NONE', *, *, #5284, .T. ) ;
#7007 = DIRECTION ( 'NONE',  ( -1.000000000000000000, 0.000000000000000000, 0.000000000000000000 ) ) ;
#7008 = EDGE_LOOP ( 'NONE', ( #4133, #5062, #11723, #2986, #7177, #2021 ) ) ;
#7009 = PLANE ( 'NONE',  #9420 ) ;
#7010 = FACE_OUTER_BOUND ( 'NONE', #6221, .T. ) ;
#7011 = ORIENTED_EDGE ( 'NONE', *, *, #6057, .T. ) ;
#7012 = DIRECTION ( 'NONE',  ( 0.000000000000000000, 0.9763850306004406843, 0.2160376634278765307 ) ) ;
#7013 = DIRECTION ( 'NONE',  ( 1.000000000000000000, 0.000000000000000000, 0.000000000000000000 ) ) ;
#7014 = EDGE_CURVE ( 'NONE', #11223, #4184, #7736, .T. ) ;
#7015 = EDGE_CURVE ( 'NONE', #759, #9019, #4143, .T. ) ;
#7016 = CARTESIAN_POINT ( 'NONE',  ( 1.771769426284633742, 9.260256555530299138, -7.576887973579928826 ) ) ;
#7017 = AXIS2_PLACEMENT_3D ( 'NONE', #11044, #2478, #426 ) ;
#7018 = LINE ( 'NONE', #10821, #526 ) ;
#7019 = CARTESIAN_POINT ( 'NONE',  ( -0.9134305628781232977, 8.483616685303090321, -7.759122562953264080 ) ) ;
#7020 = EDGE_LOOP ( 'NONE', ( #1021, #3782, #8988, #973 ) ) ;
#7021 = CARTESIAN_POINT ( 'NONE',  ( 5.080000000000000071, -3.500000000000000000, 0.000000000000000000 ) ) ;
#7022 = AXIS2_PLACEMENT_3D ( 'NONE', #7558, #1005, #71 ) ;
#7023 = ORIENTED_EDGE ( 'NONE', *, *, #6160, .F. ) ;
#7024 = FACE_OUTER_BOUND ( 'NONE', #5473, .T. ) ;
#7025 = ORIENTED_EDGE ( 'NONE', *, *, #2900, .F. ) ;
#7026 = CIRCLE ( 'NONE', #2830, 0.1399999999999985978 ) ;
#7027 = ORIENTED_EDGE ( 'NONE', *, *, #7600, .F. ) ;
#7028 = CARTESIAN_POINT ( 'NONE',  ( -1.255000000000000115, 9.122794016484000679, -3.661530882016000188 ) ) ;
#7029 = CARTESIAN_POINT ( 'NONE',  ( -1.814999999999999947, 15.79759791836103133, 5.189882150341833977 ) ) ;
#7030 = LINE ( 'NONE', #1346, #6644 ) ;
#7031 = DIRECTION ( 'NONE',  ( 1.000000000000000000, 0.000000000000000000, 0.000000000000000000 ) ) ;
#7032 = CARTESIAN_POINT ( 'NONE',  ( 0.7900000000000000355, 15.52000000000000135, 5.159999999999999254 ) ) ;
#7033 = VECTOR ( 'NONE', #5121, 1000.000000000000000 ) ;
#7034 = AXIS2_PLACEMENT_3D ( 'NONE', #10808, #8000, #10870 ) ;
#7035 = ORIENTED_EDGE ( 'NONE', *, *, #4907, .T. ) ;
#7036 = CARTESIAN_POINT ( 'NONE',  ( 2.184712639979274673, 8.451828281452929303, -7.766912131329651636 ) ) ;
#7037 = ORIENTED_EDGE ( 'NONE', *, *, #9290, .F. ) ;
#7038 = EDGE_LOOP ( 'NONE', ( #4671, #3175, #209, #4670 ) ) ;
#7039 = PLANE ( 'NONE',  #6182 ) ;
#7040 =( GEOMETRIC_REPRESENTATION_CONTEXT ( 3 ) GLOBAL_UNCERTAINTY_ASSIGNED_CONTEXT ( ( #2591 ) ) GLOBAL_UNIT_ASSIGNED_CONTEXT ( ( #10902, #10969, #10034 ) ) REPRESENTATION_CONTEXT ( 'NONE', 'WORKASPACE' ) );
#7041 = VECTOR ( 'NONE', #2451, 1000.000000000000000 ) ;
#7042 = DIRECTION ( 'NONE',  ( 0.000000000000000000, 0.000000000000000000, 1.000000000000000000 ) ) ;
#7043 = ORIENTED_EDGE ( 'NONE', *, *, #6290, .F. ) ;
#7044 = CARTESIAN_POINT ( 'NONE',  ( 1.250000000000000000, 15.80000000000000071, -4.234997608641000610 ) ) ;
#7045 = DIRECTION ( 'NONE',  ( -1.000000000000000000, 0.000000000000000000, 1.224646799146999945E-16 ) ) ;
#7046 = CARTESIAN_POINT ( 'NONE',  ( 3.600000000000000089, 1.100000000000000089, -6.895000000000000462 ) ) ;
#7047 = CARTESIAN_POINT ( 'NONE',  ( 6.540000000000000036, 1.959999999999999964, 8.789999999999999147 ) ) ;
#7048 = DIRECTION ( 'NONE',  ( 0.000000000000000000, 0.9763850306004406843, 0.2160376634278765307 ) ) ;
#7049 = ADVANCED_FACE ( 'NONE', ( #585 ), #8079, .F. ) ;
#7050 = EDGE_CURVE ( 'NONE', #11851, #3909, #8138, .T. ) ;
#7051 = ORIENTED_EDGE ( 'NONE', *, *, #2159, .F. ) ;
#7052 = CARTESIAN_POINT ( 'NONE',  ( -0.3550000000000002598, 3.000000000000000000, -10.22999999999999865 ) ) ;
#7053 = EDGE_CURVE ( 'NONE', #1679, #11488, #8209, .T. ) ;
#7054 = CARTESIAN_POINT ( 'NONE',  ( -3.600000000000000089, 0.000000000000000000, 6.740000000000000213 ) ) ;
#7055 = ORIENTED_EDGE ( 'NONE', *, *, #12239, .F. ) ;
#7056 = ADVANCED_FACE ( 'NONE', ( #1471 ), #2215, .T. ) ;
#7057 = VERTEX_POINT ( 'NONE', #3324 ) ;
#7058 = DIRECTION ( 'NONE',  ( -1.000000000000000000, 0.000000000000000000, 0.000000000000000000 ) ) ;
#7059 = ORIENTED_EDGE ( 'NONE', *, *, #9403, .F. ) ;
#7060 = CARTESIAN_POINT ( 'NONE',  ( 0.2349806637680000032, 9.047422773956000697, -6.209999999999999964 ) ) ;
#7061 = EDGE_LOOP ( 'NONE', ( #7936, #164, #5684, #7135 ) ) ;
#7062 = CARTESIAN_POINT ( 'NONE',  ( 0.8400000000000000799, 15.45000000000000107, 2.370000000000000107 ) ) ;
#7063 = CARTESIAN_POINT ( 'NONE',  ( 1.805000000000000160, 15.51998668538456805, -4.260059949487317255 ) ) ;
#7064 = DIRECTION ( 'NONE',  ( 0.000000000000000000, 0.4176365570259273907, 0.9086141679698426232 ) ) ;
#7065 = EDGE_CURVE ( 'NONE', #10522, #9174, #6027, .T. ) ;
#7066 = CARTESIAN_POINT ( 'NONE',  ( 1.625000000000000000, -3.700000000000000178, -9.029999999999999361 ) ) ;
#7067 = DIRECTION ( 'NONE',  ( 0.000000000000000000, 0.000000000000000000, -1.000000000000000000 ) ) ;
#7068 = VERTEX_POINT ( 'NONE', #7028 ) ;
#7069 = CARTESIAN_POINT ( 'NONE',  ( 0.3549999999999999822, 7.058817561802944063, -10.22999999999999865 ) ) ;
#7070 = VERTEX_POINT ( 'NONE', #1286 ) ;
#7071 = AXIS2_PLACEMENT_3D ( 'NONE', #7941, #8819, #7013 ) ;
#7072 = DIRECTION ( 'NONE',  ( -1.000000000000000000, 0.000000000000000000, 0.000000000000000000 ) ) ;
#7073 = DIRECTION ( 'NONE',  ( 0.000000000000000000, 0.000000000000000000, 1.000000000000000000 ) ) ;
#7074 = ORIENTED_EDGE ( 'NONE', *, *, #12203, .F. ) ;
#7075 = CARTESIAN_POINT ( 'NONE',  ( -0.7900000000000000355, 15.80000000000000071, 5.159999999999999254 ) ) ;
#7076 = DIRECTION ( 'NONE',  ( -0.000000000000000000, 1.000000000000000000, 0.000000000000000000 ) ) ;
#7077 = DIRECTION ( 'NONE',  ( 0.000000000000000000, -0.9740264650303576133, -0.2264341966675209039 ) ) ;
#7078 = DIRECTION ( 'NONE',  ( 0.000000000000000000, -0.9381440673623766546, 0.3462451571831385855 ) ) ;
#7079 = LINE ( 'NONE', #1398, #9941 ) ;
#7080 = EDGE_CURVE ( 'NONE', #774, #1166, #7548, .T. ) ;
#7081 = VECTOR ( 'NONE', #157, 1000.000000000000000 ) ;
#7082 = VERTEX_POINT ( 'NONE', #5339 ) ;
#7083 = EDGE_CURVE ( 'NONE', #11320, #5348, #11762, .T. ) ;
#7084 = CARTESIAN_POINT ( 'NONE',  ( -0.2300000000000000100, 14.06939833831600062, -6.213385438909000413 ) ) ;
#7085 = EDGE_CURVE ( 'NONE', #4435, #2819, #10082, .T. ) ;
#7086 = EDGE_LOOP ( 'NONE', ( #5419, #8871, #4414, #2442 ) ) ;
#7087 = LINE ( 'NONE', #10884, #3851 ) ;
#7088 = ORIENTED_EDGE ( 'NONE', *, *, #10519, .T. ) ;
#7089 = AXIS2_PLACEMENT_3D ( 'NONE', #6730, #7777, #7715 ) ;
#7090 = ORIENTED_EDGE ( 'NONE', *, *, #8117, .T. ) ;
#7091 = DIRECTION ( 'NONE',  ( 0.000000000000000000, 0.000000000000000000, 1.000000000000000000 ) ) ;
#7092 = CARTESIAN_POINT ( 'NONE',  ( -4.819999999999999396, -1.639999999999999902, 1.324726386844000015 ) ) ;
#7093 = PLANE ( 'NONE',  #11609 ) ;
#7094 = CARTESIAN_POINT ( 'NONE',  ( -0.4489592921380000101, 9.063591899182000589, -7.334686081274999658 ) ) ;
#7095 = DIRECTION ( 'NONE',  ( 1.000000000000000000, 0.000000000000000000, 0.000000000000000000 ) ) ;
#7096 = ORIENTED_EDGE ( 'NONE', *, *, #9649, .T. ) ;
#7097 = CARTESIAN_POINT ( 'NONE',  ( 6.540000000000000036, 0.000000000000000000, -10.22999999999999865 ) ) ;
#7098 =( BOUNDED_SURFACE ( )  B_SPLINE_SURFACE ( 1, 3, ( 
 ( #2954, #3959, #5960, #1226 ),
 ( #3847, #11589, #4081, #5040 ),
 ( #8707, #155, #11701, #6787 ) ),
 .UNSPECIFIED., .F., .F., .F. ) 
 B_SPLINE_SURFACE_WITH_KNOTS ( ( 2, 1, 2 ),
 ( 4, 4 ),
 ( -0.02538291964736221623, 0.000000000000000000, 1.000000000000000000 ),
 ( 0.000000000000000000, 1.000000000000000000 ),
 .UNSPECIFIED. ) 
 GEOMETRIC_REPRESENTATION_ITEM ( )  RATIONAL_B_SPLINE_SURFACE ( (
 ( 1.000000000000000000, 0.9794143817303299082, 0.9794143817303299082, 1.000000000000000000),
 ( 1.000000000000000000, 0.9794143817303299082, 0.9794143817303299082, 1.000000000000000000),
 ( 1.000000000000000000, 0.9794143817303299082, 0.9794143817303299082, 1.000000000000000000) ) ) 
 REPRESENTATION_ITEM ( '' )  SURFACE ( )  );
#7099 = EDGE_CURVE ( 'NONE', #4505, #7240, #8955, .T. ) ;
#7100 = ORIENTED_EDGE ( 'NONE', *, *, #10927, .F. ) ;
#7101 = ORIENTED_EDGE ( 'NONE', *, *, #3904, .F. ) ;
#7102 = UNCERTAINTY_MEASURE_WITH_UNIT (LENGTH_MEASURE( 1.000000000000000082E-05 ), #10349, 'distance_accuracy_value', 'NONE');
#7103 = ORIENTED_EDGE ( 'NONE', *, *, #5229, .T. ) ;
#7104 = DIRECTION ( 'NONE',  ( 0.000000000000000000, 0.4176365570259273907, 0.9086141679698426232 ) ) ;
#7105 = FACE_OUTER_BOUND ( 'NONE', #1481, .T. ) ;
#7106 = CARTESIAN_POINT ( 'NONE',  ( 2.220000000000000195, 2.640000000000000124, 10.33999999999999986 ) ) ;
#7107 = LINE ( 'NONE', #10909, #12300 ) ;
#7108 = CARTESIAN_POINT ( 'NONE',  ( -1.200000000000000178, 13.01999999999999957, -0.3649999999999998801 ) ) ;
#7109 = VECTOR ( 'NONE', #8281, 1000.000000000000000 ) ;
#7110 = AXIS2_PLACEMENT_3D ( 'NONE', #764, #4581, #8383 ) ;
#7111 = ORIENTED_EDGE ( 'NONE', *, *, #2533, .F. ) ;
#7112 = CARTESIAN_POINT ( 'NONE',  ( -0.2341682447260000077, 9.021753155543001057, -7.344324727511999384 ) ) ;
#7113 = EDGE_CURVE ( 'NONE', #3937, #11917, #11831, .T. ) ;
#7114 = VECTOR ( 'NONE', #10417, 1000.000000000000000 ) ;
#7115 = DIRECTION ( 'NONE',  ( 0.000000000000000000, 0.000000000000000000, 1.000000000000000000 ) ) ;
#7116 = ORIENTED_EDGE ( 'NONE', *, *, #5130, .T. ) ;
#7117 = EDGE_CURVE ( 'NONE', #5622, #5189, #1415, .T. ) ;
#7118 = AXIS2_PLACEMENT_3D ( 'NONE', #3023, #1107, #4972 ) ;
#7119 = ORIENTED_EDGE ( 'NONE', *, *, #11195, .F. ) ;
#7120 = CARTESIAN_POINT ( 'NONE',  ( -0.7900000000000000355, 15.80000000000000071, 5.159999999999999254 ) ) ;
#7121 = VERTEX_POINT ( 'NONE', #2397 ) ;
#7122 = CARTESIAN_POINT ( 'NONE',  ( -1.810000000000000053, 15.69999999999999929, -5.336197087740999656 ) ) ;
#7123 = ORIENTED_EDGE ( 'NONE', *, *, #4526, .T. ) ;
#7124 = CARTESIAN_POINT ( 'NONE',  ( -1.810000000000000053, 14.10706124084490654, -6.489866411560861970 ) ) ;
#7125 = DIRECTION ( 'NONE',  ( 1.000000000000000000, 0.000000000000000000, 0.000000000000000000 ) ) ;
#7126 = CARTESIAN_POINT ( 'NONE',  ( -0.3499039373569999833, 1.100000000000000089, -9.029807709702000196 ) ) ;
#7127 = FACE_OUTER_BOUND ( 'NONE', #5718, .T. ) ;
#7128 = AXIS2_PLACEMENT_3D ( 'NONE', #11747, #3188, #5212 ) ;
#7129 = EDGE_CURVE ( 'NONE', #3066, #7752, #9337, .T. ) ;
#7130 = VECTOR ( 'NONE', #3448, 1000.000000000000000 ) ;
#7131 = EDGE_CURVE ( 'NONE', #12138, #1595, #6213, .T. ) ;
#7132 = ORIENTED_EDGE ( 'NONE', *, *, #7401, .F. ) ;
#7133 = DIRECTION ( 'NONE',  ( 0.000000000000000000, 0.9086141679698415130, -0.4176365570259298332 ) ) ;
#7134 = ADVANCED_FACE ( 'NONE', ( #5657 ), #11078, .T. ) ;
#7135 = ORIENTED_EDGE ( 'NONE', *, *, #11913, .F. ) ;
#7136 = DIRECTION ( 'NONE',  ( 0.000000000000000000, 0.000000000000000000, -1.000000000000000000 ) ) ;
#7137 = DIRECTION ( 'NONE',  ( -2.809220751699909812E-06, -0.9737150319358202077, -0.2277697007381206118 ) ) ;
#7138 = EDGE_LOOP ( 'NONE', ( #7485, #8233, #10919, #10944 ) ) ;
#7139 = DIRECTION ( 'NONE',  ( -1.000000000000000000, 0.000000000000000000, 0.000000000000000000 ) ) ;
#7140 = VECTOR ( 'NONE', #10662, 999.9999999999998863 ) ;
#7141 = CARTESIAN_POINT ( 'NONE',  ( -2.185000000000000053, 3.000000000000000000, -6.209999999999999964 ) ) ;
#7142 = CARTESIAN_POINT ( 'NONE',  ( -0.9150958006302639669, 2.986473022055134763, -8.750000571073041300 ) ) ;
#7143 = ORIENTED_EDGE ( 'NONE', *, *, #277, .F. ) ;
#7144 = CARTESIAN_POINT ( 'NONE',  ( -0.6321804546452312046, 8.388299544004214070, -7.493637721036294330 ) ) ;
#7145 = CARTESIAN_POINT ( 'NONE',  ( 0.9200000000000000400, 8.419999999999999929, -6.490000000000000213 ) ) ;
#7146 = ORIENTED_EDGE ( 'NONE', *, *, #4611, .T. ) ;
#7147 = EDGE_CURVE ( 'NONE', #11828, #7446, #5525, .T. ) ;
#7148 = FACE_OUTER_BOUND ( 'NONE', #7008, .T. ) ;
#7149 = ORIENTED_EDGE ( 'NONE', *, *, #11249, .T. ) ;
#7150 = CARTESIAN_POINT ( 'NONE',  ( 0.7900000000000000355, 13.47871246230450382, 5.144808391965614014 ) ) ;
#7151 = EDGE_LOOP ( 'NONE', ( #12061, #5824, #2736, #9837 ) ) ;
#7152 = AXIS2_PLACEMENT_3D ( 'NONE', #11903, #2410, #6227 ) ;
#7153 = VERTEX_POINT ( 'NONE', #6401 ) ;
#7154 = VERTEX_POINT ( 'NONE', #3772 ) ;
#7155 = CARTESIAN_POINT ( 'NONE',  ( 4.684071175071465198, -3.321765743776878832, 1.273734666246999936 ) ) ;
#7156 = LINE ( 'NONE', #7894, #11561 ) ;
#7157 = CARTESIAN_POINT ( 'NONE',  ( -0.9137058093430665551, 8.421318222745600934, -7.494789397326813152 ) ) ;
#7158 = CARTESIAN_POINT ( 'NONE',  ( -0.2350000000000000144, 13.47869573117973019, 5.144767955706051943 ) ) ;
#7159 = CARTESIAN_POINT ( 'NONE',  ( 3.600000000000000089, 15.11999999999999922, 7.625000000000000000 ) ) ;
#7160 = EDGE_CURVE ( 'NONE', #9948, #4889, #1966, .T. ) ;
#7161 = VERTEX_POINT ( 'NONE', #3650 ) ;
#7162 = LINE ( 'NONE', #7845, #327 ) ;
#7163 = ORIENTED_EDGE ( 'NONE', *, *, #6770, .F. ) ;
#7164 = ORIENTED_EDGE ( 'NONE', *, *, #2751, .T. ) ;
#7165 = ORIENTED_EDGE ( 'NONE', *, *, #6897, .T. ) ;
#7166 = VECTOR ( 'NONE', #2489, 1000.000000000000000 ) ;
#7167 = DIRECTION ( 'NONE',  ( -1.000000000000000000, 0.000000000000000000, 0.000000000000000000 ) ) ;
#7168 = CARTESIAN_POINT ( 'NONE',  ( 5.599999999999999645, 1.100000000000000089, 1.245833054625999914 ) ) ;
#7169 = DIRECTION ( 'NONE',  ( 1.000000000000000000, 0.000000000000000000, 0.000000000000000000 ) ) ;
#7170 = LINE ( 'NONE', #1618, #8701 ) ;
#7171 = DIRECTION ( 'NONE',  ( -0.000000000000000000, 1.000000000000000000, 0.000000000000000000 ) ) ;
#7172 = EDGE_CURVE ( 'NONE', #12326, #2328, #10145, .T. ) ;
#7173 = EDGE_CURVE ( 'NONE', #121, #10173, #6587, .T. ) ;
#7174 =( BOUNDED_SURFACE ( )  B_SPLINE_SURFACE ( 1, 3, ( 
 ( #12348, #5668, #7601, #9473 ),
 ( #1861, #11343, #2845, #4672 ),
 ( #11413, #8340, #4731, #6413 ) ),
 .UNSPECIFIED., .F., .F., .F. ) 
 B_SPLINE_SURFACE_WITH_KNOTS ( ( 2, 1, 2 ),
 ( 4, 4 ),
 ( 0.008928571428571454097, 1.000000000000000000, 1.008928571428571397 ),
 ( 0.000000000000000000, 1.000000000000000000 ),
 .UNSPECIFIED. ) 
 GEOMETRIC_REPRESENTATION_ITEM ( )  RATIONAL_B_SPLINE_SURFACE ( (
 ( 1.000000000000000000, 0.9994963654399259267, 0.9994963654399259267, 1.000000000000000000),
 ( 1.000000000000000000, 0.9994963654399259267, 0.9994963654399259267, 1.000000000000000000),
 ( 1.000000000000000000, 0.9994963654399259267, 0.9994963654399259267, 1.000000000000000000) ) ) 
 REPRESENTATION_ITEM ( '' )  SURFACE ( )  );
#7175 = AXIS2_PLACEMENT_3D ( 'NONE', #10647, #6675, #7717 ) ;
#7176 = VECTOR ( 'NONE', #7971, 1000.000000000000000 ) ;
#7177 = ORIENTED_EDGE ( 'NONE', *, *, #10790, .F. ) ;
#7178 = CARTESIAN_POINT ( 'NONE',  ( 0.1800000000000000211, 15.45000000000000107, 6.119999999999999218 ) ) ;
#7179 = FACE_OUTER_BOUND ( 'NONE', #6754, .T. ) ;
#7180 = DIRECTION ( 'NONE',  ( 0.000000000000000000, 0.000000000000000000, -1.000000000000000000 ) ) ;
#7181 = ORIENTED_EDGE ( 'NONE', *, *, #9649, .F. ) ;
#7182 = ORIENTED_EDGE ( 'NONE', *, *, #4221, .F. ) ;
#7183 = ORIENTED_EDGE ( 'NONE', *, *, #3377, .T. ) ;
#7184 = CARTESIAN_POINT ( 'NONE',  ( -6.540000000000000036, 15.11416361098900119, -6.104208234257000321 ) ) ;
#7185 = ORIENTED_EDGE ( 'NONE', *, *, #11774, .T. ) ;
#7186 = CARTESIAN_POINT ( 'NONE',  ( 0.7900000000000000355, 14.49800950369600017, 4.776298838437000427 ) ) ;
#7187 = VECTOR ( 'NONE', #2216, 1000.000000000000000 ) ;
#7188 = AXIS2_PLACEMENT_3D ( 'NONE', #2318, #3250, #4129 ) ;
#7189 = CARTESIAN_POINT ( 'NONE',  ( 1.810000000000000053, 12.51066208950699910, -6.988291239222999884 ) ) ;
#7190 = CARTESIAN_POINT ( 'NONE',  ( -1.199999999999999956, 15.69999999999999929, -0.3649999999999998801 ) ) ;
#7191 = CIRCLE ( 'NONE', #8770, 1.590944562245001137 ) ;
#7192 = CARTESIAN_POINT ( 'NONE',  ( 0.9150000000000000355, 3.000000000000000000, -6.490000000000000213 ) ) ;
#7193 = AXIS2_PLACEMENT_3D ( 'NONE', #438, #1314, #5127 ) ;
#7194 = VECTOR ( 'NONE', #4508, 1000.000000000000000 ) ;
#7195 = VERTEX_POINT ( 'NONE', #12268 ) ;
#7196 = VECTOR ( 'NONE', #2925, 1000.000000000000000 ) ;
#7197 = DIRECTION ( 'NONE',  ( 1.000000000000000000, 0.000000000000000000, 0.000000000000000000 ) ) ;
#7198 = VERTEX_POINT ( 'NONE', #4662 ) ;
#7199 = LINE ( 'NONE', #5565, #234 ) ;
#7200 = LINE ( 'NONE', #3305, #11184 ) ;
#7201 = VERTEX_POINT ( 'NONE', #11332 ) ;
#7202 = LINE ( 'NONE', #3439, #1193 ) ;
#7203 = ADVANCED_FACE ( 'NONE', ( #6460 ), #901, .F. ) ;
#7204 = EDGE_CURVE ( 'NONE', #5083, #3213, #5589, .T. ) ;
#7205 = DIRECTION ( 'NONE',  ( 0.000000000000000000, -0.9086141679698426232, 0.4176365570259273907 ) ) ;
#7206 = DIRECTION ( 'NONE',  ( -1.950414869885999773E-16, 1.061255149790999855E-16, -1.000000000000000000 ) ) ;
#7207 = VECTOR ( 'NONE', #3863, 1000.000000000000000 ) ;
#7208 = DIRECTION ( 'NONE',  ( 0.002048524988061995421, 0.000000000000000000, 0.9999979017704853090 ) ) ;
#7209 = DIRECTION ( 'NONE',  ( -1.000000000000000000, 0.000000000000000000, 0.000000000000000000 ) ) ;
#7210 = EDGE_CURVE ( 'NONE', #5034, #9297, #5407, .T. ) ;
#7211 = EDGE_CURVE ( 'NONE', #135, #10075, #10532, .T. ) ;
#7212 = ORIENTED_EDGE ( 'NONE', *, *, #7147, .T. ) ;
#7213 = CARTESIAN_POINT ( 'NONE',  ( -0.9110841894819999842, 8.434158068155999999, -7.483108647550999137 ) ) ;
#7214 = AXIS2_PLACEMENT_3D ( 'NONE', #7776, #11590, #3016 ) ;
#7215 = VERTEX_POINT ( 'NONE', #10211 ) ;
#7216 = DIRECTION ( 'NONE',  ( -0.000000000000000000, 1.000000000000000000, 0.000000000000000000 ) ) ;
#7217 = ORIENTED_EDGE ( 'NONE', *, *, #11018, .T. ) ;
#7218 = ORIENTED_EDGE ( 'NONE', *, *, #593, .T. ) ;
#7219 = EDGE_CURVE ( 'NONE', #7543, #11013, #7460, .T. ) ;
#7220 = ADVANCED_FACE ( 'NONE', ( #4592 ), #9332, .T. ) ;
#7221 = VERTEX_POINT ( 'NONE', #4529 ) ;
#7222 = CARTESIAN_POINT ( 'NONE',  ( 1.810000000000000053, 14.06939833831600062, -6.213385438909000413 ) ) ;
#7223 = CARTESIAN_POINT ( 'NONE',  ( -1.814999999999999947, 14.09999999999999964, -6.209999999999999964 ) ) ;
#7224 = DIRECTION ( 'NONE',  ( -1.000000000000000000, 0.000000000000000000, 0.000000000000000000 ) ) ;
#7225 = CARTESIAN_POINT ( 'NONE',  ( -3.500000000000000000, 8.000000000000000000, 10.35999999999999943 ) ) ;
#7226 = DIRECTION ( 'NONE',  ( 0.000000000000000000, 0.000000000000000000, 1.000000000000000000 ) ) ;
#7227 = VECTOR ( 'NONE', #10306, 1000.000000000000000 ) ;
#7228 = ORIENTED_EDGE ( 'NONE', *, *, #5906, .F. ) ;
#7229 = CARTESIAN_POINT ( 'NONE',  ( -7.900000000000000355, 3.319999999999999840, 8.789999999999999147 ) ) ;
#7230 = ORIENTED_EDGE ( 'NONE', *, *, #180, .T. ) ;
#7231 = VERTEX_POINT ( 'NONE', #7520 ) ;
#7232 = ORIENTED_EDGE ( 'NONE', *, *, #9033, .T. ) ;
#7233 = CARTESIAN_POINT ( 'NONE',  ( -0.2300000000000000100, 15.70000000000003304, -3.661530882015934463 ) ) ;
#7234 = DIRECTION ( 'NONE',  ( -1.000000000000000000, 0.000000000000000000, 0.000000000000000000 ) ) ;
#7235 = VECTOR ( 'NONE', #431, 1000.000000000000000 ) ;
#7236 = PLANE ( 'NONE',  #3553 ) ;
#7237 = CYLINDRICAL_SURFACE ( 'NONE', #517, 0.2599999999999997868 ) ;
#7238 = AXIS2_PLACEMENT_3D ( 'NONE', #7800, #9673, #9855 ) ;
#7239 = CARTESIAN_POINT ( 'NONE',  ( -2.880000000000000338, 15.45000000000000107, 2.370000000000000107 ) ) ;
#7240 = VERTEX_POINT ( 'NONE', #11273 ) ;
#7241 = FACE_OUTER_BOUND ( 'NONE', #11676, .T. ) ;
#7242 = AXIS2_PLACEMENT_3D ( 'NONE', #6618, #10584, #11586 ) ;
#7243 = EDGE_CURVE ( 'NONE', #4184, #12335, #2697, .T. ) ;
#7244 = CARTESIAN_POINT ( 'NONE',  ( 0.7900000000000000355, 15.66000000000000014, -4.250000000000000000 ) ) ;
#7245 = ADVANCED_FACE ( 'NONE', ( #3517 ), #842, .T. ) ;
#7246 = PLANE ( 'NONE',  #7912 ) ;
#7247 = EDGE_LOOP ( 'NONE', ( #11280, #11915, #9749, #7498 ) ) ;
#7248 = ORIENTED_EDGE ( 'NONE', *, *, #10968, .F. ) ;
#7249 = DIRECTION ( 'NONE',  ( 1.000000000000000000, 0.000000000000000000, 0.000000000000000000 ) ) ;
#7250 = EDGE_LOOP ( 'NONE', ( #3318, #3971, #9374, #9890, #11646, #448 ) ) ;
#7251 = DIRECTION ( 'NONE',  ( 0.000000000000000000, 1.000000000000000000, 0.000000000000000000 ) ) ;
#7252 = EDGE_LOOP ( 'NONE', ( #9834, #4582, #3732, #3182 ) ) ;
#7253 = LINE ( 'NONE', #8923, #11198 ) ;
#7254 = EDGE_LOOP ( 'NONE', ( #4035, #11830, #12333, #942 ) ) ;
#7255 = CARTESIAN_POINT ( 'NONE',  ( 4.819999999999999396, -0.7200000000000000844, 1.273734666246999936 ) ) ;
#7256 = LINE ( 'NONE', #557, #9385 ) ;
#7257 =( BOUNDED_SURFACE ( )  B_SPLINE_SURFACE ( 1, 3, ( 
 ( #10448, #7635, #3692, #5758 ),
 ( #9450, #11496, #1896, #889 ) ),
 .UNSPECIFIED., .F., .F., .F. ) 
 B_SPLINE_SURFACE_WITH_KNOTS ( ( 2, 2 ),
 ( 4, 4 ),
 ( 0.000000000000000000, 1.000000000000000000 ),
 ( 0.000000000000000000, 1.000000000000000000 ),
 .UNSPECIFIED. ) 
 GEOMETRIC_REPRESENTATION_ITEM ( )  RATIONAL_B_SPLINE_SURFACE ( (
 ( 1.000000000000000000, 0.9915412068257637435, 0.9915412068257637435, 1.000000000000000000),
 ( 1.000000000000000000, 0.9915412068257637435, 0.9915412068257637435, 1.000000000000000000) ) ) 
 REPRESENTATION_ITEM ( '' )  SURFACE ( )  );
#7258 = DIRECTION ( 'NONE',  ( 1.000000000000000000, 0.000000000000000000, 0.000000000000000000 ) ) ;
#7259 = ORIENTED_EDGE ( 'NONE', *, *, #6451, .T. ) ;
#7260 = DIRECTION ( 'NONE',  ( -0.000000000000000000, -0.000000000000000000, -1.000000000000000000 ) ) ;
#7261 = ORIENTED_EDGE ( 'NONE', *, *, #2240, .T. ) ;
#7262 = CARTESIAN_POINT ( 'NONE',  ( -0.8400000000000000799, 13.08000000000001783, -0.3649999999999912204 ) ) ;
#7263 = VERTEX_POINT ( 'NONE', #11212 ) ;
#7264 = PLANE ( 'NONE',  #5795 ) ;
#7265 = ORIENTED_EDGE ( 'NONE', *, *, #8940, .F. ) ;
#7266 = CARTESIAN_POINT ( 'NONE',  ( -1.255000000000000115, 15.52000000000000135, 5.136780657427999941 ) ) ;
#7267 = DIRECTION ( 'NONE',  ( 0.000000000000000000, 1.000000000000000000, 0.000000000000000000 ) ) ;
#7268 = CARTESIAN_POINT ( 'NONE',  ( -5.029999999999999361, 13.01999999999999957, 4.890000000000000568 ) ) ;
#7269 = CARTESIAN_POINT ( 'NONE',  ( -2.729999999999999982, 15.45000000000000107, 6.119999999999999218 ) ) ;
#7270 = CARTESIAN_POINT ( 'NONE',  ( 0.7900000000000000355, 14.10701913604117586, -6.489868000309253482 ) ) ;
#7271 = ORIENTED_EDGE ( 'NONE', *, *, #4358, .T. ) ;
#7272 = CARTESIAN_POINT ( 'NONE',  ( 5.599999999999999645, 1.100000000000000089, -10.22999999999999865 ) ) ;
#7273 = ORIENTED_EDGE ( 'NONE', *, *, #7491, .T. ) ;
#7274 = DIRECTION ( 'NONE',  ( 0.000000000000000000, 1.000000000000000000, 0.000000000000000000 ) ) ;
#7275 = VERTEX_POINT ( 'NONE', #12141 ) ;
#7276 = LINE ( 'NONE', #12075, #8587 ) ;
#7277 = ORIENTED_EDGE ( 'NONE', *, *, #10774, .T. ) ;
#7278 = EDGE_CURVE ( 'NONE', #4605, #7161, #3582, .T. ) ;
#7279 = EDGE_CURVE ( 'NONE', #10518, #7899, #3103, .T. ) ;
#7280 = VERTEX_POINT ( 'NONE', #9864 ) ;
#7281 = DIRECTION ( 'NONE',  ( 0.000000000000000000, 1.000000000000000000, 0.000000000000000000 ) ) ;
#7282 = CARTESIAN_POINT ( 'NONE',  ( -0.2300000000000000100, 15.80000000000000071, -4.234997608641000610 ) ) ;
#7283 = DIRECTION ( 'NONE',  ( 0.000000000000000000, -0.9381440673623766546, 0.3462451571831385855 ) ) ;
#7284 = PLANE ( 'NONE',  #4306 ) ;
#7285 = DIRECTION ( 'NONE',  ( -1.000000000000000000, 0.000000000000000000, 0.000000000000000000 ) ) ;
#7286 = EDGE_CURVE ( 'NONE', #694, #11033, #4175, .T. ) ;
#7287 = EDGE_CURVE ( 'NONE', #10076, #3468, #6939, .T. ) ;
#7288 = ORIENTED_EDGE ( 'NONE', *, *, #6836, .T. ) ;
#7289 = CARTESIAN_POINT ( 'NONE',  ( -5.709999999999999964, 13.02999999999999936, 10.33999999999999986 ) ) ;
#7290 = ORIENTED_EDGE ( 'NONE', *, *, #5527, .T. ) ;
#7291 = EDGE_LOOP ( 'NONE', ( #11034, #5781, #4302, #7393 ) ) ;
#7292 = ORIENTED_EDGE ( 'NONE', *, *, #2671, .T. ) ;
#7293 = LINE ( 'NONE', #9908, #7373 ) ;
#7294 = CARTESIAN_POINT ( 'NONE',  ( 2.190286205994000035, 3.000000000000000000, -8.750573880748998334 ) ) ;
#7295 = DIRECTION ( 'NONE',  ( 0.000000000000000000, 1.000000000000000000, 0.000000000000000000 ) ) ;
#7296 = CARTESIAN_POINT ( 'NONE',  ( 2.220000000000000195, 4.179999999999999716, 10.33999999999999986 ) ) ;
#7297 = DIRECTION ( 'NONE',  ( 1.000000000000000000, 0.000000000000000000, 0.000000000000000000 ) ) ;
#7298 = FACE_OUTER_BOUND ( 'NONE', #4385, .T. ) ;
#7299 = CARTESIAN_POINT ( 'NONE',  ( -0.3501906170910000227, 2.375785126685000304, -8.750000000000000000 ) ) ;
#7300 = DIRECTION ( 'NONE',  ( 0.000000000000000000, 0.000000000000000000, 1.000000000000000000 ) ) ;
#7301 = ORIENTED_EDGE ( 'NONE', *, *, #8509, .T. ) ;
#7302 = EDGE_LOOP ( 'NONE', ( #6707, #273, #10279, #5845 ) ) ;
#7303 = FACE_OUTER_BOUND ( 'NONE', #5461, .T. ) ;
#7304 = VERTEX_POINT ( 'NONE', #1192 ) ;
#7305 = LINE ( 'NONE', #683, #12180 ) ;
#7306 = ORIENTED_EDGE ( 'NONE', *, *, #9259, .T. ) ;
#7307 = LINE ( 'NONE', #9433, #2412 ) ;
#7308 = VECTOR ( 'NONE', #8686, 1000.000000000000000 ) ;
#7309 = CARTESIAN_POINT ( 'NONE',  ( 0.9150000000000000355, -3.700000000000000178, -6.209999999999999964 ) ) ;
#7310 = DIRECTION ( 'NONE',  ( 0.000000000000000000, 0.000000000000000000, 1.000000000000000000 ) ) ;
#7311 = CARTESIAN_POINT ( 'NONE',  ( -0.2300000000000000100, 15.69999999999999929, 5.420429353323000576 ) ) ;
#7312 = ADVANCED_FACE ( 'NONE', ( #6877 ), #11619, .T. ) ;
#7313 = CIRCLE ( 'NONE', #8100, 1.590944562245001137 ) ;
#7314 = VECTOR ( 'NONE', #8274, 1000.000000000000000 ) ;
#7315 = LINE ( 'NONE', #3365, #859 ) ;
#7316 = VERTEX_POINT ( 'NONE', #7993 ) ;
#7317 = DIRECTION ( 'NONE',  ( 0.000000000000000000, 1.000000000000000000, 0.000000000000000000 ) ) ;
#7318 = ORIENTED_EDGE ( 'NONE', *, *, #3919, .F. ) ;
#7319 = DIRECTION ( 'NONE',  ( 0.000000000000000000, 0.000000000000000000, -1.000000000000000000 ) ) ;
#7320 = VERTEX_POINT ( 'NONE', #8738 ) ;
#7321 = PLANE ( 'NONE',  #8180 ) ;
#7322 = EDGE_CURVE ( 'NONE', #8277, #11196, #7864, .T. ) ;
#7323 = DIRECTION ( 'NONE',  ( 1.224631386823627198E-16, -0.2234762064909318890, 0.9747093849617034511 ) ) ;
#7324 = CIRCLE ( 'NONE', #7128, 0.1399999999999985978 ) ;
#7325 = DIRECTION ( 'NONE',  ( 0.000000000000000000, 0.3226237828710001865, -0.9465272815540003437 ) ) ;
#7326 = VECTOR ( 'NONE', #12072, 1000.000000000000000 ) ;
#7327 = DIRECTION ( 'NONE',  ( 1.110223024624999878E-16, 1.000000000000000000, 0.000000000000000000 ) ) ;
#7328 = CARTESIAN_POINT ( 'NONE',  ( 0.2300000000000000100, 14.09999999999999787, -6.490000000000295977 ) ) ;
#7329 = EDGE_CURVE ( 'NONE', #8545, #9277, #11399, .T. ) ;
#7330 = ORIENTED_EDGE ( 'NONE', *, *, #359, .F. ) ;
#7331 = CARTESIAN_POINT ( 'NONE',  ( -2.160000000000000142, 1.840000000000000080, 10.33999999999999986 ) ) ;
#7332 = ORIENTED_EDGE ( 'NONE', *, *, #4453, .F. ) ;
#7333 = VECTOR ( 'NONE', #4562, 1000.000000000000000 ) ;
#7334 = LINE ( 'NONE', #706, #4454 ) ;
#7335 = ORIENTED_EDGE ( 'NONE', *, *, #12240, .F. ) ;
#7336 = CARTESIAN_POINT ( 'NONE',  ( 1.804999999999999938, 9.122794016484000679, -3.661530882016000188 ) ) ;
#7337 = EDGE_LOOP ( 'NONE', ( #5958, #5635, #1349, #9001 ) ) ;
#7338 = ORIENTED_EDGE ( 'NONE', *, *, #2657, .F. ) ;
#7339 = DIRECTION ( 'NONE',  ( 1.000000000000000000, 0.000000000000000000, 0.000000000000000000 ) ) ;
#7340 = LINE ( 'NONE', #3651, #6184 ) ;
#7341 = DIRECTION ( 'NONE',  ( 0.000000000000000000, -0.000000000000000000, 1.000000000000000000 ) ) ;
#7342 = PLANE ( 'NONE',  #12102 ) ;
#7343 = DIRECTION ( 'NONE',  ( 1.000000000000000000, 0.000000000000000000, 0.000000000000000000 ) ) ;
#7344 = ADVANCED_FACE ( 'NONE', ( #8805 ), #7966, .F. ) ;
#7345 = EDGE_CURVE ( 'NONE', #3196, #8290, #6740, .T. ) ;
#7346 = ORIENTED_EDGE ( 'NONE', *, *, #9530, .F. ) ;
#7347 = VECTOR ( 'NONE', #11024, 1000.000000000000000 ) ;
#7348 = CARTESIAN_POINT ( 'NONE',  ( 5.339999999999998970, -3.400004331179910633, 1.256722847314213354 ) ) ;
#7349 = ORIENTED_EDGE ( 'NONE', *, *, #11442, .T. ) ;
#7350 = ORIENTED_EDGE ( 'NONE', *, *, #245, .T. ) ;
#7351 = EDGE_LOOP ( 'NONE', ( #12169, #2341, #8051, #10642 ) ) ;
#7352 = CARTESIAN_POINT ( 'NONE',  ( -0.3499039373569999833, 3.000000000000000000, -9.029807709702000196 ) ) ;
#7353 = LINE ( 'NONE', #7294, #9370 ) ;
#7354 = ADVANCED_FACE ( 'NONE', ( #5070 ), #11671, .T. ) ;
#7355 = CARTESIAN_POINT ( 'NONE',  ( 0.7900000000000000355, 14.09999999999999964, -6.209999999999999964 ) ) ;
#7356 = EDGE_CURVE ( 'NONE', #5287, #290, #4126, .T. ) ;
#7357 = DIRECTION ( 'NONE',  ( 0.000000000000000000, -1.000000000000000000, 0.000000000000000000 ) ) ;
#7358 = PRESENTATION_STYLE_ASSIGNMENT (( #10350 ) ) ;
#7359 = AXIS2_PLACEMENT_3D ( 'NONE', #720, #779, #4475 ) ;
#7360 = EDGE_CURVE ( 'NONE', #9129, #7529, #10734, .T. ) ;
#7361 = DIRECTION ( 'NONE',  ( 0.000000000000000000, 0.000000000000000000, -1.000000000000000000 ) ) ;
#7362 = AXIS2_PLACEMENT_3D ( 'NONE', #950, #1955, #2743 ) ;
#7363 = CARTESIAN_POINT ( 'NONE',  ( -0.7900000000000000355, 15.79293969097799888, 5.203898047366000590 ) ) ;
#7364 = CARTESIAN_POINT ( 'NONE',  ( -0.2300000000000000100, 14.06939833831600062, -6.213385438909000413 ) ) ;
#7365 = ORIENTED_EDGE ( 'NONE', *, *, #7360, .T. ) ;
#7366 = CARTESIAN_POINT ( 'NONE',  ( -0.9100000000000000311, -3.700000000000000178, -9.029999999999999361 ) ) ;
#7367 = ORIENTED_EDGE ( 'NONE', *, *, #10701, .T. ) ;
#7368 = DIRECTION ( 'NONE',  ( 1.000000000000000000, 0.000000000000000000, 0.000000000000000000 ) ) ;
#7369 = ORIENTED_EDGE ( 'NONE', *, *, #2125, .T. ) ;
#7370 = DIRECTION ( 'NONE',  ( -0.000000000000000000, 0.9015230574681331044, 0.4327310675850640775 ) ) ;
#7371 = DIRECTION ( 'NONE',  ( -0.8783887681239727074, 0.4779468297139857214, 0.000000000000000000 ) ) ;
#7372 = CARTESIAN_POINT ( 'NONE',  ( -0.3550000000000000377, 3.000000000000000000, -10.22999999999999865 ) ) ;
#7373 = VECTOR ( 'NONE', #1359, 1000.000000000000000 ) ;
#7374 = VECTOR ( 'NONE', #11135, 1000.000000000000000 ) ;
#7375 = EDGE_CURVE ( 'NONE', #8519, #9968, #7809, .T. ) ;
#7376 = ADVANCED_FACE ( 'NONE', ( #1129 ), #2384, .F. ) ;
#7377 = LINE ( 'NONE', #3301, #12018 ) ;
#7378 = ORIENTED_EDGE ( 'NONE', *, *, #4215, .T. ) ;
#7379 = CARTESIAN_POINT ( 'NONE',  ( 1.257130792200712222, 9.040090694781767411, -7.627121695393989320 ) ) ;
#7380 = ORIENTED_EDGE ( 'NONE', *, *, #2144, .F. ) ;
#7381 = DIRECTION ( 'NONE',  ( -0.002048524988061995854, 0.000000000000000000, -0.9999979017704854201 ) ) ;
#7382 = ORIENTED_EDGE ( 'NONE', *, *, #8681, .T. ) ;
#7383 = DIRECTION ( 'NONE',  ( 0.1877758073010515338, -0.9822119151142680860, -3.697785493224010661E-32 ) ) ;
#7384 = CARTESIAN_POINT ( 'NONE',  ( 0.9150000000000000355, 8.419999999999999929, -6.490000000000000213 ) ) ;
#7385 = ORIENTED_EDGE ( 'NONE', *, *, #12157, .T. ) ;
#7386 = PLANE ( 'NONE',  #1808 ) ;
#7387 = LINE ( 'NONE', #7504, #1537 ) ;
#7388 = CARTESIAN_POINT ( 'NONE',  ( -2.880000000000000338, 13.05000000000000071, 4.890000000000000568 ) ) ;
#7389 = AXIS2_PLACEMENT_3D ( 'NONE', #11274, #1724, #11213 ) ;
#7390 = VECTOR ( 'NONE', #7206, 1000.000000000000000 ) ;
#7391 = ORIENTED_EDGE ( 'NONE', *, *, #785, .F. ) ;
#7392 = CARTESIAN_POINT ( 'NONE',  ( -1.255000000000000115, 9.099999999999999645, -6.490000000000000213 ) ) ;
#7393 = ORIENTED_EDGE ( 'NONE', *, *, #6648, .F. ) ;
#7394 = CARTESIAN_POINT ( 'NONE',  ( 0.2300000000000000100, 13.48134016943098246, 5.151525677994007069 ) ) ;
#7395 = ORIENTED_EDGE ( 'NONE', *, *, #8039, .T. ) ;
#7396 = ADVANCED_FACE ( 'NONE', ( #2487 ), #11118, .F. ) ;
#7397 = CARTESIAN_POINT ( 'NONE',  ( -0.8400000000000000799, 13.08000000000000007, -5.620000000000000107 ) ) ;
#7398 = ORIENTED_EDGE ( 'NONE', *, *, #10776, .F. ) ;
#7399 = VECTOR ( 'NONE', #3518, 1000.000000000000000 ) ;
#7400 = LINE ( 'NONE', #9398, #12154 ) ;
#7401 = EDGE_CURVE ( 'NONE', #2790, #5285, #3357, .T. ) ;
#7402 = VECTOR ( 'NONE', #11618, 1000.000000000000114 ) ;
#7403 = VERTEX_POINT ( 'NONE', #2548 ) ;
#7404 = DIRECTION ( 'NONE',  ( 0.000000000000000000, 0.000000000000000000, 1.000000000000000000 ) ) ;
#7405 = CARTESIAN_POINT ( 'NONE',  ( 3.600000000000000089, 15.45000000000000107, 10.35999999999999943 ) ) ;
#7406 = LINE ( 'NONE', #1788, #4974 ) ;
#7407 = PLANE ( 'NONE',  #11107 ) ;
#7408 = FACE_OUTER_BOUND ( 'NONE', #11437, .T. ) ;
#7409 = VECTOR ( 'NONE', #1754, 1000.000000000000000 ) ;
#7410 = ORIENTED_EDGE ( 'NONE', *, *, #311, .F. ) ;
#7411 = LINE ( 'NONE', #11963, #2914 ) ;
#7412 = ORIENTED_EDGE ( 'NONE', *, *, #3678, .F. ) ;
#7413 = VERTEX_POINT ( 'NONE', #11053 ) ;
#7414 = ORIENTED_EDGE ( 'NONE', *, *, #5632, .T. ) ;
#7415 = CARTESIAN_POINT ( 'NONE',  ( -2.880000000000000338, 13.08000000000000007, -0.3649999999999998801 ) ) ;
#7416 = DIRECTION ( 'NONE',  ( 1.000000000000000000, 0.000000000000000000, 0.000000000000000000 ) ) ;
#7417 = CARTESIAN_POINT ( 'NONE',  ( -3.600000000000000089, 0.000000000000000000, -3.559999999999999609 ) ) ;
#7418 = CARTESIAN_POINT ( 'NONE',  ( 2.880000000000000338, 13.01999999999999957, -0.3649999999999998801 ) ) ;
#7419 = FACE_BOUND ( 'NONE', #2073, .T. ) ;
#7420 = AXIS2_PLACEMENT_3D ( 'NONE', #2195, #6009, #9818 ) ;
#7421 = LINE ( 'NONE', #5547, #122 ) ;
#7422 = LINE ( 'NONE', #6419, #66 ) ;
#7423 = LINE ( 'NONE', #1688, #4125 ) ;
#7424 = ORIENTED_EDGE ( 'NONE', *, *, #8145, .T. ) ;
#7425 = AXIS2_PLACEMENT_3D ( 'NONE', #12106, #741, #8289 ) ;
#7426 = LINE ( 'NONE', #5623, #3225 ) ;
#7427 = ORIENTED_EDGE ( 'NONE', *, *, #3459, .T. ) ;
#7428 = LINE ( 'NONE', #62, #4813 ) ;
#7429 = VERTEX_POINT ( 'NONE', #4499 ) ;
#7430 = CARTESIAN_POINT ( 'NONE',  ( -6.541141843972000380, 13.15114184397199892, 10.08999999999999986 ) ) ;
#7431 = EDGE_CURVE ( 'NONE', #5167, #4608, #8111, .T. ) ;
#7432 = EDGE_CURVE ( 'NONE', #8589, #1848, #5493, .T. ) ;
#7433 = LINE ( 'NONE', #5558, #949 ) ;
#7434 = DIRECTION ( 'NONE',  ( 1.000000000000000000, 0.000000000000000000, 0.000000000000000000 ) ) ;
#7435 = AXIS2_PLACEMENT_3D ( 'NONE', #5927, #2239, #7737 ) ;
#7436 = EDGE_CURVE ( 'NONE', #6266, #6297, #2362, .T. ) ;
#7437 = EDGE_CURVE ( 'NONE', #6192, #7785, #4440, .T. ) ;
#7438 = CARTESIAN_POINT ( 'NONE',  ( -5.527325384929412166, -3.200000000000831513, 1.273734666246370884 ) ) ;
#7439 = ORIENTED_EDGE ( 'NONE', *, *, #2377, .T. ) ;
#7440 = DIRECTION ( 'NONE',  ( 1.000000000000000000, 0.000000000000000000, -0.000000000000000000 ) ) ;
#7441 = VERTEX_POINT ( 'NONE', #6429 ) ;
#7442 = DIRECTION ( 'NONE',  ( 0.001995317767305045380, 0.000000000000000000, 0.9999980093515223878 ) ) ;
#7443 = ORIENTED_EDGE ( 'NONE', *, *, #8663, .F. ) ;
#7444 = CARTESIAN_POINT ( 'NONE',  ( 3.600000000000000089, 15.45000000000000107, 10.33999999999999986 ) ) ;
#7445 = PLANE ( 'NONE',  #2817 ) ;
#7446 = VERTEX_POINT ( 'NONE', #6305 ) ;
#7447 = FACE_OUTER_BOUND ( 'NONE', #11046, .T. ) ;
#7448 = CARTESIAN_POINT ( 'NONE',  ( -1.625000000000000000, 8.419999999999999929, -6.490000000000000213 ) ) ;
#7449 = DIRECTION ( 'NONE',  ( 2.527862524918515065E-16, 0.000000000000000000, 1.000000000000000000 ) ) ;
#7450 = DIRECTION ( 'NONE',  ( -1.224646799146999945E-16, 0.000000000000000000, -1.000000000000000000 ) ) ;
#7451 = ORIENTED_EDGE ( 'NONE', *, *, #10776, .T. ) ;
#7452 = CARTESIAN_POINT ( 'NONE',  ( 2.220000000000000195, 15.11999999999999922, 4.890000000000000568 ) ) ;
#7453 = EDGE_LOOP ( 'NONE', ( #5550, #615, #3617, #5884 ) ) ;
#7454 = DIRECTION ( 'NONE',  ( 0.000000000000000000, 0.000000000000000000, 1.000000000000000000 ) ) ;
#7455 = VERTEX_POINT ( 'NONE', #6180 ) ;
#7456 = LINE ( 'NONE', #2023, #6388 ) ;
#7457 = ORIENTED_EDGE ( 'NONE', *, *, #11928, .T. ) ;
#7458 = DIRECTION ( 'NONE',  ( 1.000000000000000000, 0.000000000000000000, 0.000000000000000000 ) ) ;
#7459 = ORIENTED_EDGE ( 'NONE', *, *, #3330, .T. ) ;
#7460 = LINE ( 'NONE', #8395, #970 ) ;
#7461 = DIRECTION ( 'NONE',  ( 0.000000000000000000, 0.000000000000000000, 1.000000000000000000 ) ) ;
#7462 = LINE ( 'NONE', #4473, #5794 ) ;
#7463 = DIRECTION ( 'NONE',  ( -0.0006866331995831718993, 0.000000000000000000, 0.9999997642673967846 ) ) ;
#7464 = DIRECTION ( 'NONE',  ( -2.180948566442000048E-16, -4.169460494667999380E-17, -1.000000000000000000 ) ) ;
#7465 = EDGE_CURVE ( 'NONE', #12017, #1679, #543, .T. ) ;
#7466 = ORIENTED_EDGE ( 'NONE', *, *, #11174, .F. ) ;
#7467 = DIRECTION ( 'NONE',  ( -0.0004638551866507642854, 0.9999998924187487592, 9.255403386167914688E-07 ) ) ;
#7468 = ORIENTED_EDGE ( 'NONE', *, *, #456, .F. ) ;
#7469 = ORIENTED_EDGE ( 'NONE', *, *, #10419, .F. ) ;
#7470 = ORIENTED_EDGE ( 'NONE', *, *, #9422, .F. ) ;
#7471 = CARTESIAN_POINT ( 'NONE',  ( 5.527325384929412166, 1.100000000000000089, 1.273734666247000602 ) ) ;
#7472 = LINE ( 'NONE', #11037, #9584 ) ;
#7473 = FACE_OUTER_BOUND ( 'NONE', #3334, .T. ) ;
#7474 = PLANE ( 'NONE',  #5117 ) ;
#7475 = LINE ( 'NONE', #3724, #11557 ) ;
#7476 = EDGE_CURVE ( 'NONE', #1267, #10467, #2141, .T. ) ;
#7477 = CIRCLE ( 'NONE', #7089, 1.590944562245001137 ) ;
#7478 = DIRECTION ( 'NONE',  ( 0.0008402963645893615557, -0.9999996469509474517, 0.000000000000000000 ) ) ;
#7479 = ORIENTED_EDGE ( 'NONE', *, *, #6048, .T. ) ;
#7480 = DIRECTION ( 'NONE',  ( 1.110223024624999878E-16, 1.000000000000000000, 0.000000000000000000 ) ) ;
#7481 = CARTESIAN_POINT ( 'NONE',  ( 2.185045942227108018, 2.300000021310628195, -9.030000091669524664 ) ) ;
#7482 = VERTEX_POINT ( 'NONE', #3294 ) ;
#7483 = ORIENTED_EDGE ( 'NONE', *, *, #10830, .T. ) ;
#7484 = DIRECTION ( 'NONE',  ( 3.773837601495481032E-16, -0.9740264650302331573, -0.2264341966680560869 ) ) ;
#7485 = ORIENTED_EDGE ( 'NONE', *, *, #12046, .T. ) ;
#7486 = CARTESIAN_POINT ( 'NONE',  ( 0.2300000000000000100, 14.11052001936399947, -6.489604187589999462 ) ) ;
#7487 = VERTEX_POINT ( 'NONE', #8174 ) ;
#7488 = DIRECTION ( 'NONE',  ( -0.9691320112176506907, -0.2405805551639134121, -0.05389008545414058354 ) ) ;
#7489 = DIRECTION ( 'NONE',  ( 1.000000000000000000, 0.000000000000000000, 0.000000000000000000 ) ) ;
#7490 = FACE_OUTER_BOUND ( 'NONE', #10986, .T. ) ;
#7491 = EDGE_CURVE ( 'NONE', #6282, #825, #4910, .T. ) ;
#7492 = EDGE_CURVE ( 'NONE', #7201, #11281, #3329, .T. ) ;
#7493 = CARTESIAN_POINT ( 'NONE',  ( 2.189999999999999947, 2.484753015083000172, -8.866635985514999874 ) ) ;
#7494 = VERTEX_POINT ( 'NONE', #12111 ) ;
#7495 = DIRECTION ( 'NONE',  ( -1.000000000000000000, 0.000000000000000000, 0.000000000000000000 ) ) ;
#7496 = ORIENTED_EDGE ( 'NONE', *, *, #243, .T. ) ;
#7497 = DIRECTION ( 'NONE',  ( 0.000000000000000000, 0.000000000000000000, -1.000000000000000000 ) ) ;
#7498 = ORIENTED_EDGE ( 'NONE', *, *, #1016, .F. ) ;
#7499 = DIRECTION ( 'NONE',  ( 0.000000000000000000, 0.07514299545580413464, -0.9971727684979814210 ) ) ;
#7500 = DIRECTION ( 'NONE',  ( 0.000000000000000000, 0.000000000000000000, 1.000000000000000000 ) ) ;
#7501 = EDGE_CURVE ( 'NONE', #5588, #694, #2610, .T. ) ;
#7502 = CARTESIAN_POINT ( 'NONE',  ( 0.1800000000000000211, 15.11999999999999922, -0.3649999999999998801 ) ) ;
#7503 = EDGE_CURVE ( 'NONE', #8719, #2606, #10993, .T. ) ;
#7504 = CARTESIAN_POINT ( 'NONE',  ( -5.339999999999998970, -3.500000000000000000, -0.9000000000000000222 ) ) ;
#7505 = CARTESIAN_POINT ( 'NONE',  ( 1.250000000000000000, 15.80000000000000071, 5.159999999999999254 ) ) ;
#7506 = VECTOR ( 'NONE', #9218, 1000.000000000000000 ) ;
#7507 = VECTOR ( 'NONE', #10480, 1000.000000000000114 ) ;
#7508 = EDGE_CURVE ( 'NONE', #1575, #7577, #5310, .T. ) ;
#7509 = DIRECTION ( 'NONE',  ( 1.000000000000000000, 0.000000000000000000, 0.000000000000000000 ) ) ;
#7510 = EDGE_LOOP ( 'NONE', ( #10602, #6106, #6826, #3110 ) ) ;
#7511 = LINE ( 'NONE', #11321, #7914 ) ;
#7512 = VERTEX_POINT ( 'NONE', #11991 ) ;
#7513 = CARTESIAN_POINT ( 'NONE',  ( -2.481703076265318497, 3.018593245758239174, -9.029999426582437039 ) ) ;
#7514 = ORIENTED_EDGE ( 'NONE', *, *, #2144, .T. ) ;
#7515 = DIRECTION ( 'NONE',  ( 0.000000000000000000, 0.4176365570259273907, 0.9086141679698426232 ) ) ;
#7516 = ORIENTED_EDGE ( 'NONE', *, *, #10018, .T. ) ;
#7517 = CARTESIAN_POINT ( 'NONE',  ( 5.079999999999999183, -0.4600000000000000200, -1.273734666247000158 ) ) ;
#7518 = AXIS2_PLACEMENT_3D ( 'NONE', #1423, #8964, #6153 ) ;
#7519 = EDGE_LOOP ( 'NONE', ( #10398, #2592, #7579, #7987 ) ) ;
#7520 = CARTESIAN_POINT ( 'NONE',  ( -1.255000000000000115, 15.80000000000000071, 5.159999999999999254 ) ) ;
#7521 = FACE_OUTER_BOUND ( 'NONE', #4344, .T. ) ;
#7522 = CARTESIAN_POINT ( 'NONE',  ( 2.150226091782672988, 8.583018437241760168, -7.736250426014471770 ) ) ;
#7523 = CARTESIAN_POINT ( 'NONE',  ( 0.7900000000000000355, 14.09462133319000010, -6.209999999999999964 ) ) ;
#7524 = DIRECTION ( 'NONE',  ( 0.9999997642673967846, 0.000000000000000000, 0.0006866331995831718993 ) ) ;
#7525 = VECTOR ( 'NONE', #2791, 1000.000000000000000 ) ;
#7526 = AXIS2_PLACEMENT_3D ( 'NONE', #9391, #833, #6651 ) ;
#7527 = ORIENTED_EDGE ( 'NONE', *, *, #8504, .T. ) ;
#7528 = DIRECTION ( 'NONE',  ( 0.000000000000000000, -1.000000000000000000, 0.000000000000000000 ) ) ;
#7529 = VERTEX_POINT ( 'NONE', #624 ) ;
#7530 = EDGE_LOOP ( 'NONE', ( #9690, #5104, #8480, #10251 ) ) ;
#7531 = ORIENTED_EDGE ( 'NONE', *, *, #10648, .T. ) ;
#7532 = CARTESIAN_POINT ( 'NONE',  ( 2.189999999999594493, 1.100000000000000089, -8.890286793798999554 ) ) ;
#7533 = PLANE ( 'NONE',  #10996 ) ;
#7534 = EDGE_CURVE ( 'NONE', #8580, #11223, #9119, .T. ) ;
#7535 = DIRECTION ( 'NONE',  ( 0.000000000000000000, 0.000000000000000000, 1.000000000000000000 ) ) ;
#7536 = VECTOR ( 'NONE', #12178, 1000.000000000000000 ) ;
#7537 = CARTESIAN_POINT ( 'NONE',  ( -0.2373478483950361428, 9.022285502907632093, -7.344202501064496680 ) ) ;
#7538 = DIRECTION ( 'NONE',  ( 0.000000000000000000, -1.000000000000000000, 0.000000000000000000 ) ) ;
#7539 = CARTESIAN_POINT ( 'NONE',  ( -6.540000000000000036, 8.131715197500998471, 8.789999999999999147 ) ) ;
#7540 = LINE ( 'NONE', #2477, #519 ) ;
#7541 = ORIENTED_EDGE ( 'NONE', *, *, #2900, .T. ) ;
#7542 = DIRECTION ( 'NONE',  ( -1.224646799146999945E-16, 0.000000000000000000, -1.000000000000000000 ) ) ;
#7543 = VERTEX_POINT ( 'NONE', #7255 ) ;
#7544 = LINE ( 'NONE', #2660, #9889 ) ;
#7545 = ORIENTED_EDGE ( 'NONE', *, *, #9565, .T. ) ;
#7546 = DIRECTION ( 'NONE',  ( 0.000000000000000000, -1.000000000000000000, 0.000000000000000000 ) ) ;
#7547 = VERTEX_POINT ( 'NONE', #8241 ) ;
#7548 = CIRCLE ( 'NONE', #1161, 1.590944562245001137 ) ;
#7549 = CARTESIAN_POINT ( 'NONE',  ( 0.7900000000000000355, 15.79999999999954774, 5.174947165682039163 ) ) ;
#7550 = ADVANCED_FACE ( 'NONE', ( #3487 ), #7619, .T. ) ;
#7551 = CARTESIAN_POINT ( 'NONE',  ( 4.629696307966639779, -3.700000000000000178, 1.273734666246999936 ) ) ;
#7552 = EDGE_CURVE ( 'NONE', #8687, #6396, #10717, .T. ) ;
#7553 = DIRECTION ( 'NONE',  ( 0.000000000000000000, 0.6817255992298820733, -0.7316079601498731710 ) ) ;
#7554 = DIRECTION ( 'NONE',  ( 1.000000000000000000, 0.000000000000000000, 0.000000000000000000 ) ) ;
#7555 = VECTOR ( 'NONE', #6970, 999.9999999999998863 ) ;
#7556 = CARTESIAN_POINT ( 'NONE',  ( 0.7900000000000000355, 15.79293969097799888, 5.203898047367000679 ) ) ;
#7557 = EDGE_LOOP ( 'NONE', ( #8476, #3284, #3044, #97 ) ) ;
#7558 = CARTESIAN_POINT ( 'NONE',  ( 1.629999999999999893, -3.700000000000000178, -8.750000000000000000 ) ) ;
#7559 = VERTEX_POINT ( 'NONE', #5687 ) ;
#7560 = FACE_OUTER_BOUND ( 'NONE', #1409, .T. ) ;
#7561 = VERTEX_POINT ( 'NONE', #5627 ) ;
#7562 = PLANE ( 'NONE',  #15 ) ;
#7563 = CIRCLE ( 'NONE', #7597, 0.1400000000000004297 ) ;
#7564 = DIRECTION ( 'NONE',  ( 0.000000000000000000, 0.000000000000000000, 1.000000000000000000 ) ) ;
#7565 = VECTOR ( 'NONE', #9507, 1000.000000000000000 ) ;
#7566 = DIRECTION ( 'NONE',  ( 1.000000000000000000, 0.000000000000000000, 0.000000000000000000 ) ) ;
#7567 = LINE ( 'NONE', #2815, #8946 ) ;
#7568 = AXIS2_PLACEMENT_3D ( 'NONE', #3901, #9600, #3789 ) ;
#7569 = CARTESIAN_POINT ( 'NONE',  ( 8.751918340712878219, 15.70000000000005080, -5.572572872400037625 ) ) ;
#7570 = ORIENTED_EDGE ( 'NONE', *, *, #8647, .F. ) ;
#7571 = VECTOR ( 'NONE', #8752, 1000.000000000000227 ) ;
#7572 = DIRECTION ( 'NONE',  ( 1.000000000000000000, 0.000000000000000000, 0.000000000000000000 ) ) ;
#7573 = ORIENTED_EDGE ( 'NONE', *, *, #5614, .F. ) ;
#7574 = EDGE_CURVE ( 'NONE', #12188, #3126, #5744, .T. ) ;
#7575 = CARTESIAN_POINT ( 'NONE',  ( -7.900000000000000355, 3.319999999999999840, 8.789999999999999147 ) ) ;
#7576 = CARTESIAN_POINT ( 'NONE',  ( -0.9108317552745395229, 8.498246844457446159, -7.755675272487635219 ) ) ;
#7577 = VERTEX_POINT ( 'NONE', #9363 ) ;
#7578 = CYLINDRICAL_SURFACE ( 'NONE', #11167, 1.590944562245001137 ) ;
#7579 = ORIENTED_EDGE ( 'NONE', *, *, #8663, .T. ) ;
#7580 = DIRECTION ( 'NONE',  ( 0.000000000000000000, 1.000000000000000000, 0.000000000000000000 ) ) ;
#7581 = FACE_OUTER_BOUND ( 'NONE', #264, .T. ) ;
#7582 = CIRCLE ( 'NONE', #7214, 0.1399999999999985978 ) ;
#7583 = EDGE_CURVE ( 'NONE', #3871, #10073, #9551, .T. ) ;
#7584 = CARTESIAN_POINT ( 'NONE',  ( -0.6321804546450000561, 8.388299544004999220, -7.493637721036000343 ) ) ;
#7585 = AXIS2_PLACEMENT_3D ( 'NONE', #3502, #8195, #8377 ) ;
#7586 = EDGE_CURVE ( 'NONE', #4477, #7547, #8615, .T. ) ;
#7587 = LINE ( 'NONE', #6404, #6919 ) ;
#7588 = CARTESIAN_POINT ( 'NONE',  ( 2.185000000000000497, 2.299998840357291741, -9.029995011695651996 ) ) ;
#7589 = AXIS2_PLACEMENT_3D ( 'NONE', #9265, #5464, #4521 ) ;
#7590 = VERTEX_POINT ( 'NONE', #2668 ) ;
#7591 = AXIS2_PLACEMENT_3D ( 'NONE', #12112, #2549, #1884 ) ;
#7592 = LINE ( 'NONE', #8591, #7710 ) ;
#7593 = EDGE_CURVE ( 'NONE', #6086, #10997, #8485, .T. ) ;
#7594 = VECTOR ( 'NONE', #2874, 1000.000000000000000 ) ;
#7595 = ORIENTED_EDGE ( 'NONE', *, *, #3683, .F. ) ;
#7596 = EDGE_CURVE ( 'NONE', #72, #9194, #10300, .T. ) ;
#7597 = AXIS2_PLACEMENT_3D ( 'NONE', #10798, #8921, #5123 ) ;
#7598 = ORIENTED_EDGE ( 'NONE', *, *, #11446, .F. ) ;
#7599 = ORIENTED_EDGE ( 'NONE', *, *, #5679, .T. ) ;
#7600 = EDGE_CURVE ( 'NONE', #5868, #9455, #12302, .T. ) ;
#7601 = CARTESIAN_POINT ( 'NONE',  ( -1.255000000000000115, 13.47869573117973019, 5.144767955706051943 ) ) ;
#7602 = DIRECTION ( 'NONE',  ( 0.000000000000000000, 1.000000000000000000, 0.000000000000000000 ) ) ;
#7603 = DIRECTION ( 'NONE',  ( 0.000000000000000000, 1.000000000000000000, 0.000000000000000000 ) ) ;
#7604 = CARTESIAN_POINT ( 'NONE',  ( 1.810000000000000053, 14.49800950369600017, 4.776298838437000427 ) ) ;
#7605 = CARTESIAN_POINT ( 'NONE',  ( 1.625000000000000222, 3.000000000000000000, -8.750000000000000000 ) ) ;
#7606 = VECTOR ( 'NONE', #9298, 1000.000000000000227 ) ;
#7607 = DIRECTION ( 'NONE',  ( 1.000000000000000000, 0.000000000000000000, 0.000000000000000000 ) ) ;
#7608 = DIRECTION ( 'NONE',  ( 0.000000000000000000, 1.000000000000000000, 2.198461434901000047E-16 ) ) ;
#7609 = ORIENTED_EDGE ( 'NONE', *, *, #9899, .F. ) ;
#7610 = ORIENTED_EDGE ( 'NONE', *, *, #6864, .F. ) ;
#7611 = DIRECTION ( 'NONE',  ( 1.000000000000000000, 0.000000000000000000, 0.000000000000000000 ) ) ;
#7612 = VERTEX_POINT ( 'NONE', #6558 ) ;
#7613 = ORIENTED_EDGE ( 'NONE', *, *, #4981, .F. ) ;
#7614 = CARTESIAN_POINT ( 'NONE',  ( 3.600000000000000089, 14.23499999999999943, 4.890000000000000568 ) ) ;
#7615 = ORIENTED_EDGE ( 'NONE', *, *, #5445, .T. ) ;
#7616 = DIRECTION ( 'NONE',  ( 0.000000000000000000, 1.000000000000000000, 0.000000000000000000 ) ) ;
#7617 = LINE ( 'NONE', #11430, #8196 ) ;
#7618 = VECTOR ( 'NONE', #10325, 999.9999999999998863 ) ;
#7619 = CYLINDRICAL_SURFACE ( 'NONE', #11707, 1.350000000000000089 ) ;
#7620 = CARTESIAN_POINT ( 'NONE',  ( -6.540000000000000036, 14.52999999999999936, -6.299999999999999822 ) ) ;
#7621 = EDGE_CURVE ( 'NONE', #7280, #8622, #5807, .T. ) ;
#7622 = EDGE_CURVE ( 'NONE', #2211, #3004, #7433, .T. ) ;
#7623 = EDGE_CURVE ( 'NONE', #1659, #10443, #11241, .T. ) ;
#7624 = AXIS2_PLACEMENT_3D ( 'NONE', #6439, #10250, #7440 ) ;
#7625 = DIRECTION ( 'NONE',  ( 1.000000000000000000, -1.110223024624999878E-16, 0.000000000000000000 ) ) ;
#7626 = ORIENTED_EDGE ( 'NONE', *, *, #7219, .F. ) ;
#7627 = CARTESIAN_POINT ( 'NONE',  ( 6.540000000000000036, 16.00000000000000000, 10.33999999999999986 ) ) ;
#7628 = ORIENTED_EDGE ( 'NONE', *, *, #10790, .T. ) ;
#7629 = CARTESIAN_POINT ( 'NONE',  ( -6.540000000000000036, 1.959999999999999964, 8.789999999999999147 ) ) ;
#7630 = ORIENTED_EDGE ( 'NONE', *, *, #6196, .T. ) ;
#7631 = PLANE ( 'NONE',  #8401 ) ;
#7632 = DIRECTION ( 'NONE',  ( 0.000000000000000000, 0.000000000000000000, 1.000000000000000000 ) ) ;
#7633 = VECTOR ( 'NONE', #12052, 1000.000000000000000 ) ;
#7634 = AXIS2_PLACEMENT_3D ( 'NONE', #9000, #11808, #3111 ) ;
#7635 = CARTESIAN_POINT ( 'NONE',  ( 1.250000000000000000, 15.79999999999954774, 5.174947165682039163 ) ) ;
#7636 = CARTESIAN_POINT ( 'NONE',  ( 0.7900000000000000355, 15.69999999999999929, -0.3649999999999998801 ) ) ;
#7637 = ORIENTED_EDGE ( 'NONE', *, *, #10134, .T. ) ;
#7638 = DIRECTION ( 'NONE',  ( -1.000000000000000000, 0.000000000000000000, 0.000000000000000000 ) ) ;
#7639 = VERTEX_POINT ( 'NONE', #6492 ) ;
#7640 = CIRCLE ( 'NONE', #4038, 0.1399999999999985978 ) ;
#7641 = DIRECTION ( 'NONE',  ( -0.9999996469509474517, -0.0008402963645880849076, 0.000000000000000000 ) ) ;
#7642 = DIRECTION ( 'NONE',  ( 0.000000000000000000, -1.000000000000000000, 0.000000000000000000 ) ) ;
#7643 = ORIENTED_EDGE ( 'NONE', *, *, #10852, .T. ) ;
#7644 = DIRECTION ( 'NONE',  ( -1.000000000000000000, 0.000000000000000000, 0.000000000000000000 ) ) ;
#7645 = ORIENTED_EDGE ( 'NONE', *, *, #9757, .T. ) ;
#7646 = DIRECTION ( 'NONE',  ( -1.000000000000000000, 0.000000000000000000, 0.000000000000000000 ) ) ;
#7647 = CARTESIAN_POINT ( 'NONE',  ( 2.220000000000000195, 2.979999999999999982, 6.089999999999999858 ) ) ;
#7648 = FACE_OUTER_BOUND ( 'NONE', #1422, .T. ) ;
#7649 = CARTESIAN_POINT ( 'NONE',  ( -0.2300000000000000100, 15.79999999999954774, 5.159999999999999254 ) ) ;
#7650 = ORIENTED_EDGE ( 'NONE', *, *, #8788, .F. ) ;
#7651 = CARTESIAN_POINT ( 'NONE',  ( 0.2300000000000000100, 14.49800950369600017, 4.776298838437000427 ) ) ;
#7652 = EDGE_CURVE ( 'NONE', #4934, #6088, #2864, .T. ) ;
#7653 = ORIENTED_EDGE ( 'NONE', *, *, #8727, .T. ) ;
#7654 = EDGE_CURVE ( 'NONE', #7221, #6886, #3865, .T. ) ;
#7655 = ORIENTED_EDGE ( 'NONE', *, *, #3657, .F. ) ;
#7656 = EDGE_LOOP ( 'NONE', ( #3084, #11272, #8266, #12090 ) ) ;
#7657 = CARTESIAN_POINT ( 'NONE',  ( 0.2300000000000000100, 9.377205983516001098, -3.778469117984000203 ) ) ;
#7658 = CARTESIAN_POINT ( 'NONE',  ( 1.629713794006000027, 3.000000000000000000, -9.029426119250999250 ) ) ;
#7659 = DIRECTION ( 'NONE',  ( 1.000000000000000000, -1.110223024624999878E-16, 0.000000000000000000 ) ) ;
#7660 = CYLINDRICAL_SURFACE ( 'NONE', #6519, 1.083702780452000747 ) ;
#7661 = LINE ( 'NONE', #1475, #7555 ) ;
#7662 = ADVANCED_FACE ( 'NONE', ( #8429 ), #9492, .T. ) ;
#7663 = CARTESIAN_POINT ( 'NONE',  ( 1.804999999999999938, 9.200793997166886840, -7.590891477942752985 ) ) ;
#7664 = EDGE_CURVE ( 'NONE', #4684, #5859, #6690, .T. ) ;
#7665 = CARTESIAN_POINT ( 'NONE',  ( 0.2300000000000000100, 15.66000000000000014, -4.250000000000000000 ) ) ;
#7666 = ORIENTED_EDGE ( 'NONE', *, *, #1028, .F. ) ;
#7667 = VERTEX_POINT ( 'NONE', #10365 ) ;
#7668 = DIRECTION ( 'NONE',  ( 1.000000000000000000, 0.000000000000000000, 0.000000000000000000 ) ) ;
#7669 = VERTEX_POINT ( 'NONE', #1941 ) ;
#7670 = LINE ( 'NONE', #5552, #1854 ) ;
#7671 = VERTEX_POINT ( 'NONE', #64 ) ;
#7672 = DIRECTION ( 'NONE',  ( 0.000000000000000000, 1.000000000000000000, 0.000000000000000000 ) ) ;
#7673 = CARTESIAN_POINT ( 'NONE',  ( -2.220000000000000195, 1.840000000000000080, 10.35999999999999943 ) ) ;
#7674 = DIRECTION ( 'NONE',  ( 1.000000000000000000, 0.000000000000000000, 0.000000000000000000 ) ) ;
#7675 = EDGE_CURVE ( 'NONE', #11754, #3812, #11367, .T. ) ;
#7676 = VERTEX_POINT ( 'NONE', #10435 ) ;
#7677 = CARTESIAN_POINT ( 'NONE',  ( -1.860000000000000098, 15.69999999999999929, -5.620000000000000107 ) ) ;
#7678 = VERTEX_POINT ( 'NONE', #932 ) ;
#7679 = DIRECTION ( 'NONE',  ( 0.000000000000000000, -1.000000000000000000, 0.000000000000000000 ) ) ;
#7680 = VERTEX_POINT ( 'NONE', #4751 ) ;
#7681 = CARTESIAN_POINT ( 'NONE',  ( 8.751918340712878219, 15.45000000000000107, -0.3649999999999989919 ) ) ;
#7682 = EDGE_LOOP ( 'NONE', ( #5447, #988, #1829 ) ) ;
#7683 = DIRECTION ( 'NONE',  ( 0.000000000000000000, 0.000000000000000000, 1.000000000000000000 ) ) ;
#7684 = ADVANCED_FACE ( 'NONE', ( #3806 ), #306, .F. ) ;
#7685 = DIRECTION ( 'NONE',  ( -1.000000000000000000, 0.000000000000000000, 0.000000000000000000 ) ) ;
#7686 = LINE ( 'NONE', #11560, #3564 ) ;
#7687 = EDGE_CURVE ( 'NONE', #9605, #6886, #5923, .T. ) ;
#7688 = FACE_OUTER_BOUND ( 'NONE', #4249, .T. ) ;
#7689 = EDGE_LOOP ( 'NONE', ( #4832, #6656, #4741, #6617 ) ) ;
#7690 = MANIFOLD_SOLID_BREP ( 'Move Face6', #12279 ) ;
#7691 = CARTESIAN_POINT ( 'NONE',  ( -0.8400000000000000799, 15.45000000000000107, -0.3649999999999989919 ) ) ;
#7692 = EDGE_CURVE ( 'NONE', #7153, #9015, #6046, .T. ) ;
#7693 = ORIENTED_EDGE ( 'NONE', *, *, #1517, .T. ) ;
#7694 = CARTESIAN_POINT ( 'NONE',  ( -6.541141843972000380, 13.15114184397199892, 8.789999999999999147 ) ) ;
#7695 = CARTESIAN_POINT ( 'NONE',  ( -0.3499219653710000100, 3.000000000000000000, -9.006580042673000719 ) ) ;
#7696 = ORIENTED_EDGE ( 'NONE', *, *, #6044, .T. ) ;
#7697 = LINE ( 'NONE', #141, #7969 ) ;
#7698 = ORIENTED_EDGE ( 'NONE', *, *, #1710, .T. ) ;
#7699 = VECTOR ( 'NONE', #7295, 1000.000000000000000 ) ;
#7700 = CARTESIAN_POINT ( 'NONE',  ( 1.279943154908561143, 8.936404552006106172, -7.358293197390762153 ) ) ;
#7701 = EDGE_CURVE ( 'NONE', #2481, #1859, #8792, .T. ) ;
#7702 = CARTESIAN_POINT ( 'NONE',  ( 2.150902593457807654, 8.518853439752003709, -7.461954506164982348 ) ) ;
#7703 = VECTOR ( 'NONE', #9289, 1000.000000000000000 ) ;
#7704 = CARTESIAN_POINT ( 'NONE',  ( 1.244999999993046780, 9.130601661684403680, -7.606614561090872861 ) ) ;
#7705 = CARTESIAN_POINT ( 'NONE',  ( 1.804999999999999938, 15.66000000000000014, 5.159999999999999254 ) ) ;
#7706 = ORIENTED_EDGE ( 'NONE', *, *, #10593, .T. ) ;
#7707 = LINE ( 'NONE', #6781, #10119 ) ;
#7708 = VECTOR ( 'NONE', #8974, 1000.000000000000000 ) ;
#7709 = ORIENTED_EDGE ( 'NONE', *, *, #11960, .T. ) ;
#7710 = VECTOR ( 'NONE', #11407, 1000.000000000000000 ) ;
#7711 = ORIENTED_EDGE ( 'NONE', *, *, #3757, .T. ) ;
#7712 = ORIENTED_EDGE ( 'NONE', *, *, #1962, .F. ) ;
#7713 = DIRECTION ( 'NONE',  ( 0.000000000000000000, 0.000000000000000000, -1.000000000000000000 ) ) ;
#7714 = DIRECTION ( 'NONE',  ( 0.000000000000000000, -0.2264341966680561147, 0.9740264650302332683 ) ) ;
#7715 = DIRECTION ( 'NONE',  ( 0.000000000000000000, 0.9763850306004406843, 0.2160376634278765307 ) ) ;
#7716 = CYLINDRICAL_SURFACE ( 'NONE', #9302, 1.363702780452000107 ) ;
#7717 = DIRECTION ( 'NONE',  ( 1.000000000000000000, 0.000000000000000000, 0.000000000000000000 ) ) ;
#7718 = ADVANCED_FACE ( 'NONE', ( #9852 ), #4924, .F. ) ;
#7719 = AXIS2_PLACEMENT_3D ( 'NONE', #9643, #268, #4014 ) ;
#7720 = PLANE ( 'NONE',  #6577 ) ;
#7721 = AXIS2_PLACEMENT_3D ( 'NONE', #2934, #2820, #9576 ) ;
#7722 = DIRECTION ( 'NONE',  ( 1.000000000000000000, 0.000000000000000000, 0.000000000000000000 ) ) ;
#7723 = EDGE_LOOP ( 'NONE', ( #4313, #3596, #7650, #1644, #7182, #2675 ) ) ;
#7724 = ORIENTED_EDGE ( 'NONE', *, *, #11753, .F. ) ;
#7725 = ADVANCED_FACE ( 'NONE', ( #4044, #9616, #356, #1303, #5112, #2169, #8912 ), #3088, .T. ) ;
#7726 = DIRECTION ( 'NONE',  ( 1.110223024624999878E-16, 1.000000000000000000, 0.000000000000000000 ) ) ;
#7727 = ORIENTED_EDGE ( 'NONE', *, *, #3362, .T. ) ;
#7728 = EDGE_CURVE ( 'NONE', #10153, #7802, #5985, .T. ) ;
#7729 = DIRECTION ( 'NONE',  ( -1.000000000000000000, 0.000000000000000000, 0.000000000000000000 ) ) ;
#7730 = ORIENTED_EDGE ( 'NONE', *, *, #9136, .T. ) ;
#7731 = CARTESIAN_POINT ( 'NONE',  ( -1.814999999999999947, 13.96993164062500092, -4.623949218749999091 ) ) ;
#7732 = CARTESIAN_POINT ( 'NONE',  ( -4.579222180143288412, -3.201392345172381582, 1.260210164458068105 ) ) ;
#7733 = DIRECTION ( 'NONE',  ( 0.000000000000000000, 0.000000000000000000, -1.000000000000000000 ) ) ;
#7734 = ADVANCED_FACE ( 'NONE', ( #4098 ), #1245, .T. ) ;
#7735 = EDGE_CURVE ( 'NONE', #7669, #11678, #7915, .T. ) ;
#7736 = CIRCLE ( 'NONE', #1572, 1.870944562245001386 ) ;
#7737 = DIRECTION ( 'NONE',  ( 1.000000000000000000, 0.000000000000000000, 0.000000000000000000 ) ) ;
#7738 = ORIENTED_EDGE ( 'NONE', *, *, #2803, .F. ) ;
#7739 = EDGE_CURVE ( 'NONE', #7263, #6192, #3035, .T. ) ;
#7740 = LINE ( 'NONE', #4756, #7227 ) ;
#7741 = EDGE_LOOP ( 'NONE', ( #10111, #11113, #12130, #8012 ) ) ;
#7742 = DIRECTION ( 'NONE',  ( 0.000000000000000000, 0.000000000000000000, 1.000000000000000000 ) ) ;
#7743 = VERTEX_POINT ( 'NONE', #2534 ) ;
#7744 = LINE ( 'NONE', #4821, #4195 ) ;
#7745 = EDGE_CURVE ( 'NONE', #784, #501, #10161, .T. ) ;
#7746 = CARTESIAN_POINT ( 'NONE',  ( -3.600000000000000089, 13.02999999999999936, 4.890000000000000568 ) ) ;
#7747 = LINE ( 'NONE', #10385, #11546 ) ;
#7748 = AXIS2_PLACEMENT_3D ( 'NONE', #2401, #7524, #12214 ) ;
#7749 = FACE_OUTER_BOUND ( 'NONE', #11491, .T. ) ;
#7750 = EDGE_LOOP ( 'NONE', ( #9053, #11518, #8088, #8236, #4963, #9483 ) ) ;
#7751 = PLANE ( 'NONE',  #7721 ) ;
#7752 = VERTEX_POINT ( 'NONE', #9042 ) ;
#7753 = FACE_OUTER_BOUND ( 'NONE', #7138, .T. ) ;
#7754 = VECTOR ( 'NONE', #7866, 1000.000000000000000 ) ;
#7755 = CARTESIAN_POINT ( 'NONE',  ( 1.629713794006000027, 1.100000000000000089, -9.029426119250999250 ) ) ;
#7756 = ORIENTED_EDGE ( 'NONE', *, *, #8262, .F. ) ;
#7757 = FACE_OUTER_BOUND ( 'NONE', #1470, .T. ) ;
#7758 = ORIENTED_EDGE ( 'NONE', *, *, #506, .F. ) ;
#7759 = CARTESIAN_POINT ( 'NONE',  ( 2.184709322181033198, 8.452195014324418665, -7.768489664791670357 ) ) ;
#7760 = CARTESIAN_POINT ( 'NONE',  ( -0.9167877336408977174, 8.406009515169365898, -7.498423860641266536 ) ) ;
#7761 = DIRECTION ( 'NONE',  ( -0.000000000000000000, 1.000000000000000000, 0.000000000000000000 ) ) ;
#7762 = EDGE_CURVE ( 'NONE', #5462, #7231, #7170, .T. ) ;
#7763 = VECTOR ( 'NONE', #11040, 1000.000000000000000 ) ;
#7764 = ORIENTED_EDGE ( 'NONE', *, *, #2154, .T. ) ;
#7765 = EDGE_CURVE ( 'NONE', #7429, #4117, #4229, .T. ) ;
#7766 = CARTESIAN_POINT ( 'NONE',  ( -0.2300000000000000100, 14.06939833831600062, -6.213385438909000413 ) ) ;
#7767 = EDGE_CURVE ( 'NONE', #3801, #3004, #5242, .T. ) ;
#7768 = EDGE_LOOP ( 'NONE', ( #1256, #10794, #12000, #3193 ) ) ;
#7769 = CARTESIAN_POINT ( 'NONE',  ( 0.2300000000000000100, 14.11052001936399947, -6.489604187589999462 ) ) ;
#7770 = ORIENTED_EDGE ( 'NONE', *, *, #5161, .T. ) ;
#7771 = AXIS2_PLACEMENT_3D ( 'NONE', #3471, #9226, #2594 ) ;
#7772 = VECTOR ( 'NONE', #7341, 1000.000000000000000 ) ;
#7773 = ORIENTED_EDGE ( 'NONE', *, *, #8561, .F. ) ;
#7774 = CIRCLE ( 'NONE', #5396, 0.1399999999999995137 ) ;
#7775 = CARTESIAN_POINT ( 'NONE',  ( 1.860000000000000098, 15.11999999999999922, 4.890000000000000568 ) ) ;
#7776 = CARTESIAN_POINT ( 'NONE',  ( 0.7900000000000000355, 15.66000000000000014, 5.159999999999999254 ) ) ;
#7777 = DIRECTION ( 'NONE',  ( -1.000000000000000000, 0.000000000000000000, 0.000000000000000000 ) ) ;
#7778 = DIRECTION ( 'NONE',  ( 0.000000000000000000, 0.9763850306004406843, 0.2160376634278765307 ) ) ;
#7779 = CARTESIAN_POINT ( 'NONE',  ( -0.3500961946528833857, 1.100000000000000089, -8.749807775706999635 ) ) ;
#7780 = DIRECTION ( 'NONE',  ( 0.000000000000000000, 0.000000000000000000, -1.000000000000000000 ) ) ;
#7781 = VECTOR ( 'NONE', #7994, 1000.000000000000000 ) ;
#7782 = AXIS2_PLACEMENT_3D ( 'NONE', #8626, #7685, #2814 ) ;
#7783 = AXIS2_PLACEMENT_3D ( 'NONE', #11177, #3741, #6686 ) ;
#7784 = LINE ( 'NONE', #8541, #3298 ) ;
#7785 = VERTEX_POINT ( 'NONE', #6232 ) ;
#7786 = ORIENTED_EDGE ( 'NONE', *, *, #6389, .F. ) ;
#7787 = CARTESIAN_POINT ( 'NONE',  ( 1.776298979172999948, 9.198526961747999664, -7.303779511892000365 ) ) ;
#7788 = ORIENTED_EDGE ( 'NONE', *, *, #9683, .F. ) ;
#7789 = CARTESIAN_POINT ( 'NONE',  ( 1.810000000000000053, 15.52330609571600029, -4.280245272880000229 ) ) ;
#7790 = EDGE_LOOP ( 'NONE', ( #5399, #2666, #7469, #11727 ) ) ;
#7791 = DIRECTION ( 'NONE',  ( -0.002048524988061377859, 0.2264337215570416395, -0.9740244212991795436 ) ) ;
#7792 = CYLINDRICAL_SURFACE ( 'NONE', #10397, 1.714203002955001498 ) ;
#7793 = VECTOR ( 'NONE', #2972, 1000.000000000000000 ) ;
#7794 = VECTOR ( 'NONE', #12319, 1000.000000000000000 ) ;
#7795 = DIRECTION ( 'NONE',  ( 1.110223024624999878E-16, 1.000000000000000000, 0.000000000000000000 ) ) ;
#7796 = CARTESIAN_POINT ( 'NONE',  ( -0.2350000000000000422, 15.51998668538456805, -4.260059949487317255 ) ) ;
#7797 = LINE ( 'NONE', #8793, #814 ) ;
#7798 = EDGE_CURVE ( 'NONE', #6736, #5303, #5174, .T. ) ;
#7799 = AXIS2_PLACEMENT_3D ( 'NONE', #6865, #6744, #6687 ) ;
#7800 = CARTESIAN_POINT ( 'NONE',  ( -1.199999999999999956, 13.08000000000000007, -5.620000000000000107 ) ) ;
#7801 = EDGE_CURVE ( 'NONE', #1628, #11085, #9229, .T. ) ;
#7802 = VERTEX_POINT ( 'NONE', #8040 ) ;
#7803 = EDGE_CURVE ( 'NONE', #5348, #8611, #5295, .T. ) ;
#7804 = LINE ( 'NONE', #3160, #7033 ) ;
#7805 = ORIENTED_EDGE ( 'NONE', *, *, #4762, .T. ) ;
#7806 = CARTESIAN_POINT ( 'NONE',  ( 1.860000000000000098, 15.45000000000000107, -0.3649999999999989919 ) ) ;
#7807 = ORIENTED_EDGE ( 'NONE', *, *, #5141, .T. ) ;
#7808 = DIRECTION ( 'NONE',  ( 1.000000000000000000, 0.000000000000000000, 0.000000000000000000 ) ) ;
#7809 = LINE ( 'NONE', #9808, #11323 ) ;
#7810 = CARTESIAN_POINT ( 'NONE',  ( -1.250000000000000000, 15.70000000000003304, -3.661530882015934463 ) ) ;
#7811 = LINE ( 'NONE', #2364, #11741 ) ;
#7812 = EDGE_CURVE ( 'NONE', #4040, #6374, #12097, .T. ) ;
#7813 = ADVANCED_FACE ( 'NONE', ( #11162 ), #538, .T. ) ;
#7814 = VECTOR ( 'NONE', #9195, 1000.000000000000000 ) ;
#7815 = EDGE_CURVE ( 'NONE', #6390, #9004, #4287, .T. ) ;
#7816 = DIRECTION ( 'NONE',  ( 0.000000000000000000, 0.9086141679698426232, -0.4176365570259273907 ) ) ;
#7817 = ORIENTED_EDGE ( 'NONE', *, *, #5820, .T. ) ;
#7818 = CARTESIAN_POINT ( 'NONE',  ( 1.250000000000000000, 15.69999999999999929, 5.420429353323000576 ) ) ;
#7819 = ORIENTED_EDGE ( 'NONE', *, *, #10519, .F. ) ;
#7820 = CARTESIAN_POINT ( 'NONE',  ( 4.273565487666060925, -2.810938569856341385, -1.178309700547626404 ) ) ;
#7821 = CARTESIAN_POINT ( 'NONE',  ( -0.7900000000000000355, 15.80000000000000071, -4.234997608640000522 ) ) ;
#7822 = ORIENTED_EDGE ( 'NONE', *, *, #4135, .F. ) ;
#7823 = CARTESIAN_POINT ( 'NONE',  ( 5.599999999999999645, 0.000000000000000000, -10.22999999999999865 ) ) ;
#7824 = VECTOR ( 'NONE', #7058, 1000.000000000000000 ) ;
#7825 = AXIS2_PLACEMENT_3D ( 'NONE', #1064, #3039, #2291 ) ;
#7826 = LINE ( 'NONE', #1393, #6472 ) ;
#7827 = CARTESIAN_POINT ( 'NONE',  ( 6.540000000000000036, 8.131715197500998471, 8.789999999999999147 ) ) ;
#7828 = LINE ( 'NONE', #6718, #10695 ) ;
#7829 = LINE ( 'NONE', #5715, #1972 ) ;
#7830 =( GEOMETRIC_REPRESENTATION_CONTEXT ( 3 ) GLOBAL_UNCERTAINTY_ASSIGNED_CONTEXT ( ( #3467 ) ) GLOBAL_UNIT_ASSIGNED_CONTEXT ( ( #11841, #1426, #4345 ) ) REPRESENTATION_CONTEXT ( 'NONE', 'WORKASPACE' ) );
#7831 = VECTOR ( 'NONE', #4636, 1000.000000000000000 ) ;
#7832 = ORIENTED_EDGE ( 'NONE', *, *, #1046, .T. ) ;
#7833 = CARTESIAN_POINT ( 'NONE',  ( 1.250000000000000000, 15.69999999999999929, -4.699234558991999045 ) ) ;
#7834 = ORIENTED_EDGE ( 'NONE', *, *, #364, .T. ) ;
#7835 = CARTESIAN_POINT ( 'NONE',  ( -0.9099038053469999943, 3.000000000000000000, -9.030192224292999725 ) ) ;
#7836 = EDGE_LOOP ( 'NONE', ( #11850, #8706, #1038, #7023, #4365, #7516, #3566, #564 ) ) ;
#7837 = ORIENTED_EDGE ( 'NONE', *, *, #3681, .F. ) ;
#7838 = DIRECTION ( 'NONE',  ( 0.9999979017704853090, 0.0004638561100252248915, -0.001995317552647971147 ) ) ;
#7839 = CARTESIAN_POINT ( 'NONE',  ( 0.7900000000000000355, 15.80000000000000071, 5.159999999999999254 ) ) ;
#7840 = EDGE_CURVE ( 'NONE', #8734, #1413, #7313, .T. ) ;
#7841 = CARTESIAN_POINT ( 'NONE',  ( 0.2300000000000000100, 13.22059501705500217, 5.253684953371999811 ) ) ;
#7842 = DIRECTION ( 'NONE',  ( -1.000000000000000000, 0.000000000000000000, 0.000000000000000000 ) ) ;
#7843 = LINE ( 'NONE', #11651, #1191 ) ;
#7844 = EDGE_CURVE ( 'NONE', #2071, #8611, #9096, .T. ) ;
#7845 = CARTESIAN_POINT ( 'NONE',  ( -6.540000000000000036, 16.00000000000000000, -4.639999999999999680 ) ) ;
#7846 = ORIENTED_EDGE ( 'NONE', *, *, #7762, .F. ) ;
#7847 = EDGE_LOOP ( 'NONE', ( #7349, #259, #1876, #9343 ) ) ;
#7848 = LINE ( 'NONE', #1989, #10886 ) ;
#7849 = DIRECTION ( 'NONE',  ( -0.000000000000000000, 1.000000000000000000, 0.000000000000000000 ) ) ;
#7850 = EDGE_LOOP ( 'NONE', ( #2329, #11879, #576, #4141, #4103 ) ) ;
#7851 = CARTESIAN_POINT ( 'NONE',  ( -0.7900000000000000355, 15.80000000000000071, -4.234997608640000522 ) ) ;
#7852 = LINE ( 'NONE', #9668, #5011 ) ;
#7853 = CARTESIAN_POINT ( 'NONE',  ( -5.599999999999999645, 0.000000000000000000, -10.22999999999999865 ) ) ;
#7854 = SURFACE_SIDE_STYLE ('',( #1117 ) ) ;
#7855 = SURFACE_SIDE_STYLE ('',( #8730 ) ) ;
#7856 = EDGE_CURVE ( 'NONE', #2328, #3484, #4525, .T. ) ;
#7857 = CARTESIAN_POINT ( 'NONE',  ( 6.540000000000000036, 16.00000000000000000, 10.33999999999999986 ) ) ;
#7858 = ORIENTED_EDGE ( 'NONE', *, *, #11720, .T. ) ;
#7859 = DIRECTION ( 'NONE',  ( -1.000000000000000000, 0.000000000000000000, 0.000000000000000000 ) ) ;
#7860 = ORIENTED_EDGE ( 'NONE', *, *, #8607, .T. ) ;
#7861 = DIRECTION ( 'NONE',  ( -0.1877758073010515338, 0.9822119151142681970, 0.000000000000000000 ) ) ;
#7862 = ORIENTED_EDGE ( 'NONE', *, *, #3605, .T. ) ;
#7863 = FACE_OUTER_BOUND ( 'NONE', #7061, .T. ) ;
#7864 = LINE ( 'NONE', #9925, #11121 ) ;
#7865 = LINE ( 'NONE', #252, #3805 ) ;
#7866 = DIRECTION ( 'NONE',  ( 0.000000000000000000, 0.000000000000000000, 1.000000000000000000 ) ) ;
#7867 = EDGE_CURVE ( 'NONE', #11667, #5019, #7107, .T. ) ;
#7868 = CARTESIAN_POINT ( 'NONE',  ( -0.3499039373569999833, 3.000000000000000000, -9.029807709702000196 ) ) ;
#7869 = ORIENTED_EDGE ( 'NONE', *, *, #1639, .F. ) ;
#7870 = DIRECTION ( 'NONE',  ( 0.4778456820861315957, -0.8550922732074700550, -0.2011981819314505315 ) ) ;
#7871 = VERTEX_POINT ( 'NONE', #7296 ) ;
#7872 = DIRECTION ( 'NONE',  ( 0.000000000000000000, 0.3226237828710001865, -0.9465272815540003437 ) ) ;
#7873 = ORIENTED_EDGE ( 'NONE', *, *, #6630, .T. ) ;
#7874 = DIRECTION ( 'NONE',  ( 1.000000000000000000, 0.000000000000000000, 0.000000000000000000 ) ) ;
#7875 = VERTEX_POINT ( 'NONE', #9973 ) ;
#7876 = DIRECTION ( 'NONE',  ( 0.000000000000000000, 0.9086141679698415130, -0.4176365570259298332 ) ) ;
#7877 = EDGE_CURVE ( 'NONE', #9194, #3355, #10975, .T. ) ;
#7878 = EDGE_CURVE ( 'NONE', #599, #2650, #1432, .T. ) ;
#7879 = CARTESIAN_POINT ( 'NONE',  ( 2.151192629068031881, 8.581456100077193838, -7.737419413932922652 ) ) ;
#7880 = DIRECTION ( 'NONE',  ( 0.000000000000000000, 0.000000000000000000, 1.000000000000000000 ) ) ;
#7881 = CARTESIAN_POINT ( 'NONE',  ( -0.7900000000000000355, 15.80000000000000071, 5.159999999999999254 ) ) ;
#7882 = DIRECTION ( 'NONE',  ( -1.000000000000000000, 0.000000000000000000, 0.000000000000000000 ) ) ;
#7883 = ADVANCED_FACE ( 'NONE', ( #11972 ), #7237, .F. ) ;
#7884 = ADVANCED_FACE ( 'NONE', ( #11097 ), #7660, .F. ) ;
#7885 = CARTESIAN_POINT ( 'NONE',  ( 0.000000000000000000, 0.000000000000000000, 0.000000000000000000 ) ) ;
#7886 = ORIENTED_EDGE ( 'NONE', *, *, #5937, .F. ) ;
#7887 = LINE ( 'NONE', #11692, #1339 ) ;
#7888 = ORIENTED_EDGE ( 'NONE', *, *, #3037, .T. ) ;
#7889 = CARTESIAN_POINT ( 'NONE',  ( -1.810000000000000053, 15.80000000000000071, 5.159999999999999254 ) ) ;
#7890 = VERTEX_POINT ( 'NONE', #5671 ) ;
#7891 = VECTOR ( 'NONE', #3858, 1000.000000000000000 ) ;
#7892 = VERTEX_POINT ( 'NONE', #11286 ) ;
#7893 = CARTESIAN_POINT ( 'NONE',  ( -5.527325384929412166, -3.200000000000831513, 1.273734666246370884 ) ) ;
#7894 = CARTESIAN_POINT ( 'NONE',  ( 1.878974320892000005, 9.217916117175999347, -7.587056123061000967 ) ) ;
#7895 = DIRECTION ( 'NONE',  ( 0.000000000000000000, 0.000000000000000000, 1.000000000000000000 ) ) ;
#7896 = CARTESIAN_POINT ( 'NONE',  ( -1.810000000000000053, 14.49800950369600017, 4.776298838437000427 ) ) ;
#7897 = CARTESIAN_POINT ( 'NONE',  ( 1.625000000000000000, 7.058817561802944063, -8.750000000000000000 ) ) ;
#7898 = VECTOR ( 'NONE', #5455, 1000.000000000000000 ) ;
#7899 = VERTEX_POINT ( 'NONE', #12286 ) ;
#7900 = VECTOR ( 'NONE', #7603, 1000.000000000000000 ) ;
#7901 = VECTOR ( 'NONE', #660, 1000.000000000000000 ) ;
#7902 = VECTOR ( 'NONE', #1795, 1000.000000000000000 ) ;
#7903 = CARTESIAN_POINT ( 'NONE',  ( -4.819999999999999396, -3.600000000000000089, -1.273734666246999936 ) ) ;
#7904 = ORIENTED_EDGE ( 'NONE', *, *, #271, .T. ) ;
#7905 = EDGE_LOOP ( 'NONE', ( #11340, #6019, #11885, #2738 ) ) ;
#7906 = ADVANCED_FACE ( 'NONE', ( #2849 ), #9476, .T. ) ;
#7907 = CARTESIAN_POINT ( 'NONE',  ( -1.810000000000000053, 15.21049096661799993, -5.620000000000000107 ) ) ;
#7908 = CARTESIAN_POINT ( 'NONE',  ( 1.250000000000000000, 15.11416361098900119, -6.104208234257000321 ) ) ;
#7909 = ORIENTED_EDGE ( 'NONE', *, *, #9025, .F. ) ;
#7910 = LINE ( 'NONE', #11715, #3571 ) ;
#7911 = CARTESIAN_POINT ( 'NONE',  ( 1.532761052181999872, 9.069398338316000618, -7.333385438908999632 ) ) ;
#7912 = AXIS2_PLACEMENT_3D ( 'NONE', #3416, #11791, #3228 ) ;
#7913 = LINE ( 'NONE', #8973, #11926 ) ;
#7914 = VECTOR ( 'NONE', #7572, 1000.000000000000000 ) ;
#7915 = LINE ( 'NONE', #2059, #2732 ) ;
#7916 = DIRECTION ( 'NONE',  ( 1.000000000000000000, 0.000000000000000000, 0.000000000000000000 ) ) ;
#7917 = MANIFOLD_SOLID_BREP ( 'Cut-Extrude9', #1917 ) ;
#7918 = VECTOR ( 'NONE', #2600, 1000.000000000000000 ) ;
#7919 = VECTOR ( 'NONE', #7674, 1000.000000000000000 ) ;
#7920 = EDGE_CURVE ( 'NONE', #12258, #4415, #1923, .T. ) ;
#7921 = CARTESIAN_POINT ( 'NONE',  ( -5.029999999999999361, 13.01999999999999957, 4.890000000000000568 ) ) ;
#7922 = ADVANCED_FACE ( 'NONE', ( #6477 ), #5729, .F. ) ;
#7923 = VERTEX_POINT ( 'NONE', #11347 ) ;
#7924 = LINE ( 'NONE', #6930, #3838 ) ;
#7925 = EDGE_LOOP ( 'NONE', ( #3685, #8900, #8069, #3499 ) ) ;
#7926 = CARTESIAN_POINT ( 'NONE',  ( -2.185000000000000053, 1.100000000000000089, -6.209999999999999964 ) ) ;
#7927 = ORIENTED_EDGE ( 'NONE', *, *, #2366, .T. ) ;
#7928 = LINE ( 'NONE', #1504, #828 ) ;
#7929 = CARTESIAN_POINT ( 'NONE',  ( -0.9109645708658250518, 8.435403882597183767, -7.485445400038950758 ) ) ;
#7930 = CARTESIAN_POINT ( 'NONE',  ( -1.860000000000000098, 13.08000000000000007, 6.119999999999999218 ) ) ;
#7931 = LINE ( 'NONE', #3998, #3989 ) ;
#7932 = CARTESIAN_POINT ( 'NONE',  ( -3.600000000000000089, 15.11999999999999922, 7.625000000000000000 ) ) ;
#7933 = CARTESIAN_POINT ( 'NONE',  ( 0.9133348310235699374, 8.455234637903366490, -6.209999999999999076 ) ) ;
#7934 = ORIENTED_EDGE ( 'NONE', *, *, #11856, .F. ) ;
#7935 = FACE_OUTER_BOUND ( 'NONE', #11935, .T. ) ;
#7936 = ORIENTED_EDGE ( 'NONE', *, *, #951, .F. ) ;
#7937 = CARTESIAN_POINT ( 'NONE',  ( 4.422869846263425941, -3.045178467334976435, -1.218315682860237059 ) ) ;
#7938 = CARTESIAN_POINT ( 'NONE',  ( -4.632674615072380320, -1.639999999999999902, -1.273734666246999936 ) ) ;
#7939 = ORIENTED_EDGE ( 'NONE', *, *, #5722, .F. ) ;
#7940 = CARTESIAN_POINT ( 'NONE',  ( 1.625000000000000000, 3.000000000000000000, -10.22999999999999865 ) ) ;
#7941 = CARTESIAN_POINT ( 'NONE',  ( -3.600000000000000089, 0.000000000000000000, 6.740000000000000213 ) ) ;
#7942 = AXIS2_PLACEMENT_3D ( 'NONE', #11283, #8278, #2710 ) ;
#7943 = LINE ( 'NONE', #3186, #6988 ) ;
#7944 = CARTESIAN_POINT ( 'NONE',  ( 2.189712618997000426, 3.000000000000000000, -9.030573293245000244 ) ) ;
#7945 = LINE ( 'NONE', #7145, #8742 ) ;
#7946 = ORIENTED_EDGE ( 'NONE', *, *, #2536, .T. ) ;
#7947 = AXIS2_PLACEMENT_3D ( 'NONE', #3949, #7761, #1148 ) ;
#7948 = CARTESIAN_POINT ( 'NONE',  ( -1.810000000000000053, 14.49800950369600017, 4.776298838437000427 ) ) ;
#7949 = ORIENTED_EDGE ( 'NONE', *, *, #1210, .T. ) ;
#7950 = CARTESIAN_POINT ( 'NONE',  ( -1.250000000000000000, 14.09999999999999964, -6.209999999999999964 ) ) ;
#7951 = ORIENTED_EDGE ( 'NONE', *, *, #4424, .T. ) ;
#7952 = VERTEX_POINT ( 'NONE', #916 ) ;
#7953 = ADVANCED_FACE ( 'NONE', ( #3850 ), #7474, .F. ) ;
#7954 = EDGE_CURVE ( 'NONE', #8452, #10030, #858, .T. ) ;
#7955 = ORIENTED_EDGE ( 'NONE', *, *, #9828, .F. ) ;
#7956 = DIRECTION ( 'NONE',  ( -1.000000000000000000, 0.000000000000000000, 0.000000000000000000 ) ) ;
#7957 = LINE ( 'NONE', #5278, #10961 ) ;
#7958 = LINE ( 'NONE', #3203, #11711 ) ;
#7959 = AXIS2_PLACEMENT_3D ( 'NONE', #9789, #5055, #8847 ) ;
#7960 = CARTESIAN_POINT ( 'NONE',  ( 2.189999999999999947, 3.000000000000000000, -9.029999999999999361 ) ) ;
#7961 = FACE_OUTER_BOUND ( 'NONE', #5499, .T. ) ;
#7962 = VECTOR ( 'NONE', #6821, 1000.000000000000000 ) ;
#7963 = ADVANCED_FACE ( 'NONE', ( #732 ), #10999, .F. ) ;
#7964 = EDGE_CURVE ( 'NONE', #12220, #1595, #3602, .T. ) ;
#7965 = CARTESIAN_POINT ( 'NONE',  ( -4.859999999999999432, 3.000000000000000000, -5.989999999999999325 ) ) ;
#7966 =( BOUNDED_SURFACE ( )  B_SPLINE_SURFACE ( 1, 3, ( 
 ( #3997, #3167, #7063, #5933 ),
 ( #10865, #1380, #9680, #8993 ),
 ( #10801, #1313, #5007, #10458 ) ),
 .UNSPECIFIED., .F., .F., .F. ) 
 B_SPLINE_SURFACE_WITH_KNOTS ( ( 2, 1, 2 ),
 ( 4, 4 ),
 ( 0.008928571428571454097, 1.000000000000000000, 1.008928571428571397 ),
 ( 0.000000000000000000, 1.000000000000000000 ),
 .UNSPECIFIED. ) 
 GEOMETRIC_REPRESENTATION_ITEM ( )  RATIONAL_B_SPLINE_SURFACE ( (
 ( 1.000000000000000000, 0.9960048365411836579, 0.9960048365411836579, 1.000000000000000000),
 ( 1.000000000000000000, 0.9960048365411836579, 0.9960048365411836579, 1.000000000000000000),
 ( 1.000000000000000000, 0.9960048365411836579, 0.9960048365411836579, 1.000000000000000000) ) ) 
 REPRESENTATION_ITEM ( '' )  SURFACE ( )  );
#7967 = AXIS2_PLACEMENT_3D ( 'NONE', #1063, #8673, #3921 ) ;
#7968 = ORIENTED_EDGE ( 'NONE', *, *, #7735, .T. ) ;
#7969 = VECTOR ( 'NONE', #6772, 1000.000000000000000 ) ;
#7970 = ORIENTED_EDGE ( 'NONE', *, *, #7329, .F. ) ;
#7971 = DIRECTION ( 'NONE',  ( 0.000000000000000000, 0.000000000000000000, 1.000000000000000000 ) ) ;
#7972 = PLANE ( 'NONE',  #1671 ) ;
#7973 = VERTEX_POINT ( 'NONE', #7418 ) ;
#7974 = LINE ( 'NONE', #9161, #1587 ) ;
#7975 = LINE ( 'NONE', #11781, #9769 ) ;
#7976 = LINE ( 'NONE', #11906, #2745 ) ;
#7977 = CARTESIAN_POINT ( 'NONE',  ( 0.2300000000000000100, 15.69999999999999929, -4.699234558991999045 ) ) ;
#7978 = VECTOR ( 'NONE', #1416, 1000.000000000000000 ) ;
#7979 = VECTOR ( 'NONE', #11401, 1000.000000000000000 ) ;
#7980 = AXIS2_PLACEMENT_3D ( 'NONE', #6830, #10748, #2196 ) ;
#7981 = ORIENTED_EDGE ( 'NONE', *, *, #1885, .T. ) ;
#7982 = CARTESIAN_POINT ( 'NONE',  ( 6.541141843972000380, 13.15114184397199892, 10.08999999999999986 ) ) ;
#7983 = VECTOR ( 'NONE', #3676, 1000.000000000000000 ) ;
#7984 = ORIENTED_EDGE ( 'NONE', *, *, #51, .T. ) ;
#7985 = VECTOR ( 'NONE', #11494, 1000.000000000000227 ) ;
#7986 = LINE ( 'NONE', #6813, #11610 ) ;
#7987 = ORIENTED_EDGE ( 'NONE', *, *, #1248, .F. ) ;
#7988 = VECTOR ( 'NONE', #2065, 1000.000000000000000 ) ;
#7989 = CARTESIAN_POINT ( 'NONE',  ( -3.500000000000000000, 6.000000000000000000, -3.759999999999999787 ) ) ;
#7990 = ORIENTED_EDGE ( 'NONE', *, *, #4378, .F. ) ;
#7991 = DIRECTION ( 'NONE',  ( 0.002048524988061995421, -0.000000000000000000, 0.9999979017704853090 ) ) ;
#7992 = EDGE_CURVE ( 'NONE', #10672, #11308, #8536, .T. ) ;
#7993 = CARTESIAN_POINT ( 'NONE',  ( 3.600000000000000089, 1.100000000000000089, -3.559999999999999609 ) ) ;
#7994 = DIRECTION ( 'NONE',  ( 0.000000000000000000, -1.000000000000000000, 0.000000000000000000 ) ) ;
#7995 = DIRECTION ( 'NONE',  ( 0.000000000000000000, 0.000000000000000000, 1.000000000000000000 ) ) ;
#7996 = CARTESIAN_POINT ( 'NONE',  ( -0.2350000000000000144, 15.52330609571600029, -4.280245272880000229 ) ) ;
#7997 = ADVANCED_FACE ( 'NONE', ( #4084 ), #3253, .F. ) ;
#7998 = ADVANCED_FACE ( 'NONE', ( #222 ), #5044, .F. ) ;
#7999 = ORIENTED_EDGE ( 'NONE', *, *, #6960, .T. ) ;
#8000 = DIRECTION ( 'NONE',  ( 1.000000000000000000, 0.000000000000000000, 0.000000000000000000 ) ) ;
#8001 = ORIENTED_EDGE ( 'NONE', *, *, #5222, .T. ) ;
#8002 = CARTESIAN_POINT ( 'NONE',  ( -0.2350000000000000699, 13.22059501705500217, 5.253684953371999811 ) ) ;
#8003 = LINE ( 'NONE', #7821, #10766 ) ;
#8004 = ORIENTED_EDGE ( 'NONE', *, *, #2533, .T. ) ;
#8005 = CARTESIAN_POINT ( 'NONE',  ( 0.05841025474852008098, 2.299011246997967550, -9.025746792642049598 ) ) ;
#8006 = FACE_OUTER_BOUND ( 'NONE', #5769, .T. ) ;
#8007 = LINE ( 'NONE', #8941, #4 ) ;
#8008 = VECTOR ( 'NONE', #178, 1000.000000000000000 ) ;
#8009 = LINE ( 'NONE', #11821, #11509 ) ;
#8010 = CARTESIAN_POINT ( 'NONE',  ( -0.9150959316366317209, 3.800000000000000266, -8.560682180285322573 ) ) ;
#8011 = ADVANCED_FACE ( 'NONE', ( #11704 ), #11650, .F. ) ;
#8012 = ORIENTED_EDGE ( 'NONE', *, *, #7356, .T. ) ;
#8013 = DIRECTION ( 'NONE',  ( 0.000000000000000000, -0.9381440673623764326, 0.3462451571831393071 ) ) ;
#8014 = AXIS2_PLACEMENT_3D ( 'NONE', #317, #11740, #8933 ) ;
#8015 = ORIENTED_EDGE ( 'NONE', *, *, #7992, .F. ) ;
#8016 = DIRECTION ( 'NONE',  ( 0.000000000000000000, 0.000000000000000000, -1.000000000000000000 ) ) ;
#8017 = ORIENTED_EDGE ( 'NONE', *, *, #9784, .T. ) ;
#8018 = VERTEX_POINT ( 'NONE', #5903 ) ;
#8019 = ORIENTED_EDGE ( 'NONE', *, *, #5562, .T. ) ;
#8020 = DIRECTION ( 'NONE',  ( -1.000000000000000000, 0.000000000000000000, 0.000000000000000000 ) ) ;
#8021 = CARTESIAN_POINT ( 'NONE',  ( -6.540000000000000036, 1.959999999999999964, 8.789999999999999147 ) ) ;
#8022 = CARTESIAN_POINT ( 'NONE',  ( 5.527325384929412166, -3.200000000000831513, 1.273734666246370884 ) ) ;
#8023 = FACE_OUTER_BOUND ( 'NONE', #1068, .T. ) ;
#8024 = FACE_OUTER_BOUND ( 'NONE', #1425, .T. ) ;
#8025 = AXIS2_PLACEMENT_3D ( 'NONE', #11713, #5107, #6915 ) ;
#8026 = VECTOR ( 'NONE', #11303, 999.9999999999998863 ) ;
#8027 = EDGE_CURVE ( 'NONE', #1560, #9631, #5905, .T. ) ;
#8028 = EDGE_CURVE ( 'NONE', #9664, #6992, #10591, .T. ) ;
#8029 = ORIENTED_EDGE ( 'NONE', *, *, #2671, .F. ) ;
#8030 = CARTESIAN_POINT ( 'NONE',  ( -1.814999999999999947, 9.377205983516001098, -3.778469117984000203 ) ) ;
#8031 = VERTEX_POINT ( 'NONE', #344 ) ;
#8032 = ORIENTED_EDGE ( 'NONE', *, *, #541, .T. ) ;
#8033 = VECTOR ( 'NONE', #8903, 1000.000000000000000 ) ;
#8034 = ORIENTED_EDGE ( 'NONE', *, *, #785, .T. ) ;
#8035 = CARTESIAN_POINT ( 'NONE',  ( 1.804999999999999938, 9.122794016484000679, -3.661530882016000188 ) ) ;
#8036 = DIRECTION ( 'NONE',  ( 0.000000000000000000, -1.000000000000000000, 0.000000000000000000 ) ) ;
#8037 = EDGE_CURVE ( 'NONE', #9428, #10951, #8774, .T. ) ;
#8038 = FACE_OUTER_BOUND ( 'NONE', #4862, .T. ) ;
#8039 = EDGE_CURVE ( 'NONE', #8062, #11859, #9599, .T. ) ;
#8040 = CARTESIAN_POINT ( 'NONE',  ( 0.7900000000000001465, 15.55369816261155869, -5.620000000000000107 ) ) ;
#8041 = DIRECTION ( 'NONE',  ( 0.000000000000000000, 0.000000000000000000, 1.000000000000000000 ) ) ;
#8042 = ADVANCED_FACE ( 'NONE', ( #8658 ), #102, .T. ) ;
#8043 = ORIENTED_EDGE ( 'NONE', *, *, #1249, .F. ) ;
#8044 = CARTESIAN_POINT ( 'NONE',  ( -2.880000000000000338, 13.01999999999999957, 10.33999999999999808 ) ) ;
#8045 = DIRECTION ( 'NONE',  ( 1.000000000000000000, 0.000000000000000000, 0.000000000000000000 ) ) ;
#8046 = VERTEX_POINT ( 'NONE', #5099 ) ;
#8047 = ORIENTED_EDGE ( 'NONE', *, *, #6671, .T. ) ;
#8048 = CARTESIAN_POINT ( 'NONE',  ( 1.630278757538000001, 3.000000000000000000, -8.750000000000000000 ) ) ;
#8049 = ORIENTED_EDGE ( 'NONE', *, *, #3374, .T. ) ;
#8050 = LINE ( 'NONE', #6365, #9977 ) ;
#8051 = ORIENTED_EDGE ( 'NONE', *, *, #5839, .T. ) ;
#8052 = CARTESIAN_POINT ( 'NONE',  ( -0.7900000000000000355, 15.80000000000000071, 5.159999999999999254 ) ) ;
#8053 = CARTESIAN_POINT ( 'NONE',  ( 1.199999999999999956, 13.08000000000000007, 6.119999999999999218 ) ) ;
#8054 = PLANE ( 'NONE',  #1212 ) ;
#8055 = CARTESIAN_POINT ( 'NONE',  ( -0.2391682447258469124, 9.021753155542629798, -7.344324727512089979 ) ) ;
#8056 = ORIENTED_EDGE ( 'NONE', *, *, #1907, .T. ) ;
#8057 = FACE_OUTER_BOUND ( 'NONE', #1765, .T. ) ;
#8058 = ORIENTED_EDGE ( 'NONE', *, *, #10648, .F. ) ;
#8059 = CIRCLE ( 'NONE', #11262, 0.1399999999999985978 ) ;
#8060 = CARTESIAN_POINT ( 'NONE',  ( -6.540000000000000036, 14.52999999999999936, -6.299999999999999822 ) ) ;
#8061 = LINE ( 'NONE', #1456, #9375 ) ;
#8062 = VERTEX_POINT ( 'NONE', #4146 ) ;
#8063 = LINE ( 'NONE', #6068, #5178 ) ;
#8064 = EDGE_CURVE ( 'NONE', #5746, #6377, #9776, .T. ) ;
#8065 = FACE_OUTER_BOUND ( 'NONE', #8857, .T. ) ;
#8066 = CARTESIAN_POINT ( 'NONE',  ( -1.810000000000000053, 15.11416361098900119, -6.104208234257000321 ) ) ;
#8067 = CARTESIAN_POINT ( 'NONE',  ( 5.339999999999998970, -0.7200000000000001954, 1.273734666247000158 ) ) ;
#8068 = CARTESIAN_POINT ( 'NONE',  ( -0.6278195453548490734, 8.451700455994869188, -7.766362278963920396 ) ) ;
#8069 = ORIENTED_EDGE ( 'NONE', *, *, #10479, .F. ) ;
#8070 = ORIENTED_EDGE ( 'NONE', *, *, #2310, .T. ) ;
#8071 = DIRECTION ( 'NONE',  ( -1.000000000000000000, -5.602654968496609523E-16, 0.000000000000000000 ) ) ;
#8072 = VERTEX_POINT ( 'NONE', #10771 ) ;
#8073 = DIRECTION ( 'NONE',  ( 0.000000000000000000, 1.000000000000000000, 0.000000000000000000 ) ) ;
#8074 = ORIENTED_EDGE ( 'NONE', *, *, #6049, .T. ) ;
#8075 = ORIENTED_EDGE ( 'NONE', *, *, #6025, .F. ) ;
#8076 = ADVANCED_FACE ( 'NONE', ( #2042 ), #7716, .T. ) ;
#8077 = B_SPLINE_CURVE_WITH_KNOTS ( 'NONE', 3,
 ( #4341, #7348, #6342, #12089 ),
 .UNSPECIFIED., .F., .F.,
 ( 4, 4 ),
 ( 0.0001584302814052457710, 0.0003168869460701097870 ),
 .UNSPECIFIED. ) ;
#8078 = ORIENTED_EDGE ( 'NONE', *, *, #1095, .T. ) ;
#8079 = PLANE ( 'NONE',  #5356 ) ;
#8080 = CARTESIAN_POINT ( 'NONE',  ( -2.544999999999999929, 14.00000000000000000, -6.228930666691000262 ) ) ;
#8081 = CARTESIAN_POINT ( 'NONE',  ( 8.751918340712878219, 15.45000000000000107, -0.3649999999999989919 ) ) ;
#8082 = PLANE ( 'NONE',  #10510 ) ;
#8083 = FACE_OUTER_BOUND ( 'NONE', #2062, .T. ) ;
#8084 = VERTEX_POINT ( 'NONE', #2218 ) ;
#8085 = CARTESIAN_POINT ( 'NONE',  ( 4.632674615072380320, -1.639999999999999902, -1.273734666246999936 ) ) ;
#8086 = EDGE_LOOP ( 'NONE', ( #57, #4310, #6799, #4431 ) ) ;
#8087 = ORIENTED_EDGE ( 'NONE', *, *, #11026, .T. ) ;
#8088 = ORIENTED_EDGE ( 'NONE', *, *, #5390, .F. ) ;
#8089 = DIRECTION ( 'NONE',  ( 1.000000000000000000, 0.000000000000000000, 0.000000000000000000 ) ) ;
#8090 = CARTESIAN_POINT ( 'NONE',  ( -6.540000000000000036, 14.52999999999999936, -6.299999999999999822 ) ) ;
#8091 = CARTESIAN_POINT ( 'NONE',  ( 2.185000000000000497, 3.000000000000000000, -10.22999999999999865 ) ) ;
#8092 = DIRECTION ( 'NONE',  ( 0.000000000000000000, -1.000000000000000000, 0.000000000000000000 ) ) ;
#8093 = CARTESIAN_POINT ( 'NONE',  ( -0.2350000000000000144, 9.122794016484000679, -3.661530882016000188 ) ) ;
#8094 = VECTOR ( 'NONE', #3075, 1000.000000000000000 ) ;
#8095 = AXIS2_PLACEMENT_3D ( 'NONE', #3966, #7722, #6616 ) ;
#8096 = ORIENTED_EDGE ( 'NONE', *, *, #7053, .T. ) ;
#8097 = ADVANCED_FACE ( 'NONE', ( #9656 ), #11527, .F. ) ;
#8098 = EDGE_CURVE ( 'NONE', #7441, #9948, #733, .T. ) ;
#8099 = DIRECTION ( 'NONE',  ( -1.000000000000000000, 0.000000000000000000, 0.000000000000000000 ) ) ;
#8100 = AXIS2_PLACEMENT_3D ( 'NONE', #423, #3342, #8282 ) ;
#8101 = DIRECTION ( 'NONE',  ( 0.000000000000000000, 1.000000000000000000, 0.000000000000000000 ) ) ;
#8102 = ORIENTED_EDGE ( 'NONE', *, *, #3444, .F. ) ;
#8103 = VECTOR ( 'NONE', #971, 1000.000000000000000 ) ;
#8104 = EDGE_LOOP ( 'NONE', ( #1753, #10841, #6857, #12246 ) ) ;
#8105 = ORIENTED_EDGE ( 'NONE', *, *, #1065, .F. ) ;
#8106 = CARTESIAN_POINT ( 'NONE',  ( -1.250000000000000000, 15.21049096661799815, -5.620000000000000107 ) ) ;
#8107 = VERTEX_POINT ( 'NONE', #1289 ) ;
#8108 = CARTESIAN_POINT ( 'NONE',  ( -5.599999999999999645, 1.100000000000000089, -10.22999999999999865 ) ) ;
#8109 = EDGE_CURVE ( 'NONE', #8624, #4205, #10686, .T. ) ;
#8110 = EDGE_CURVE ( 'NONE', #1239, #5638, #3094, .T. ) ;
#8111 = LINE ( 'NONE', #7189, #9323 ) ;
#8112 = DIRECTION ( 'NONE',  ( 1.000000000000000000, 0.000000000000000000, 0.000000000000000000 ) ) ;
#8113 = LINE ( 'NONE', #3490, #10945 ) ;
#8114 = VECTOR ( 'NONE', #10215, 1000.000000000000114 ) ;
#8115 = CONICAL_SURFACE ( 'NONE', #936, 1.250000000000277778, 0.3217505543966404646 ) ;
#8116 = EDGE_CURVE ( 'NONE', #217, #9223, #1474, .T. ) ;
#8117 = EDGE_CURVE ( 'NONE', #7429, #8332, #8959, .T. ) ;
#8118 = ORIENTED_EDGE ( 'NONE', *, *, #10636, .F. ) ;
#8119 = CARTESIAN_POINT ( 'NONE',  ( 5.599999999999999645, 0.000000000000000000, -10.22999999999999865 ) ) ;
#8120 = ORIENTED_EDGE ( 'NONE', *, *, #5898, .F. ) ;
#8121 = DIRECTION ( 'NONE',  ( 1.000000000000000000, 0.000000000000000000, 0.000000000000000000 ) ) ;
#8122 = DIRECTION ( 'NONE',  ( -0.000000000000000000, 1.000000000000000000, 0.000000000000000000 ) ) ;
#8123 = ORIENTED_EDGE ( 'NONE', *, *, #4221, .T. ) ;
#8124 = DIRECTION ( 'NONE',  ( 0.000000000000000000, 0.9763850306004407953, 0.2160376634278763919 ) ) ;
#8125 = AXIS2_PLACEMENT_3D ( 'NONE', #2971, #295, #6807 ) ;
#8126 = PLANE ( 'NONE',  #8500 ) ;
#8127 = DIRECTION ( 'NONE',  ( 0.000000000000000000, 0.9495692212737610882, 0.3135574811889244584 ) ) ;
#8128 = LINE ( 'NONE', #7269, #4114 ) ;
#8129 = DIRECTION ( 'NONE',  ( 1.000000000000000000, 0.000000000000000000, 0.000000000000000000 ) ) ;
#8130 = ORIENTED_EDGE ( 'NONE', *, *, #3221, .F. ) ;
#8131 = CARTESIAN_POINT ( 'NONE',  ( 4.629696307968335312, -3.223478441774483283, 1.273734666247454461 ) ) ;
#8132 = ORIENTED_EDGE ( 'NONE', *, *, #6358, .T. ) ;
#8133 = DIRECTION ( 'NONE',  ( 1.232595164407794408E-32, -0.9758182935088373089, -0.2185832977459636062 ) ) ;
#8134 = ORIENTED_EDGE ( 'NONE', *, *, #4687, .T. ) ;
#8135 = CIRCLE ( 'NONE', #7152, 0.1399999999999995415 ) ;
#8136 = ORIENTED_EDGE ( 'NONE', *, *, #10700, .T. ) ;
#8137 = VERTEX_POINT ( 'NONE', #3461 ) ;
#8138 = LINE ( 'NONE', #404, #4952 ) ;
#8139 = DIRECTION ( 'NONE',  ( 0.000000000000000000, -1.000000000000000000, 0.000000000000000000 ) ) ;
#8140 = ADVANCED_FACE ( 'NONE', ( #11834 ), #7284, .T. ) ;
#8141 = DIRECTION ( 'NONE',  ( -1.000000000000000000, -0.000000000000000000, -0.000000000000000000 ) ) ;
#8142 = LINE ( 'NONE', #1419, #8517 ) ;
#8143 = CARTESIAN_POINT ( 'NONE',  ( -1.814999999999999947, 14.09999999999999964, -6.490000000000000213 ) ) ;
#8144 = VECTOR ( 'NONE', #12084, 1000.000000000000000 ) ;
#8145 = EDGE_CURVE ( 'NONE', #4439, #841, #10956, .T. ) ;
#8146 = EDGE_CURVE ( 'NONE', #1391, #9137, #3265, .T. ) ;
#8147 = EDGE_LOOP ( 'NONE', ( #1354, #5504, #6576, #10696, #1689, #493 ) ) ;
#8148 = VECTOR ( 'NONE', #6094, 1000.000000000000000 ) ;
#8149 = CARTESIAN_POINT ( 'NONE',  ( -0.8400000000000000799, 15.45000000000000107, 2.370000000000000107 ) ) ;
#8150 = VERTEX_POINT ( 'NONE', #7960 ) ;
#8151 = ORIENTED_EDGE ( 'NONE', *, *, #5140, .F. ) ;
#8152 = EDGE_LOOP ( 'NONE', ( #11855, #4263, #4063, #1874, #2940, #488, #9459, #6108, #5148, #9296, #7025, #4168, #10911, #3054, #144, #2495 ) ) ;
#8153 = VECTOR ( 'NONE', #4703, 1000.000000000000000 ) ;
#8154 = CARTESIAN_POINT ( 'NONE',  ( -0.2350000000000000144, 15.66000000000000014, 5.159999999999999254 ) ) ;
#8155 = DIRECTION ( 'NONE',  ( 0.000000000000000000, 1.000000000000000000, 0.000000000000000000 ) ) ;
#8156 = DIRECTION ( 'NONE',  ( 0.000000000000000000, 1.000000000000000000, 0.000000000000000000 ) ) ;
#8157 = CARTESIAN_POINT ( 'NONE',  ( -1.250000000000000000, 13.96993164062500092, -4.623949218749999091 ) ) ;
#8158 = DIRECTION ( 'NONE',  ( 0.000000000000000000, 0.4176365570259273907, 0.9086141679698426232 ) ) ;
#8159 = VECTOR ( 'NONE', #9477, 1000.000000000000227 ) ;
#8160 = AXIS2_PLACEMENT_3D ( 'NONE', #160, #10531, #5732 ) ;
#8161 = ORIENTED_EDGE ( 'NONE', *, *, #4739, .F. ) ;
#8162 = DIRECTION ( 'NONE',  ( -1.000000000000000000, 0.000000000000000000, 0.000000000000000000 ) ) ;
#8163 = LINE ( 'NONE', #6294, #1641 ) ;
#8164 = CARTESIAN_POINT ( 'NONE',  ( -6.540000000000000036, 1.100000000000000089, -10.22999999999999865 ) ) ;
#8165 = ORIENTED_EDGE ( 'NONE', *, *, #5867, .F. ) ;
#8166 = ORIENTED_EDGE ( 'NONE', *, *, #11499, .T. ) ;
#8167 = CARTESIAN_POINT ( 'NONE',  ( 5.599999999999999645, 1.100000000000000089, -10.22999999999999865 ) ) ;
#8168 = ORIENTED_EDGE ( 'NONE', *, *, #7287, .F. ) ;
#8169 = LINE ( 'NONE', #3422, #5406 ) ;
#8170 = ORIENTED_EDGE ( 'NONE', *, *, #9108, .F. ) ;
#8171 = DIRECTION ( 'NONE',  ( -1.000000000000000000, 0.000000000000000000, 0.000000000000000000 ) ) ;
#8172 = AXIS2_PLACEMENT_3D ( 'NONE', #8090, #5056, #5980 ) ;
#8173 = AXIS2_PLACEMENT_3D ( 'NONE', #8398, #6403, #4595 ) ;
#8174 = CARTESIAN_POINT ( 'NONE',  ( -1.625000000000000000, -3.700000000000000178, -6.490000000000000213 ) ) ;
#8175 = CARTESIAN_POINT ( 'NONE',  ( -1.250000000000000000, 15.69999999999999929, -4.640765441007999925 ) ) ;
#8176 = AXIS2_PLACEMENT_3D ( 'NONE', #7681, #2737, #6498 ) ;
#8177 = LINE ( 'NONE', #3429, #577 ) ;
#8178 = VECTOR ( 'NONE', #3807, 1000.000000000000000 ) ;
#8179 = EDGE_CURVE ( 'NONE', #3436, #9277, #3395, .T. ) ;
#8180 = AXIS2_PLACEMENT_3D ( 'NONE', #10381, #3752, #823 ) ;
#8181 = ADVANCED_FACE ( 'NONE', ( #8023 ), #5495, .F. ) ;
#8182 = VERTEX_POINT ( 'NONE', #9023 ) ;
#8183 = AXIS2_PLACEMENT_3D ( 'NONE', #2676, #1830, #2870 ) ;
#8184 = CARTESIAN_POINT ( 'NONE',  ( 8.751918340712878219, 13.08000000000000007, -0.3649999999999998801 ) ) ;
#8185 = ORIENTED_EDGE ( 'NONE', *, *, #10549, .F. ) ;
#8186 = CARTESIAN_POINT ( 'NONE',  ( -3.600000000000000089, 15.45000000000000107, -5.070000000000000284 ) ) ;
#8187 = VERTEX_POINT ( 'NONE', #11765 ) ;
#8188 = DIRECTION ( 'NONE',  ( 0.000000000000000000, 1.000000000000000000, 0.000000000000000000 ) ) ;
#8189 = ORIENTED_EDGE ( 'NONE', *, *, #6322, .T. ) ;
#8190 = DIRECTION ( 'NONE',  ( 0.000000000000000000, 0.4176365570259273907, 0.9086141679698426232 ) ) ;
#8191 = ADVANCED_BREP_SHAPE_REPRESENTATION ( 'SS-90000-006', ( #3557, #3836, #12013, #7690, #7917, #2252 ), #7830 ) ;
#8192 = FACE_OUTER_BOUND ( 'NONE', #8249, .T. ) ;
#8193 = ADVANCED_FACE ( 'NONE', ( #10148 ), #11028, .T. ) ;
#8194 = EDGE_CURVE ( 'NONE', #3907, #1279, #3204, .T. ) ;
#8195 = DIRECTION ( 'NONE',  ( 1.000000000000000000, 0.000000000000000000, 0.000000000000000000 ) ) ;
#8196 = VECTOR ( 'NONE', #11970, 1000.000000000000000 ) ;
#8197 = EDGE_CURVE ( 'NONE', #9281, #6132, #10023, .T. ) ;
#8198 = PLANE ( 'NONE',  #1337 ) ;
#8199 = CARTESIAN_POINT ( 'NONE',  ( -0.2300000000000000100, 11.10139700824200126, -5.620000000000000107 ) ) ;
#8200 = ORIENTED_EDGE ( 'NONE', *, *, #2928, .T. ) ;
#8201 = CARTESIAN_POINT ( 'NONE',  ( 3.971129570381793261, -2.089999999999999858, 1.097272240749140426 ) ) ;
#8202 = ORIENTED_EDGE ( 'NONE', *, *, #11913, .T. ) ;
#8203 = LINE ( 'NONE', #1661, #8230 ) ;
#8204 = ORIENTED_EDGE ( 'NONE', *, *, #9565, .F. ) ;
#8205 = CYLINDRICAL_SURFACE ( 'NONE', #187, 1.870944562245001386 ) ;
#8206 = ORIENTED_EDGE ( 'NONE', *, *, #998, .F. ) ;
#8207 = VECTOR ( 'NONE', #2419, 1000.000000000000000 ) ;
#8208 = VERTEX_POINT ( 'NONE', #5281 ) ;
#8209 = LINE ( 'NONE', #7222, #2552 ) ;
#8210 = LINE ( 'NONE', #12027, #3804 ) ;
#8211 = CARTESIAN_POINT ( 'NONE',  ( -5.079999999999999183, -0.7200000000000001954, -1.800000000000000044 ) ) ;
#8212 = CARTESIAN_POINT ( 'NONE',  ( -6.540000000000000036, 14.52999999999999936, -6.299999999999999822 ) ) ;
#8213 = CARTESIAN_POINT ( 'NONE',  ( -1.625000000000000000, -3.700000000000000178, -6.209999999999999964 ) ) ;
#8214 = AXIS2_PLACEMENT_3D ( 'NONE', #23, #895, #958 ) ;
#8215 = VERTEX_POINT ( 'NONE', #524 ) ;
#8216 = LINE ( 'NONE', #2703, #7902 ) ;
#8217 = VERTEX_POINT ( 'NONE', #11082 ) ;
#8218 = ORIENTED_EDGE ( 'NONE', *, *, #9028, .T. ) ;
#8219 = ORIENTED_EDGE ( 'NONE', *, *, #4846, .T. ) ;
#8220 = PLANE ( 'NONE',  #5177 ) ;
#8221 = LINE ( 'NONE', #1736, #8766 ) ;
#8222 = ADVANCED_FACE ( 'NONE', ( #2461 ), #8082, .T. ) ;
#8223 = VECTOR ( 'NONE', #9906, 1000.000000000000000 ) ;
#8224 = DIRECTION ( 'NONE',  ( -1.000000000000000000, 0.000000000000000000, 0.000000000000000000 ) ) ;
#8225 = DIRECTION ( 'NONE',  ( -1.000000000000000000, 0.000000000000000000, 0.000000000000000000 ) ) ;
#8226 = CIRCLE ( 'NONE', #2836, 1.714203002955001498 ) ;
#8227 = CARTESIAN_POINT ( 'NONE',  ( 2.189712618997000426, 1.100000000000000089, -9.030573293245000244 ) ) ;
#8228 = ORIENTED_EDGE ( 'NONE', *, *, #8462, .T. ) ;
#8229 = DIRECTION ( 'NONE',  ( 1.000000000000000000, 0.000000000000000000, 0.000000000000000000 ) ) ;
#8230 = VECTOR ( 'NONE', #7274, 1000.000000000000000 ) ;
#8231 = DIRECTION ( 'NONE',  ( 0.000000000000000000, -0.9740264650303404048, -0.2264341966675951223 ) ) ;
#8232 = CARTESIAN_POINT ( 'NONE',  ( 1.804999999999999938, 15.80000000000000071, 5.159999999999999254 ) ) ;
#8233 = ORIENTED_EDGE ( 'NONE', *, *, #2159, .T. ) ;
#8234 = ORIENTED_EDGE ( 'NONE', *, *, #11510, .T. ) ;
#8235 = PLANE ( 'NONE',  #8627 ) ;
#8236 = ORIENTED_EDGE ( 'NONE', *, *, #5445, .F. ) ;
#8237 = LINE ( 'NONE', #10860, #17 ) ;
#8238 = EDGE_LOOP ( 'NONE', ( #394, #11092, #11919, #7259 ) ) ;
#8239 = LINE ( 'NONE', #745, #10197 ) ;
#8240 = EDGE_CURVE ( 'NONE', #7752, #1309, #4336, .T. ) ;
#8241 = CARTESIAN_POINT ( 'NONE',  ( 0.9150000000000000355, -3.700000000000000178, -6.490000000000000213 ) ) ;
#8242 = DIRECTION ( 'NONE',  ( 0.000000000000000000, 1.000000000000000000, 0.000000000000000000 ) ) ;
#8243 = DIRECTION ( 'NONE',  ( 0.000000000000000000, 0.000000000000000000, 1.000000000000000000 ) ) ;
#8244 = DIRECTION ( 'NONE',  ( 0.000000000000000000, 0.9763850306004406843, 0.2160376634278765307 ) ) ;
#8245 = ORIENTED_EDGE ( 'NONE', *, *, #4163, .T. ) ;
#8246 = LINE ( 'NONE', #8305, #3418 ) ;
#8247 = VERTEX_POINT ( 'NONE', #1535 ) ;
#8248 = CARTESIAN_POINT ( 'NONE',  ( 1.629713794006000027, 3.000000000000000000, -9.029426119250999250 ) ) ;
#8249 = EDGE_LOOP ( 'NONE', ( #11536, #5013, #7132, #3042 ) ) ;
#8250 = LINE ( 'NONE', #12066, #2372 ) ;
#8251 = FACE_OUTER_BOUND ( 'NONE', #6453, .T. ) ;
#8252 = EDGE_CURVE ( 'NONE', #1628, #9862, #8142, .T. ) ;
#8253 = FACE_OUTER_BOUND ( 'NONE', #5184, .T. ) ;
#8254 = PLANE ( 'NONE',  #6321 ) ;
#8255 = DIRECTION ( 'NONE',  ( 0.000000000000000000, 1.000000000000000000, 0.000000000000000000 ) ) ;
#8256 = B_SPLINE_CURVE_WITH_KNOTS ( 'NONE', 1,
 ( #11056, #6544 ),
 .UNSPECIFIED., .F., .F.,
 ( 2, 2 ),
 ( 0.000000000000000000, 0.9999999999999975575 ),
 .UNSPECIFIED. ) ;
#8257 = ORIENTED_EDGE ( 'NONE', *, *, #7534, .F. ) ;
#8258 = LINE ( 'NONE', #7272, #7326 ) ;
#8259 = EDGE_CURVE ( 'NONE', #6831, #3432, #11957, .T. ) ;
#8260 = EDGE_CURVE ( 'NONE', #7482, #7240, #9274, .T. ) ;
#8261 = ORIENTED_EDGE ( 'NONE', *, *, #982, .T. ) ;
#8262 = EDGE_CURVE ( 'NONE', #2708, #11756, #3520, .T. ) ;
#8263 = CARTESIAN_POINT ( 'NONE',  ( 2.151299007909971639, 8.518524231512254019, -7.463767840141024124 ) ) ;
#8264 = CARTESIAN_POINT ( 'NONE',  ( -0.8400000000000000799, 15.11999999999999922, -0.3649999999999998801 ) ) ;
#8265 = VERTEX_POINT ( 'NONE', #6662 ) ;
#8266 = ORIENTED_EDGE ( 'NONE', *, *, #8279, .F. ) ;
#8267 = CARTESIAN_POINT ( 'NONE',  ( 0.7800193362320000379, 9.152577226044000369, -6.490000000000000213 ) ) ;
#8268 = CARTESIAN_POINT ( 'NONE',  ( 1.804999999999999938, 15.52330609571600029, -4.280245272880000229 ) ) ;
#8269 = ADVANCED_FACE ( 'NONE', ( #12083 ), #7342, .F. ) ;
#8270 = FACE_OUTER_BOUND ( 'NONE', #11534, .T. ) ;
#8271 = CARTESIAN_POINT ( 'NONE',  ( -0.3500961946529999591, 3.000000000000000000, -8.749807775706999635 ) ) ;
#8272 = LINE ( 'NONE', #3521, #3347 ) ;
#8273 = ORIENTED_EDGE ( 'NONE', *, *, #10863, .F. ) ;
#8274 = DIRECTION ( 'NONE',  ( 1.000000000000000000, 0.000000000000000000, -0.000000000000000000 ) ) ;
#8275 = EDGE_LOOP ( 'NONE', ( #513, #8468, #623, #12050 ) ) ;
#8276 = EDGE_LOOP ( 'NONE', ( #10598, #6011, #2224, #3198, #2725, #11256 ) ) ;
#8277 = VERTEX_POINT ( 'NONE', #4597 ) ;
#8278 = DIRECTION ( 'NONE',  ( -0.000000000000000000, 1.000000000000000000, 0.000000000000000000 ) ) ;
#8279 = EDGE_CURVE ( 'NONE', #11888, #680, #6464, .T. ) ;
#8280 = FACE_OUTER_BOUND ( 'NONE', #10033, .T. ) ;
#8281 = DIRECTION ( 'NONE',  ( 0.000000000000000000, 0.000000000000000000, 1.000000000000000000 ) ) ;
#8282 = DIRECTION ( 'NONE',  ( 0.000000000000000000, 0.9763850306004406843, 0.2160376634278765307 ) ) ;
#8283 = CARTESIAN_POINT ( 'NONE',  ( -3.500000000000000000, 8.000000000000000000, 10.35999999999999943 ) ) ;
#8284 = EDGE_CURVE ( 'NONE', #2677, #9017, #7587, .T. ) ;
#8285 = CARTESIAN_POINT ( 'NONE',  ( -0.7900000000000000355, 14.06939833831586384, -6.213385438908392011 ) ) ;
#8286 = PLANE ( 'NONE',  #4425 ) ;
#8287 = DIRECTION ( 'NONE',  ( 0.000000000000000000, -1.000000000000000000, 0.000000000000000000 ) ) ;
#8288 = ORIENTED_EDGE ( 'NONE', *, *, #4526, .F. ) ;
#8289 = DIRECTION ( 'NONE',  ( 0.000000000000000000, 9.993466352650292719E-15, -1.000000000000000000 ) ) ;
#8290 = VERTEX_POINT ( 'NONE', #2700 ) ;
#8291 = CARTESIAN_POINT ( 'NONE',  ( -0.9161353954593802751, -3.699999046085441723, -8.750000000000000000 ) ) ;
#8292 = VERTEX_POINT ( 'NONE', #9466 ) ;
#8293 = CARTESIAN_POINT ( 'NONE',  ( 1.627216978590481755, 2.299738949109156660, -8.750000000000000000 ) ) ;
#8294 = VECTOR ( 'NONE', #10716, 1000.000000000000000 ) ;
#8295 = DIRECTION ( 'NONE',  ( 0.000000000000000000, 1.000000000000000000, -3.469446951953635882E-15 ) ) ;
#8296 = DIRECTION ( 'NONE',  ( 1.000000000000000000, 0.000000000000000000, 0.000000000000000000 ) ) ;
#8297 = EDGE_CURVE ( 'NONE', #11851, #6075, #12144, .T. ) ;
#8298 = EDGE_CURVE ( 'NONE', #2590, #6513, #9405, .T. ) ;
#8299 = EDGE_CURVE ( 'NONE', #2050, #788, #5661, .T. ) ;
#8300 = VECTOR ( 'NONE', #4855, 1000.000000000000000 ) ;
#8301 = EDGE_CURVE ( 'NONE', #9968, #10881, #5530, .T. ) ;
#8302 = VECTOR ( 'NONE', #9843, 1000.000000000000000 ) ;
#8303 = CARTESIAN_POINT ( 'NONE',  ( 0.7900000000000000355, 15.52000000000000135, -4.250000000000000000 ) ) ;
#8304 = VERTEX_POINT ( 'NONE', #4720 ) ;
#8305 = CARTESIAN_POINT ( 'NONE',  ( 0.7900000000000000355, 15.21049096661799993, -5.620000000000000107 ) ) ;
#8306 = ORIENTED_EDGE ( 'NONE', *, *, #3444, .T. ) ;
#8307 = DIRECTION ( 'NONE',  ( 0.000000000000000000, 1.000000000000000000, 0.000000000000000000 ) ) ;
#8308 = ORIENTED_EDGE ( 'NONE', *, *, #9187, .T. ) ;
#8309 = DIRECTION ( 'NONE',  ( 0.000000000000000000, -0.9381440673623764326, 0.3462451571831393071 ) ) ;
#8310 = DIRECTION ( 'NONE',  ( 0.000000000000000000, -1.000000000000000000, 3.469446951953635882E-15 ) ) ;
#8311 = ORIENTED_EDGE ( 'NONE', *, *, #8462, .F. ) ;
#8312 = VECTOR ( 'NONE', #1397, 1000.000000000000000 ) ;
#8313 = DIRECTION ( 'NONE',  ( 0.000000000000000000, 0.000000000000000000, 1.000000000000000000 ) ) ;
#8314 = VECTOR ( 'NONE', #8510, 1000.000000000000000 ) ;
#8315 = CARTESIAN_POINT ( 'NONE',  ( -1.814999999999999947, 14.11052001936399947, -6.489604187589999462 ) ) ;
#8316 = CARTESIAN_POINT ( 'NONE',  ( 2.220000000000000195, 1.910370425998999977, 10.07088224063100057 ) ) ;
#8317 = ORIENTED_EDGE ( 'NONE', *, *, #1293, .F. ) ;
#8318 = DIRECTION ( 'NONE',  ( 0.000000000000000000, 0.000000000000000000, -1.000000000000000000 ) ) ;
#8319 = ORIENTED_EDGE ( 'NONE', *, *, #3442, .T. ) ;
#8320 = AXIS2_PLACEMENT_3D ( 'NONE', #9740, #307, #5875 ) ;
#8321 = LINE ( 'NONE', #10138, #7041 ) ;
#8322 = VERTEX_POINT ( 'NONE', #7523 ) ;
#8323 = LINE ( 'NONE', #7695, #403 ) ;
#8324 = ORIENTED_EDGE ( 'NONE', *, *, #1663, .F. ) ;
#8325 = CARTESIAN_POINT ( 'NONE',  ( 0.2300000000000000100, 15.79293969097784966, 5.203898047366450896 ) ) ;
#8326 = ORIENTED_EDGE ( 'NONE', *, *, #3837, .T. ) ;
#8327 = DIRECTION ( 'NONE',  ( -1.000000000000000000, 0.000000000000000000, 0.000000000000000000 ) ) ;
#8328 = DIRECTION ( 'NONE',  ( -7.598657404680488629E-16, -0.9740264650302564720, -0.2264341966679561946 ) ) ;
#8329 = DIRECTION ( 'NONE',  ( 1.000000000000000000, 0.000000000000000000, 0.000000000000000000 ) ) ;
#8330 = CARTESIAN_POINT ( 'NONE',  ( -0.7900000000000000355, 14.49800950369600017, 4.776298838437000427 ) ) ;
#8331 = DIRECTION ( 'NONE',  ( -1.110223024624999878E-16, -1.000000000000000000, 0.000000000000000000 ) ) ;
#8332 = VERTEX_POINT ( 'NONE', #5471 ) ;
#8333 = VECTOR ( 'NONE', #6728, 1000.000000000000000 ) ;
#8334 = PLANE ( 'NONE',  #6309 ) ;
#8335 = ADVANCED_FACE ( 'NONE', ( #1789 ), #719, .F. ) ;
#8336 = ORIENTED_EDGE ( 'NONE', *, *, #8840, .T. ) ;
#8337 = EDGE_CURVE ( 'NONE', #6998, #6736, #5594, .T. ) ;
#8338 = ORIENTED_EDGE ( 'NONE', *, *, #1082, .T. ) ;
#8339 = ORIENTED_EDGE ( 'NONE', *, *, #2250, .T. ) ;
#8340 = CARTESIAN_POINT ( 'NONE',  ( -1.814999999999999947, 13.48008363145958022, 5.148121114438890977 ) ) ;
#8341 = CARTESIAN_POINT ( 'NONE',  ( -5.599999999999999645, 0.000000000000000000, 1.245833054625999692 ) ) ;
#8342 = LINE ( 'NONE', #1682, #5636 ) ;
#8343 = CARTESIAN_POINT ( 'NONE',  ( -0.5187433319098024853, 9.069398338316004171, -7.333385438908999632 ) ) ;
#8344 = CARTESIAN_POINT ( 'NONE',  ( -1.860000000000000098, 15.69999999999999929, 6.119999999999999218 ) ) ;
#8345 = VECTOR ( 'NONE', #3266, 1000.000000000000000 ) ;
#8346 = EDGE_CURVE ( 'NONE', #2793, #6173, #10403, .T. ) ;
#8347 = EDGE_CURVE ( 'NONE', #8304, #8935, #1912, .T. ) ;
#8348 = ADVANCED_FACE ( 'NONE', ( #8458 ), #3775, .T. ) ;
#8349 = PLANE ( 'NONE',  #3905 ) ;
#8350 = VECTOR ( 'NONE', #5327, 1000.000000000000000 ) ;
#8351 = DIRECTION ( 'NONE',  ( -1.000000000000000000, 0.000000000000000000, 0.000000000000000000 ) ) ;
#8352 = FACE_OUTER_BOUND ( 'NONE', #10478, .T. ) ;
#8353 = EDGE_LOOP ( 'NONE', ( #3413, #1947, #1543, #3364 ) ) ;
#8354 = ORIENTED_EDGE ( 'NONE', *, *, #5821, .T. ) ;
#8355 = LINE ( 'NONE', #9295, #7633 ) ;
#8356 = ORIENTED_EDGE ( 'NONE', *, *, #5682, .F. ) ;
#8357 = CARTESIAN_POINT ( 'NONE',  ( 0.2299999999999999822, 15.79762648660004132, 5.189704678889510703 ) ) ;
#8358 = EDGE_LOOP ( 'NONE', ( #772, #2894, #6425, #2637 ) ) ;
#8359 = CARTESIAN_POINT ( 'NONE',  ( 1.250000000000000000, 14.49800950369600017, 4.776298838437000427 ) ) ;
#8360 = DIRECTION ( 'NONE',  ( -1.000000000000000000, 0.000000000000000000, 0.000000000000000000 ) ) ;
#8361 = DIRECTION ( 'NONE',  ( 0.000000000000000000, 0.9997698407351198746, -0.02145380051350246134 ) ) ;
#8362 = VECTOR ( 'NONE', #8190, 999.9999999999998863 ) ;
#8363 = CARTESIAN_POINT ( 'NONE',  ( 1.250000000000000000, 9.377205983516001098, -3.778469117984000203 ) ) ;
#8364 = VECTOR ( 'NONE', #8036, 1000.000000000000000 ) ;
#8365 =( BOUNDED_SURFACE ( )  B_SPLINE_SURFACE ( 1, 3, ( 
 ( #1135, #2070, #4942, #4059 ),
 ( #6005, #11674, #9814, #3346 ),
 ( #8809, #6943, #193, #10981 ) ),
 .UNSPECIFIED., .F., .F., .F. ) 
 B_SPLINE_SURFACE_WITH_KNOTS ( ( 2, 1, 2 ),
 ( 4, 4 ),
 ( 0.008928571428571454097, 1.000000000000000000, 1.008928571428571397 ),
 ( 0.000000000000000000, 1.000000000000000000 ),
 .UNSPECIFIED. ) 
 GEOMETRIC_REPRESENTATION_ITEM ( )  RATIONAL_B_SPLINE_SURFACE ( (
 ( 1.000000000000000000, 0.9960048365411836579, 0.9960048365411836579, 1.000000000000000000),
 ( 1.000000000000000000, 0.9960048365411836579, 0.9960048365411836579, 1.000000000000000000),
 ( 1.000000000000000000, 0.9960048365411836579, 0.9960048365411836579, 1.000000000000000000) ) ) 
 REPRESENTATION_ITEM ( '' )  SURFACE ( )  );
#8366 = ADVANCED_FACE ( 'NONE', ( #11335 ), #7407, .F. ) ;
#8367 = EDGE_LOOP ( 'NONE', ( #4777, #1676, #6211, #1562 ) ) ;
#8368 = LINE ( 'NONE', #4569, #5231 ) ;
#8369 = ORIENTED_EDGE ( 'NONE', *, *, #4476, .F. ) ;
#8370 = VECTOR ( 'NONE', #6124, 1000.000000000000000 ) ;
#8371 = DIRECTION ( 'NONE',  ( -0.9999979017704853090, 0.000000000000000000, 0.002048524988061995421 ) ) ;
#8372 = VERTEX_POINT ( 'NONE', #5714 ) ;
#8373 = CARTESIAN_POINT ( 'NONE',  ( -1.255000000000000115, 14.11052001936399947, -6.489604187589999462 ) ) ;
#8374 = DIRECTION ( 'NONE',  ( 0.000000000000000000, -0.4327310675850640775, 0.9015230574681331044 ) ) ;
#8375 = VERTEX_POINT ( 'NONE', #6592 ) ;
#8376 = EDGE_CURVE ( 'NONE', #3400, #121, #2030, .T. ) ;
#8377 = DIRECTION ( 'NONE',  ( 0.000000000000000000, 1.000000000000000000, 0.000000000000000000 ) ) ;
#8378 = DIRECTION ( 'NONE',  ( -1.224646799146999945E-16, 0.000000000000000000, -1.000000000000000000 ) ) ;
#8379 = CARTESIAN_POINT ( 'NONE',  ( 4.879999999999999893, 13.02999999999999936, 4.890000000000000568 ) ) ;
#8380 = CIRCLE ( 'NONE', #809, 0.2599999999999997868 ) ;
#8381 = VECTOR ( 'NONE', #12338, 1000.000000000000000 ) ;
#8382 = AXIS2_PLACEMENT_3D ( 'NONE', #12236, #3974, #4041 ) ;
#8383 = DIRECTION ( 'NONE',  ( 1.000000000000000000, 0.000000000000000000, 0.000000000000000000 ) ) ;
#8384 = VERTEX_POINT ( 'NONE', #10754 ) ;
#8385 = CARTESIAN_POINT ( 'NONE',  ( -1.614999999999999991, 3.000000000000000000, -9.029999999999999361 ) ) ;
#8386 = ORIENTED_EDGE ( 'NONE', *, *, #4119, .T. ) ;
#8387 = CARTESIAN_POINT ( 'NONE',  ( -4.819999999999999396, -0.7200000000000000844, -1.273734666246999936 ) ) ;
#8388 = ORIENTED_EDGE ( 'NONE', *, *, #2994, .F. ) ;
#8389 = LINE ( 'NONE', #6980, #1809 ) ;
#8390 = VERTEX_POINT ( 'NONE', #7881 ) ;
#8391 = AXIS2_PLACEMENT_3D ( 'NONE', #1756, #5559, #8430 ) ;
#8392 = CARTESIAN_POINT ( 'NONE',  ( 1.810000000000000053, 14.52999999999999936, -6.299999999999999822 ) ) ;
#8393 = AXIS2_PLACEMENT_3D ( 'NONE', #9378, #10, #7499 ) ;
#8394 = ORIENTED_EDGE ( 'NONE', *, *, #2464, .F. ) ;
#8395 = CARTESIAN_POINT ( 'NONE',  ( 4.819999999999999396, -0.7200000000000000844, -1.324726386843269044 ) ) ;
#8396 = DIRECTION ( 'NONE',  ( 0.002397371803626730403, -0.2277690527549744992, 0.9737122322408899855 ) ) ;
#8397 = EDGE_CURVE ( 'NONE', #4899, #682, #4840, .T. ) ;
#8398 = CARTESIAN_POINT ( 'NONE',  ( 3.500000000000000000, 4.179999999999999716, 10.35999999999999943 ) ) ;
#8399 = DIRECTION ( 'NONE',  ( -1.000000000000000000, 0.000000000000000000, 0.000000000000000000 ) ) ;
#8400 = LINE ( 'NONE', #11336, #5953 ) ;
#8401 = AXIS2_PLACEMENT_3D ( 'NONE', #2927, #6759, #2009 ) ;
#8402 = ORIENTED_EDGE ( 'NONE', *, *, #10420, .T. ) ;
#8403 = CARTESIAN_POINT ( 'NONE',  ( 1.804999999999999938, 15.52000000000000135, -4.250000000000000000 ) ) ;
#8404 = VERTEX_POINT ( 'NONE', #35 ) ;
#8405 = EDGE_LOOP ( 'NONE', ( #2718, #9543, #7367, #7318, #6135, #3243, #2543 ) ) ;
#8406 = ORIENTED_EDGE ( 'NONE', *, *, #10100, .F. ) ;
#8407 = CARTESIAN_POINT ( 'NONE',  ( 1.283701020827000105, 9.001473038251999625, -7.636220488108000026 ) ) ;
#8408 = DIRECTION ( 'NONE',  ( 1.000000000000000000, 0.000000000000000000, 0.000000000000000000 ) ) ;
#8409 = CARTESIAN_POINT ( 'NONE',  ( 1.630287381003000080, 8.388169399271001581, -7.493077892102999904 ) ) ;
#8410 = CARTESIAN_POINT ( 'NONE',  ( -0.2332263268415293300, 9.069684594991121784, -7.333321327058389016 ) ) ;
#8411 = SURFACE_STYLE_FILL_AREA ( #6478 ) ;
#8412 = EDGE_CURVE ( 'NONE', #9238, #1112, #1215, .T. ) ;
#8413 = VECTOR ( 'NONE', #6580, 1000.000000000000000 ) ;
#8414 = EDGE_CURVE ( 'NONE', #6725, #12025, #1033, .T. ) ;
#8415 = VECTOR ( 'NONE', #1418, 1000.000000000000000 ) ;
#8416 = CARTESIAN_POINT ( 'NONE',  ( 5.408321952665001042, -3.309006828402554223, 1.273734666246999936 ) ) ;
#8417 = ORIENTED_EDGE ( 'NONE', *, *, #10938, .F. ) ;
#8418 = DIRECTION ( 'NONE',  ( 0.000000000000000000, 0.000000000000000000, -1.000000000000000000 ) ) ;
#8419 = ADVANCED_FACE ( 'NONE', ( #5837 ), #4209, .F. ) ;
#8420 = CARTESIAN_POINT ( 'NONE',  ( 8.751918340712878219, 15.11999999999999922, -0.3649999999999998801 ) ) ;
#8421 = ORIENTED_EDGE ( 'NONE', *, *, #11694, .F. ) ;
#8422 = CIRCLE ( 'NONE', #3021, 1.870944562245001386 ) ;
#8423 = ADVANCED_FACE ( 'NONE', ( #7648 ), #8756, .T. ) ;
#8424 = VERTEX_POINT ( 'NONE', #206 ) ;
#8425 = LINE ( 'NONE', #3860, #5046 ) ;
#8426 = EDGE_LOOP ( 'NONE', ( #6455, #9394, #2395, #5959 ) ) ;
#8427 = ORIENTED_EDGE ( 'NONE', *, *, #165, .F. ) ;
#8428 = CARTESIAN_POINT ( 'NONE',  ( 0.2300000000000000100, 14.09999999999999964, -6.490000000000000213 ) ) ;
#8429 = FACE_OUTER_BOUND ( 'NONE', #445, .T. ) ;
#8430 = DIRECTION ( 'NONE',  ( 0.000000000000000000, 0.9763850306004407953, 0.2160376634278763919 ) ) ;
#8431 = EDGE_CURVE ( 'NONE', #5622, #4893, #7828, .T. ) ;
#8432 = AXIS2_PLACEMENT_3D ( 'NONE', #8363, #6494, #9441 ) ;
#8433 = DIRECTION ( 'NONE',  ( 0.000000000000000000, 0.000000000000000000, 1.000000000000000000 ) ) ;
#8434 = ORIENTED_EDGE ( 'NONE', *, *, #8346, .T. ) ;
#8435 = DIRECTION ( 'NONE',  ( 1.000000000000000000, 0.000000000000000000, 0.000000000000000000 ) ) ;
#8436 = ORIENTED_EDGE ( 'NONE', *, *, #7085, .T. ) ;
#8437 = DIRECTION ( 'NONE',  ( 0.000000000000000000, -0.9086141679698426232, 0.4176365570259273907 ) ) ;
#8438 = EDGE_LOOP ( 'NONE', ( #12291, #10413, #11986, #10583 ) ) ;
#8439 = LINE ( 'NONE', #10444, #2799 ) ;
#8440 = CARTESIAN_POINT ( 'NONE',  ( 1.625000000000000000, 7.058817561802944063, -8.750000000000000000 ) ) ;
#8441 = CARTESIAN_POINT ( 'NONE',  ( 2.184712618997000533, 8.451830600729000054, -7.766922107896999883 ) ) ;
#8442 = PLANE ( 'NONE',  #3107 ) ;
#8443 = DIRECTION ( 'NONE',  ( -0.0006866331995825453388, -0.2264341432898830941, 0.9740262354204972661 ) ) ;
#8444 =( BOUNDED_SURFACE ( )  B_SPLINE_SURFACE ( 1, 3, ( 
 ( #2354, #11045, #6239, #1370 ),
 ( #5183, #4237, #9172, #11914 ),
 ( #5247, #6359, #9049, #10855 ) ),
 .UNSPECIFIED., .F., .F., .F. ) 
 B_SPLINE_SURFACE_WITH_KNOTS ( ( 2, 1, 2 ),
 ( 4, 4 ),
 ( 0.008928571428571454097, 1.000000000000000000, 1.008928571428571397 ),
 ( 0.000000000000000000, 1.000000000000000000 ),
 .UNSPECIFIED. ) 
 GEOMETRIC_REPRESENTATION_ITEM ( )  RATIONAL_B_SPLINE_SURFACE ( (
 ( 1.000000000000000000, 0.9994963654399259267, 0.9994963654399259267, 1.000000000000000000),
 ( 1.000000000000000000, 0.9994963654399259267, 0.9994963654399259267, 1.000000000000000000),
 ( 1.000000000000000000, 0.9994963654399259267, 0.9994963654399259267, 1.000000000000000000) ) ) 
 REPRESENTATION_ITEM ( '' )  SURFACE ( )  );
#8445 = FACE_OUTER_BOUND ( 'NONE', #8275, .T. ) ;
#8446 = ORIENTED_EDGE ( 'NONE', *, *, #3218, .F. ) ;
#8447 = DIRECTION ( 'NONE',  ( 0.000000000000000000, 1.000000000000000000, 0.000000000000000000 ) ) ;
#8448 = EDGE_CURVE ( 'NONE', #9873, #5049, #4072, .T. ) ;
#8449 = ORIENTED_EDGE ( 'NONE', *, *, #7508, .T. ) ;
#8450 = CARTESIAN_POINT ( 'NONE',  ( 0.2300000000000000100, 15.80000000000000071, -4.234997608640000522 ) ) ;
#8451 = CARTESIAN_POINT ( 'NONE',  ( 1.804999999999999938, 14.07605394207246619, -6.211894583666930814 ) ) ;
#8452 = VERTEX_POINT ( 'NONE', #5774 ) ;
#8453 = PLANE ( 'NONE',  #5974 ) ;
#8454 = ORIENTED_EDGE ( 'NONE', *, *, #12043, .F. ) ;
#8455 = CARTESIAN_POINT ( 'NONE',  ( -0.8400000000000000799, 13.08000000000000007, -5.620000000000000107 ) ) ;
#8456 = CARTESIAN_POINT ( 'NONE',  ( 0.5100000000000000089, 9.099999999999999645, -6.209999999999999964 ) ) ;
#8457 = CARTESIAN_POINT ( 'NONE',  ( 1.804999999999999938, 14.49800950369600017, 4.776298838437000427 ) ) ;
#8458 = FACE_OUTER_BOUND ( 'NONE', #9803, .T. ) ;
#8459 = CARTESIAN_POINT ( 'NONE',  ( -0.2300000000000000100, 15.52000000000000135, 5.159999999999999254 ) ) ;
#8460 = EDGE_CURVE ( 'NONE', #2951, #11448, #6223, .T. ) ;
#8461 = ORIENTED_EDGE ( 'NONE', *, *, #1356, .F. ) ;
#8462 = EDGE_CURVE ( 'NONE', #11588, #3099, #2123, .T. ) ;
#8463 = LINE ( 'NONE', #9646, #734 ) ;
#8464 = ADVANCED_FACE ( 'NONE', ( #8697 ), #5822, .T. ) ;
#8465 = ORIENTED_EDGE ( 'NONE', *, *, #7593, .F. ) ;
#8466 = ORIENTED_EDGE ( 'NONE', *, *, #6251, .T. ) ;
#8467 = UNCERTAINTY_MEASURE_WITH_UNIT (LENGTH_MEASURE( 1.000000000000000082E-05 ), #5058, 'distance_accuracy_value', 'NONE');
#8468 = ORIENTED_EDGE ( 'NONE', *, *, #1174, .T. ) ;
#8469 = DIRECTION ( 'NONE',  ( -1.000000000000000000, 0.000000000000000000, 0.000000000000000000 ) ) ;
#8470 = DIRECTION ( 'NONE',  ( 0.000000000000000000, -0.9381440673623766546, 0.3462451571831385855 ) ) ;
#8471 = FACE_OUTER_BOUND ( 'NONE', #7453, .T. ) ;
#8472 = CARTESIAN_POINT ( 'NONE',  ( -4.879999999999999893, 8.000000000000000000, 10.35999999999999943 ) ) ;
#8473 =( NAMED_UNIT ( * ) SI_UNIT ( $, .STERADIAN. ) SOLID_ANGLE_UNIT ( ) );
#8474 = LINE ( 'NONE', #5257, #9564 ) ;
#8475 = CARTESIAN_POINT ( 'NONE',  ( -0.5187433319099999940, 9.069398338316000618, -7.333385438908999632 ) ) ;
#8476 = ORIENTED_EDGE ( 'NONE', *, *, #2945, .T. ) ;
#8477 = DIRECTION ( 'NONE',  ( -1.000000000000000000, -5.602654968496609523E-16, 0.000000000000000000 ) ) ;
#8478 = ORIENTED_EDGE ( 'NONE', *, *, #1248, .T. ) ;
#8479 = DIRECTION ( 'NONE',  ( -1.000000000000000000, -2.676873359316999777E-17, 1.195032749694999960E-16 ) ) ;
#8480 = ORIENTED_EDGE ( 'NONE', *, *, #7675, .F. ) ;
#8481 = DIRECTION ( 'NONE',  ( -0.4779468297139849997, -0.8783887681239730405, 2.465190328815925183E-32 ) ) ;
#8482 = EDGE_LOOP ( 'NONE', ( #3994, #7786, #5676, #4713 ) ) ;
#8483 = DIRECTION ( 'NONE',  ( -1.000000000000000000, 0.000000000000000000, 0.000000000000000000 ) ) ;
#8484 = DIRECTION ( 'NONE',  ( 0.000000000000000000, -1.000000000000000000, 0.000000000000000000 ) ) ;
#8485 = LINE ( 'NONE', #3675, #2930 ) ;
#8486 = DIRECTION ( 'NONE',  ( 1.000000000000000000, 0.000000000000000000, 0.000000000000000000 ) ) ;
#8487 = EDGE_CURVE ( 'NONE', #1859, #9500, #9944, .T. ) ;
#8488 = ADVANCED_FACE ( 'NONE', ( #11877 ), #8198, .F. ) ;
#8489 = LINE ( 'NONE', #9369, #2238 ) ;
#8490 = EDGE_CURVE ( 'NONE', #4023, #6255, #8128, .T. ) ;
#8491 = ORIENTED_EDGE ( 'NONE', *, *, #3944, .T. ) ;
#8492 = EDGE_CURVE ( 'NONE', #7070, #1595, #11069, .T. ) ;
#8493 = AXIS2_PLACEMENT_3D ( 'NONE', #7569, #11388, #2876 ) ;
#8494 = CYLINDRICAL_SURFACE ( 'NONE', #1652, 1.590944562245001137 ) ;
#8495 = ORIENTED_EDGE ( 'NONE', *, *, #10332, .T. ) ;
#8496 = LINE ( 'NONE', #11492, #7196 ) ;
#8497 = ORIENTED_EDGE ( 'NONE', *, *, #7622, .T. ) ;
#8498 = CARTESIAN_POINT ( 'NONE',  ( 6.540000000000000036, 1.959999999999999964, 10.08999999999999986 ) ) ;
#8499 = DIRECTION ( 'NONE',  ( 1.000000000000000000, 0.000000000000000000, 0.000000000000000000 ) ) ;
#8500 = AXIS2_PLACEMENT_3D ( 'NONE', #758, #9200, #2499 ) ;
#8501 = LINE ( 'NONE', #11559, #4402 ) ;
#8502 = LINE ( 'NONE', #2013, #7565 ) ;
#8503 =( GEOMETRIC_REPRESENTATION_CONTEXT ( 3 ) GLOBAL_UNCERTAINTY_ASSIGNED_CONTEXT ( ( #7102 ) ) GLOBAL_UNIT_ASSIGNED_CONTEXT ( ( #10349, #11228, #1805 ) ) REPRESENTATION_CONTEXT ( 'NONE', 'WORKASPACE' ) );
#8504 = EDGE_CURVE ( 'NONE', #9915, #7455, #2501, .T. ) ;
#8505 = VECTOR ( 'NONE', #6035, 1000.000000000000000 ) ;
#8506 = EDGE_CURVE ( 'NONE', #2213, #6396, #2320, .T. ) ;
#8507 = FACE_OUTER_BOUND ( 'NONE', #11932, .T. ) ;
#8508 = ORIENTED_EDGE ( 'NONE', *, *, #6392, .T. ) ;
#8509 = EDGE_CURVE ( 'NONE', #2767, #2283, #6530, .T. ) ;
#8510 = DIRECTION ( 'NONE',  ( 0.000000000000000000, 0.000000000000000000, 1.000000000000000000 ) ) ;
#8511 = ORIENTED_EDGE ( 'NONE', *, *, #8376, .T. ) ;
#8512 = CARTESIAN_POINT ( 'NONE',  ( 2.220000000000000195, 2.979999999999999982, -5.070000000000000284 ) ) ;
#8513 = DIRECTION ( 'NONE',  ( 0.000000000000000000, 1.000000000000000000, 0.000000000000000000 ) ) ;
#8514 = ADVANCED_FACE ( 'NONE', ( #10942, #5326 ), #9134, .T. ) ;
#8515 = ORIENTED_EDGE ( 'NONE', *, *, #11346, .T. ) ;
#8516 = FACE_OUTER_BOUND ( 'NONE', #5693, .T. ) ;
#8517 = VECTOR ( 'NONE', #5227, 1000.000000000000000 ) ;
#8518 = VECTOR ( 'NONE', #4087, 999.9999999999998863 ) ;
#8519 = VERTEX_POINT ( 'NONE', #3251 ) ;
#8520 = CARTESIAN_POINT ( 'NONE',  ( 2.220000000000000195, 13.05000000000000071, 4.890000000000000568 ) ) ;
#8521 = PLANE ( 'NONE',  #6991 ) ;
#8522 = DIRECTION ( 'NONE',  ( 0.000000000000000000, 0.000000000000000000, -1.000000000000000000 ) ) ;
#8523 = CARTESIAN_POINT ( 'NONE',  ( -4.743807326360246712, -3.417360253976469142, -1.273734666246999936 ) ) ;
#8524 =( BOUNDED_SURFACE ( )  B_SPLINE_SURFACE ( 1, 3, ( 
 ( #4057, #3048, #6940, #6879 ),
 ( #5129, #8928, #439, #375 ),
 ( #8055, #9743, #1195, #4179 ) ),
 .UNSPECIFIED., .F., .F., .F. ) 
 B_SPLINE_SURFACE_WITH_KNOTS ( ( 2, 1, 2 ),
 ( 4, 4 ),
 ( -0.006006697008304987852, 0.000000000000000000, 1.000000000000000000 ),
 ( 0.000000000000000000, 1.000000000000000000 ),
 .UNSPECIFIED. ) 
 GEOMETRIC_REPRESENTATION_ITEM ( )  RATIONAL_B_SPLINE_SURFACE ( (
 ( 1.000000000000000000, 0.9975802558090730576, 0.9975802558090730576, 1.000000000000000000),
 ( 1.000000000000000000, 0.9975802558090730576, 0.9975802558090730576, 1.000000000000000000),
 ( 1.000000000000000000, 0.9975802558090730576, 0.9975802558090730576, 1.000000000000000000) ) ) 
 REPRESENTATION_ITEM ( '' )  SURFACE ( )  );
#8525 = AXIS2_PLACEMENT_3D ( 'NONE', #5485, #4744, #6682 ) ;
#8526 = ORIENTED_EDGE ( 'NONE', *, *, #1317, .T. ) ;
#8527 = LINE ( 'NONE', #10638, #11110 ) ;
#8528 = ORIENTED_EDGE ( 'NONE', *, *, #4909, .F. ) ;
#8529 = ORIENTED_EDGE ( 'NONE', *, *, #9108, .T. ) ;
#8530 = EDGE_CURVE ( 'NONE', #5154, #8721, #9826, .T. ) ;
#8531 = VERTEX_POINT ( 'NONE', #8067 ) ;
#8532 = CARTESIAN_POINT ( 'NONE',  ( -5.527325384926221830, 1.100000000000000089, -1.273734666246999936 ) ) ;
#8533 = FACE_OUTER_BOUND ( 'NONE', #4080, .T. ) ;
#8534 = DIRECTION ( 'NONE',  ( 1.000000000000000000, 0.000000000000000000, 0.000000000000000000 ) ) ;
#8535 = VECTOR ( 'NONE', #4811, 1000.000000000000000 ) ;
#8536 = LINE ( 'NONE', #1738, #1740 ) ;
#8537 = CARTESIAN_POINT ( 'NONE',  ( 0.8400000000000000799, 15.45000000000000107, -0.3649999999999989919 ) ) ;
#8538 = ADVANCED_FACE ( 'NONE', ( #5268 ), #1276, .F. ) ;
#8539 = EDGE_CURVE ( 'NONE', #5992, #8292, #9518, .T. ) ;
#8540 = DIRECTION ( 'NONE',  ( 0.000000000000000000, -1.000000000000000000, 0.000000000000000000 ) ) ;
#8541 = CARTESIAN_POINT ( 'NONE',  ( 1.630287381003000080, 8.388169399271001581, -7.493077892102999904 ) ) ;
#8542 = EDGE_LOOP ( 'NONE', ( #8317, #10883, #579, #6664, #8954, #11222 ) ) ;
#8543 = ORIENTED_EDGE ( 'NONE', *, *, #5524, .F. ) ;
#8544 = CARTESIAN_POINT ( 'NONE',  ( -4.126130642429885143, -2.510385166355956876, -1.138804652830384789 ) ) ;
#8545 = VERTEX_POINT ( 'NONE', #2265 ) ;
#8546 = LINE ( 'NONE', #11478, #10228 ) ;
#8547 = ORIENTED_EDGE ( 'NONE', *, *, #1052, .F. ) ;
#8548 = VECTOR ( 'NONE', #4207, 1000.000000000000000 ) ;
#8549 = FACE_OUTER_BOUND ( 'NONE', #11021, .T. ) ;
#8550 = CARTESIAN_POINT ( 'NONE',  ( 0.7900000000000000355, 13.96993164062500092, -4.623949218749999091 ) ) ;
#8551 = DIRECTION ( 'NONE',  ( 0.000000000000000000, -1.000000000000000000, -2.198461434901000047E-16 ) ) ;
#8552 = FACE_OUTER_BOUND ( 'NONE', #10071, .T. ) ;
#8553 = AXIS2_PLACEMENT_3D ( 'NONE', #8459, #8331, #1536 ) ;
#8554 = DIRECTION ( 'NONE',  ( 0.000000000000000000, 0.2237765264059906889, -0.9746404805002041316 ) ) ;
#8555 = VERTEX_POINT ( 'NONE', #4131 ) ;
#8556 = FACE_OUTER_BOUND ( 'NONE', #3942, .T. ) ;
#8557 = ORIENTED_EDGE ( 'NONE', *, *, #6389, .T. ) ;
#8558 = FACE_OUTER_BOUND ( 'NONE', #1446, .T. ) ;
#8559 = ORIENTED_EDGE ( 'NONE', *, *, #7113, .T. ) ;
#8560 = CARTESIAN_POINT ( 'NONE',  ( -0.9099038053469999943, 1.100000000000000089, -9.030192224292999725 ) ) ;
#8561 = EDGE_CURVE ( 'NONE', #5154, #7612, #3312, .T. ) ;
#8562 = VECTOR ( 'NONE', #2286, 1000.000000000000000 ) ;
#8563 = LINE ( 'NONE', #8440, #6215 ) ;
#8564 = VECTOR ( 'NONE', #4248, 1000.000000000000000 ) ;
#8565 = DIRECTION ( 'NONE',  ( -0.000000000000000000, 1.182498470471585058E-15, 1.000000000000000000 ) ) ;
#8566 = PLANE ( 'NONE',  #2766 ) ;
#8567 = EDGE_CURVE ( 'NONE', #2933, #7231, #7324, .T. ) ;
#8568 = EDGE_CURVE ( 'NONE', #10917, #6088, #8009, .T. ) ;
#8569 = ORIENTED_EDGE ( 'NONE', *, *, #7129, .F. ) ;
#8570 = AXIS2_PLACEMENT_3D ( 'NONE', #5770, #8816, #10684 ) ;
#8571 = DIRECTION ( 'NONE',  ( 0.000000000000000000, 0.000000000000000000, 1.000000000000000000 ) ) ;
#8572 = ORIENTED_EDGE ( 'NONE', *, *, #7278, .F. ) ;
#8573 = DIRECTION ( 'NONE',  ( 0.000000000000000000, 0.000000000000000000, 1.000000000000000000 ) ) ;
#8574 = LINE ( 'NONE', #837, #9588 ) ;
#8575 = EDGE_LOOP ( 'NONE', ( #2416, #10142, #4331, #11450 ) ) ;
#8576 = CARTESIAN_POINT ( 'NONE',  ( 0.7900000000000000355, 15.79293969097784966, 5.203898047366450896 ) ) ;
#8577 = EDGE_CURVE ( 'NONE', #1858, #7952, #10008, .T. ) ;
#8578 = EDGE_CURVE ( 'NONE', #2298, #11599, #7018, .T. ) ;
#8579 = ADVANCED_FACE ( 'NONE', ( #9073 ), #11199, .T. ) ;
#8580 = VERTEX_POINT ( 'NONE', #3569 ) ;
#8581 = CARTESIAN_POINT ( 'NONE',  ( 0.2300000000000000100, 15.80000000000000071, 5.159999999999999254 ) ) ;
#8582 = VECTOR ( 'NONE', #8972, 1000.000000000000000 ) ;
#8583 = DIRECTION ( 'NONE',  ( -0.000000000000000000, 1.000000000000000000, -0.000000000000000000 ) ) ;
#8584 = AXIS2_PLACEMENT_3D ( 'NONE', #6015, #9759, #8877 ) ;
#8585 = CARTESIAN_POINT ( 'NONE',  ( 1.250000000000000000, 15.79759791836103133, 5.189882150341832201 ) ) ;
#8586 = CARTESIAN_POINT ( 'NONE',  ( 4.819999999999999396, -3.600000000000000089, -1.273734666246999936 ) ) ;
#8587 = VECTOR ( 'NONE', #1717, 1000.000000000000000 ) ;
#8588 = EDGE_CURVE ( 'NONE', #3400, #6931, #3503, .T. ) ;
#8589 = VERTEX_POINT ( 'NONE', #8315 ) ;
#8590 = AXIS2_PLACEMENT_3D ( 'NONE', #11400, #1262, #2182 ) ;
#8591 = CARTESIAN_POINT ( 'NONE',  ( -0.9100000000000000311, 1.100000000000000311, -8.750000000000000000 ) ) ;
#8592 = AXIS2_PLACEMENT_3D ( 'NONE', #3876, #5699, #4822 ) ;
#8593 = ORIENTED_EDGE ( 'NONE', *, *, #7014, .F. ) ;
#8594 = VECTOR ( 'NONE', #1310, 1000.000000000000000 ) ;
#8595 = VERTEX_POINT ( 'NONE', #10132 ) ;
#8596 = EDGE_LOOP ( 'NONE', ( #4627, #10699, #6364, #4187 ) ) ;
#8597 = DIRECTION ( 'NONE',  ( 0.000000000000000000, 0.000000000000000000, 1.000000000000000000 ) ) ;
#8598 = DIRECTION ( 'NONE',  ( -1.000000000000000000, 0.000000000000000000, 0.000000000000000000 ) ) ;
#8599 = PLANE ( 'NONE',  #11987 ) ;
#8600 = FILL_AREA_STYLE ('',( #5482 ) ) ;
#8601 = DIRECTION ( 'NONE',  ( 0.000000000000000000, 0.9763850306004407953, 0.2160376634278763919 ) ) ;
#8602 = VECTOR ( 'NONE', #2667, 1000.000000000000000 ) ;
#8603 = DIRECTION ( 'NONE',  ( 0.000000000000000000, -1.000000000000000000, 0.000000000000000000 ) ) ;
#8604 = LINE ( 'NONE', #984, #11887 ) ;
#8605 = EDGE_LOOP ( 'NONE', ( #8170, #7496, #4639, #2635, #11523, #4769, #397, #3031, #7330, #7037, #2604, #9754, #8769, #2019, #11532, #12071 ) ) ;
#8606 = ORIENTED_EDGE ( 'NONE', *, *, #4096, .T. ) ;
#8607 = EDGE_CURVE ( 'NONE', #229, #11501, #9382, .T. ) ;
#8608 = CARTESIAN_POINT ( 'NONE',  ( -4.579427557576267738, -3.201482212714459763, -1.260265195175378272 ) ) ;
#8609 = EDGE_LOOP ( 'NONE', ( #1206, #25, #4400, #1501 ) ) ;
#8610 = CARTESIAN_POINT ( 'NONE',  ( 0.8400000000000000799, 15.45000000000000107, 6.119999999999999218 ) ) ;
#8611 = VERTEX_POINT ( 'NONE', #12194 ) ;
#8612 = DIRECTION ( 'NONE',  ( 0.000000000000000000, 0.000000000000000000, 1.000000000000000000 ) ) ;
#8613 = DIRECTION ( 'NONE',  ( 0.9999998924183204352, 0.0004638570334013215586, 0.000000000000000000 ) ) ;
#8614 = AXIS2_PLACEMENT_3D ( 'NONE', #7835, #3012, #736 ) ;
#8615 = LINE ( 'NONE', #10543, #5345 ) ;
#8616 = VECTOR ( 'NONE', #9249, 1000.000000000000000 ) ;
#8617 = EDGE_LOOP ( 'NONE', ( #2160, #10650, #4267, #11695 ) ) ;
#8618 = LINE ( 'NONE', #2672, #849 ) ;
#8619 = EDGE_CURVE ( 'NONE', #12107, #4497, #7387, .T. ) ;
#8620 = ORIENTED_EDGE ( 'NONE', *, *, #2420, .T. ) ;
#8621 = CARTESIAN_POINT ( 'NONE',  ( -1.809999999999999609, 15.79762648660004132, 5.189704678889510703 ) ) ;
#8622 = VERTEX_POINT ( 'NONE', #699 ) ;
#8623 = CARTESIAN_POINT ( 'NONE',  ( 0.2300000000000000100, 15.66000000000000014, 5.159999999999999254 ) ) ;
#8624 = VERTEX_POINT ( 'NONE', #4647 ) ;
#8625 = LINE ( 'NONE', #6934, #2993 ) ;
#8626 = CARTESIAN_POINT ( 'NONE',  ( -0.2300000000000000100, 13.96993164062500092, -4.623949218749999091 ) ) ;
#8627 = AXIS2_PLACEMENT_3D ( 'NONE', #490, #6300, #6363 ) ;
#8628 = VECTOR ( 'NONE', #4815, 1000.000000000000000 ) ;
#8629 = CARTESIAN_POINT ( 'NONE',  ( -5.599999999999999645, 1.100000000000000089, -10.22999999999999865 ) ) ;
#8630 = FACE_OUTER_BOUND ( 'NONE', #9390, .T. ) ;
#8631 = ORIENTED_EDGE ( 'NONE', *, *, #6361, .F. ) ;
#8632 = DIRECTION ( 'NONE',  ( 0.000000000000000000, 0.9086141679698426232, -0.4176365570259273907 ) ) ;
#8633 = PRESENTATION_LAYER_ASSIGNMENT (  '', '', ( #10823 ) ) ;
#8634 = VERTEX_POINT ( 'NONE', #12069 ) ;
#8635 = VECTOR ( 'NONE', #10698, 1000.000000000000000 ) ;
#8636 = LINE ( 'NONE', #11568, #9618 ) ;
#8637 = LINE ( 'NONE', #9636, #5195 ) ;
#8638 = ORIENTED_EDGE ( 'NONE', *, *, #8490, .T. ) ;
#8639 = CARTESIAN_POINT ( 'NONE',  ( 2.880000000000000338, 15.45000000000000107, 6.119999999999999218 ) ) ;
#8640 = EDGE_CURVE ( 'NONE', #6143, #8404, #2627, .T. ) ;
#8641 = ORIENTED_EDGE ( 'NONE', *, *, #8197, .T. ) ;
#8642 = CARTESIAN_POINT ( 'NONE',  ( 1.909311433666640356, 8.451700534652950125, -7.766362617315495598 ) ) ;
#8643 = DIRECTION ( 'NONE',  ( 1.000000000000000000, 0.000000000000000000, 0.000000000000000000 ) ) ;
#8644 = CARTESIAN_POINT ( 'NONE',  ( 1.245000000000000107, 15.79285544331319002, 5.204152363265508008 ) ) ;
#8645 = DIRECTION ( 'NONE',  ( -1.000000000000000000, 0.000000000000000000, 0.000000000000000000 ) ) ;
#8646 = EDGE_CURVE ( 'NONE', #2127, #7899, #9317, .T. ) ;
#8647 = EDGE_CURVE ( 'NONE', #9313, #3882, #645, .T. ) ;
#8648 = EDGE_LOOP ( 'NONE', ( #3968, #7439, #10779, #1673, #1208, #11743 ) ) ;
#8649 = CARTESIAN_POINT ( 'NONE',  ( 1.199999999999999956, 15.11999999999999922, -0.3649999999999999911 ) ) ;
#8650 = VERTEX_POINT ( 'NONE', #5459 ) ;
#8651 = ORIENTED_EDGE ( 'NONE', *, *, #4631, .F. ) ;
#8652 = ADVANCED_FACE ( 'NONE', ( #4577 ), #8442, .F. ) ;
#8653 = ADVANCED_FACE ( 'NONE', ( #3636 ), #12254, .F. ) ;
#8654 = ORIENTED_EDGE ( 'NONE', *, *, #9454, .T. ) ;
#8655 = DIRECTION ( 'NONE',  ( -0.000000000000000000, 1.000000000000000000, -0.000000000000000000 ) ) ;
#8656 = PLANE ( 'NONE',  #9963 ) ;
#8657 = DIRECTION ( 'NONE',  ( 0.000000000000000000, 0.000000000000000000, 1.000000000000000000 ) ) ;
#8658 = FACE_OUTER_BOUND ( 'NONE', #11564, .T. ) ;
#8659 = DIRECTION ( 'NONE',  ( 0.000000000000000000, 0.9763850306004406843, 0.2160376634278765307 ) ) ;
#8660 = FACE_OUTER_BOUND ( 'NONE', #891, .T. ) ;
#8661 = DIRECTION ( 'NONE',  ( 0.000000000000000000, 0.000000000000000000, 1.000000000000000000 ) ) ;
#8662 = ORIENTED_EDGE ( 'NONE', *, *, #9403, .T. ) ;
#8663 = EDGE_CURVE ( 'NONE', #9738, #6037, #2684, .T. ) ;
#8664 = ORIENTED_EDGE ( 'NONE', *, *, #2994, .T. ) ;
#8665 =( BOUNDED_SURFACE ( )  B_SPLINE_SURFACE ( 1, 3, ( 
 ( #6072, #2381, #9074, #4321 ),
 ( #329, #8880, #7019, #9827 ),
 ( #4262, #3189, #1216, #3252 ),
 ( #5027, #8068, #6201, #3313 ) ),
 .UNSPECIFIED., .F., .F., .F. ) 
 B_SPLINE_SURFACE_WITH_KNOTS ( ( 2, 1, 1, 2 ),
 ( 4, 4 ),
 ( -0.02383154306017320340, -0.01746931847287826883, 0.000000000000000000, 1.000000000000000000 ),
 ( 0.000000000000000000, 1.000000000000000000 ),
 .UNSPECIFIED. ) 
 GEOMETRIC_REPRESENTATION_ITEM ( )  RATIONAL_B_SPLINE_SURFACE ( (
 ( 1.000000000000000000, 0.9975601536328526642, 0.9975601536328526642, 1.000000000000000000),
 ( 1.000000000000000000, 0.9975601536328526642, 0.9975601536328526642, 1.000000000000000000),
 ( 1.000000000000000000, 0.9975601536328526642, 0.9975601536328526642, 1.000000000000000000),
 ( 1.000000000000000000, 0.9975601536328526642, 0.9975601536328526642, 1.000000000000000000) ) ) 
 REPRESENTATION_ITEM ( '' )  SURFACE ( )  );
#8666 = CARTESIAN_POINT ( 'NONE',  ( -1.255000000000000115, 9.377205983516001098, -3.778469117984000203 ) ) ;
#8667 = ORIENTED_EDGE ( 'NONE', *, *, #728, .F. ) ;
#8668 = LINE ( 'NONE', #7789, #8033 ) ;
#8669 = ORIENTED_EDGE ( 'NONE', *, *, #8647, .T. ) ;
#8670 = DIRECTION ( 'NONE',  ( -0.9999977883754428420, 0.000000000000000000, 0.002103151022395144485 ) ) ;
#8671 = FACE_OUTER_BOUND ( 'NONE', #1718, .T. ) ;
#8672 = DIRECTION ( 'NONE',  ( 0.000000000000000000, 1.000000000000000000, 0.000000000000000000 ) ) ;
#8673 = DIRECTION ( 'NONE',  ( 1.000000000000000000, 0.000000000000000000, 0.000000000000000000 ) ) ;
#8674 = LINE ( 'NONE', #2061, #4030 ) ;
#8675 = ORIENTED_EDGE ( 'NONE', *, *, #1028, .T. ) ;
#8676 = PLANE ( 'NONE',  #10806 ) ;
#8677 = ORIENTED_EDGE ( 'NONE', *, *, #2771, .F. ) ;
#8678 = LINE ( 'NONE', #5930, #813 ) ;
#8679 = VERTEX_POINT ( 'NONE', #6324 ) ;
#8680 = DIRECTION ( 'NONE',  ( 0.000000000000000000, 1.000000000000000000, 0.000000000000000000 ) ) ;
#8681 = EDGE_CURVE ( 'NONE', #11077, #11173, #10316, .T. ) ;
#8682 = LINE ( 'NONE', #5574, #7594 ) ;
#8683 = DIRECTION ( 'NONE',  ( 0.000000000000000000, 1.000000000000000000, 0.000000000000000000 ) ) ;
#8684 = EDGE_CURVE ( 'NONE', #769, #11838, #10384, .T. ) ;
#8685 = ADVANCED_FACE ( 'NONE', ( #9203 ), #8254, .T. ) ;
#8686 = DIRECTION ( 'NONE',  ( 1.000000000000000000, 0.000000000000000000, 0.000000000000000000 ) ) ;
#8687 = VERTEX_POINT ( 'NONE', #6169 ) ;
#8688 = CARTESIAN_POINT ( 'NONE',  ( -0.7900000000000000355, 14.08271959687074570, -6.210905248189442673 ) ) ;
#8689 = ORIENTED_EDGE ( 'NONE', *, *, #7552, .F. ) ;
#8690 = CARTESIAN_POINT ( 'NONE',  ( -4.859999999999999432, 3.000000000000000000, -5.989999999999999325 ) ) ;
#8691 = CARTESIAN_POINT ( 'NONE',  ( 1.804999999999999938, 14.06939833831586206, -6.213385438908392011 ) ) ;
#8692 = ORIENTED_EDGE ( 'NONE', *, *, #9186, .T. ) ;
#8693 = DIRECTION ( 'NONE',  ( -1.224646799146999945E-16, 2.395099171690000146E-16, -1.000000000000000000 ) ) ;
#8694 = ORIENTED_EDGE ( 'NONE', *, *, #6057, .F. ) ;
#8695 = CARTESIAN_POINT ( 'NONE',  ( -6.540000000000000036, 1.100000000000000089, 10.33999999999999986 ) ) ;
#8696 = AXIS2_PLACEMENT_3D ( 'NONE', #7787, #3026, #6859 ) ;
#8697 = FACE_OUTER_BOUND ( 'NONE', #11266, .T. ) ;
#8698 = CARTESIAN_POINT ( 'NONE',  ( 2.189999999999999947, 3.040000000000000036, -9.029999999999999361 ) ) ;
#8699 = VERTEX_POINT ( 'NONE', #9917 ) ;
#8700 = CARTESIAN_POINT ( 'NONE',  ( 8.751918340712878219, 15.11999999999999922, -0.3649999999999998801 ) ) ;
#8701 = VECTOR ( 'NONE', #4350, 1000.000000000000000 ) ;
#8702 = ORIENTED_EDGE ( 'NONE', *, *, #3081, .T. ) ;
#8703 = VECTOR ( 'NONE', #7467, 1000.000000000000114 ) ;
#8704 = LINE ( 'NONE', #1340, #2221 ) ;
#8705 = VERTEX_POINT ( 'NONE', #10167 ) ;
#8706 = ORIENTED_EDGE ( 'NONE', *, *, #1557, .T. ) ;
#8707 = CARTESIAN_POINT ( 'NONE',  ( 1.532761052182229466, 9.069398338315306063, -7.333385438909160392 ) ) ;
#8708 = CARTESIAN_POINT ( 'NONE',  ( -3.971129570381793261, -2.089999999999999858, -1.097272240749140426 ) ) ;
#8709 = DIRECTION ( 'NONE',  ( -1.000000000000000000, 0.000000000000000000, 0.000000000000000000 ) ) ;
#8710 = DIRECTION ( 'NONE',  ( 0.000000000000000000, -0.9381440673623764326, 0.3462451571831393071 ) ) ;
#8711 = CYLINDRICAL_SURFACE ( 'NONE', #10955, 1.870944562245001386 ) ;
#8712 = AXIS2_PLACEMENT_3D ( 'NONE', #1708, #1584, #3691 ) ;
#8713 = FACE_OUTER_BOUND ( 'NONE', #2246, .T. ) ;
#8714 = AXIS2_PLACEMENT_3D ( 'NONE', #4199, #10826, #10946 ) ;
#8715 = EDGE_CURVE ( 'NONE', #7068, #261, #1559, .T. ) ;
#8716 = ADVANCED_FACE ( 'NONE', ( #10106 ), #7246, .F. ) ;
#8717 = DIRECTION ( 'NONE',  ( 0.000000000000000000, -0.9740264650302337124, -0.2264341966680544216 ) ) ;
#8718 = ORIENTED_EDGE ( 'NONE', *, *, #3725, .F. ) ;
#8719 = VERTEX_POINT ( 'NONE', #7054 ) ;
#8720 = CARTESIAN_POINT ( 'NONE',  ( 0.1800000000000000211, 15.11999999999999922, 4.890000000000000568 ) ) ;
#8721 = VERTEX_POINT ( 'NONE', #2421 ) ;
#8722 = AXIS2_PLACEMENT_3D ( 'NONE', #877, #11431, #1883 ) ;
#8723 = CARTESIAN_POINT ( 'NONE',  ( 1.245001270161147255, 9.067361684032196223, -7.320414095438248836 ) ) ;
#8724 = VERTEX_POINT ( 'NONE', #9983 ) ;
#8725 = CARTESIAN_POINT ( 'NONE',  ( -1.289051144925256853, 8.966174887680139705, -6.490000000000000213 ) ) ;
#8726 = DIRECTION ( 'NONE',  ( 0.000000000000000000, 0.000000000000000000, -1.000000000000000000 ) ) ;
#8727 = EDGE_CURVE ( 'NONE', #6186, #9277, #10913, .T. ) ;
#8728 = ADVANCED_FACE ( 'NONE', ( #12049 ), #2479, .F. ) ;
#8729 = DIRECTION ( 'NONE',  ( 0.4778456820861315957, -0.8550922732074700550, -0.2011981819314505315 ) ) ;
#8730 = SURFACE_STYLE_FILL_AREA ( #2170 ) ;
#8731 = VECTOR ( 'NONE', #7838, 1000.000000000000114 ) ;
#8732 = FACE_OUTER_BOUND ( 'NONE', #9648, .T. ) ;
#8733 = ORIENTED_EDGE ( 'NONE', *, *, #11930, .T. ) ;
#8734 = VERTEX_POINT ( 'NONE', #11854 ) ;
#8735 = DIRECTION ( 'NONE',  ( 0.000000000000000000, 0.9997698407351198746, -0.02145380051350246134 ) ) ;
#8736 = ORIENTED_EDGE ( 'NONE', *, *, #9013, .F. ) ;
#8737 = CARTESIAN_POINT ( 'NONE',  ( 2.880000000000000338, 13.08000000000000007, -5.620000000000000107 ) ) ;
#8738 = CARTESIAN_POINT ( 'NONE',  ( -0.2350000000000000144, 14.08947998063599982, -6.210395812409999827 ) ) ;
#8739 = CARTESIAN_POINT ( 'NONE',  ( 0.1800000000000000211, 15.69999999999999929, -5.620000000000000107 ) ) ;
#8740 = EDGE_CURVE ( 'NONE', #11073, #1186, #8917, .T. ) ;
#8741 = DIRECTION ( 'NONE',  ( -1.000000000000000000, 0.000000000000000000, 0.000000000000000000 ) ) ;
#8742 = VECTOR ( 'NONE', #269, 1000.000000000000000 ) ;
#8743 = ADVANCED_FACE ( 'NONE', ( #11108 ), #487, .F. ) ;
#8744 = LINE ( 'NONE', #4002, #10087 ) ;
#8745 = EDGE_LOOP ( 'NONE', ( #4198, #6650, #3434, #6315 ) ) ;
#8746 = LINE ( 'NONE', #2997, #10908 ) ;
#8747 = ORIENTED_EDGE ( 'NONE', *, *, #7437, .F. ) ;
#8748 = CARTESIAN_POINT ( 'NONE',  ( -3.600000000000000089, 0.000000000000000000, 6.740000000000000213 ) ) ;
#8749 = AXIS2_PLACEMENT_3D ( 'NONE', #3637, #700, #7449 ) ;
#8750 = PLANE ( 'NONE',  #6786 ) ;
#8751 = VERTEX_POINT ( 'NONE', #546 ) ;
#8752 = DIRECTION ( 'NONE',  ( 0.0004638551866503768458, -0.9999998924187487592, -9.255403379663625977E-07 ) ) ;
#8753 = ADVANCED_FACE ( 'NONE', ( #10045 ), #8444, .F. ) ;
#8754 = LINE ( 'NONE', #6888, #484 ) ;
#8755 = CARTESIAN_POINT ( 'NONE',  ( 0.2300000000000000100, 13.96993164062500092, -4.623949218749999091 ) ) ;
#8756 = PLANE ( 'NONE',  #9713 ) ;
#8757 = LINE ( 'NONE', #9644, #571 ) ;
#8758 = CIRCLE ( 'NONE', #11562, 0.1399999999999996803 ) ;
#8759 = VECTOR ( 'NONE', #11470, 1000.000000000000000 ) ;
#8760 = DIRECTION ( 'NONE',  ( 0.000000000000000000, 0.000000000000000000, 1.000000000000000000 ) ) ;
#8761 = VERTEX_POINT ( 'NONE', #11981 ) ;
#8762 = FACE_OUTER_BOUND ( 'NONE', #9953, .T. ) ;
#8763 = ORIENTED_EDGE ( 'NONE', *, *, #3875, .T. ) ;
#8764 = CARTESIAN_POINT ( 'NONE',  ( 2.185000000000000497, -3.700000000000000178, -9.029999999999999361 ) ) ;
#8765 = ORIENTED_EDGE ( 'NONE', *, *, #10809, .F. ) ;
#8766 = VECTOR ( 'NONE', #5352, 1000.000000000000000 ) ;
#8767 = EDGE_CURVE ( 'NONE', #4477, #5285, #5362, .T. ) ;
#8768 = VECTOR ( 'NONE', #4779, 1000.000000000000000 ) ;
#8769 = ORIENTED_EDGE ( 'NONE', *, *, #3607, .F. ) ;
#8770 = AXIS2_PLACEMENT_3D ( 'NONE', #11937, #9251, #10061 ) ;
#8771 = LINE ( 'NONE', #11647, #1772 ) ;
#8772 = CARTESIAN_POINT ( 'NONE',  ( -6.540000000000000036, 3.000000000000000000, -10.22999999999999865 ) ) ;
#8773 = CARTESIAN_POINT ( 'NONE',  ( 1.630286206594999898, -0.3499999999999999778, -8.750000000000000000 ) ) ;
#8774 = LINE ( 'NONE', #11592, #8094 ) ;
#8775 = CARTESIAN_POINT ( 'NONE',  ( -0.3499999999999026667, 1.100000000000000089, -8.889903871352000664 ) ) ;
#8776 = VECTOR ( 'NONE', #11992, 1000.000000000000114 ) ;
#8777 = VECTOR ( 'NONE', #2185, 1000.000000000000000 ) ;
#8778 = AXIS2_PLACEMENT_3D ( 'NONE', #6637, #10308, #9445 ) ;
#8779 = CYLINDRICAL_SURFACE ( 'NONE', #9900, 1.870944562245001386 ) ;
#8780 = EDGE_LOOP ( 'NONE', ( #3163, #4965, #3199, #7217 ) ) ;
#8781 = ORIENTED_EDGE ( 'NONE', *, *, #12086, .F. ) ;
#8782 = LINE ( 'NONE', #1930, #7891 ) ;
#8783 = VERTEX_POINT ( 'NONE', #614 ) ;
#8784 = CARTESIAN_POINT ( 'NONE',  ( -0.2300000000000000100, 13.96993164062500092, -4.623949218749999091 ) ) ;
#8785 = ORIENTED_EDGE ( 'NONE', *, *, #5221, .T. ) ;
#8786 = DIRECTION ( 'NONE',  ( 0.9999980093515224988, 0.000000000000000000, -0.001995317767306753649 ) ) ;
#8787 = LINE ( 'NONE', #3033, #3398 ) ;
#8788 = EDGE_CURVE ( 'NONE', #9765, #6871, #3117, .T. ) ;
#8789 = AXIS2_PLACEMENT_3D ( 'NONE', #2970, #1116, #4985 ) ;
#8790 = EDGE_CURVE ( 'NONE', #11196, #10426, #3349, .T. ) ;
#8791 = DIRECTION ( 'NONE',  ( 0.000000000000000000, 0.000000000000000000, -1.000000000000000000 ) ) ;
#8792 = LINE ( 'NONE', #7047, #4548 ) ;
#8793 = CARTESIAN_POINT ( 'NONE',  ( 0.3549999999999999822, 8.419629322895621826, -6.209999999999999964 ) ) ;
#8794 = EDGE_CURVE ( 'NONE', #10206, #1963, #3478, .T. ) ;
#8795 = VECTOR ( 'NONE', #9971, 1000.000000000000000 ) ;
#8796 = EDGE_CURVE ( 'NONE', #4835, #5034, #1497, .T. ) ;
#8797 = DIRECTION ( 'NONE',  ( -0.000000000000000000, -1.000000000000000000, -0.000000000000000000 ) ) ;
#8798 = ORIENTED_EDGE ( 'NONE', *, *, #3470, .T. ) ;
#8799 = PLANE ( 'NONE',  #11815 ) ;
#8800 = ORIENTED_EDGE ( 'NONE', *, *, #10334, .T. ) ;
#8801 = LINE ( 'NONE', #4050, #10745 ) ;
#8802 = ORIENTED_EDGE ( 'NONE', *, *, #1678, .T. ) ;
#8803 = LINE ( 'NONE', #6246, #1027 ) ;
#8804 = ADVANCED_FACE ( 'NONE', ( #1747 ), #9356, .T. ) ;
#8805 = FACE_OUTER_BOUND ( 'NONE', #8104, .T. ) ;
#8806 = DIRECTION ( 'NONE',  ( 1.000000000000000000, 0.000000000000000000, 0.000000000000000000 ) ) ;
#8807 = CARTESIAN_POINT ( 'NONE',  ( -0.7900000000000000355, 9.377205983516001098, -3.778469117984000203 ) ) ;
#8808 = AXIS2_PLACEMENT_3D ( 'NONE', #9751, #8813, #9002 ) ;
#8809 = CARTESIAN_POINT ( 'NONE',  ( -1.814999999999999947, 15.52330609571596121, -4.280245272880009111 ) ) ;
#8810 = ORIENTED_EDGE ( 'NONE', *, *, #2088, .F. ) ;
#8811 = CARTESIAN_POINT ( 'NONE',  ( -2.220000000000000195, 1.831589667479999850, 10.36408367233699934 ) ) ;
#8812 = ORIENTED_EDGE ( 'NONE', *, *, #4753, .F. ) ;
#8813 = DIRECTION ( 'NONE',  ( -0.000000000000000000, 1.000000000000000000, 0.000000000000000000 ) ) ;
#8814 = FACE_OUTER_BOUND ( 'NONE', #2426, .T. ) ;
#8815 = ORIENTED_EDGE ( 'NONE', *, *, #7878, .F. ) ;
#8816 = DIRECTION ( 'NONE',  ( 0.000000000000000000, -1.000000000000000000, 0.000000000000000000 ) ) ;
#8817 = AXIS2_PLACEMENT_3D ( 'NONE', #10048, #11985, #1500 ) ;
#8818 = AXIS2_PLACEMENT_3D ( 'NONE', #3554, #7260, #1509 ) ;
#8819 = DIRECTION ( 'NONE',  ( 0.000000000000000000, 0.000000000000000000, 1.000000000000000000 ) ) ;
#8820 = EDGE_CURVE ( 'NONE', #4379, #10035, #7423, .T. ) ;
#8821 = DIRECTION ( 'NONE',  ( 0.000000000000000000, -0.9086141679698426232, 0.4176365570259273907 ) ) ;
#8822 = CARTESIAN_POINT ( 'NONE',  ( -0.9058339941596308398, 8.436010276058603097, -7.491168177626163605 ) ) ;
#8823 = DIRECTION ( 'NONE',  ( -1.000000000000000000, 0.000000000000000000, 0.000000000000000000 ) ) ;
#8824 = ADVANCED_FACE ( 'NONE', ( #8352 ), #6620, .T. ) ;
#8825 = DIRECTION ( 'NONE',  ( 1.000000000000000000, 0.000000000000000000, 0.000000000000000000 ) ) ;
#8826 = VECTOR ( 'NONE', #8073, 1000.000000000000000 ) ;
#8827 = ORIENTED_EDGE ( 'NONE', *, *, #3683, .T. ) ;
#8828 = CARTESIAN_POINT ( 'NONE',  ( -7.000000000000000000, 1.830000000000000071, 10.37000000000000099 ) ) ;
#8829 = EDGE_LOOP ( 'NONE', ( #2005, #7545, #1693, #11111 ) ) ;
#8830 = CARTESIAN_POINT ( 'NONE',  ( 1.804999999999999938, 15.80000000000000071, 5.159999999999999254 ) ) ;
#8831 = ORIENTED_EDGE ( 'NONE', *, *, #2992, .T. ) ;
#8832 = ORIENTED_EDGE ( 'NONE', *, *, #1491, .T. ) ;
#8833 = ORIENTED_EDGE ( 'NONE', *, *, #9566, .F. ) ;
#8834 = FACE_OUTER_BOUND ( 'NONE', #5264, .T. ) ;
#8835 = LINE ( 'NONE', #7092, #4797 ) ;
#8836 = FACE_OUTER_BOUND ( 'NONE', #6766, .T. ) ;
#8837 = DIRECTION ( 'NONE',  ( 0.000000000000000000, 1.000000000000000000, 0.000000000000000000 ) ) ;
#8838 = DIRECTION ( 'NONE',  ( -8.054429466231597953E-16, 0.4176365570259273907, 0.9086141679698426232 ) ) ;
#8839 = ADVANCED_FACE ( 'NONE', ( #12294 ), #4491, .T. ) ;
#8840 = EDGE_CURVE ( 'NONE', #9205, #3801, #4623, .T. ) ;
#8841 = LINE ( 'NONE', #8085, #11302 ) ;
#8842 = ORIENTED_EDGE ( 'NONE', *, *, #7745, .T. ) ;
#8843 = ORIENTED_EDGE ( 'NONE', *, *, #5140, .T. ) ;
#8844 = LINE ( 'NONE', #228, #5313 ) ;
#8845 = CARTESIAN_POINT ( 'NONE',  ( 1.256751874628218912, 8.977776806565495704, -7.354146173592360114 ) ) ;
#8846 = ORIENTED_EDGE ( 'NONE', *, *, #96, .F. ) ;
#8847 = DIRECTION ( 'NONE',  ( 0.000000000000000000, 0.000000000000000000, 1.000000000000000000 ) ) ;
#8848 = CARTESIAN_POINT ( 'NONE',  ( 5.599999999999999645, 0.000000000000000000, -10.22999999999999865 ) ) ;
#8849 = DIRECTION ( 'NONE',  ( 0.000000000000000000, 1.000000000000000000, -3.469446951953635882E-15 ) ) ;
#8850 = DIRECTION ( 'NONE',  ( 0.000000000000000000, 0.000000000000000000, 1.000000000000000000 ) ) ;
#8851 = LINE ( 'NONE', #11485, #7793 ) ;
#8852 = DIRECTION ( 'NONE',  ( -0.000000000000000000, 1.000000000000000000, 0.000000000000000000 ) ) ;
#8853 = ORIENTED_EDGE ( 'NONE', *, *, #9417, .F. ) ;
#8854 = LINE ( 'NONE', #11724, #6230 ) ;
#8855 = VERTEX_POINT ( 'NONE', #2721 ) ;
#8856 = CARTESIAN_POINT ( 'NONE',  ( 0.2300000000000000100, 14.49800950369600017, 4.776298838437000427 ) ) ;
#8857 = EDGE_LOOP ( 'NONE', ( #3404, #11374, #154, #9308 ) ) ;
#8858 = DIRECTION ( 'NONE',  ( 0.000000000000000000, 0.000000000000000000, 1.000000000000000000 ) ) ;
#8859 = CARTESIAN_POINT ( 'NONE',  ( -0.2300000000000000100, 9.069398338316000618, -7.333385438908999632 ) ) ;
#8860 = CARTESIAN_POINT ( 'NONE',  ( 1.449964796431928660, 9.025498126704500024, -7.343450646966469542 ) ) ;
#8861 = CARTESIAN_POINT ( 'NONE',  ( -4.859999999999999432, 14.00000000000000000, -10.25000000000000000 ) ) ;
#8862 = EDGE_CURVE ( 'NONE', #7671, #6964, #5619, .T. ) ;
#8863 = CARTESIAN_POINT ( 'NONE',  ( 5.527325384927620711, -1.639999999999999902, 1.273734666246999936 ) ) ;
#8864 = EDGE_CURVE ( 'NONE', #10073, #9153, #6483, .T. ) ;
#8865 = CARTESIAN_POINT ( 'NONE',  ( -1.255000000000000115, 9.122794016484000679, -3.661530882016000188 ) ) ;
#8866 = EDGE_CURVE ( 'NONE', #5998, #871, #11423, .T. ) ;
#8867 = ORIENTED_EDGE ( 'NONE', *, *, #3957, .F. ) ;
#8868 = LINE ( 'NONE', #6007, #3924 ) ;
#8869 = ORIENTED_EDGE ( 'NONE', *, *, #3904, .T. ) ;
#8870 = LINE ( 'NONE', #10060, #4635 ) ;
#8871 = ORIENTED_EDGE ( 'NONE', *, *, #6136, .T. ) ;
#8872 = CARTESIAN_POINT ( 'NONE',  ( 1.279851745625653514, 8.999434870717008650, -7.636700294389927812 ) ) ;
#8873 = ORIENTED_EDGE ( 'NONE', *, *, #9640, .T. ) ;
#8874 = CARTESIAN_POINT ( 'NONE',  ( -1.255000000000000115, 13.35000000000000142, 5.200000000000000178 ) ) ;
#8875 = PLANE ( 'NONE',  #5280 ) ;
#8876 = ADVANCED_FACE ( 'NONE', ( #678 ), #10427, .T. ) ;
#8877 = DIRECTION ( 'NONE',  ( -0.9999980093515224988, 0.000000000000000000, 0.001995317767306753649 ) ) ;
#8878 = EDGE_CURVE ( 'NONE', #4092, #5663, #3612, .T. ) ;
#8879 = DIRECTION ( 'NONE',  ( 0.000000000000000000, 0.000000000000000000, 1.000000000000000000 ) ) ;
#8880 = CARTESIAN_POINT ( 'NONE',  ( -0.9148316251209772654, 8.467712571793942544, -7.762842232402700660 ) ) ;
#8881 = AXIS2_PLACEMENT_3D ( 'NONE', #10751, #7076, #2199 ) ;
#8882 = ADVANCED_FACE ( 'NONE', ( #12103 ), #2858, .T. ) ;
#8883 = ORIENTED_EDGE ( 'NONE', *, *, #10894, .T. ) ;
#8884 = CARTESIAN_POINT ( 'NONE',  ( 8.751918340712878219, 13.08000000000000007, -5.620000000000000107 ) ) ;
#8885 = ORIENTED_EDGE ( 'NONE', *, *, #1177, .T. ) ;
#8886 = CARTESIAN_POINT ( 'NONE',  ( 2.220000000000000195, 15.45000000000000107, 2.370000000000000107 ) ) ;
#8887 = ORIENTED_EDGE ( 'NONE', *, *, #12011, .F. ) ;
#8888 = VECTOR ( 'NONE', #4705, 1000.000000000000000 ) ;
#8889 = ORIENTED_EDGE ( 'NONE', *, *, #2614, .F. ) ;
#8890 = DIRECTION ( 'NONE',  ( -1.000000000000000000, 0.000000000000000000, 0.000000000000000000 ) ) ;
#8891 = DIRECTION ( 'NONE',  ( 0.000000000000000000, 0.000000000000000000, -1.000000000000000000 ) ) ;
#8892 = FACE_OUTER_BOUND ( 'NONE', #1141, .T. ) ;
#8893 = DIRECTION ( 'NONE',  ( 0.000000000000000000, -0.000000000000000000, -1.000000000000000000 ) ) ;
#8894 = CYLINDRICAL_SURFACE ( 'NONE', #10738, 1.590944562245001137 ) ;
#8895 = VERTEX_POINT ( 'NONE', #1875 ) ;
#8896 = MECHANICAL_DESIGN_GEOMETRIC_PRESENTATION_REPRESENTATION (  '', ( #6722 ), #8503 ) ;
#8897 = AXIS2_PLACEMENT_3D ( 'NONE', #2855, #10476, #6087 ) ;
#8898 = CARTESIAN_POINT ( 'NONE',  ( 2.220000000000000195, 13.01999999999999957, -0.3649999999999998801 ) ) ;
#8899 = ORIENTED_EDGE ( 'NONE', *, *, #3123, .T. ) ;
#8900 = ORIENTED_EDGE ( 'NONE', *, *, #1784, .F. ) ;
#8901 = EDGE_CURVE ( 'NONE', #10587, #8634, #3542, .T. ) ;
#8902 = FACE_OUTER_BOUND ( 'NONE', #2367, .T. ) ;
#8903 = DIRECTION ( 'NONE',  ( -1.000000000000000000, 0.000000000000000000, 0.000000000000000000 ) ) ;
#8904 = EDGE_LOOP ( 'NONE', ( #5036, #3740, #1152, #2008, #1221, #7773, #348, #85 ) ) ;
#8905 = CARTESIAN_POINT ( 'NONE',  ( 1.629713794006000027, 8.451570841306999426, -7.765804730066999895 ) ) ;
#8906 = EDGE_CURVE ( 'NONE', #5089, #7892, #9293, .T. ) ;
#8907 = FACE_OUTER_BOUND ( 'NONE', #11751, .T. ) ;
#8908 = VECTOR ( 'NONE', #9523, 1000.000000000000000 ) ;
#8909 = EDGE_CURVE ( 'NONE', #3144, #8699, #7544, .T. ) ;
#8910 = PLANE ( 'NONE',  #1180 ) ;
#8911 = VECTOR ( 'NONE', #4264, 1000.000000000000000 ) ;
#8912 = FACE_OUTER_BOUND ( 'NONE', #5467, .T. ) ;
#8913 = CARTESIAN_POINT ( 'NONE',  ( -1.255000000000000115, 9.099999999999999645, -6.490000000000000213 ) ) ;
#8914 = AXIS2_PLACEMENT_3D ( 'NONE', #251, #6000, #372 ) ;
#8915 = ORIENTED_EDGE ( 'NONE', *, *, #10521, .T. ) ;
#8916 = DIRECTION ( 'NONE',  ( -1.000000000000000000, 0.000000000000000000, 0.000000000000000000 ) ) ;
#8917 = LINE ( 'NONE', #8164, #11706 ) ;
#8918 = ORIENTED_EDGE ( 'NONE', *, *, #2016, .T. ) ;
#8919 = DIRECTION ( 'NONE',  ( 0.000000000000000000, 0.9763850306004407953, 0.2160376634278763919 ) ) ;
#8920 = ORIENTED_EDGE ( 'NONE', *, *, #794, .T. ) ;
#8921 = DIRECTION ( 'NONE',  ( 1.000000000000000000, 0.000000000000000000, 0.000000000000000000 ) ) ;
#8922 = VERTEX_POINT ( 'NONE', #5680 ) ;
#8923 = CARTESIAN_POINT ( 'NONE',  ( -0.4699999999999999734, 1.100000000000000089, 6.740000000000000213 ) ) ;
#8924 = EDGE_CURVE ( 'NONE', #7446, #3749, #10236, .T. ) ;
#8925 = DIRECTION ( 'NONE',  ( 0.0004638570334013216129, -0.9999998924183205462, -1.026800857931619213E-15 ) ) ;
#8926 = CARTESIAN_POINT ( 'NONE',  ( -0.8778674015609999604, 8.472506234964999550, -7.761701780701999454 ) ) ;
#8927 = DIRECTION ( 'NONE',  ( 1.000000000000000000, 0.000000000000000000, 0.000000000000000000 ) ) ;
#8928 = CARTESIAN_POINT ( 'NONE',  ( -0.2363084362537100358, 9.100617052675371355, -7.613414853429861573 ) ) ;
#8929 = VECTOR ( 'NONE', #9347, 1000.000000000000000 ) ;
#8930 = ORIENTED_EDGE ( 'NONE', *, *, #4536, .T. ) ;
#8931 = CARTESIAN_POINT ( 'NONE',  ( -1.814999999999999947, 13.35000000000000142, 5.200000000000000178 ) ) ;
#8932 = ORIENTED_EDGE ( 'NONE', *, *, #9435, .F. ) ;
#8933 = DIRECTION ( 'NONE',  ( 1.000000000000000000, -1.110223024624999878E-16, 0.000000000000000000 ) ) ;
#8934 = CARTESIAN_POINT ( 'NONE',  ( 0.05896894249100359531, 2.299011506149234219, -8.745747907403849553 ) ) ;
#8935 = VERTEX_POINT ( 'NONE', #738 ) ;
#8936 = CARTESIAN_POINT ( 'NONE',  ( -0.3549999999999999822, -3.700000000000000178, -8.750000000000000000 ) ) ;
#8937 = B_SPLINE_CURVE_WITH_KNOTS ( 'NONE', 3,
 ( #6123, #1323, #1270, #7820, #3179, #7937, #4064, #5943, #4188, #446 ),
 .UNSPECIFIED., .F., .F.,
 ( 4, 2, 2, 2, 4 ),
 ( 2.128464413681600752E-07, 0.0006743570652068366696, 0.001011429174589570986, 0.001179965229280938253, 0.001348501283972305519 ),
 .UNSPECIFIED. ) ;
#8938 = DIRECTION ( 'NONE',  ( -1.000000000000000000, 0.000000000000000000, 0.000000000000000000 ) ) ;
#8939 = AXIS2_PLACEMENT_3D ( 'NONE', #7705, #905, #5775 ) ;
#8940 = EDGE_CURVE ( 'NONE', #2757, #9608, #11533, .T. ) ;
#8941 = CARTESIAN_POINT ( 'NONE',  ( -5.029999999999999361, 15.11999999999999922, 4.890000000000000568 ) ) ;
#8942 = EDGE_CURVE ( 'NONE', #8705, #1367, #5976, .T. ) ;
#8943 = CARTESIAN_POINT ( 'NONE',  ( -0.7900000000000000355, 12.60677285372899981, -6.955531889406000090 ) ) ;
#8944 = CARTESIAN_POINT ( 'NONE',  ( -0.3499039373569999833, 1.100000000000000089, -9.029807709702000196 ) ) ;
#8945 = ORIENTED_EDGE ( 'NONE', *, *, #4416, .T. ) ;
#8946 = VECTOR ( 'NONE', #9569, 1000.000000000000000 ) ;
#8947 = DIRECTION ( 'NONE',  ( -0.000000000000000000, 1.000000000000000000, 0.000000000000000000 ) ) ;
#8948 = ADVANCED_FACE ( 'NONE', ( #10599 ), #9544, .F. ) ;
#8949 = VERTEX_POINT ( 'NONE', #989 ) ;
#8950 = EDGE_CURVE ( 'NONE', #11882, #4297, #166, .T. ) ;
#8951 = FACE_OUTER_BOUND ( 'NONE', #8405, .T. ) ;
#8952 = EDGE_LOOP ( 'NONE', ( #3466, #8047, #9092, #2130 ) ) ;
#8953 = ORIENTED_EDGE ( 'NONE', *, *, #7065, .T. ) ;
#8954 = ORIENTED_EDGE ( 'NONE', *, *, #566, .T. ) ;
#8955 = LINE ( 'NONE', #9081, #8548 ) ;
#8956 = CARTESIAN_POINT ( 'NONE',  ( 1.250000000000000000, 14.00000000000000000, -6.480650477015999833 ) ) ;
#8957 = CARTESIAN_POINT ( 'NONE',  ( -5.599999999999999645, -1.639999999999999902, -1.245833054627000003 ) ) ;
#8958 = VECTOR ( 'NONE', #10541, 1000.000000000000114 ) ;
#8959 = LINE ( 'NONE', #8212, #5721 ) ;
#8960 = DIRECTION ( 'NONE',  ( -1.000000000000000000, 0.000000000000000000, 0.000000000000000000 ) ) ;
#8961 = VECTOR ( 'NONE', #11744, 1000.000000000000000 ) ;
#8962 = ORIENTED_EDGE ( 'NONE', *, *, #9491, .T. ) ;
#8963 = ORIENTED_EDGE ( 'NONE', *, *, #2079, .F. ) ;
#8964 = DIRECTION ( 'NONE',  ( -1.000000000000000000, 0.000000000000000000, 0.000000000000000000 ) ) ;
#8965 = VECTOR ( 'NONE', #5296, 1000.000000000000000 ) ;
#8966 = ORIENTED_EDGE ( 'NONE', *, *, #12243, .F. ) ;
#8967 = VECTOR ( 'NONE', #5206, 1000.000000000000114 ) ;
#8968 = VERTEX_POINT ( 'NONE', #5913 ) ;
#8969 = ORIENTED_EDGE ( 'NONE', *, *, #9714, .F. ) ;
#8970 = DIRECTION ( 'NONE',  ( 1.224646799146796321E-16, -0.2185832977459636062, 0.9758182935088373089 ) ) ;
#8971 = EDGE_CURVE ( 'NONE', #5019, #418, #4979, .T. ) ;
#8972 = DIRECTION ( 'NONE',  ( -0.000000000000000000, 1.000000000000000000, 0.000000000000000000 ) ) ;
#8973 = CARTESIAN_POINT ( 'NONE',  ( -4.174999999999999822, 1.100000000000000089, -6.490000000000000213 ) ) ;
#8974 = DIRECTION ( 'NONE',  ( 1.000000000000000000, 0.000000000000000000, 0.000000000000000000 ) ) ;
#8975 = LINE ( 'NONE', #7977, #9965 ) ;
#8976 = VECTOR ( 'NONE', #4406, 1000.000000000000000 ) ;
#8977 = AXIS2_PLACEMENT_3D ( 'NONE', #8211, #12028, #3460 ) ;
#8978 = VECTOR ( 'NONE', #9934, 1000.000000000000114 ) ;
#8979 = EDGE_CURVE ( 'NONE', #7559, #759, #8782, .T. ) ;
#8980 = ORIENTED_EDGE ( 'NONE', *, *, #6942, .T. ) ;
#8981 = CARTESIAN_POINT ( 'NONE',  ( 1.199999999999999956, 15.11999999999999922, -0.3649999999999998801 ) ) ;
#8982 = AXIS2_PLACEMENT_3D ( 'NONE', #10488, #1118, #6923 ) ;
#8983 = DIRECTION ( 'NONE',  ( 1.224646799146999945E-16, 0.000000000000000000, 1.000000000000000000 ) ) ;
#8984 = VERTEX_POINT ( 'NONE', #1111 ) ;
#8985 = AXIS2_PLACEMENT_3D ( 'NONE', #4112, #11731, #7003 ) ;
#8986 = ORIENTED_EDGE ( 'NONE', *, *, #311, .T. ) ;
#8987 = SURFACE_STYLE_USAGE ( .BOTH. , #5065 ) ;
#8988 = ORIENTED_EDGE ( 'NONE', *, *, #210, .F. ) ;
#8989 = DIRECTION ( 'NONE',  ( 0.000000000000000000, 0.000000000000000000, -1.000000000000000000 ) ) ;
#8990 = EDGE_LOOP ( 'NONE', ( #2837, #8087, #3306, #6154 ) ) ;
#8991 = CARTESIAN_POINT ( 'NONE',  ( -1.810000000000000053, 14.10353188407225034, -6.490000000000295088 ) ) ;
#8992 = ORIENTED_EDGE ( 'NONE', *, *, #12244, .F. ) ;
#8993 = CARTESIAN_POINT ( 'NONE',  ( 1.250000000000000000, 15.52000012041266785, -4.249816382101536227 ) ) ;
#8994 = LINE ( 'NONE', #8175, #10386 ) ;
#8995 = B_SPLINE_CURVE_WITH_KNOTS ( 'NONE', 3,
 ( #9162, #4483, #604, #4419 ),
 .UNSPECIFIED., .F., .F.,
 ( 4, 4 ),
 ( 5.902460620059051314E-12, 8.465019865123196932E-07 ),
 .UNSPECIFIED. ) ;
#8996 = CARTESIAN_POINT ( 'NONE',  ( 1.250000000000000000, 9.130601661684000447, -7.606614561090999871 ) ) ;
#8997 = VECTOR ( 'NONE', #5125, 1000.000000000000000 ) ;
#8998 = EDGE_CURVE ( 'NONE', #3355, #3869, #8844, .T. ) ;
#8999 = ORIENTED_EDGE ( 'NONE', *, *, #6228, .F. ) ;
#9000 = CARTESIAN_POINT ( 'NONE',  ( 0.2300000000000000100, 14.09999999999999964, -6.490000000000000213 ) ) ;
#9001 = ORIENTED_EDGE ( 'NONE', *, *, #3877, .F. ) ;
#9002 = DIRECTION ( 'NONE',  ( 1.000000000000000000, 0.000000000000000000, 0.000000000000000000 ) ) ;
#9003 = CARTESIAN_POINT ( 'NONE',  ( -0.7249196853544731534, 3.800000000000121503, -8.848343981869064123 ) ) ;
#9004 = VERTEX_POINT ( 'NONE', #7907 ) ;
#9005 = DIRECTION ( 'NONE',  ( 1.000000000000000000, 0.000000000000000000, 0.000000000000000000 ) ) ;
#9006 = CARTESIAN_POINT ( 'NONE',  ( 1.860000000000000098, 13.08000000000000007, -5.620000000000000107 ) ) ;
#9007 = CARTESIAN_POINT ( 'NONE',  ( 0.2300000000000000100, 13.47720598351600074, 5.141530882016000170 ) ) ;
#9008 = AXIS2_PLACEMENT_3D ( 'NONE', #6767, #5767, #4830 ) ;
#9009 = CARTESIAN_POINT ( 'NONE',  ( -0.8400000000000000799, 13.01999999999999957, 10.33999999999999808 ) ) ;
#9010 = CARTESIAN_POINT ( 'NONE',  ( -0.7900000000000000355, 15.69999999999999929, -0.3649999999999998801 ) ) ;
#9011 = ORIENTED_EDGE ( 'NONE', *, *, #5749, .T. ) ;
#9012 = FACE_OUTER_BOUND ( 'NONE', #10088, .T. ) ;
#9013 = EDGE_CURVE ( 'NONE', #7875, #8555, #3715, .T. ) ;
#9014 = AXIS2_PLACEMENT_3D ( 'NONE', #2542, #10170, #9240 ) ;
#9015 = VERTEX_POINT ( 'NONE', #11601 ) ;
#9016 = DIRECTION ( 'NONE',  ( 0.000000000000000000, 1.000000000000000000, 0.000000000000000000 ) ) ;
#9017 = VERTEX_POINT ( 'NONE', #5858 ) ;
#9018 = ORIENTED_EDGE ( 'NONE', *, *, #1638, .T. ) ;
#9019 = VERTEX_POINT ( 'NONE', #8720 ) ;
#9020 = FACE_OUTER_BOUND ( 'NONE', #5235, .T. ) ;
#9021 = DIRECTION ( 'NONE',  ( 1.000000000000000000, 0.000000000000000000, 0.000000000000000000 ) ) ;
#9022 = DIRECTION ( 'NONE',  ( 0.000000000000000000, 0.000000000000000000, 1.000000000000000000 ) ) ;
#9023 = CARTESIAN_POINT ( 'NONE',  ( 0.8400000000000000799, 13.01999999999999957, -0.3649999999999998801 ) ) ;
#9024 = DIRECTION ( 'NONE',  ( 0.000000000000000000, -1.000000000000000000, 0.000000000000000000 ) ) ;
#9025 = EDGE_CURVE ( 'NONE', #11453, #5650, #9607, .T. ) ;
#9026 = EDGE_CURVE ( 'NONE', #153, #7639, #7848, .T. ) ;
#9027 = MECHANICAL_DESIGN_GEOMETRIC_PRESENTATION_REPRESENTATION (  '', ( #10823 ), #7040 ) ;
#9028 = EDGE_CURVE ( 'NONE', #5622, #3387, #10537, .T. ) ;
#9029 = VECTOR ( 'NONE', #10743, 1000.000000000000114 ) ;
#9030 = ORIENTED_EDGE ( 'NONE', *, *, #10654, .T. ) ;
#9031 = EDGE_CURVE ( 'NONE', #9999, #6203, #5907, .T. ) ;
#9032 = PLANE ( 'NONE',  #4728 ) ;
#9033 = EDGE_CURVE ( 'NONE', #5367, #2788, #1053, .T. ) ;
#9034 = EDGE_LOOP ( 'NONE', ( #1564, #6189, #11946, #7951 ) ) ;
#9035 = ADVANCED_FACE ( 'NONE', ( #111 ), #6800, .T. ) ;
#9036 = ORIENTED_EDGE ( 'NONE', *, *, #3878, .T. ) ;
#9037 = FILL_AREA_STYLE_COLOUR ( '', #6236 ) ;
#9038 = ORIENTED_EDGE ( 'NONE', *, *, #9025, .T. ) ;
#9039 = FACE_OUTER_BOUND ( 'NONE', #5475, .T. ) ;
#9040 = DIRECTION ( 'NONE',  ( 0.000000000000000000, 0.000000000000000000, 1.000000000000000000 ) ) ;
#9041 = CARTESIAN_POINT ( 'NONE',  ( -0.3550961946530000191, 8.388255686313000226, -7.493449063346999672 ) ) ;
#9042 = CARTESIAN_POINT ( 'NONE',  ( 5.339999999999998970, -3.350000000001385203, -1.273734666247064773 ) ) ;
#9043 = CARTESIAN_POINT ( 'NONE',  ( -0.7900000000000000355, 15.66000000000000014, 5.159999999999999254 ) ) ;
#9044 = ADVANCED_FACE ( 'NONE', ( #3970 ), #2162, .T. ) ;
#9045 = B_SPLINE_CURVE_WITH_KNOTS ( 'NONE', 3,
 ( #3326, #7157, #10954, #2399 ),
 .UNSPECIFIED., .F., .F.,
 ( 4, 4 ),
 ( 0.0002212445426453528311, 0.0002689221582929448304 ),
 .UNSPECIFIED. ) ;
#9046 = EDGE_CURVE ( 'NONE', #9137, #7057, #6914, .T. ) ;
#9047 = ORIENTED_EDGE ( 'NONE', *, *, #11287, .T. ) ;
#9048 = DIRECTION ( 'NONE',  ( 0.000000000000000000, 0.000000000000000000, 1.000000000000000000 ) ) ;
#9049 = CARTESIAN_POINT ( 'NONE',  ( 1.244999999999999662, 13.47869573117973196, 5.144767955706051943 ) ) ;
#9050 = VERTEX_POINT ( 'NONE', #2101 ) ;
#9051 = ORIENTED_EDGE ( 'NONE', *, *, #4992, .T. ) ;
#9052 = DIRECTION ( 'NONE',  ( 0.000000000000000000, 1.000000000000000000, -3.469446951953635882E-15 ) ) ;
#9053 = ORIENTED_EDGE ( 'NONE', *, *, #907, .F. ) ;
#9054 = DIRECTION ( 'NONE',  ( 0.000000000000000000, 1.000000000000000000, 0.000000000000000000 ) ) ;
#9055 = ORIENTED_EDGE ( 'NONE', *, *, #7287, .T. ) ;
#9056 = DIRECTION ( 'NONE',  ( 0.000000000000000000, -0.9086141679698426232, 0.4176365570259273907 ) ) ;
#9057 = ORIENTED_EDGE ( 'NONE', *, *, #6630, .F. ) ;
#9058 = CARTESIAN_POINT ( 'NONE',  ( -0.9149026679812449769, 8.467947804153773461, -7.764484682603599808 ) ) ;
#9059 = FACE_OUTER_BOUND ( 'NONE', #4560, .T. ) ;
#9060 = DIRECTION ( 'NONE',  ( 0.000000000000000000, 0.9763850306004407953, 0.2160376634278763919 ) ) ;
#9061 = ORIENTED_EDGE ( 'NONE', *, *, #794, .F. ) ;
#9062 = LINE ( 'NONE', #8303, #3643 ) ;
#9063 = ORIENTED_EDGE ( 'NONE', *, *, #2681, .T. ) ;
#9064 = LINE ( 'NONE', #2440, #8616 ) ;
#9065 = LINE ( 'NONE', #5318, #1612 ) ;
#9066 = EDGE_LOOP ( 'NONE', ( #7074, #9212, #2569, #9038 ) ) ;
#9067 = CARTESIAN_POINT ( 'NONE',  ( 0.7900000000000000355, 14.49800950369600017, 4.776298838437000427 ) ) ;
#9068 = DIRECTION ( 'NONE',  ( 0.000000000000000000, 0.000000000000000000, 1.000000000000000000 ) ) ;
#9069 = ADVANCED_FACE ( 'NONE', ( #7688 ), #1773, .T. ) ;
#9070 = ADVANCED_FACE ( 'NONE', ( #79 ), #12197, .F. ) ;
#9071 = EDGE_CURVE ( 'NONE', #11041, #3495, #6510, .T. ) ;
#9072 = LINE ( 'NONE', #508, #815 ) ;
#9073 = FACE_OUTER_BOUND ( 'NONE', #803, .T. ) ;
#9074 = CARTESIAN_POINT ( 'NONE',  ( -0.9152164854657609538, 8.483816257137986483, -7.759077293087754512 ) ) ;
#9075 = VERTEX_POINT ( 'NONE', #953 ) ;
#9076 = DIRECTION ( 'NONE',  ( 0.000000000000000000, 0.000000000000000000, 1.000000000000000000 ) ) ;
#9077 = ORIENTED_EDGE ( 'NONE', *, *, #2081, .F. ) ;
#9078 = PLANE ( 'NONE',  #2613 ) ;
#9079 = ORIENTED_EDGE ( 'NONE', *, *, #3081, .F. ) ;
#9080 = VERTEX_POINT ( 'NONE', #4768 ) ;
#9081 = CARTESIAN_POINT ( 'NONE',  ( -0.7150000000000000799, 13.02999999999999936, 4.890000000000000568 ) ) ;
#9083 = CIRCLE ( 'NONE', #10651, 1.083702780452000747 ) ;
#9082 = LINE ( 'NONE', #8021, #1002 ) ;
#9084 = CARTESIAN_POINT ( 'NONE',  ( -0.9150000000000000355, 7.058817561802944063, -8.750000000000000000 ) ) ;
#9085 = CARTESIAN_POINT ( 'NONE',  ( -0.2350000000000000144, 13.47717856557507865, 5.141471268095363811 ) ) ;
#9086 = FACE_OUTER_BOUND ( 'NONE', #11641, .T. ) ;
#9087 = ORIENTED_EDGE ( 'NONE', *, *, #2519, .F. ) ;
#9088 = LINE ( 'NONE', #10778, #8518 ) ;
#9089 = ORIENTED_EDGE ( 'NONE', *, *, #4293, .F. ) ;
#9090 = EDGE_LOOP ( 'NONE', ( #5306, #11807, #7459, #3660 ) ) ;
#9091 = DIRECTION ( 'NONE',  ( 0.000000000000000000, 0.000000000000000000, 1.000000000000000000 ) ) ;
#9092 = ORIENTED_EDGE ( 'NONE', *, *, #3293, .T. ) ;
#9093 = CARTESIAN_POINT ( 'NONE',  ( -0.2350000000000000144, 9.130601661684000447, -7.606614561090999871 ) ) ;
#9094 = CARTESIAN_POINT ( 'NONE',  ( 2.152431722891520405, 8.516476466015131308, -7.464249638695820366 ) ) ;
#9095 = CARTESIAN_POINT ( 'NONE',  ( 5.599999999999999645, 0.000000000000000000, 6.740000000000000213 ) ) ;
#9096 = LINE ( 'NONE', #11039, #11497 ) ;
#9097 = FACE_OUTER_BOUND ( 'NONE', #6944, .T. ) ;
#9098 = EDGE_CURVE ( 'NONE', #135, #11341, #3759, .T. ) ;
#9099 = VECTOR ( 'NONE', #4485, 1000.000000000000000 ) ;
#9100 = ADVANCED_FACE ( 'NONE', ( #10389 ), #11801, .F. ) ;
#9101 = AXIS2_PLACEMENT_3D ( 'NONE', #9722, #2965, #1237 ) ;
#9102 = ADVANCED_FACE ( 'NONE', ( #8630 ), #9319, .F. ) ;
#9103 = ORIENTED_EDGE ( 'NONE', *, *, #6160, .T. ) ;
#9104 = LINE ( 'NONE', #5077, #4719 ) ;
#9105 = DIRECTION ( 'NONE',  ( 0.000000000000000000, 0.3226237828710001865, -0.9465272815540003437 ) ) ;
#9106 = VECTOR ( 'NONE', #7208, 1000.000000000000114 ) ;
#9107 = EDGE_CURVE ( 'NONE', #5780, #8751, #2818, .T. ) ;
#9108 = EDGE_CURVE ( 'NONE', #5582, #12153, #5578, .T. ) ;
#9109 = DIRECTION ( 'NONE',  ( 0.000000000000000000, -0.9086141679698426232, 0.4176365570259273907 ) ) ;
#9110 = ORIENTED_EDGE ( 'NONE', *, *, #6521, .F. ) ;
#9111 = VECTOR ( 'NONE', #10962, 1000.000000000000000 ) ;
#9112 = ADVANCED_FACE ( 'NONE', ( #8445 ), #6649, .F. ) ;
#9113 = EDGE_LOOP ( 'NONE', ( #5308, #8491, #10256, #299 ) ) ;
#9114 = DIRECTION ( 'NONE',  ( 1.000000000000000000, 0.000000000000000000, 0.000000000000000000 ) ) ;
#9115 = ORIENTED_EDGE ( 'NONE', *, *, #7815, .F. ) ;
#9116 = DIRECTION ( 'NONE',  ( 1.000000000000000000, 0.000000000000000000, 0.000000000000000000 ) ) ;
#9117 = ORIENTED_EDGE ( 'NONE', *, *, #7083, .F. ) ;
#9118 = CARTESIAN_POINT ( 'NONE',  ( -0.8400000000000000799, 15.11999999999999922, 4.890000000000000568 ) ) ;
#9119 = LINE ( 'NONE', #556, #148 ) ;
#9120 = CARTESIAN_POINT ( 'NONE',  ( 5.079999999999999183, -0.7200000000000001954, 1.273734666247000158 ) ) ;
#9121 = LINE ( 'NONE', #1869, #5967 ) ;
#9122 = AXIS2_PLACEMENT_3D ( 'NONE', #3283, #4167, #6296 ) ;
#9123 = AXIS2_PLACEMENT_3D ( 'NONE', #7766, #10407, #3009 ) ;
#9124 = ORIENTED_EDGE ( 'NONE', *, *, #3717, .F. ) ;
#9125 = DIRECTION ( 'NONE',  ( 0.000000000000000000, 0.000000000000000000, 1.000000000000000000 ) ) ;
#9126 = VERTEX_POINT ( 'NONE', #11261 ) ;
#9127 = FACE_OUTER_BOUND ( 'NONE', #10980, .T. ) ;
#9128 = DIRECTION ( 'NONE',  ( 1.000000000000000000, 0.000000000000000000, 0.000000000000000000 ) ) ;
#9129 = VERTEX_POINT ( 'NONE', #2687 ) ;
#9130 = CARTESIAN_POINT ( 'NONE',  ( -0.3221318890830000004, 8.362501274716999333, -7.499416538034999746 ) ) ;
#9131 = VECTOR ( 'NONE', #7580, 1000.000000000000000 ) ;
#9132 = DIRECTION ( 'NONE',  ( 0.9999979017704853090, 0.0004638561100252248915, -0.001995317552647971147 ) ) ;
#9133 = DIRECTION ( 'NONE',  ( 0.000000000000000000, 1.000000000000000000, -3.469446951953635882E-15 ) ) ;
#9134 = PLANE ( 'NONE',  #9701 ) ;
#9135 = CARTESIAN_POINT ( 'NONE',  ( -1.814999999999999947, 15.52000000000000135, 5.136780657427999941 ) ) ;
#9136 = EDGE_CURVE ( 'NONE', #4755, #4446, #10318, .T. ) ;
#9137 = VERTEX_POINT ( 'NONE', #11319 ) ;
#9138 = CARTESIAN_POINT ( 'NONE',  ( -0.2300000000000000100, 14.06939833831586562, -6.213385438908392011 ) ) ;
#9139 = EDGE_CURVE ( 'NONE', #9915, #12221, #6575, .T. ) ;
#9140 = VERTEX_POINT ( 'NONE', #5646 ) ;
#9141 = FACE_OUTER_BOUND ( 'NONE', #3594, .T. ) ;
#9142 = ORIENTED_EDGE ( 'NONE', *, *, #555, .T. ) ;
#9143 = VECTOR ( 'NONE', #6474, 1000.000000000000000 ) ;
#9144 = DIRECTION ( 'NONE',  ( -0.000000000000000000, 1.000000000000000000, 0.000000000000000000 ) ) ;
#9145 = ORIENTED_EDGE ( 'NONE', *, *, #3049, .F. ) ;
#9146 = VERTEX_POINT ( 'NONE', #1839 ) ;
#9147 = CARTESIAN_POINT ( 'NONE',  ( -0.9100000000000000311, -3.700000000000000178, -8.750000000000000000 ) ) ;
#9148 = CARTESIAN_POINT ( 'NONE',  ( -2.314999999999999947, 3.000000000000000000, -6.490000000000000213 ) ) ;
#9149 = DIRECTION ( 'NONE',  ( -1.224646799146999945E-16, 0.000000000000000000, -1.000000000000000000 ) ) ;
#9150 = CARTESIAN_POINT ( 'NONE',  ( 2.190286205994000035, 8.388429158692998655, -7.494195269932999892 ) ) ;
#9151 = LINE ( 'NONE', #6405, #8144 ) ;
#9152 = AXIS2_PLACEMENT_3D ( 'NONE', #1913, #1086, #11578 ) ;
#9153 = VERTEX_POINT ( 'NONE', #7636 ) ;
#9154 = DIRECTION ( 'NONE',  ( 0.000000000000000000, -1.000000000000000000, 0.000000000000000000 ) ) ;
#9155 = EDGE_CURVE ( 'NONE', #8424, #5289, #890, .T. ) ;
#9156 = ORIENTED_EDGE ( 'NONE', *, *, #8788, .T. ) ;
#9157 = EDGE_LOOP ( 'NONE', ( #10281, #5378, #8543, #2904 ) ) ;
#9158 = VECTOR ( 'NONE', #7368, 1000.000000000000000 ) ;
#9159 = ORIENTED_EDGE ( 'NONE', *, *, #1477, .F. ) ;
#9160 = AXIS2_PLACEMENT_3D ( 'NONE', #1449, #7607, #9995 ) ;
#9161 = CARTESIAN_POINT ( 'NONE',  ( 1.200000000000000178, 13.01999999999999957, 10.33999999999999808 ) ) ;
#9162 = CARTESIAN_POINT ( 'NONE',  ( -0.9108317552745395229, 8.498246844457446159, -7.755675272487635219 ) ) ;
#9163 = DIRECTION ( 'NONE',  ( 0.000000000000000000, 0.000000000000000000, 1.000000000000000000 ) ) ;
#9164 = CARTESIAN_POINT ( 'NONE',  ( 2.189712618997000426, 1.100000000000000089, -9.030573293245000244 ) ) ;
#9165 = FACE_OUTER_BOUND ( 'NONE', #7530, .T. ) ;
#9166 = AXIS2_PLACEMENT_3D ( 'NONE', #6986, #3223, #4288 ) ;
#9167 = VECTOR ( 'NONE', #2960, 1000.000000000000000 ) ;
#9168 = ORIENTED_EDGE ( 'NONE', *, *, #7014, .T. ) ;
#9169 = DIRECTION ( 'NONE',  ( 0.000000000000000000, -1.000000000000000000, 0.000000000000000000 ) ) ;
#9170 = LINE ( 'NONE', #545, #1264 ) ;
#9171 = ADVANCED_FACE ( 'NONE', ( #8507 ), #12325, .F. ) ;
#9172 = CARTESIAN_POINT ( 'NONE',  ( 1.250000000000000222, 13.47869573117973196, 5.144767955706051943 ) ) ;
#9173 = VERTEX_POINT ( 'NONE', #7178 ) ;
#9174 = VERTEX_POINT ( 'NONE', #1074 ) ;
#9175 = FACE_OUTER_BOUND ( 'NONE', #10124, .T. ) ;
#9176 = ORIENTED_EDGE ( 'NONE', *, *, #6597, .F. ) ;
#9177 = CARTESIAN_POINT ( 'NONE',  ( -0.2350000000000000144, 15.79999999999954774, 5.174947165682039163 ) ) ;
#9178 = ORIENTED_EDGE ( 'NONE', *, *, #5562, .F. ) ;
#9179 = DIRECTION ( 'NONE',  ( 0.000000000000000000, 1.000000000000000000, 0.000000000000000000 ) ) ;
#9180 = VECTOR ( 'NONE', #3532, 1000.000000000000000 ) ;
#9181 = VECTOR ( 'NONE', #5143, 1000.000000000000000 ) ;
#9182 = DIRECTION ( 'NONE',  ( 1.000000000000000000, 0.000000000000000000, 0.000000000000000000 ) ) ;
#9183 = LINE ( 'NONE', #10116, #10182 ) ;
#9184 = VECTOR ( 'NONE', #2754, 1000.000000000000000 ) ;
#9185 = CARTESIAN_POINT ( 'NONE',  ( -1.810000000000000053, 13.96993164062500092, -4.623949218749999091 ) ) ;
#9186 = EDGE_CURVE ( 'NONE', #10881, #3907, #4881, .T. ) ;
#9187 = EDGE_CURVE ( 'NONE', #9428, #5510, #1200, .T. ) ;
#9188 = VECTOR ( 'NONE', #11456, 1000.000000000000000 ) ;
#9189 = VECTOR ( 'NONE', #3047, 1000.000000000000000 ) ;
#9190 = ORIENTED_EDGE ( 'NONE', *, *, #3218, .T. ) ;
#9191 = CIRCLE ( 'NONE', #5996, 0.1399999999999985978 ) ;
#9192 = DIRECTION ( 'NONE',  ( -1.000000000000000000, 0.000000000000000000, -0.000000000000000000 ) ) ;
#9193 = EDGE_CURVE ( 'NONE', #8734, #8624, #9684, .T. ) ;
#9194 = VERTEX_POINT ( 'NONE', #7868 ) ;
#9195 = DIRECTION ( 'NONE',  ( 1.000000000000000000, 0.000000000000000000, 0.000000000000000000 ) ) ;
#9196 = EDGE_LOOP ( 'NONE', ( #874, #8151, #10051, #991, #7027, #11201, #109, #5910, #2133, #11699, #4748, #10011, #6077, #8288, #7380, #8932, #5135, #6332, #226, #1840, #474, #275, #3115, #3011, #4555, #1444, #9325, #8781, #10015, #7788, #1424, #4629, #993, #11003, #4930, #3682, #11144, #7306, #726, #2525, #8528, #1485, #9124, #1722, #2996, #12109, #9545, #7248, #11322, #9513, #5002, #10223, #8810, #8963, #4591, #11967, #3631, #463 ) ) ;
#9197 = DIRECTION ( 'NONE',  ( 0.9999979017704854201, 0.000000000000000000, -0.002048524988061995854 ) ) ;
#9198 = VERTEX_POINT ( 'NONE', #2995 ) ;
#9199 = DIRECTION ( 'NONE',  ( 0.000000000000000000, 0.000000000000000000, -1.000000000000000000 ) ) ;
#9200 = DIRECTION ( 'NONE',  ( 1.224646799146797060E-16, -0.2185832977459636339, 0.9758182935088374199 ) ) ;
#9201 = DIRECTION ( 'NONE',  ( 0.000000000000000000, 0.9763850306004406843, 0.2160376634278765307 ) ) ;
#9202 = AXIS2_PLACEMENT_3D ( 'NONE', #3340, #477, #8155 ) ;
#9203 = FACE_OUTER_BOUND ( 'NONE', #9782, .T. ) ;
#9204 = LINE ( 'NONE', #646, #7374 ) ;
#9205 = VERTEX_POINT ( 'NONE', #5012 ) ;
#9206 = EDGE_CURVE ( 'NONE', #7068, #5367, #5823, .T. ) ;
#9207 = CARTESIAN_POINT ( 'NONE',  ( -1.810000000000000053, 15.80000000000000071, 5.159999999999999254 ) ) ;
#9208 = EDGE_LOOP ( 'NONE', ( #10171, #547, #8096, #3350 ) ) ;
#9209 = CARTESIAN_POINT ( 'NONE',  ( 2.151679572210132285, 8.517843221711968837, -7.463928077741090128 ) ) ;
#9210 = ORIENTED_EDGE ( 'NONE', *, *, #1685, .T. ) ;
#9211 = FACE_OUTER_BOUND ( 'NONE', #2962, .T. ) ;
#9212 = ORIENTED_EDGE ( 'NONE', *, *, #3539, .T. ) ;
#9213 = CIRCLE ( 'NONE', #5651, 0.1399999999999995137 ) ;
#9214 = EDGE_LOOP ( 'NONE', ( #3315, #11440, #3894, #10309 ) ) ;
#9215 = CARTESIAN_POINT ( 'NONE',  ( 5.339999999999998970, -3.350000000001385203, -1.273734666247064773 ) ) ;
#9216 = CARTESIAN_POINT ( 'NONE',  ( 1.532761052181999872, 9.069398338316000618, -7.333385438908999632 ) ) ;
#9217 = DIRECTION ( 'NONE',  ( -1.000000000000000000, 0.000000000000000000, 0.000000000000000000 ) ) ;
#9218 = DIRECTION ( 'NONE',  ( -1.000000000000000000, -0.000000000000000000, -0.000000000000000000 ) ) ;
#9219 = CARTESIAN_POINT ( 'NONE',  ( -5.070000000000000284, 15.45000000000000107, 10.33999999999999986 ) ) ;
#9220 = ORIENTED_EDGE ( 'NONE', *, *, #1746, .F. ) ;
#9221 = FACE_OUTER_BOUND ( 'NONE', #11409, .T. ) ;
#9222 = ORIENTED_EDGE ( 'NONE', *, *, #6688, .T. ) ;
#9223 = VERTEX_POINT ( 'NONE', #10042 ) ;
#9224 = VERTEX_POINT ( 'NONE', #3414 ) ;
#9225 = CARTESIAN_POINT ( 'NONE',  ( -0.2389158105180000102, 9.085841931843999575, -7.616891352449000507 ) ) ;
#9226 = DIRECTION ( 'NONE',  ( 1.000000000000000000, 0.000000000000000000, 0.000000000000000000 ) ) ;
#9227 =( GEOMETRIC_REPRESENTATION_CONTEXT ( 3 ) GLOBAL_UNCERTAINTY_ASSIGNED_CONTEXT ( ( #2843 ) ) GLOBAL_UNIT_ASSIGNED_CONTEXT ( ( #10669, #2603, #10987 ) ) REPRESENTATION_CONTEXT ( 'NONE', 'WORKASPACE' ) );
#9228 = DIRECTION ( 'NONE',  ( 0.000000000000000000, 1.000000000000000000, 0.000000000000000000 ) ) ;
#9229 = LINE ( 'NONE', #3535, #5521 ) ;
#9230 = VECTOR ( 'NONE', #5379, 1000.000000000000000 ) ;
#9231 = CARTESIAN_POINT ( 'NONE',  ( -0.3499999999999999778, -3.700000000000000178, -9.029999999999999361 ) ) ;
#9232 = EDGE_CURVE ( 'NONE', #10518, #7680, #8744, .T. ) ;
#9233 = EDGE_CURVE ( 'NONE', #2338, #12022, #9104, .T. ) ;
#9234 = DIRECTION ( 'NONE',  ( -1.000000000000000000, 0.000000000000000000, 0.000000000000000000 ) ) ;
#9235 = VECTOR ( 'NONE', #2272, 1000.000000000000000 ) ;
#9236 = DIRECTION ( 'NONE',  ( -1.000000000000000000, 0.000000000000000000, 0.000000000000000000 ) ) ;
#9237 = DIRECTION ( 'NONE',  ( 0.000000000000000000, -1.000000000000000000, 0.000000000000000000 ) ) ;
#9238 = VERTEX_POINT ( 'NONE', #5878 ) ;
#9239 = ORIENTED_EDGE ( 'NONE', *, *, #7286, .T. ) ;
#9240 = DIRECTION ( 'NONE',  ( 0.000000000000000000, 0.000000000000000000, 1.000000000000000000 ) ) ;
#9241 = ORIENTED_EDGE ( 'NONE', *, *, #3584, .T. ) ;
#9242 = FACE_OUTER_BOUND ( 'NONE', #8238, .T. ) ;
#9243 = VERTEX_POINT ( 'NONE', #3936 ) ;
#9244 = DIRECTION ( 'NONE',  ( -0.9999996469509474517, -0.0008402963645880849076, 0.000000000000000000 ) ) ;
#9245 = DIRECTION ( 'NONE',  ( 0.000000000000000000, 1.000000000000000000, 0.000000000000000000 ) ) ;
#9246 = CARTESIAN_POINT ( 'NONE',  ( -2.880000000000000338, 15.69999999999999929, 6.119999999999999218 ) ) ;
#9247 = CARTESIAN_POINT ( 'NONE',  ( 1.245000000000000107, 9.068157359074207946, -7.327845353008103579 ) ) ;
#9248 = EDGE_LOOP ( 'NONE', ( #1058, #10597, #3913, #384 ) ) ;
#9249 = DIRECTION ( 'NONE',  ( 0.000000000000000000, 0.000000000000000000, 1.000000000000000000 ) ) ;
#9250 = ORIENTED_EDGE ( 'NONE', *, *, #10408, .F. ) ;
#9251 = DIRECTION ( 'NONE',  ( -1.000000000000000000, 0.000000000000000000, 0.000000000000000000 ) ) ;
#9252 = ORIENTED_EDGE ( 'NONE', *, *, #6506, .F. ) ;
#9253 = LINE ( 'NONE', #8560, #3606 ) ;
#9254 = DIRECTION ( 'NONE',  ( 1.000000000000000000, 0.000000000000000000, -1.224646799146999945E-16 ) ) ;
#9255 = DIRECTION ( 'NONE',  ( -1.000000000000000000, 0.000000000000000000, 0.000000000000000000 ) ) ;
#9256 = CARTESIAN_POINT ( 'NONE',  ( 1.860000000000000098, 13.05000000000000071, 4.890000000000000568 ) ) ;
#9257 = PLANE ( 'NONE',  #8749 ) ;
#9258 = ADVANCED_FACE ( 'NONE', ( #134 ), #8365, .F. ) ;
#9259 = EDGE_CURVE ( 'NONE', #10206, #8215, #312, .T. ) ;
#9260 = ORIENTED_EDGE ( 'NONE', *, *, #9367, .T. ) ;
#9261 = CARTESIAN_POINT ( 'NONE',  ( -0.2300000000000000100, 14.08947998063600160, -6.210395812409999827 ) ) ;
#9262 = ORIENTED_EDGE ( 'NONE', *, *, #1098, .T. ) ;
#9263 = FACE_OUTER_BOUND ( 'NONE', #3290, .T. ) ;
#9264 = ADVANCED_FACE ( 'NONE', ( #7241 ), #10200, .F. ) ;
#9265 = CARTESIAN_POINT ( 'NONE',  ( -5.080000000000000071, 1.100000000000000089, 0.000000000000000000 ) ) ;
#9266 = VERTEX_POINT ( 'NONE', #11735 ) ;
#9267 = CARTESIAN_POINT ( 'NONE',  ( -2.220000000000000195, 13.01999999999999957, 10.33999999999999808 ) ) ;
#9268 = ADVANCED_FACE ( 'NONE', ( #7749 ), #6234, .T. ) ;
#9269 = ADVANCED_FACE ( 'NONE', ( #6824 ), #10677, .T. ) ;
#9270 = ORIENTED_EDGE ( 'NONE', *, *, #11373, .F. ) ;
#9271 = DIRECTION ( 'NONE',  ( -0.001995317337987139936, -9.255420796375094338E-07, -0.9999980093519507118 ) ) ;
#9272 = DIRECTION ( 'NONE',  ( -1.000000000000000000, 0.000000000000000000, 0.000000000000000000 ) ) ;
#9273 = LINE ( 'NONE', #588, #2003 ) ;
#9274 = LINE ( 'NONE', #10275, #11301 ) ;
#9275 = CARTESIAN_POINT ( 'NONE',  ( -0.9150000000000000355, 1.100000000000000089, -8.750000000000000000 ) ) ;
#9276 = EDGE_CURVE ( 'NONE', #8375, #6697, #6546, .T. ) ;
#9277 = VERTEX_POINT ( 'NONE', #8475 ) ;
#9278 = DIRECTION ( 'NONE',  ( 0.000000000000000000, 0.000000000000000000, 1.000000000000000000 ) ) ;
#9279 = ORIENTED_EDGE ( 'NONE', *, *, #9795, .T. ) ;
#9280 = ORIENTED_EDGE ( 'NONE', *, *, #6506, .T. ) ;
#9281 = VERTEX_POINT ( 'NONE', #5429 ) ;
#9282 = DIRECTION ( 'NONE',  ( 0.000000000000000000, -1.000000000000000000, 0.000000000000000000 ) ) ;
#9283 = CARTESIAN_POINT ( 'NONE',  ( 2.189999999999999947, 3.000000000000000000, -9.639999999999998792 ) ) ;
#9284 = LINE ( 'NONE', #12040, #10533 ) ;
#9285 = CARTESIAN_POINT ( 'NONE',  ( 8.751918340712878219, 13.08000000000000007, -0.3649999999999998801 ) ) ;
#9286 = FACE_OUTER_BOUND ( 'NONE', #9196, .T. ) ;
#9287 = VECTOR ( 'NONE', #10214, 1000.000000000000000 ) ;
#9288 = EDGE_CURVE ( 'NONE', #4446, #4507, #2115, .T. ) ;
#9289 = DIRECTION ( 'NONE',  ( -1.000000000000000000, -0.000000000000000000, -0.000000000000000000 ) ) ;
#9290 = EDGE_CURVE ( 'NONE', #4403, #2190, #12290, .T. ) ;
#9291 = PLANE ( 'NONE',  #8614 ) ;
#9292 = EDGE_CURVE ( 'NONE', #10928, #9017, #7540, .T. ) ;
#9293 = LINE ( 'NONE', #3668, #7918 ) ;
#9294 = ORIENTED_EDGE ( 'NONE', *, *, #7964, .F. ) ;
#9295 = CARTESIAN_POINT ( 'NONE',  ( 1.810000000000000053, 15.21049096661799993, -5.620000000000000107 ) ) ;
#9296 = ORIENTED_EDGE ( 'NONE', *, *, #2018, .F. ) ;
#9297 = VERTEX_POINT ( 'NONE', #6293 ) ;
#9298 = DIRECTION ( 'NONE',  ( 0.0006866331995825462062, 0.2264341432898830664, -0.9740262354204971551 ) ) ;
#9299 = AXIS2_PLACEMENT_3D ( 'NONE', #2658, #7361, #7478 ) ;
#9300 = CARTESIAN_POINT ( 'NONE',  ( 0.2300000000000000100, 13.35000000000000142, 5.200000000000000178 ) ) ;
#9301 = CARTESIAN_POINT ( 'NONE',  ( -0.7949278250002965729, 9.092377466885668724, -7.328233494908721113 ) ) ;
#9302 = AXIS2_PLACEMENT_3D ( 'NONE', #7896, #3962, #10646 ) ;
#9303 = AXIS2_PLACEMENT_3D ( 'NONE', #12277, #11583, #10520 ) ;
#9304 = CARTESIAN_POINT ( 'NONE',  ( -0.3549999999999999822, -3.700000000000000178, -9.029999999999999361 ) ) ;
#9305 = ADVANCED_FACE ( 'NONE', ( #4487 ), #10103, .T. ) ;
#9306 = EDGE_LOOP ( 'NONE', ( #8800, #3332, #4061, #2890 ) ) ;
#9307 = CARTESIAN_POINT ( 'NONE',  ( -2.880000000000000338, 15.69999999999999929, -5.620000000000000107 ) ) ;
#9308 = ORIENTED_EDGE ( 'NONE', *, *, #7801, .T. ) ;
#9309 = CARTESIAN_POINT ( 'NONE',  ( -0.2350000000000000144, 15.52000000000000135, 5.159999999999999254 ) ) ;
#9310 = ORIENTED_EDGE ( 'NONE', *, *, #7080, .T. ) ;
#9311 = FACE_OUTER_BOUND ( 'NONE', #2629, .T. ) ;
#9312 = LINE ( 'NONE', #11941, #4286 ) ;
#9313 = VERTEX_POINT ( 'NONE', #3475 ) ;
#9314 = VECTOR ( 'NONE', #2943, 1000.000000000000000 ) ;
#9315 = CARTESIAN_POINT ( 'NONE',  ( -0.7900000000000000355, 15.66000000000000014, 5.159999999999999254 ) ) ;
#9316 = AXIS2_PLACEMENT_3D ( 'NONE', #1203, #444, #260 ) ;
#9317 = LINE ( 'NONE', #6447, #3923 ) ;
#9318 = DIRECTION ( 'NONE',  ( 0.000000000000000000, 0.9763850306004407953, 0.2160376634278763919 ) ) ;
#9319 = PLANE ( 'NONE',  #7110 ) ;
#9320 = VERTEX_POINT ( 'NONE', #6418 ) ;
#9321 = CARTESIAN_POINT ( 'NONE',  ( 2.880000000000000338, 13.08000000000000007, -5.620000000000000107 ) ) ;
#9322 = ORIENTED_EDGE ( 'NONE', *, *, #5076, .T. ) ;
#9323 = VECTOR ( 'NONE', #11863, 1000.000000000000114 ) ;
#9324 = CARTESIAN_POINT ( 'NONE',  ( -1.250000000000000000, 14.00000000000000000, -6.955765441008000316 ) ) ;
#9325 = ORIENTED_EDGE ( 'NONE', *, *, #9026, .F. ) ;
#9326 = CARTESIAN_POINT ( 'NONE',  ( -2.185000000000291820, 8.419999999999999929, -6.490000000000000213 ) ) ;
#9327 = EDGE_LOOP ( 'NONE', ( #3159, #6212, #6563, #9241 ) ) ;
#9328 = DIRECTION ( 'NONE',  ( 1.000000000000000000, 0.000000000000000000, 0.000000000000000000 ) ) ;
#9329 = ADVANCED_FACE ( 'NONE', ( #10354 ), #5358, .T. ) ;
#9330 = EDGE_CURVE ( 'NONE', #7561, #9019, #4677, .T. ) ;
#9331 = EDGE_LOOP ( 'NONE', ( #7271, #7301, #692, #12357 ) ) ;
#9332 = PLANE ( 'NONE',  #5948 ) ;
#9333 = CARTESIAN_POINT ( 'NONE',  ( 2.190286205994000035, 3.000000000000000000, -8.750573880748998334 ) ) ;
#9334 = CARTESIAN_POINT ( 'NONE',  ( -4.944999999999999396, 6.773409090909000341, -5.989999999999999325 ) ) ;
#9335 = CARTESIAN_POINT ( 'NONE',  ( -4.379999999999999893, 4.179999999999999716, 10.33999999999999986 ) ) ;
#9336 = CARTESIAN_POINT ( 'NONE',  ( 1.810000000000000053, 15.11416361098900119, -6.104208234257000321 ) ) ;
#9337 = B_SPLINE_CURVE_WITH_KNOTS ( 'NONE', 3,
 ( #4333, #521, #2458, #9215 ),
 .UNSPECIFIED., .F., .F.,
 ( 4, 4 ),
 ( 0.000000000000000000, 0.0001584566646648637178 ),
 .UNSPECIFIED. ) ;
#9338 = EDGE_CURVE ( 'NONE', #6992, #11059, #6098, .T. ) ;
#9339 = ADVANCED_FACE ( 'NONE', ( #7298 ), #3818, .F. ) ;
#9340 = ORIENTED_EDGE ( 'NONE', *, *, #2727, .F. ) ;
#9341 = CIRCLE ( 'NONE', #5747, 1.870944562245001386 ) ;
#9342 = DIRECTION ( 'NONE',  ( 1.000000000000000000, 0.000000000000000000, -0.000000000000000000 ) ) ;
#9343 = ORIENTED_EDGE ( 'NONE', *, *, #8909, .T. ) ;
#9344 = ORIENTED_EDGE ( 'NONE', *, *, #9633, .T. ) ;
#9345 = ADVANCED_FACE ( 'NONE', ( #3540 ), #12229, .T. ) ;
#9346 = ORIENTED_EDGE ( 'NONE', *, *, #3867, .T. ) ;
#9347 = DIRECTION ( 'NONE',  ( -1.000000000000000000, -0.000000000000000000, -0.000000000000000000 ) ) ;
#9348 = DIRECTION ( 'NONE',  ( 0.000000000000000000, 0.9763850306004407953, 0.2160376634278763919 ) ) ;
#9349 = DIRECTION ( 'NONE',  ( -0.9999979017704854201, -0.0004638561100252251083, 0.001995317552647971147 ) ) ;
#9350 = CARTESIAN_POINT ( 'NONE',  ( -0.2345867841714630586, 9.037931533507615356, -7.340521082099798811 ) ) ;
#9351 = DIRECTION ( 'NONE',  ( 1.000000000000000000, 0.000000000000000000, 0.000000000000000000 ) ) ;
#9352 = VECTOR ( 'NONE', #1853, 1000.000000000000000 ) ;
#9353 = DIRECTION ( 'NONE',  ( 0.000000000000000000, 0.000000000000000000, -1.000000000000000000 ) ) ;
#9354 = CIRCLE ( 'NONE', #987, 1.870944562245001386 ) ;
#9355 = CARTESIAN_POINT ( 'NONE',  ( 1.805607797377374979, 9.137129555623397792, -7.318213646232298863 ) ) ;
#9356 = PLANE ( 'NONE',  #4325 ) ;
#9357 = ORIENTED_EDGE ( 'NONE', *, *, #6275, .T. ) ;
#9358 = CARTESIAN_POINT ( 'NONE',  ( -0.7900000000000000355, 14.00000000000000000, -6.228930666691000262 ) ) ;
#9359 = ORIENTED_EDGE ( 'NONE', *, *, #2519, .T. ) ;
#9360 = CARTESIAN_POINT ( 'NONE',  ( 2.187534975598874887, 8.433956533889270801, -7.483605628916931707 ) ) ;
#9361 = ORIENTED_EDGE ( 'NONE', *, *, #6354, .T. ) ;
#9362 = CARTESIAN_POINT ( 'NONE',  ( -2.220000000000000195, 15.69999999999999929, 6.119999999999999218 ) ) ;
#9363 = CARTESIAN_POINT ( 'NONE',  ( 6.540000000000000036, 0.000000000000000000, 6.740000000000000213 ) ) ;
#9364 = PLANE ( 'NONE',  #11770 ) ;
#9365 = VECTOR ( 'NONE', #11348, 1000.000000000000000 ) ;
#9366 = AXIS2_PLACEMENT_3D ( 'NONE', #3500, #10934, #9005 ) ;
#9367 = EDGE_CURVE ( 'NONE', #3871, #5449, #1686, .T. ) ;
#9368 = ADVANCED_FACE ( 'NONE', ( #735 ), #8349, .T. ) ;
#9369 = CARTESIAN_POINT ( 'NONE',  ( -1.810000000000000053, 14.09999999999999964, -6.209999999999999964 ) ) ;
#9370 = VECTOR ( 'NONE', #6414, 1000.000000000000000 ) ;
#9371 = ORIENTED_EDGE ( 'NONE', *, *, #6291, .T. ) ;
#9372 = VECTOR ( 'NONE', #6273, 1000.000000000000000 ) ;
#9373 = LINE ( 'NONE', #819, #2232 ) ;
#9374 = ORIENTED_EDGE ( 'NONE', *, *, #1623, .F. ) ;
#9375 = VECTOR ( 'NONE', #11871, 1000.000000000000000 ) ;
#9376 = CARTESIAN_POINT ( 'NONE',  ( -5.700000000000000178, 14.00000000000000000, -6.480650477015999833 ) ) ;
#9377 = ORIENTED_EDGE ( 'NONE', *, *, #7131, .T. ) ;
#9378 = CARTESIAN_POINT ( 'NONE',  ( -1.814999999999999947, 14.09999999999999964, -6.349999999999999645 ) ) ;
#9379 = DIRECTION ( 'NONE',  ( 0.000000000000000000, 1.000000000000000000, 0.000000000000000000 ) ) ;
#9380 = EDGE_LOOP ( 'NONE', ( #1201, #1285, #9966, #11051 ) ) ;
#9381 = LINE ( 'NONE', #9626, #9779 ) ;
#9382 = LINE ( 'NONE', #6504, #6116 ) ;
#9383 = CARTESIAN_POINT ( 'NONE',  ( -0.3550480973265000006, 3.799999611307193881, -8.560484886588289655 ) ) ;
#9384 = EDGE_CURVE ( 'NONE', #9462, #825, #6030, .T. ) ;
#9385 = VECTOR ( 'NONE', #7064, 999.9999999999998863 ) ;
#9386 = EDGE_CURVE ( 'NONE', #1154, #11501, #7421, .T. ) ;
#9387 = CONICAL_SURFACE ( 'NONE', #411, 1.300000000000000044, 0.1823488158859994934 ) ;
#9388 = AXIS2_PLACEMENT_3D ( 'NONE', #1692, #875, #4628 ) ;
#9389 = CARTESIAN_POINT ( 'NONE',  ( 0.2300000000000000100, 14.49800950369600017, 4.776298838437000427 ) ) ;
#9390 = EDGE_LOOP ( 'NONE', ( #7637, #3071 ) ) ;
#9391 = CARTESIAN_POINT ( 'NONE',  ( -1.814999999999999947, 14.49800950369600017, 4.776298838437000427 ) ) ;
#9392 = EDGE_LOOP ( 'NONE', ( #6668, #3598, #5501, #8049, #2652, #7981, #1442 ) ) ;
#9393 = CARTESIAN_POINT ( 'NONE',  ( 0.2300000000000000377, 13.47871246230450382, 5.144808391965614014 ) ) ;
#9394 = ORIENTED_EDGE ( 'NONE', *, *, #7992, .T. ) ;
#9395 = DIRECTION ( 'NONE',  ( 1.000000000000000000, 0.000000000000000000, -1.224646799146999945E-16 ) ) ;
#9396 = ORIENTED_EDGE ( 'NONE', *, *, #4490, .F. ) ;
#9397 = STYLED_ITEM ( 'NONE', ( #9794 ), #3557 ) ;
#9398 = CARTESIAN_POINT ( 'NONE',  ( 2.189636189646000375, 2.984006727680000193, -8.750572549171000247 ) ) ;
#9399 = AXIS2_PLACEMENT_3D ( 'NONE', #7430, #10174, #9244 ) ;
#9400 = ORIENTED_EDGE ( 'NONE', *, *, #9206, .T. ) ;
#9401 = DIRECTION ( 'NONE',  ( 1.000000000000000000, 0.000000000000000000, 0.000000000000000000 ) ) ;
#9402 = CARTESIAN_POINT ( 'NONE',  ( -0.3550961946530000191, 8.364828105957084148, -7.498895327414992096 ) ) ;
#9403 = EDGE_CURVE ( 'NONE', #6412, #7068, #1927, .T. ) ;
#9404 = DIRECTION ( 'NONE',  ( 1.000000000000000000, 0.000000000000000000, 0.000000000000000000 ) ) ;
#9405 = LINE ( 'NONE', #10335, #11905 ) ;
#9406 = CARTESIAN_POINT ( 'NONE',  ( 4.879999999999999893, 7.065000000000000391, 10.33999999999999986 ) ) ;
#9407 = AXIS2_PLACEMENT_3D ( 'NONE', #10554, #8858, #3817 ) ;
#9408 = EDGE_LOOP ( 'NONE', ( #9734, #8495, #667, #11239, #3390, #3438, #5249 ) ) ;
#9409 = DIRECTION ( 'NONE',  ( -0.000000000000000000, 1.000000000000000000, 0.000000000000000000 ) ) ;
#9410 = ORIENTED_EDGE ( 'NONE', *, *, #9193, .F. ) ;
#9411 = EDGE_LOOP ( 'NONE', ( #8669, #1586, #1706, #11775 ) ) ;
#9412 = ORIENTED_EDGE ( 'NONE', *, *, #128, .T. ) ;
#9413 = CARTESIAN_POINT ( 'NONE',  ( 2.220000000000000195, 4.179999999999999716, 10.35999999999999943 ) ) ;
#9414 = CARTESIAN_POINT ( 'NONE',  ( 1.804999999999999938, 13.96993164062500092, -4.623949218749999091 ) ) ;
#9415 = EDGE_CURVE ( 'NONE', #5564, #10518, #7784, .T. ) ;
#9416 = LINE ( 'NONE', #12096, #7699 ) ;
#9417 = EDGE_CURVE ( 'NONE', #2470, #4655, #10299, .T. ) ;
#9418 = DIRECTION ( 'NONE',  ( 0.000000000000000000, 0.000000000000000000, -1.000000000000000000 ) ) ;
#9419 = LINE ( 'NONE', #860, #10368 ) ;
#9420 = AXIS2_PLACEMENT_3D ( 'NONE', #198, #10811, #381 ) ;
#9421 = DIRECTION ( 'NONE',  ( 0.000000000000000000, 1.000000000000000000, 0.000000000000000000 ) ) ;
#9422 = EDGE_CURVE ( 'NONE', #7082, #2127, #8604, .T. ) ;
#9423 = EDGE_CURVE ( 'NONE', #3545, #4403, #1123, .T. ) ;
#9424 = DIRECTION ( 'NONE',  ( -0.000000000000000000, -1.000000000000000000, -0.000000000000000000 ) ) ;
#9425 = ORIENTED_EDGE ( 'NONE', *, *, #4460, .F. ) ;
#9426 = CARTESIAN_POINT ( 'NONE',  ( 1.625000000000000000, 7.058817561802944063, -10.22999999999999865 ) ) ;
#9427 = DIRECTION ( 'NONE',  ( 0.000000000000000000, 1.000000000000000000, 0.000000000000000000 ) ) ;
#9428 = VERTEX_POINT ( 'NONE', #11531 ) ;
#9429 = PRESENTATION_LAYER_ASSIGNMENT (  '', '', ( #4029 ) ) ;
#9430 = CARTESIAN_POINT ( 'NONE',  ( -1.780948855074999893, 9.233825112319999917, -6.490000000000000213 ) ) ;
#9431 = ORIENTED_EDGE ( 'NONE', *, *, #1825, .F. ) ;
#9432 = PLANE ( 'NONE',  #9388 ) ;
#9433 = CARTESIAN_POINT ( 'NONE',  ( 6.540000000000000036, 14.52999999999999936, -6.299999999999999822 ) ) ;
#9434 = EDGE_CURVE ( 'NONE', #11041, #5162, #2046, .T. ) ;
#9435 = EDGE_CURVE ( 'NONE', #4139, #6513, #3108, .T. ) ;
#9436 = CARTESIAN_POINT ( 'NONE',  ( 5.080000000000000071, 1.100000000000000089, -1.273734666246999936 ) ) ;
#9437 = CARTESIAN_POINT ( 'NONE',  ( -5.029999999999999361, 13.01999999999999957, 4.890000000000000568 ) ) ;
#9438 = EDGE_CURVE ( 'NONE', #1858, #2114, #9603, .T. ) ;
#9439 = AXIS2_PLACEMENT_3D ( 'NONE', #4039, #230, #10657 ) ;
#9440 = VECTOR ( 'NONE', #6549, 1000.000000000000000 ) ;
#9441 = DIRECTION ( 'NONE',  ( 0.000000000000000000, 0.000000000000000000, 1.000000000000000000 ) ) ;
#9442 = ORIENTED_EDGE ( 'NONE', *, *, #4338, .F. ) ;
#9443 = CARTESIAN_POINT ( 'NONE',  ( 0.1800000000000000211, 15.69999999999999929, 6.119999999999999218 ) ) ;
#9444 = ORIENTED_EDGE ( 'NONE', *, *, #728, .T. ) ;
#9445 = DIRECTION ( 'NONE',  ( 0.000000000000000000, 1.000000000000000000, 0.000000000000000000 ) ) ;
#9446 = ORIENTED_EDGE ( 'NONE', *, *, #5294, .T. ) ;
#9447 = DIRECTION ( 'NONE',  ( -1.000000000000000000, 0.000000000000000000, 0.000000000000000000 ) ) ;
#9448 = DIRECTION ( 'NONE',  ( -1.000000000000000000, 0.000000000000000000, 0.000000000000000000 ) ) ;
#9449 = DIRECTION ( 'NONE',  ( -0.000000000000000000, -1.000000000000000000, -0.000000000000000000 ) ) ;
#9450 = CARTESIAN_POINT ( 'NONE',  ( 1.810000000000000053, 15.79999999999954774, 5.159999999999999254 ) ) ;
#9451 = CARTESIAN_POINT ( 'NONE',  ( 0.2300000000000001765, 9.099999999999999645, -6.209999999999999964 ) ) ;
#9452 = ORIENTED_EDGE ( 'NONE', *, *, #6291, .F. ) ;
#9453 = CARTESIAN_POINT ( 'NONE',  ( 0.07228899078787041910, 14.01872695005867797, -6.224735829878640381 ) ) ;
#9454 = EDGE_CURVE ( 'NONE', #1090, #9050, #12355, .T. ) ;
#9455 = VERTEX_POINT ( 'NONE', #5854 ) ;
#9456 = LINE ( 'NONE', #8450, #1847 ) ;
#9457 = EDGE_CURVE ( 'NONE', #5741, #8624, #10303, .T. ) ;
#9458 = DIRECTION ( 'NONE',  ( 1.000000000000000000, 0.000000000000000000, 0.000000000000000000 ) ) ;
#9459 = ORIENTED_EDGE ( 'NONE', *, *, #1903, .T. ) ;
#9460 = DIRECTION ( 'NONE',  ( 1.000000000000000000, 0.000000000000000000, 0.000000000000000000 ) ) ;
#9461 = ADVANCED_FACE ( 'NONE', ( #6735 ), #5909, .T. ) ;
#9462 = VERTEX_POINT ( 'NONE', #6856 ) ;
#9463 = DIRECTION ( 'NONE',  ( -1.000000000000000000, 0.000000000000000000, 0.000000000000000000 ) ) ;
#9464 = FACE_OUTER_BOUND ( 'NONE', #9726, .T. ) ;
#9465 = DIRECTION ( 'NONE',  ( 1.000000000000000000, 0.000000000000000000, 0.000000000000000000 ) ) ;
#9466 = CARTESIAN_POINT ( 'NONE',  ( -7.900000000000000355, 3.319999999999999840, 8.789999999999999147 ) ) ;
#9467 = LINE ( 'NONE', #2944, #4959 ) ;
#9468 = ORIENTED_EDGE ( 'NONE', *, *, #6973, .F. ) ;
#9469 = FACE_OUTER_BOUND ( 'NONE', #6078, .T. ) ;
#9470 = ORIENTED_EDGE ( 'NONE', *, *, #715, .F. ) ;
#9471 = ORIENTED_EDGE ( 'NONE', *, *, #7160, .T. ) ;
#9472 = ORIENTED_EDGE ( 'NONE', *, *, #9671, .F. ) ;
#9473 = CARTESIAN_POINT ( 'NONE',  ( -1.255000000000000115, 13.47717856557507865, 5.141471268095363811 ) ) ;
#9474 = DIRECTION ( 'NONE',  ( 0.000000000000000000, 1.000000000000000000, 0.000000000000000000 ) ) ;
#9475 = FACE_OUTER_BOUND ( 'NONE', #7768, .T. ) ;
#9476 = PLANE ( 'NONE',  #325 ) ;
#9477 = DIRECTION ( 'NONE',  ( 0.1693015290122034666, 0.9599393833743972149, 0.2232786880132361373 ) ) ;
#9478 = CARTESIAN_POINT ( 'NONE',  ( -1.250000000000000000, 11.10139700824200126, -5.620000000000000107 ) ) ;
#9479 = CIRCLE ( 'NONE', #1898, 0.1399999999999996803 ) ;
#9480 = CARTESIAN_POINT ( 'NONE',  ( -1.814999999999999947, 9.171244629754999877, -6.490000000000000213 ) ) ;
#9481 = ORIENTED_EDGE ( 'NONE', *, *, #6235, .T. ) ;
#9482 = EDGE_CURVE ( 'NONE', #6132, #8721, #1049, .T. ) ;
#9483 = ORIENTED_EDGE ( 'NONE', *, *, #1551, .F. ) ;
#9484 = CARTESIAN_POINT ( 'NONE',  ( -3.971129570381793261, -2.089999999999999858, -1.097272240749140426 ) ) ;
#9485 = ORIENTED_EDGE ( 'NONE', *, *, #256, .T. ) ;
#9486 = LINE ( 'NONE', #10293, #10816 ) ;
#9487 = ORIENTED_EDGE ( 'NONE', *, *, #7117, .T. ) ;
#9488 = CARTESIAN_POINT ( 'NONE',  ( 2.152431722891520405, 8.516476466015131308, -7.464249638695820366 ) ) ;
#9489 = CARTESIAN_POINT ( 'NONE',  ( -1.814999999999999947, 15.52000000000000135, -4.250000000000000000 ) ) ;
#9490 = ADVANCED_FACE ( 'NONE', ( #5796 ), #10534, .F. ) ;
#9491 = EDGE_CURVE ( 'NONE', #1859, #8705, #5325, .T. ) ;
#9492 = PLANE ( 'NONE',  #1757 ) ;
#9493 = PLANE ( 'NONE',  #2596 ) ;
#9494 = EDGE_CURVE ( 'NONE', #5462, #3816, #6797, .T. ) ;
#9495 = ADVANCED_FACE ( 'NONE', ( #9659 ), #8779, .F. ) ;
#9496 = DIRECTION ( 'NONE',  ( -1.110223024624999878E-16, -1.000000000000000000, 0.000000000000000000 ) ) ;
#9497 = EDGE_LOOP ( 'NONE', ( #765, #6489, #5236, #7514 ) ) ;
#9498 = AXIS2_PLACEMENT_3D ( 'NONE', #2126, #5939, #5616 ) ;
#9499 = LINE ( 'NONE', #9443, #5033 ) ;
#9500 = VERTEX_POINT ( 'NONE', #5675 ) ;
#9501 = DIRECTION ( 'NONE',  ( 0.000000000000000000, -3.469446951953635882E-15, -1.000000000000000000 ) ) ;
#9502 = ORIENTED_EDGE ( 'NONE', *, *, #4807, .T. ) ;
#9503 = DIRECTION ( 'NONE',  ( 1.000000000000000000, 0.000000000000000000, 0.000000000000000000 ) ) ;
#9504 = CARTESIAN_POINT ( 'NONE',  ( 0.2300000000000000100, 15.80000000000000071, 5.159999999999999254 ) ) ;
#9505 = VECTOR ( 'NONE', #9068, 1000.000000000000000 ) ;
#9506 = DIRECTION ( 'NONE',  ( 1.000000000000000000, 0.000000000000000000, 0.000000000000000000 ) ) ;
#9507 = DIRECTION ( 'NONE',  ( -0.1692997943950509676, -0.9593655015712897471, -0.2257330591930679642 ) ) ;
#9508 = AXIS2_PLACEMENT_3D ( 'NONE', #10706, #3137, #3900 ) ;
#9509 = AXIS2_PLACEMENT_3D ( 'NONE', #597, #1730, #4540 ) ;
#9510 = DIRECTION ( 'NONE',  ( 0.000000000000000000, 0.9086141679698426232, -0.4176365570259273907 ) ) ;
#9511 = ORIENTED_EDGE ( 'NONE', *, *, #6353, .T. ) ;
#9512 = CARTESIAN_POINT ( 'NONE',  ( 2.189999999999999947, 1.100000000000000311, -9.029999999999999361 ) ) ;
#9513 = ORIENTED_EDGE ( 'NONE', *, *, #8646, .F. ) ;
#9514 = FACE_OUTER_BOUND ( 'NONE', #4204, .T. ) ;
#9515 = LINE ( 'NONE', #6710, #2191 ) ;
#9516 = VERTEX_POINT ( 'NONE', #9480 ) ;
#9517 = CARTESIAN_POINT ( 'NONE',  ( -6.540000000000000036, 3.000000000000000000, -10.22999999999999865 ) ) ;
#9518 = CIRCLE ( 'NONE', #9910, 1.358858635772000722 ) ;
#9519 = VECTOR ( 'NONE', #1020, 1000.000000000000114 ) ;
#9520 = ORIENTED_EDGE ( 'NONE', *, *, #6451, .F. ) ;
#9521 = PLANE ( 'NONE',  #5598 ) ;
#9522 = FACE_OUTER_BOUND ( 'NONE', #4678, .T. ) ;
#9523 = DIRECTION ( 'NONE',  ( 0.000000000000000000, 0.000000000000000000, 1.000000000000000000 ) ) ;
#9524 = DIRECTION ( 'NONE',  ( -1.000000000000000000, 0.000000000000000000, 0.000000000000000000 ) ) ;
#9525 = VECTOR ( 'NONE', #9109, 999.9999999999998863 ) ;
#9526 = EDGE_CURVE ( 'NONE', #170, #11281, #920, .T. ) ;
#9527 = COLOUR_RGB ( '',1.000000000000000000, 0.8117647058823529438, 0.5019607843137254832 ) ;
#9528 = ORIENTED_EDGE ( 'NONE', *, *, #2886, .F. ) ;
#9529 = DIRECTION ( 'NONE',  ( 0.000000000000000000, 1.000000000000000000, 0.000000000000000000 ) ) ;
#9530 = EDGE_CURVE ( 'NONE', #10168, #4816, #12306, .T. ) ;
#9531 = EDGE_LOOP ( 'NONE', ( #11237, #1358, #10328, #2048 ) ) ;
#9532 = ORIENTED_EDGE ( 'NONE', *, *, #5370, .F. ) ;
#9533 = ORIENTED_EDGE ( 'NONE', *, *, #6409, .T. ) ;
#9534 = LINE ( 'NONE', #10703, #3756 ) ;
#9535 = DIRECTION ( 'NONE',  ( 0.9999979017704853090, 0.000000000000000000, -0.002048524988061995421 ) ) ;
#9536 = DIRECTION ( 'NONE',  ( 0.000000000000000000, 0.9086141679698415130, -0.4176365570259298332 ) ) ;
#9537 = DIRECTION ( 'NONE',  ( 0.000000000000000000, 0.000000000000000000, -1.000000000000000000 ) ) ;
#9538 = LINE ( 'NONE', #4795, #10936 ) ;
#9539 = CARTESIAN_POINT ( 'NONE',  ( -0.2300000000000000100, 14.49800950369600017, 4.776298838437000427 ) ) ;
#9540 = EDGE_CURVE ( 'NONE', #6297, #1391, #11897, .T. ) ;
#9541 = CARTESIAN_POINT ( 'NONE',  ( -1.810000000000000053, 9.122794016484000679, -3.661530882016000188 ) ) ;
#9542 = ORIENTED_EDGE ( 'NONE', *, *, #7173, .T. ) ;
#9543 = ORIENTED_EDGE ( 'NONE', *, *, #10262, .F. ) ;
#9544 = PLANE ( 'NONE',  #4515 ) ;
#9545 = ORIENTED_EDGE ( 'NONE', *, *, #10547, .F. ) ;
#9546 = CARTESIAN_POINT ( 'NONE',  ( -0.7900000000000000355, 15.69999999999999929, -5.336197087740999656 ) ) ;
#9547 = ORIENTED_EDGE ( 'NONE', *, *, #8299, .F. ) ;
#9548 = AXIS2_PLACEMENT_3D ( 'NONE', #8407, #10346, #6537 ) ;
#9549 = PLANE ( 'NONE',  #6187 ) ;
#9550 = FACE_OUTER_BOUND ( 'NONE', #5420, .T. ) ;
#9551 = LINE ( 'NONE', #996, #7536 ) ;
#9552 = CARTESIAN_POINT ( 'NONE',  ( 0.7900000000000000355, 14.00000000000000000, -6.480650477015999833 ) ) ;
#9553 = VECTOR ( 'NONE', #8156, 1000.000000000000000 ) ;
#9554 = VECTOR ( 'NONE', #3064, 1000.000000000000000 ) ;
#9555 = EDGE_CURVE ( 'NONE', #11308, #10002, #9902, .T. ) ;
#9556 = DIRECTION ( 'NONE',  ( 0.000000000000000000, 1.000000000000000000, 0.000000000000000000 ) ) ;
#9557 = ORIENTED_EDGE ( 'NONE', *, *, #5444, .F. ) ;
#9558 = CARTESIAN_POINT ( 'NONE',  ( -0.3500961946529999591, 2.983919002986999747, -8.749807775706999635 ) ) ;
#9559 = ORIENTED_EDGE ( 'NONE', *, *, #11103, .F. ) ;
#9560 = CARTESIAN_POINT ( 'NONE',  ( 3.971129570381793261, -1.639999999999999902, 1.097272240749140426 ) ) ;
#9561 = ORIENTED_EDGE ( 'NONE', *, *, #7503, .F. ) ;
#9562 = DIRECTION ( 'NONE',  ( -7.598657404680488629E-16, -0.9740264650302564720, -0.2264341966679561946 ) ) ;
#9563 = AXIS2_PLACEMENT_3D ( 'NONE', #6863, #10659, #8786 ) ;
#9564 = VECTOR ( 'NONE', #8243, 1000.000000000000000 ) ;
#9565 = EDGE_CURVE ( 'NONE', #5868, #4507, #8841, .T. ) ;
#9566 = EDGE_CURVE ( 'NONE', #6203, #3843, #3333, .T. ) ;
#9567 = FACE_OUTER_BOUND ( 'NONE', #8648, .T. ) ;
#9568 = EDGE_CURVE ( 'NONE', #5914, #7973, #285, .T. ) ;
#9569 = DIRECTION ( 'NONE',  ( 0.000000000000000000, 1.000000000000000000, 0.000000000000000000 ) ) ;
#9570 = B_SPLINE_CURVE_WITH_KNOTS ( 'NONE', 3,
 ( #2659, #12292, #1744, #6482 ),
 .UNSPECIFIED., .F., .F.,
 ( 4, 4 ),
 ( 0.000000000000000000, 0.9999999999999992228 ),
 .UNSPECIFIED. ) ;
#9571 = EDGE_CURVE ( 'NONE', #9857, #9140, #10899, .T. ) ;
#9572 = CIRCLE ( 'NONE', #6165, 1.590944562245001137 ) ;
#9573 = DIRECTION ( 'NONE',  ( 0.000000000000000000, -0.9381440673623764326, 0.3462451571831393071 ) ) ;
#9574 = ORIENTED_EDGE ( 'NONE', *, *, #5270, .F. ) ;
#9575 = VECTOR ( 'NONE', #8693, 1000.000000000000000 ) ;
#9576 = DIRECTION ( 'NONE',  ( 0.000000000000000000, 0.000000000000000000, 1.000000000000000000 ) ) ;
#9577 = VERTEX_POINT ( 'NONE', #7965 ) ;
#9578 = DIRECTION ( 'NONE',  ( 1.000000000000000000, 0.000000000000000000, 0.000000000000000000 ) ) ;
#9579 = CARTESIAN_POINT ( 'NONE',  ( 2.185000000000000497, -3.700000000000000178, -9.029999999999999361 ) ) ;
#9580 = ORIENTED_EDGE ( 'NONE', *, *, #3293, .F. ) ;
#9581 = CARTESIAN_POINT ( 'NONE',  ( -0.7900000000000000355, 13.22059501705500217, 5.253684953371999811 ) ) ;
#9582 = ORIENTED_EDGE ( 'NONE', *, *, #7964, .T. ) ;
#9583 = DIRECTION ( 'NONE',  ( 0.9999996469509474517, -0.0008402963645880849076, 0.000000000000000000 ) ) ;
#9584 = VECTOR ( 'NONE', #4673, 1000.000000000000000 ) ;
#9585 = CARTESIAN_POINT ( 'NONE',  ( 2.184712618997209255, 8.451830600728980514, -7.766922107897009653 ) ) ;
#9586 = AXIS2_PLACEMENT_3D ( 'NONE', #10333, #7224, #7283 ) ;
#9587 = LINE ( 'NONE', #4841, #6356 ) ;
#9588 = VECTOR ( 'NONE', #7515, 999.9999999999998863 ) ;
#9589 = ORIENTED_EDGE ( 'NONE', *, *, #6746, .F. ) ;
#9590 = VECTOR ( 'NONE', #812, 1000.000000000000000 ) ;
#9591 = CARTESIAN_POINT ( 'NONE',  ( -1.814999999999999947, 14.09999999999999964, -6.490000000000000213 ) ) ;
#9592 = AXIS2_PLACEMENT_3D ( 'NONE', #2119, #10497, #1952 ) ;
#9593 = VERTEX_POINT ( 'NONE', #1352 ) ;
#9594 = ORIENTED_EDGE ( 'NONE', *, *, #2016, .F. ) ;
#9595 = ORIENTED_EDGE ( 'NONE', *, *, #5659, .F. ) ;
#9596 = CARTESIAN_POINT ( 'NONE',  ( 1.810000000000000053, 14.06939833831586562, -6.213385438908392011 ) ) ;
#9597 = LINE ( 'NONE', #2955, #2784 ) ;
#9598 = LINE ( 'NONE', #5728, #7081 ) ;
#9599 = LINE ( 'NONE', #1044, #8300 ) ;
#9600 = DIRECTION ( 'NONE',  ( -1.000000000000000000, 0.000000000000000000, 0.000000000000000000 ) ) ;
#9601 = CIRCLE ( 'NONE', #4201, 0.2799999999999999711 ) ;
#9602 = CARTESIAN_POINT ( 'NONE',  ( -0.3550000000000000377, 1.100000000000000089, -10.22999999999999865 ) ) ;
#9603 = LINE ( 'NONE', #11420, #10697 ) ;
#9604 = ADVANCED_FACE ( 'NONE', ( #2406 ), #9032, .F. ) ;
#9605 = VERTEX_POINT ( 'NONE', #472 ) ;
#9606 = ORIENTED_EDGE ( 'NONE', *, *, #4056, .T. ) ;
#9607 = LINE ( 'NONE', #4036, #4307 ) ;
#9608 = VERTEX_POINT ( 'NONE', #10839 ) ;
#9609 = DIRECTION ( 'NONE',  ( 0.000000000000000000, -3.469446951953635882E-15, -1.000000000000000000 ) ) ;
#9610 = VERTEX_POINT ( 'NONE', #5103 ) ;
#9611 = CARTESIAN_POINT ( 'NONE',  ( 0.7900000000000000355, 14.09999999999999964, -6.209999999999999964 ) ) ;
#9612 = EDGE_CURVE ( 'NONE', #11617, #5746, #9088, .T. ) ;
#9613 = PLANE ( 'NONE',  #9996 ) ;
#9614 = ADVANCED_FACE ( 'NONE', ( #11708 ), #347, .F. ) ;
#9615 = VECTOR ( 'NONE', #8351, 1000.000000000000000 ) ;
#9616 = FACE_BOUND ( 'NONE', #2696, .T. ) ;
#9617 = DIRECTION ( 'NONE',  ( 1.110223024624999878E-16, 1.000000000000000000, 0.000000000000000000 ) ) ;
#9618 = VECTOR ( 'NONE', #2880, 1000.000000000000000 ) ;
#9619 = LINE ( 'NONE', #1, #6841 ) ;
#9620 = ORIENTED_EDGE ( 'NONE', *, *, #640, .F. ) ;
#9621 = CARTESIAN_POINT ( 'NONE',  ( -0.2391682447260446986, 9.021753155542747038, -7.344324727512059781 ) ) ;
#9622 = ORIENTED_EDGE ( 'NONE', *, *, #2154, .F. ) ;
#9623 = CARTESIAN_POINT ( 'NONE',  ( 1.199999999999999956, 15.69999999999999929, -5.620000000000000107 ) ) ;
#9624 = ORIENTED_EDGE ( 'NONE', *, *, #5537, .T. ) ;
#9625 = DIRECTION ( 'NONE',  ( -1.000000000000000000, 0.000000000000000000, 0.000000000000000000 ) ) ;
#9626 = CARTESIAN_POINT ( 'NONE',  ( 0.3549999999999999822, 7.058817561802944063, -6.209999999999999964 ) ) ;
#9627 = AXIS2_PLACEMENT_3D ( 'NONE', #9847, #1238, #4982 ) ;
#9628 = CIRCLE ( 'NONE', #3431, 1.300000000000000044 ) ;
#9629 = CARTESIAN_POINT ( 'NONE',  ( -0.7900000000000000355, 13.48134016943100022, 5.151525677993999963 ) ) ;
#9630 = CARTESIAN_POINT ( 'NONE',  ( 0.9100193362320001533, 8.472577226044000653, -6.490000000000000213 ) ) ;
#9631 = VERTEX_POINT ( 'NONE', #5234 ) ;
#9632 = CARTESIAN_POINT ( 'NONE',  ( -6.540000000000000036, 14.52999999999999936, -6.299999999999999822 ) ) ;
#9633 = EDGE_CURVE ( 'NONE', #6485, #5998, #6974, .T. ) ;
#9634 = ORIENTED_EDGE ( 'NONE', *, *, #12270, .T. ) ;
#9635 = CARTESIAN_POINT ( 'NONE',  ( 0.3549999999999999822, -3.700000000000000178, -6.490000000000000213 ) ) ;
#9636 = CARTESIAN_POINT ( 'NONE',  ( 1.810000000000000053, 15.52000000000000135, -4.250000000000000000 ) ) ;
#9637 = ORIENTED_EDGE ( 'NONE', *, *, #1317, .F. ) ;
#9638 = CARTESIAN_POINT ( 'NONE',  ( 0.9150000000000000355, 8.419999999999999929, -6.209999999999999964 ) ) ;
#9639 = ORIENTED_EDGE ( 'NONE', *, *, #8506, .T. ) ;
#9640 = EDGE_CURVE ( 'NONE', #4682, #8949, #4218, .T. ) ;
#9641 = DIRECTION ( 'NONE',  ( 0.000000000000000000, 0.000000000000000000, 1.000000000000000000 ) ) ;
#9642 = EDGE_CURVE ( 'NONE', #8895, #9126, #7162, .T. ) ;
#9643 = CARTESIAN_POINT ( 'NONE',  ( -0.2350000000000000144, 14.49800950369600017, 4.776298838437000427 ) ) ;
#9644 = CARTESIAN_POINT ( 'NONE',  ( 0.3549999999999999822, -3.700000000000000178, -6.490000000000000213 ) ) ;
#9645 = VERTEX_POINT ( 'NONE', #8030 ) ;
#9646 = CARTESIAN_POINT ( 'NONE',  ( 4.859999999999999432, 6.982209012993999764, -6.214077965163999906 ) ) ;
#9647 = EDGE_CURVE ( 'NONE', #3869, #7590, #6222, .T. ) ;
#9648 = EDGE_LOOP ( 'NONE', ( #3973, #1019, #4917, #6243 ) ) ;
#9649 = EDGE_CURVE ( 'NONE', #110, #3749, #3211, .T. ) ;
#9650 = CARTESIAN_POINT ( 'NONE',  ( 0.5100000000000000089, 9.250000000000000000, -3.720000000000000195 ) ) ;
#9651 = VERTEX_POINT ( 'NONE', #1479 ) ;
#9652 = ORIENTED_EDGE ( 'NONE', *, *, #2948, .F. ) ;
#9653 = CARTESIAN_POINT ( 'NONE',  ( 1.809999999999999831, 14.08271959687074570, -6.210905248189442673 ) ) ;
#9654 = LINE ( 'NONE', #11344, #5987 ) ;
#9655 = DIRECTION ( 'NONE',  ( 1.000000000000000000, 0.000000000000000000, 0.000000000000000000 ) ) ;
#9656 = FACE_OUTER_BOUND ( 'NONE', #3507, .T. ) ;
#9657 = FACE_OUTER_BOUND ( 'NONE', #5363, .T. ) ;
#9658 = CARTESIAN_POINT ( 'NONE',  ( -4.879999999999999893, 4.549999999999999822, 10.33999999999999986 ) ) ;
#9659 = FACE_OUTER_BOUND ( 'NONE', #7905, .T. ) ;
#9660 = ORIENTED_EDGE ( 'NONE', *, *, #8284, .T. ) ;
#9661 = VECTOR ( 'NONE', #3184, 1000.000000000000000 ) ;
#9662 = ORIENTED_EDGE ( 'NONE', *, *, #1887, .T. ) ;
#9663 = DIRECTION ( 'NONE',  ( 0.000000000000000000, 0.000000000000000000, 1.000000000000000000 ) ) ;
#9664 = VERTEX_POINT ( 'NONE', #11837 ) ;
#9665 = CARTESIAN_POINT ( 'NONE',  ( 1.279248032477525276, 9.000498965335546941, -7.636449735834712094 ) ) ;
#9666 = ORIENTED_EDGE ( 'NONE', *, *, #8950, .F. ) ;
#9667 = CARTESIAN_POINT ( 'NONE',  ( -1.266588956396733190, 9.007456747678578068, -6.209999999999999964 ) ) ;
#9668 = CARTESIAN_POINT ( 'NONE',  ( 1.629999999999999893, 1.100000000000000311, -9.029999999999999361 ) ) ;
#9669 = FILL_AREA_STYLE_COLOUR ( '', #9527 ) ;
#9670 = CARTESIAN_POINT ( 'NONE',  ( 0.7900000000000000355, 9.377205983516001098, -3.778469117984000203 ) ) ;
#9671 = EDGE_CURVE ( 'NONE', #784, #11281, #3078, .T. ) ;
#9672 = EDGE_CURVE ( 'NONE', #6008, #8761, #3729, .T. ) ;
#9673 = DIRECTION ( 'NONE',  ( 1.000000000000000000, 0.000000000000000000, 0.000000000000000000 ) ) ;
#9674 = ORIENTED_EDGE ( 'NONE', *, *, #6436, .T. ) ;
#9675 = CARTESIAN_POINT ( 'NONE',  ( 1.250000000000000000, 13.96993164062500092, -4.623949218749999091 ) ) ;
#9676 = ORIENTED_EDGE ( 'NONE', *, *, #3172, .T. ) ;
#9677 = CARTESIAN_POINT ( 'NONE',  ( -0.5012566680901490157, 9.130601661682378634, -7.606614561091599391 ) ) ;
#9678 = ORIENTED_EDGE ( 'NONE', *, *, #955, .F. ) ;
#9679 = CARTESIAN_POINT ( 'NONE',  ( -0.3499999999999999223, 1.100000000000000089, -9.029807775661048197 ) ) ;
#9680 = CARTESIAN_POINT ( 'NONE',  ( 1.250000000000000222, 15.51998668538456982, -4.260059949487317255 ) ) ;
#9681 = DIRECTION ( 'NONE',  ( 0.000000000000000000, 0.000000000000000000, 1.000000000000000000 ) ) ;
#9682 = CARTESIAN_POINT ( 'NONE',  ( -1.814999999999999947, 14.09462133319000010, -6.209999999999999964 ) ) ;
#9683 = EDGE_CURVE ( 'NONE', #9876, #4079, #9781, .T. ) ;
#9684 = LINE ( 'NONE', #11042, #2902 ) ;
#9685 = ORIENTED_EDGE ( 'NONE', *, *, #955, .T. ) ;
#9686 = DIRECTION ( 'NONE',  ( -0.000000000000000000, 0.000000000000000000, 1.000000000000000000 ) ) ;
#9687 = VERTEX_POINT ( 'NONE', #11279 ) ;
#9688 = LINE ( 'NONE', #4710, #8413 ) ;
#9689 = CARTESIAN_POINT ( 'NONE',  ( -6.541141843972000380, 3.318858156027999939, 10.08999999999999986 ) ) ;
#9690 = ORIENTED_EDGE ( 'NONE', *, *, #11404, .T. ) ;
#9691 = FACE_OUTER_BOUND ( 'NONE', #2935, .T. ) ;
#9692 = PLANE ( 'NONE',  #8881 ) ;
#9693 = VECTOR ( 'NONE', #5342, 1000.000000000000000 ) ;
#9694 = DIRECTION ( 'NONE',  ( 0.000000000000000000, 0.9763850306004407953, 0.2160376634278763919 ) ) ;
#9695 = VECTOR ( 'NONE', #10655, 1000.000000000000000 ) ;
#9696 = CARTESIAN_POINT ( 'NONE',  ( 1.278701036260477375, 9.001471697671064476, -7.636214749127621992 ) ) ;
#9697 = CARTESIAN_POINT ( 'NONE',  ( 4.879999999999999893, 8.000000000000000000, 10.35999999999999943 ) ) ;
#9698 = ORIENTED_EDGE ( 'NONE', *, *, #1887, .F. ) ;
#9699 = PLANE ( 'NONE',  #6117 ) ;
#9700 = EDGE_CURVE ( 'NONE', #12025, #4239, #1540, .T. ) ;
#9701 = AXIS2_PLACEMENT_3D ( 'NONE', #573, #12009, #10879 ) ;
#9702 = ORIENTED_EDGE ( 'NONE', *, *, #3976, .T. ) ;
#9703 = EDGE_CURVE ( 'NONE', #485, #2511, #5535, .T. ) ;
#9704 = VECTOR ( 'NONE', #10339, 999.9999999999998863 ) ;
#9705 = CARTESIAN_POINT ( 'NONE',  ( 2.880000000000000338, 13.01999999999999957, 4.890000000000000568 ) ) ;
#9706 = ORIENTED_EDGE ( 'NONE', *, *, #12147, .T. ) ;
#9707 = ORIENTED_EDGE ( 'NONE', *, *, #4358, .F. ) ;
#9708 = CARTESIAN_POINT ( 'NONE',  ( 1.249999999999999778, 14.08271959687074570, -6.210905248189442673 ) ) ;
#9709 = CARTESIAN_POINT ( 'NONE',  ( 0.7900000000000000355, 14.09462133319000010, -6.209999999999999964 ) ) ;
#9710 = DIRECTION ( 'NONE',  ( 0.000000000000000000, 0.000000000000000000, -1.000000000000000000 ) ) ;
#9711 = CARTESIAN_POINT ( 'NONE',  ( -0.9100960626429999145, 3.000000000000000000, -8.750192290297999165 ) ) ;
#9712 = CARTESIAN_POINT ( 'NONE',  ( 4.879999999999999893, 13.01999999999999957, 4.890000000000000568 ) ) ;
#9713 = AXIS2_PLACEMENT_3D ( 'NONE', #3890, #11458, #6775 ) ;
#9714 = EDGE_CURVE ( 'NONE', #9462, #10523, #8077, .T. ) ;
#9715 = VECTOR ( 'NONE', #4118, 1000.000000000000000 ) ;
#9716 = EDGE_CURVE ( 'NONE', #11360, #2821, #8216, .T. ) ;
#9717 = ADVANCED_FACE ( 'NONE', ( #9221 ), #782, .T. ) ;
#9718 = DIRECTION ( 'NONE',  ( 0.000000000000000000, 0.000000000000000000, -1.000000000000000000 ) ) ;
#9719 = ADVANCED_FACE ( 'NONE', ( #10222 ), #8334, .F. ) ;
#9720 = VERTEX_POINT ( 'NONE', #8403 ) ;
#9721 = VERTEX_POINT ( 'NONE', #11086 ) ;
#9722 = CARTESIAN_POINT ( 'NONE',  ( 1.250000000000000000, 13.96993164062500092, -4.623949218749999091 ) ) ;
#9723 = ORIENTED_EDGE ( 'NONE', *, *, #9914, .F. ) ;
#9724 = AXIS2_PLACEMENT_3D ( 'NONE', #2302, #8925, #6659 ) ;
#9725 = PLANE ( 'NONE',  #10025 ) ;
#9726 = EDGE_LOOP ( 'NONE', ( #2284, #2223, #8638, #8202 ) ) ;
#9727 = DIRECTION ( 'NONE',  ( 0.9659258262890679791, 0.000000000000000000, 0.2588190451025217387 ) ) ;
#9728 = DIRECTION ( 'NONE',  ( 0.000000000000000000, 0.000000000000000000, -1.000000000000000000 ) ) ;
#9729 = FACE_OUTER_BOUND ( 'NONE', #627, .T. ) ;
#9730 = CARTESIAN_POINT ( 'NONE',  ( -0.7900000000000000355, 15.52330609571596121, -4.280245272880009111 ) ) ;
#9731 = CARTESIAN_POINT ( 'NONE',  ( 0.7900000000000000355, 13.35000000000000142, 5.200000000000000178 ) ) ;
#9732 = VECTOR ( 'NONE', #9956, 1000.000000000000000 ) ;
#9733 = LINE ( 'NONE', #7857, #8008 ) ;
#9734 = ORIENTED_EDGE ( 'NONE', *, *, #3476, .T. ) ;
#9735 = CARTESIAN_POINT ( 'NONE',  ( -1.860000000000000098, 13.08000000000000007, 6.119999999999999218 ) ) ;
#9736 = ORIENTED_EDGE ( 'NONE', *, *, #6409, .F. ) ;
#9737 = DIRECTION ( 'NONE',  ( 0.000000000000000000, 0.000000000000000000, -1.000000000000000000 ) ) ;
#9738 = VERTEX_POINT ( 'NONE', #4413 ) ;
#9739 = DIRECTION ( 'NONE',  ( 1.000000000000000000, 0.000000000000000000, 0.000000000000000000 ) ) ;
#9740 = CARTESIAN_POINT ( 'NONE',  ( -1.250000000000000000, 13.96993164062500092, -4.623949218749999091 ) ) ;
#9741 = ADVANCED_FACE ( 'NONE', ( #665 ), #12034, .F. ) ;
#9742 = CARTESIAN_POINT ( 'NONE',  ( -0.2390261514776291230, 9.022566493973686264, -7.344137985783251388 ) ) ;
#9743 = CARTESIAN_POINT ( 'NONE',  ( -0.2363927850922533380, 9.037480760132954316, -7.340624114667313904 ) ) ;
#9744 = AXIS2_PLACEMENT_3D ( 'NONE', #1348, #2219, #2279 ) ;
#9745 = VECTOR ( 'NONE', #1547, 1000.000000000000000 ) ;
#9746 = CARTESIAN_POINT ( 'NONE',  ( -3.500000000000000000, 2.640000000000000124, 10.33999999999999986 ) ) ;
#9747 = ORIENTED_EDGE ( 'NONE', *, *, #5146, .F. ) ;
#9748 = LINE ( 'NONE', #8811, #9029 ) ;
#9749 = ORIENTED_EDGE ( 'NONE', *, *, #11084, .F. ) ;
#9750 = AXIS2_PLACEMENT_3D ( 'NONE', #4758, #9501, #3815 ) ;
#9751 = CARTESIAN_POINT ( 'NONE',  ( -3.600000000000000089, 0.000000000000000000, -3.559999999999999609 ) ) ;
#9752 = VECTOR ( 'NONE', #3239, 1000.000000000000000 ) ;
#9753 = DIRECTION ( 'NONE',  ( 1.000000000000000000, 0.000000000000000000, -1.224646799146999945E-16 ) ) ;
#9754 = ORIENTED_EDGE ( 'NONE', *, *, #4094, .F. ) ;
#9755 = CARTESIAN_POINT ( 'NONE',  ( 2.220000000000000195, 4.179999999999999716, 10.35999999999999943 ) ) ;
#9756 = CARTESIAN_POINT ( 'NONE',  ( 2.220000000000000195, 15.69999999999999929, -5.620000000000000107 ) ) ;
#9757 = EDGE_CURVE ( 'NONE', #10329, #8935, #4603, .T. ) ;
#9758 = EDGE_CURVE ( 'NONE', #12088, #6725, #1608, .T. ) ;
#9759 = DIRECTION ( 'NONE',  ( -0.001995317767306753649, 8.096651873518756658E-16, -0.9999980093515224988 ) ) ;
#9760 = CARTESIAN_POINT ( 'NONE',  ( 1.245000000000000107, 15.79999999999954774, 5.160000000000000142 ) ) ;
#9761 = CIRCLE ( 'NONE', #4380, 1.870944562245001386 ) ;
#9762 = VECTOR ( 'NONE', #12003, 1000.000000000000000 ) ;
#9763 = ORIENTED_EDGE ( 'NONE', *, *, #11026, .F. ) ;
#9764 = CARTESIAN_POINT ( 'NONE',  ( -2.220000000000000195, 4.179999999999999716, 10.35999999999999943 ) ) ;
#9765 = VERTEX_POINT ( 'NONE', #5474 ) ;
#9766 = DIRECTION ( 'NONE',  ( 1.000000000000000000, 0.000000000000000000, 0.000000000000000000 ) ) ;
#9767 = EDGE_LOOP ( 'NONE', ( #10611, #6536, #7999, #10016 ) ) ;
#9768 = ORIENTED_EDGE ( 'NONE', *, *, #9139, .T. ) ;
#9769 = VECTOR ( 'NONE', #2411, 1000.000000000000114 ) ;
#9770 = VECTOR ( 'NONE', #11334, 1000.000000000000000 ) ;
#9771 = VERTEX_POINT ( 'NONE', #6278 ) ;
#9772 = AXIS2_PLACEMENT_3D ( 'NONE', #6566, #10379, #4698 ) ;
#9773 = CARTESIAN_POINT ( 'NONE',  ( 2.189712618997000426, 3.000000000000000000, -9.030573293245000244 ) ) ;
#9774 = DIRECTION ( 'NONE',  ( 0.000000000000000000, 0.000000000000000000, 1.000000000000000000 ) ) ;
#9775 = DIRECTION ( 'NONE',  ( -0.000000000000000000, -1.000000000000000000, -0.000000000000000000 ) ) ;
#9776 = LINE ( 'NONE', #1230, #6909 ) ;
#9777 = FACE_OUTER_BOUND ( 'NONE', #3399, .T. ) ;
#9778 = AXIS2_PLACEMENT_3D ( 'NONE', #9809, #4663, #9583 ) ;
#9779 = VECTOR ( 'NONE', #9449, 1000.000000000000000 ) ;
#9780 = VECTOR ( 'NONE', #1257, 1000.000000000000000 ) ;
#9781 = LINE ( 'NONE', #1234, #11498 ) ;
#9782 = EDGE_LOOP ( 'NONE', ( #11361, #531, #4539, #10241, #9057, #6270 ) ) ;
#9783 = ORIENTED_EDGE ( 'NONE', *, *, #10516, .T. ) ;
#9784 = EDGE_CURVE ( 'NONE', #6831, #29, #2523, .T. ) ;
#9785 = CARTESIAN_POINT ( 'NONE',  ( 8.751918340712878219, 15.69999999999999929, -0.3649999999999998801 ) ) ;
#9786 = EDGE_CURVE ( 'NONE', #6998, #6473, #12149, .T. ) ;
#9787 = CARTESIAN_POINT ( 'NONE',  ( 1.244859828827749260, 9.085351146306313908, -7.616747843602442281 ) ) ;
#9788 = ORIENTED_EDGE ( 'NONE', *, *, #8037, .F. ) ;
#9789 = CARTESIAN_POINT ( 'NONE',  ( -5.080000000000000071, -1.639999999999999902, 0.000000000000000000 ) ) ;
#9790 = LINE ( 'NONE', #1241, #8364 ) ;
#9791 = VECTOR ( 'NONE', #4095, 1000.000000000000000 ) ;
#9792 = LINE ( 'NONE', #2679, #4426 ) ;
#9793 = DIRECTION ( 'NONE',  ( 0.000000000000000000, -1.000000000000000000, 0.000000000000000000 ) ) ;
#9794 = PRESENTATION_STYLE_ASSIGNMENT (( #6869 ) ) ;
#9795 = EDGE_CURVE ( 'NONE', #12025, #1901, #3656, .T. ) ;
#9796 = EDGE_CURVE ( 'NONE', #5638, #2933, #6408, .T. ) ;
#9797 = CARTESIAN_POINT ( 'NONE',  ( 1.529999999999999805, 9.250000000000000000, -3.720000000000000195 ) ) ;
#9798 = EDGE_CURVE ( 'NONE', #8292, #5287, #10278, .T. ) ;
#9799 = ORIENTED_EDGE ( 'NONE', *, *, #4219, .F. ) ;
#9800 = VECTOR ( 'NONE', #11852, 1000.000000000000000 ) ;
#9801 = EDGE_CURVE ( 'NONE', #10749, #4040, #7411, .T. ) ;
#9802 = CARTESIAN_POINT ( 'NONE',  ( -1.810000000000000053, 15.55369816261100091, -5.620000000000000107 ) ) ;
#9803 = EDGE_LOOP ( 'NONE', ( #7832, #8228, #9520, #9470 ) ) ;
#9804 = LINE ( 'NONE', #3929, #7988 ) ;
#9805 = ORIENTED_EDGE ( 'NONE', *, *, #12113, .T. ) ;
#9806 = PLANE ( 'NONE',  #5806 ) ;
#9807 = AXIS2_PLACEMENT_3D ( 'NONE', #11833, #5158, #281 ) ;
#9808 = CARTESIAN_POINT ( 'NONE',  ( -2.220000000000000195, 1.469999999999999973, 10.33999999999999986 ) ) ;
#9809 = CARTESIAN_POINT ( 'NONE',  ( 6.541141843972000380, 13.15114184397199892, 8.789999999999999147 ) ) ;
#9810 = ADVANCED_FACE ( 'NONE', ( #6468 ), #3401, .F. ) ;
#9811 = DIRECTION ( 'NONE',  ( 0.000000000000000000, 0.000000000000000000, 1.000000000000000000 ) ) ;
#9812 = CARTESIAN_POINT ( 'NONE',  ( 0.7900000000000000355, 13.48134016943100022, 5.151525677993999963 ) ) ;
#9813 = VECTOR ( 'NONE', #2936, 1000.000000000000000 ) ;
#9814 = CARTESIAN_POINT ( 'NONE',  ( -1.810000000000000275, 15.51998668538456982, -4.260059949487317255 ) ) ;
#9815 = ORIENTED_EDGE ( 'NONE', *, *, #6689, .F. ) ;
#9816 = CARTESIAN_POINT ( 'NONE',  ( -2.220000000000000195, 13.08000000000000007, -5.620000000000000107 ) ) ;
#9817 = ORIENTED_EDGE ( 'NONE', *, *, #10367, .T. ) ;
#9818 = DIRECTION ( 'NONE',  ( -0.0008402963645893615557, -0.9999996469509474517, 0.000000000000000000 ) ) ;
#9819 = CARTESIAN_POINT ( 'NONE',  ( 4.743807326360246712, -3.417360253976469142, -1.273734666246999936 ) ) ;
#9820 = ORIENTED_EDGE ( 'NONE', *, *, #2574, .F. ) ;
#9821 = CARTESIAN_POINT ( 'NONE',  ( -0.7900000000000000355, 15.69999999999999929, -5.336197087740999656 ) ) ;
#9822 = VECTOR ( 'NONE', #7679, 1000.000000000000000 ) ;
#9823 = VECTOR ( 'NONE', #5563, 999.9999999999998863 ) ;
#9824 = DIRECTION ( 'NONE',  ( 1.000000000000000000, 0.000000000000000000, 0.000000000000000000 ) ) ;
#9825 = CARTESIAN_POINT ( 'NONE',  ( -5.029999999999999361, 15.11999999999999922, 4.890000000000000568 ) ) ;
#9826 = LINE ( 'NONE', #9880, #8312 ) ;
#9827 = CARTESIAN_POINT ( 'NONE',  ( -0.9106386935222978707, 8.499341009597936036, -7.755422450292310366 ) ) ;
#9828 = EDGE_CURVE ( 'NONE', #727, #5083, #8463, .T. ) ;
#9829 = VECTOR ( 'NONE', #9236, 1000.000000000000000 ) ;
#9830 = ORIENTED_EDGE ( 'NONE', *, *, #11405, .F. ) ;
#9831 = EDGE_CURVE ( 'NONE', #10928, #9721, #7592, .T. ) ;
#9832 = CYLINDRICAL_SURFACE ( 'NONE', #8714, 1.870944562245001386 ) ;
#9833 = EDGE_CURVE ( 'NONE', #3345, #5859, #2838, .T. ) ;
#9834 = ORIENTED_EDGE ( 'NONE', *, *, #7050, .T. ) ;
#9835 = CARTESIAN_POINT ( 'NONE',  ( 0.7900000000000000355, 13.48009121031535074, 5.148141649191305902 ) ) ;
#9836 = ORIENTED_EDGE ( 'NONE', *, *, #11131, .F. ) ;
#9837 = ORIENTED_EDGE ( 'NONE', *, *, #10010, .F. ) ;
#9838 = CARTESIAN_POINT ( 'NONE',  ( -0.3549999999999999822, -3.700000000000000178, -9.029999999999999361 ) ) ;
#9839 = LINE ( 'NONE', #11702, #5021 ) ;
#9840 = LINE ( 'NONE', #9893, #1228 ) ;
#9841 = DIRECTION ( 'NONE',  ( 0.000000000000000000, 1.000000000000000000, 0.000000000000000000 ) ) ;
#9842 = PLANE ( 'NONE',  #5759 ) ;
#9843 = DIRECTION ( 'NONE',  ( 0.000000000000000000, -1.000000000000000000, 0.000000000000000000 ) ) ;
#9844 = ORIENTED_EDGE ( 'NONE', *, *, #6251, .F. ) ;
#9845 = ORIENTED_EDGE ( 'NONE', *, *, #1132, .F. ) ;
#9846 = FACE_OUTER_BOUND ( 'NONE', #126, .T. ) ;
#9847 = CARTESIAN_POINT ( 'NONE',  ( -1.255000000000000115, 14.49800950369600017, 4.776298838437000427 ) ) ;
#9848 = ORIENTED_EDGE ( 'NONE', *, *, #3450, .F. ) ;
#9849 = LINE ( 'NONE', #7851, #1986 ) ;
#9850 = CARTESIAN_POINT ( 'NONE',  ( -0.3550000000000000377, 7.058817561802944063, -10.22999999999999865 ) ) ;
#9851 = CARTESIAN_POINT ( 'NONE',  ( -0.9099038053469999943, 8.451744313687001409, -7.766550936653000115 ) ) ;
#9852 = FACE_OUTER_BOUND ( 'NONE', #4034, .T. ) ;
#9853 = CARTESIAN_POINT ( 'NONE',  ( 3.500000000000000000, 7.000000000000000000, -5.009999999999999787 ) ) ;
#9854 = VERTEX_POINT ( 'NONE', #11519 ) ;
#9855 = DIRECTION ( 'NONE',  ( 0.000000000000000000, 1.000000000000000000, 0.000000000000000000 ) ) ;
#9856 = ADVANCED_FACE ( 'NONE', ( #6665 ), #1973, .F. ) ;
#9857 = VERTEX_POINT ( 'NONE', #3712 ) ;
#9858 = EDGE_CURVE ( 'NONE', #3629, #11077, #2085, .T. ) ;
#9859 = FACE_OUTER_BOUND ( 'NONE', #8152, .T. ) ;
#9860 = ORIENTED_EDGE ( 'NONE', *, *, #5130, .F. ) ;
#9861 = DIRECTION ( 'NONE',  ( 0.000000000000000000, 1.000000000000000000, 0.000000000000000000 ) ) ;
#9862 = VERTEX_POINT ( 'NONE', #10465 ) ;
#9863 = CARTESIAN_POINT ( 'NONE',  ( 1.910688566332999772, 8.388299465346999995, -7.493637382683999704 ) ) ;
#9864 = CARTESIAN_POINT ( 'NONE',  ( 0.2300000000000000100, 15.69999999999999929, 5.420429353323000576 ) ) ;
#9865 = FACE_OUTER_BOUND ( 'NONE', #8780, .T. ) ;
#9866 = CARTESIAN_POINT ( 'NONE',  ( -0.2363392442362731716, 9.038064475957789057, -7.340491446270086762 ) ) ;
#9867 = LINE ( 'NONE', #10868, #9752 ) ;
#9868 = EDGE_CURVE ( 'NONE', #8182, #8107, #5720, .T. ) ;
#9869 = EDGE_CURVE ( 'NONE', #6062, #7529, #3311, .T. ) ;
#9870 = EDGE_CURVE ( 'NONE', #3270, #2757, #11895, .T. ) ;
#9871 = ORIENTED_EDGE ( 'NONE', *, *, #1061, .T. ) ;
#9872 = DIRECTION ( 'NONE',  ( 0.000000000000000000, -0.9465272815540003437, -0.3226237828710001310 ) ) ;
#9873 = VERTEX_POINT ( 'NONE', #1091 ) ;
#9874 = LINE ( 'NONE', #4947, #11607 ) ;
#9875 = DIRECTION ( 'NONE',  ( 0.000000000000000000, 0.000000000000000000, 1.000000000000000000 ) ) ;
#9876 = VERTEX_POINT ( 'NONE', #6600 ) ;
#9877 = DIRECTION ( 'NONE',  ( 0.000000000000000000, -0.9758182935088373089, -0.2185832977459636062 ) ) ;
#9878 = DIRECTION ( 'NONE',  ( 0.000000000000000000, 0.000000000000000000, -1.000000000000000000 ) ) ;
#9879 = CARTESIAN_POINT ( 'NONE',  ( -1.814999999999999947, 13.22059501705500217, 5.253684953371999811 ) ) ;
#9880 = CARTESIAN_POINT ( 'NONE',  ( -2.514999999999999680, 6.000000000000000000, -5.070000000000000284 ) ) ;
#9881 = CARTESIAN_POINT ( 'NONE',  ( 1.250000000000000000, 14.49800950369600017, 4.776298838437000427 ) ) ;
#9882 = ORIENTED_EDGE ( 'NONE', *, *, #1492, .T. ) ;
#9883 = DIRECTION ( 'NONE',  ( 1.224646799146797060E-16, -0.2185832977459636339, 0.9758182935088374199 ) ) ;
#9884 = ORIENTED_EDGE ( 'NONE', *, *, #108, .F. ) ;
#9885 = CARTESIAN_POINT ( 'NONE',  ( 1.625000000000000000, 3.000000000000000000, -8.750000000000000000 ) ) ;
#9886 = ORIENTED_EDGE ( 'NONE', *, *, #4468, .F. ) ;
#9887 = VECTOR ( 'NONE', #2713, 1000.000000000000114 ) ;
#9888 = ORIENTED_EDGE ( 'NONE', *, *, #8109, .T. ) ;
#9889 = VECTOR ( 'NONE', #6421, 1000.000000000000000 ) ;
#9890 = ORIENTED_EDGE ( 'NONE', *, *, #6320, .F. ) ;
#9891 = CARTESIAN_POINT ( 'NONE',  ( 4.743807326360575338, -3.417360253976823969, 1.273734666246999936 ) ) ;
#9892 = FACE_OUTER_BOUND ( 'NONE', #1831, .T. ) ;
#9893 = CARTESIAN_POINT ( 'NONE',  ( -0.2389149889496980927, 9.086233789467650368, -7.618576684182785996 ) ) ;
#9894 = CARTESIAN_POINT ( 'NONE',  ( -0.7899999999999999245, 13.47869573117973196, 5.144767955706051943 ) ) ;
#9895 = CARTESIAN_POINT ( 'NONE',  ( 0.7900000000000000355, 14.09999999999999964, -6.209999999999999964 ) ) ;
#9896 = EDGE_CURVE ( 'NONE', #5510, #6310, #150, .T. ) ;
#9897 = EDGE_LOOP ( 'NONE', ( #2827, #9011, #8017, #9678 ) ) ;
#9898 = VECTOR ( 'NONE', #6350, 1000.000000000000000 ) ;
#9899 = EDGE_CURVE ( 'NONE', #10810, #6062, #851, .T. ) ;
#9900 = AXIS2_PLACEMENT_3D ( 'NONE', #11352, #2787, #1872 ) ;
#9901 = VERTEX_POINT ( 'NONE', #4785 ) ;
#9902 = LINE ( 'NONE', #7903, #6921 ) ;
#9903 = ORIENTED_EDGE ( 'NONE', *, *, #11790, .F. ) ;
#9904 = VERTEX_POINT ( 'NONE', #9591 ) ;
#9905 = ADVANCED_FACE ( 'NONE', ( #5893 ), #38, .F. ) ;
#9906 = DIRECTION ( 'NONE',  ( 0.000000000000000000, 1.000000000000000000, -0.000000000000000000 ) ) ;
#9907 = EDGE_LOOP ( 'NONE', ( #1320, #11665, #10807, #9747 ) ) ;
#9908 = CARTESIAN_POINT ( 'NONE',  ( 1.250000000000000000, 15.80000000000000071, -4.234997608640000522 ) ) ;
#9909 = CARTESIAN_POINT ( 'NONE',  ( 6.540000000000000036, 1.959999999999999964, 8.789999999999999147 ) ) ;
#9910 = AXIS2_PLACEMENT_3D ( 'NONE', #328, #388, #6133 ) ;
#9911 = FACE_OUTER_BOUND ( 'NONE', #807, .T. ) ;
#9912 = DIRECTION ( 'NONE',  ( 1.000000000000000000, 0.000000000000000000, 0.000000000000000000 ) ) ;
#9913 = DIRECTION ( 'NONE',  ( -1.000000000000000000, 0.000000000000000000, 1.224646799146999945E-16 ) ) ;
#9914 = EDGE_CURVE ( 'NONE', #10600, #1377, #8527, .T. ) ;
#9915 = VERTEX_POINT ( 'NONE', #11461 ) ;
#9916 = LINE ( 'NONE', #3477, #1037 ) ;
#9917 = CARTESIAN_POINT ( 'NONE',  ( 0.2300000000000000100, 15.80000000000000071, -4.234997608641000610 ) ) ;
#9918 = ORIENTED_EDGE ( 'NONE', *, *, #5456, .F. ) ;
#9919 = EDGE_LOOP ( 'NONE', ( #10496, #10567, #6816, #10225, #12293, #6502, #2964 ) ) ;
#9920 = DIRECTION ( 'NONE',  ( 0.000000000000000000, 0.000000000000000000, -1.000000000000000000 ) ) ;
#9921 = ORIENTED_EDGE ( 'NONE', *, *, #11358, .T. ) ;
#9922 = LINE ( 'NONE', #10050, #10979 ) ;
#9923 = ORIENTED_EDGE ( 'NONE', *, *, #9232, .T. ) ;
#9924 = LINE ( 'NONE', #7062, #4411 ) ;
#9925 = CARTESIAN_POINT ( 'NONE',  ( 1.250000000000000000, 15.80000000000000071, 5.159999999999999254 ) ) ;
#9926 = CARTESIAN_POINT ( 'NONE',  ( 4.879999999999999893, 13.01999999999999957, 2.674999999999999822 ) ) ;
#9927 = CARTESIAN_POINT ( 'NONE',  ( 1.250000000000000000, 14.12086359458399976, -6.488795888121999589 ) ) ;
#9928 = ADVANCED_FACE ( 'NONE', ( #1036 ), #3842, .F. ) ;
#9929 = AXIS2_PLACEMENT_3D ( 'NONE', #6336, #3706, #1597 ) ;
#9930 = EDGE_LOOP ( 'NONE', ( #1510, #5829, #3027, #2747 ) ) ;
#9931 = CARTESIAN_POINT ( 'NONE',  ( -0.3500961946529999591, 8.388255686313000226, -7.493449063346999672 ) ) ;
#9932 = ORIENTED_EDGE ( 'NONE', *, *, #1711, .F. ) ;
#9933 = CARTESIAN_POINT ( 'NONE',  ( 1.810000000000000053, 13.96993164062500092, -4.623949218749999091 ) ) ;
#9934 = DIRECTION ( 'NONE',  ( 0.9999979017704853090, 0.000000000000000000, -0.002048524988061995421 ) ) ;
#9935 = ORIENTED_EDGE ( 'NONE', *, *, #7211, .T. ) ;
#9936 = FACE_OUTER_BOUND ( 'NONE', #6798, .T. ) ;
#9937 = ADVANCED_FACE ( 'NONE', ( #9469 ), #908, .T. ) ;
#9938 =( BOUNDED_SURFACE ( )  B_SPLINE_SURFACE ( 1, 3, ( 
 ( #7328, #10261, #11200, #12070 ),
 ( #12010, #10067, #7270, #4513 ) ),
 .UNSPECIFIED., .F., .F., .F. ) 
 B_SPLINE_SURFACE_WITH_KNOTS ( ( 2, 2 ),
 ( 4, 4 ),
 ( 0.000000000000000000, 1.000000000000000000 ),
 ( 0.000000000000000000, 1.000000000000000000 ),
 .UNSPECIFIED. ) 
 GEOMETRIC_REPRESENTATION_ITEM ( )  RATIONAL_B_SPLINE_SURFACE ( (
 ( 1.000000000000000000, 0.9995286281060519196, 0.9995286281060519196, 1.000000000000000000),
 ( 1.000000000000000000, 0.9995286281060519196, 0.9995286281060519196, 1.000000000000000000) ) ) 
 REPRESENTATION_ITEM ( '' )  SURFACE ( )  );
#9939 = EDGE_CURVE ( 'NONE', #6037, #10951, #4845, .T. ) ;
#9940 = PLANE ( 'NONE',  #3264 ) ;
#9941 = VECTOR ( 'NONE', #8823, 1000.000000000000000 ) ;
#9942 = CARTESIAN_POINT ( 'NONE',  ( 4.859999999999999432, 3.000000000000000000, -10.25000000000000000 ) ) ;
#9943 = ORIENTED_EDGE ( 'NONE', *, *, #1399, .T. ) ;
#9944 = LINE ( 'NONE', #2380, #2324 ) ;
#9945 = CARTESIAN_POINT ( 'NONE',  ( -0.5400642689877925839, 3.799999999999999378, -8.560225445877746253 ) ) ;
#9946 = EDGE_CURVE ( 'NONE', #7231, #4136, #7707, .T. ) ;
#9947 = ADVANCED_FACE ( 'NONE', ( #4960 ), #9699, .T. ) ;
#9948 = VERTEX_POINT ( 'NONE', #3194 ) ;
#9949 = DIRECTION ( 'NONE',  ( 1.000000000000000000, 0.000000000000000000, 0.000000000000000000 ) ) ;
#9950 = ORIENTED_EDGE ( 'NONE', *, *, #12327, .F. ) ;
#9951 = LINE ( 'NONE', #4138, #5052 ) ;
#9952 = VERTEX_POINT ( 'NONE', #2323 ) ;
#9953 = EDGE_LOOP ( 'NONE', ( #2651, #883, #11206, #2968 ) ) ;
#9954 = ADVANCED_FACE ( 'NONE', ( #9012 ), #9832, .T. ) ;
#9955 = ORIENTED_EDGE ( 'NONE', *, *, #3917, .F. ) ;
#9956 = DIRECTION ( 'NONE',  ( 1.000000000000000000, 0.000000000000000000, 0.000000000000000000 ) ) ;
#9957 = CARTESIAN_POINT ( 'NONE',  ( -1.814999999999999947, 15.79285544331319002, 5.204152363265508008 ) ) ;
#9958 = CARTESIAN_POINT ( 'NONE',  ( -1.860000000000000098, 15.45000000000000107, 2.370000000000000107 ) ) ;
#9959 = CARTESIAN_POINT ( 'NONE',  ( 5.339999999999998970, -3.600000000000000089, -1.273734666246999936 ) ) ;
#9960 = DIRECTION ( 'NONE',  ( 1.000000000000000000, 0.000000000000000000, 0.000000000000000000 ) ) ;
#9961 = EDGE_CURVE ( 'NONE', #3816, #8589, #4537, .T. ) ;
#9962 = ORIENTED_EDGE ( 'NONE', *, *, #7243, .F. ) ;
#9963 = AXIS2_PLACEMENT_3D ( 'NONE', #4792, #5848, #3960 ) ;
#9964 = CARTESIAN_POINT ( 'NONE',  ( 0.7900000000000000355, 15.66000000000000014, 5.159999999999999254 ) ) ;
#9965 = VECTOR ( 'NONE', #4230, 1000.000000000000000 ) ;
#9966 = ORIENTED_EDGE ( 'NONE', *, *, #6216, .F. ) ;
#9967 = CIRCLE ( 'NONE', #600, 1.358858635772000722 ) ;
#9968 = VERTEX_POINT ( 'NONE', #3127 ) ;
#9969 = ORIENTED_EDGE ( 'NONE', *, *, #11694, .T. ) ;
#9970 = CARTESIAN_POINT ( 'NONE',  ( -4.879999999999999893, 13.02999999999999936, 4.890000000000000568 ) ) ;
#9971 = DIRECTION ( 'NONE',  ( 0.000000000000000000, 0.000000000000000000, -1.000000000000000000 ) ) ;
#9972 = DIRECTION ( 'NONE',  ( 0.000000000000000000, -1.000000000000000000, 0.000000000000000000 ) ) ;
#9973 = CARTESIAN_POINT ( 'NONE',  ( 1.250000000000000000, 15.21049096661799993, -5.620000000000000107 ) ) ;
#9974 = CARTESIAN_POINT ( 'NONE',  ( -0.9150000000000000355, 2.300000280461894420, -8.750001206431324619 ) ) ;
#9975 = VECTOR ( 'NONE', #8112, 1000.000000000000000 ) ;
#9976 = AXIS2_PLACEMENT_3D ( 'NONE', #3585, #9149, #659 ) ;
#9977 = VECTOR ( 'NONE', #4364, 1000.000000000000000 ) ;
#9978 = EDGE_LOOP ( 'NONE', ( #3419, #11866, #8075, #6957 ) ) ;
#9979 = ADVANCED_FACE ( 'NONE', ( #7148 ), #11696, .T. ) ;
#9980 = FACE_OUTER_BOUND ( 'NONE', #11573, .T. ) ;
#9981 = AXIS2_PLACEMENT_3D ( 'NONE', #1696, #2669, #8361 ) ;
#9982 = EDGE_CURVE ( 'NONE', #1186, #7161, #6020, .T. ) ;
#9983 = CARTESIAN_POINT ( 'NONE',  ( 5.599999999999999645, 0.000000000000000000, -10.22999999999999865 ) ) ;
#9984 = VERTEX_POINT ( 'NONE', #4018 ) ;
#9985 = CIRCLE ( 'NONE', #4616, 1.870944562245001386 ) ;
#9986 = ORIENTED_EDGE ( 'NONE', *, *, #9422, .T. ) ;
#9987 = CARTESIAN_POINT ( 'NONE',  ( 8.751918340712878219, 15.45000000000000107, -0.3649999999999989919 ) ) ;
#9988 = VERTEX_POINT ( 'NONE', #6959 ) ;
#9989 = CARTESIAN_POINT ( 'NONE',  ( 0.8400000000000000799, 15.69999999999999929, 6.119999999999999218 ) ) ;
#9990 = VERTEX_POINT ( 'NONE', #2269 ) ;
#9991 = CARTESIAN_POINT ( 'NONE',  ( -1.255000000000000115, 14.09999999999999787, -6.490000000000295977 ) ) ;
#9992 = ORIENTED_EDGE ( 'NONE', *, *, #10340, .T. ) ;
#9993 = CARTESIAN_POINT ( 'NONE',  ( 5.080000000000000071, -3.200000000000831513, 0.000000000000000000 ) ) ;
#9994 = LINE ( 'NONE', #1381, #1821 ) ;
#9995 = DIRECTION ( 'NONE',  ( 0.000000000000000000, -0.9381440673623764326, 0.3462451571831393071 ) ) ;
#9996 = AXIS2_PLACEMENT_3D ( 'NONE', #10721, #173, #5743 ) ;
#9997 = ORIENTED_EDGE ( 'NONE', *, *, #11358, .F. ) ;
#9998 = CARTESIAN_POINT ( 'NONE',  ( -4.944999999999999396, 14.00000000000000000, -6.007032967033000048 ) ) ;
#9999 = VERTEX_POINT ( 'NONE', #6138 ) ;
#10000 = FACE_OUTER_BOUND ( 'NONE', #2617, .T. ) ;
#10001 = CYLINDRICAL_SURFACE ( 'NONE', #3176, 1.350000000000000089 ) ;
#10002 = VERTEX_POINT ( 'NONE', #10759 ) ;
#10003 = DIRECTION ( 'NONE',  ( 0.000000000000000000, -0.9381440673623766546, 0.3462451571831385855 ) ) ;
#10004 = DIRECTION ( 'NONE',  ( 1.000000000000000000, 0.000000000000000000, 0.000000000000000000 ) ) ;
#10005 = DIRECTION ( 'NONE',  ( -1.000000000000000000, 0.000000000000000000, 0.000000000000000000 ) ) ;
#10006 = AXIS2_PLACEMENT_3D ( 'NONE', #6654, #10626, #83 ) ;
#10007 = B_SPLINE_CURVE_WITH_KNOTS ( 'NONE', 3,
 ( #937, #1001, #4754, #7438 ),
 .UNSPECIFIED., .F., .F.,
 ( 4, 4 ),
 ( 0.0002744793010256174636, 0.0005135338022357688543 ),
 .UNSPECIFIED. ) ;
#10008 = LINE ( 'NONE', #9009, #1745 ) ;
#10009 = CARTESIAN_POINT ( 'NONE',  ( 4.632674615072380320, -1.639999999999999902, 1.273734666246999936 ) ) ;
#10010 = EDGE_CURVE ( 'NONE', #9173, #3939, #6895, .T. ) ;
#10011 = ORIENTED_EDGE ( 'NONE', *, *, #9982, .F. ) ;
#10012 = LINE ( 'NONE', #7331, #10108 ) ;
#10013 = ORIENTED_EDGE ( 'NONE', *, *, #515, .T. ) ;
#10014 = CARTESIAN_POINT ( 'NONE',  ( 5.080000000000000071, -1.639999999999999902, 1.273734666246999936 ) ) ;
#10015 = ORIENTED_EDGE ( 'NONE', *, *, #3565, .F. ) ;
#10016 = ORIENTED_EDGE ( 'NONE', *, *, #5141, .F. ) ;
#10017 = ADVANCED_FACE ( 'NONE', ( #1219 ), #2143, .T. ) ;
#10018 = EDGE_CURVE ( 'NONE', #9137, #10432, #1336, .T. ) ;
#10019 = ORIENTED_EDGE ( 'NONE', *, *, #284, .T. ) ;
#10020 = DIRECTION ( 'NONE',  ( 0.002048524988061377859, -0.2264337215570416395, 0.9740244212991795436 ) ) ;
#10021 = LINE ( 'NONE', #465, #4594 ) ;
#10022 = LINE ( 'NONE', #2151, #12216 ) ;
#10023 = LINE ( 'NONE', #10892, #4927 ) ;
#10024 = DIRECTION ( 'NONE',  ( 1.000000000000000000, 0.000000000000000000, 0.000000000000000000 ) ) ;
#10025 = AXIS2_PLACEMENT_3D ( 'NONE', #1169, #7849, #11656 ) ;
#10026 = AXIS2_PLACEMENT_3D ( 'NONE', #5811, #9556, #5690 ) ;
#10027 = ADVANCED_FACE ( 'NONE', ( #8762 ), #11642, .T. ) ;
#10028 = EDGE_CURVE ( 'NONE', #8751, #135, #4328, .T. ) ;
#10029 = B_SPLINE_CURVE_WITH_KNOTS ( 'NONE', 3,
 ( #319, #6010, #9819, #2132 ),
 .UNSPECIFIED., .F., .F.,
 ( 4, 4 ),
 ( 0.001221990409577998309, 0.001558973122136546275 ),
 .UNSPECIFIED. ) ;
#10030 = VERTEX_POINT ( 'NONE', #3316 ) ;
#10031 = CARTESIAN_POINT ( 'NONE',  ( -0.3499999999999999778, -0.3499999999999999778, -8.889903871352000664 ) ) ;
#10032 = ORIENTED_EDGE ( 'NONE', *, *, #8116, .T. ) ;
#10033 = EDGE_LOOP ( 'NONE', ( #318, #12186, #11493, #10947 ) ) ;
#10034 =( NAMED_UNIT ( * ) SI_UNIT ( $, .STERADIAN. ) SOLID_ANGLE_UNIT ( ) );
#10035 = VERTEX_POINT ( 'NONE', #5954 ) ;
#10036 = CARTESIAN_POINT ( 'NONE',  ( -1.255000000000000115, 13.96993164062500092, -4.623949218749999091 ) ) ;
#10037 = LINE ( 'NONE', #6159, #8795 ) ;
#10038 = CARTESIAN_POINT ( 'NONE',  ( 1.250000000000000000, 15.69999999999999929, -4.699234558991999045 ) ) ;
#10039 = CARTESIAN_POINT ( 'NONE',  ( -4.879999999999999893, 10.50999999999999979, 4.890000000000000568 ) ) ;
#10040 = CARTESIAN_POINT ( 'NONE',  ( 2.185000000000000497, -3.700000000000000178, -8.750000000000000000 ) ) ;
#10041 = ORIENTED_EDGE ( 'NONE', *, *, #5937, .T. ) ;
#10042 = CARTESIAN_POINT ( 'NONE',  ( -2.185000000000000053, 1.100000000000000089, -6.209999999999999964 ) ) ;
#10043 = ADVANCED_FACE ( 'NONE', ( #5031 ), #1280, .T. ) ;
#10044 = CARTESIAN_POINT ( 'NONE',  ( 4.819999999999999396, -1.639999999999999902, -1.324726386844000015 ) ) ;
#10045 = FACE_OUTER_BOUND ( 'NONE', #11613, .T. ) ;
#10046 = EDGE_LOOP ( 'NONE', ( #11779, #12076, #10280, #4047 ) ) ;
#10047 = ORIENTED_EDGE ( 'NONE', *, *, #3362, .F. ) ;
#10048 = CARTESIAN_POINT ( 'NONE',  ( -5.080000000000000071, -3.500000000000000000, 0.000000000000000000 ) ) ;
#10049 = EDGE_LOOP ( 'NONE', ( #7468, #4106, #2308, #562, #10512, #1734 ) ) ;
#10050 = CARTESIAN_POINT ( 'NONE',  ( -0.7900000000000000355, 14.06939833831600062, -6.213385438909000413 ) ) ;
#10051 = ORIENTED_EDGE ( 'NONE', *, *, #2081, .T. ) ;
#10052 = LINE ( 'NONE', #11990, #8997 ) ;
#10053 = DIRECTION ( 'NONE',  ( 1.000000000000000000, 0.000000000000000000, 0.000000000000000000 ) ) ;
#10054 = CARTESIAN_POINT ( 'NONE',  ( 7.900000000000000355, 3.319999999999999840, 8.789999999999999147 ) ) ;
#10055 = DIRECTION ( 'NONE',  ( -0.000000000000000000, 1.000000000000000000, 0.000000000000000000 ) ) ;
#10056 = EDGE_CURVE ( 'NONE', #6396, #459, #7887, .T. ) ;
#10057 = VERTEX_POINT ( 'NONE', #2209 ) ;
#10058 = FACE_OUTER_BOUND ( 'NONE', #12140, .T. ) ;
#10059 = ORIENTED_EDGE ( 'NONE', *, *, #42, .F. ) ;
#10060 = CARTESIAN_POINT ( 'NONE',  ( -0.3549042256140000351, 8.428480301029999566, -7.771133401575998967 ) ) ;
#10061 = DIRECTION ( 'NONE',  ( 0.000000000000000000, 0.9763850306004406843, 0.2160376634278765307 ) ) ;
#10062 = EDGE_LOOP ( 'NONE', ( #21, #6362, #2545, #1794 ) ) ;
#10063 = CYLINDRICAL_SURFACE ( 'NONE', #789, 1.870944562245001386 ) ;
#10064 = LINE ( 'NONE', #1515, #10664 ) ;
#10065 = CARTESIAN_POINT ( 'NONE',  ( 1.860000000000000098, 13.08000000000000007, 6.119999999999999218 ) ) ;
#10066 = DIRECTION ( 'NONE',  ( -1.000000000000000000, 0.000000000000000000, 0.000000000000000000 ) ) ;
#10067 = CARTESIAN_POINT ( 'NONE',  ( 0.7900000000000000355, 14.10351080919316935, -6.490000000000295977 ) ) ;
#10068 = ADVANCED_FACE ( 'NONE', ( #5090 ), #11880, .F. ) ;
#10069 = ORIENTED_EDGE ( 'NONE', *, *, #8588, .F. ) ;
#10070 = CARTESIAN_POINT ( 'NONE',  ( 4.325601679845162195, -2.906621072929775007, 1.192252756219207344 ) ) ;
#10071 = EDGE_LOOP ( 'NONE', ( #10658, #5191, #5490, #6422 ) ) ;
#10072 = CARTESIAN_POINT ( 'NONE',  ( 0.2300000000000000100, 14.09999999999999964, -6.349999999999999645 ) ) ;
#10073 = VERTEX_POINT ( 'NONE', #11825 ) ;
#10074 = FACE_OUTER_BOUND ( 'NONE', #8952, .T. ) ;
#10075 = VERTEX_POINT ( 'NONE', #9207 ) ;
#10076 = VERTEX_POINT ( 'NONE', #7392 ) ;
#10077 = DIRECTION ( 'NONE',  ( 0.000000000000000000, 1.000000000000000000, 0.000000000000000000 ) ) ;
#10078 = CARTESIAN_POINT ( 'NONE',  ( -1.905000000000000027, 8.419999999999999929, -6.209999999999999964 ) ) ;
#10079 = LINE ( 'NONE', #6527, #9287 ) ;
#10080 = CARTESIAN_POINT ( 'NONE',  ( -0.9152032340349074424, 2.300000281434657179, -8.748950189031043934 ) ) ;
#10081 = DIRECTION ( 'NONE',  ( -1.000000000000000000, 0.000000000000000000, 0.000000000000000000 ) ) ;
#10082 = B_SPLINE_CURVE_WITH_KNOTS ( 'NONE', 3,
 ( #6079, #7155, #9891, #1344 ),
 .UNSPECIFIED., .F., .F.,
 ( 4, 4 ),
 ( 0.001221990409579445935, 0.001558973122136546275 ),
 .UNSPECIFIED. ) ;
#10083 = EDGE_CURVE ( 'NONE', #10917, #8519, #10012, .T. ) ;
#10084 = ORIENTED_EDGE ( 'NONE', *, *, #5283, .F. ) ;
#10085 = DIRECTION ( 'NONE',  ( 1.000000000000000000, 0.000000000000000000, 0.000000000000000000 ) ) ;
#10086 = ORIENTED_EDGE ( 'NONE', *, *, #2571, .F. ) ;
#10087 = VECTOR ( 'NONE', #2189, 1000.000000000000227 ) ;
#10088 = EDGE_LOOP ( 'NONE', ( #5434, #6586, #972, #4363 ) ) ;
#10089 = ORIENTED_EDGE ( 'NONE', *, *, #10940, .F. ) ;
#10090 = CARTESIAN_POINT ( 'NONE',  ( -0.9100000000000000311, -3.700000000000000178, -9.029999999999999361 ) ) ;
#10091 = PLANE ( 'NONE',  #3791 ) ;
#10092 = EDGE_CURVE ( 'NONE', #6407, #5285, #12320, .T. ) ;
#10093 = ADVANCED_FACE ( 'NONE', ( #6204 ), #766, .F. ) ;
#10094 = LINE ( 'NONE', #10038, #9745 ) ;
#10095 = EDGE_CURVE ( 'NONE', #11290, #5665, #10136, .T. ) ;
#10096 = DIRECTION ( 'NONE',  ( 1.000000000000000000, 0.000000000000000000, 0.000000000000000000 ) ) ;
#10097 = DIRECTION ( 'NONE',  ( 0.000000000000000000, 0.9086141679698415130, -0.4176365570259298332 ) ) ;
#10098 = VECTOR ( 'NONE', #9710, 1000.000000000000000 ) ;
#10099 = VECTOR ( 'NONE', #1364, 1000.000000000000000 ) ;
#10100 = EDGE_CURVE ( 'NONE', #2211, #8150, #2630, .T. ) ;
#10101 = EDGE_CURVE ( 'NONE', #4542, #6100, #1465, .T. ) ;
#10102 = ORIENTED_EDGE ( 'NONE', *, *, #11084, .T. ) ;
#10103 = CYLINDRICAL_SURFACE ( 'NONE', #10492, 1.560000000000000053 ) ;
#10104 = CARTESIAN_POINT ( 'NONE',  ( 1.629999999999999893, 1.100000000000000311, -8.750000000000000000 ) ) ;
#10105 = VECTOR ( 'NONE', #5392, 1000.000000000000000 ) ;
#10106 = FACE_OUTER_BOUND ( 'NONE', #3133, .T. ) ;
#10107 = ORIENTED_EDGE ( 'NONE', *, *, #9028, .F. ) ;
#10108 = VECTOR ( 'NONE', #10264, 1000.000000000000000 ) ;
#10109 = ORIENTED_EDGE ( 'NONE', *, *, #9961, .T. ) ;
#10110 = LINE ( 'NONE', #4434, #1658 ) ;
#10111 = ORIENTED_EDGE ( 'NONE', *, *, #4990, .T. ) ;
#10112 = CARTESIAN_POINT ( 'NONE',  ( -0.2350000000000000144, 15.79762648660004132, 5.189704678889510703 ) ) ;
#10113 = ORIENTED_EDGE ( 'NONE', *, *, #1517, .F. ) ;
#10114 = DIRECTION ( 'NONE',  ( 0.000000000000000000, 0.000000000000000000, 1.000000000000000000 ) ) ;
#10115 = DIRECTION ( 'NONE',  ( 1.000000000000000000, 0.000000000000000000, 0.000000000000000000 ) ) ;
#10116 = CARTESIAN_POINT ( 'NONE',  ( -3.500000000000000000, 4.179999999999999716, -5.070000000000000284 ) ) ;
#10117 = CARTESIAN_POINT ( 'NONE',  ( -1.810000000000000053, 15.80000000000000071, -4.234997608641000610 ) ) ;
#10118 = VECTOR ( 'NONE', #8479, 1000.000000000000000 ) ;
#10119 = VECTOR ( 'NONE', #10581, 1000.000000000000000 ) ;
#10120 = ORIENTED_EDGE ( 'NONE', *, *, #8259, .T. ) ;
#10121 = CARTESIAN_POINT ( 'NONE',  ( -1.810000000000000053, 13.96993164062500092, -4.623949218749999091 ) ) ;
#10122 = EDGE_LOOP ( 'NONE', ( #10086, #11263, #4151, #1655 ) ) ;
#10123 = CARTESIAN_POINT ( 'NONE',  ( -4.879999999999999893, 8.000000000000000000, 10.35999999999999943 ) ) ;
#10124 = EDGE_LOOP ( 'NONE', ( #7886, #635, #12222, #8118, #1138, #3945, #8798, #11076 ) ) ;
#10125 = CARTESIAN_POINT ( 'NONE',  ( -1.199999999999999956, 15.45000000000000107, 2.370000000000000107 ) ) ;
#10126 = ORIENTED_EDGE ( 'NONE', *, *, #9642, .F. ) ;
#10127 = DIRECTION ( 'NONE',  ( -1.000000000000000000, 0.000000000000000000, 0.000000000000000000 ) ) ;
#10128 = EDGE_CURVE ( 'NONE', #290, #485, #4462, .T. ) ;
#10129 = VECTOR ( 'NONE', #9245, 1000.000000000000000 ) ;
#10130 = CARTESIAN_POINT ( 'NONE',  ( 1.804999999999999938, 9.203585746971000958, -7.603067918452999230 ) ) ;
#10131 = DIRECTION ( 'NONE',  ( 0.000000000000000000, 0.9495692212737610882, 0.3135574811889244584 ) ) ;
#10132 = CARTESIAN_POINT ( 'NONE',  ( 1.250000000000000000, 14.52999999999999936, -6.299999999999999822 ) ) ;
#10133 = DIRECTION ( 'NONE',  ( 0.000000000000000000, 0.5504587155961468969, -0.8348623853212219226 ) ) ;
#10134 = EDGE_CURVE ( 'NONE', #10523, #3066, #4395, .T. ) ;
#10135 = ORIENTED_EDGE ( 'NONE', *, *, #3678, .T. ) ;
#10136 = LINE ( 'NONE', #7213, #740 ) ;
#10137 = ORIENTED_EDGE ( 'NONE', *, *, #4452, .T. ) ;
#10138 = CARTESIAN_POINT ( 'NONE',  ( -0.3499039373569999833, 3.000000000000000000, -9.029807709702000196 ) ) ;
#10139 = VECTOR ( 'NONE', #5224, 1000.000000000000000 ) ;
#10140 = EDGE_CURVE ( 'NONE', #6911, #3387, #8258, .T. ) ;
#10141 = PLANE ( 'NONE',  #10181 ) ;
#10142 = ORIENTED_EDGE ( 'NONE', *, *, #4764, .T. ) ;
#10143 = ADVANCED_FACE ( 'NONE', ( #4584 ), #648, .T. ) ;
#10144 = ORIENTED_EDGE ( 'NONE', *, *, #5515, .F. ) ;
#10145 = LINE ( 'NONE', #2640, #5153 ) ;
#10146 = DIRECTION ( 'NONE',  ( -1.000000000000000000, 0.000000000000000000, 0.000000000000000000 ) ) ;
#10147 = CYLINDRICAL_SURFACE ( 'NONE', #8977, 0.2599999999999997868 ) ;
#10148 = FACE_OUTER_BOUND ( 'NONE', #8147, .T. ) ;
#10149 = CARTESIAN_POINT ( 'NONE',  ( 0.2300000000000000100, 14.09462133319000010, -6.209999999999999964 ) ) ;
#10150 = VECTOR ( 'NONE', #5531, 1000.000000000000000 ) ;
#10151 = VERTEX_POINT ( 'NONE', #3640 ) ;
#10152 = CARTESIAN_POINT ( 'NONE',  ( -0.2300000000000000100, 14.06939833831600062, -6.213385438909000413 ) ) ;
#10153 = VERTEX_POINT ( 'NONE', #12015 ) ;
#10154 = VERTEX_POINT ( 'NONE', #1713 ) ;
#10155 = VECTOR ( 'NONE', #6158, 1000.000000000000000 ) ;
#10156 = ORIENTED_EDGE ( 'NONE', *, *, #6361, .T. ) ;
#10157 = VECTOR ( 'NONE', #3965, 1000.000000000000000 ) ;
#10158 = FACE_OUTER_BOUND ( 'NONE', #4020, .T. ) ;
#10159 = DIRECTION ( 'NONE',  ( -1.000000000000000000, -0.000000000000000000, -0.000000000000000000 ) ) ;
#10160 = CYLINDRICAL_SURFACE ( 'NONE', #4514, 1.870944562245001386 ) ;
#10161 = LINE ( 'NONE', #3410, #12099 ) ;
#10162 = LINE ( 'NONE', #10418, #1401 ) ;
#10163 = AXIS2_PLACEMENT_3D ( 'NONE', #2475, #6288, #10097 ) ;
#10164 = AXIS2_PLACEMENT_3D ( 'NONE', #8874, #4067, #7876 ) ;
#10165 = DIRECTION ( 'NONE',  ( 0.000000000000000000, 1.000000000000000000, 0.000000000000000000 ) ) ;
#10166 = LINE ( 'NONE', #7299, #2816 ) ;
#10167 = CARTESIAN_POINT ( 'NONE',  ( 7.900000000000000355, 3.319999999999999840, 10.08999999999999986 ) ) ;
#10168 = VERTEX_POINT ( 'NONE', #3383 ) ;
#10169 = EDGE_LOOP ( 'NONE', ( #8677, #3543, #7395, #7123 ) ) ;
#10170 = DIRECTION ( 'NONE',  ( -1.000000000000000000, 0.000000000000000000, 0.000000000000000000 ) ) ;
#10171 = ORIENTED_EDGE ( 'NONE', *, *, #11310, .F. ) ;
#10172 = LINE ( 'NONE', #7184, #2396 ) ;
#10173 = VERTEX_POINT ( 'NONE', #7452 ) ;
#10174 = DIRECTION ( 'NONE',  ( 0.000000000000000000, 0.000000000000000000, -1.000000000000000000 ) ) ;
#10175 = VECTOR ( 'NONE', #47, 1000.000000000000000 ) ;
#10176 = ADVANCED_FACE ( 'NONE', ( #11265 ), #5511, .F. ) ;
#10177 = VECTOR ( 'NONE', #6261, 1000.000000000000000 ) ;
#10178 = EDGE_CURVE ( 'NONE', #4435, #10810, #4964, .T. ) ;
#10179 = DIRECTION ( 'NONE',  ( 0.000000000000000000, 0.000000000000000000, 1.000000000000000000 ) ) ;
#10180 = CARTESIAN_POINT ( 'NONE',  ( -0.9099038053469999943, 8.451744313687001409, -7.766550936653000115 ) ) ;
#10181 = AXIS2_PLACEMENT_3D ( 'NONE', #582, #6333, #6038 ) ;
#10182 = VECTOR ( 'NONE', #8242, 1000.000000000000000 ) ;
#10183 = ADVANCED_FACE ( 'NONE', ( #5329 ), #716, .T. ) ;
#10184 = AXIS2_PLACEMENT_3D ( 'NONE', #11495, #1953, #3932 ) ;
#10185 = ADVANCED_FACE ( 'NONE', ( #20 ), #4707, .T. ) ;
#10186 = AXIS2_PLACEMENT_3D ( 'NONE', #11296, #7616, #6556 ) ;
#10187 = CARTESIAN_POINT ( 'NONE',  ( 3.600000000000000089, 15.45000000000000107, -5.070000000000000284 ) ) ;
#10188 = ORIENTED_EDGE ( 'NONE', *, *, #8487, .T. ) ;
#10189 = CARTESIAN_POINT ( 'NONE',  ( 1.245477215547283079, 9.085023762261002389, -7.616821163361013447 ) ) ;
#10190 = EDGE_LOOP ( 'NONE', ( #8986, #11552, #894, #7869, #247, #4786 ) ) ;
#10191 = ADVANCED_FACE ( 'NONE', ( #4884 ), #5825, .F. ) ;
#10192 = DIRECTION ( 'NONE',  ( 0.000000000000000000, 0.000000000000000000, 1.000000000000000000 ) ) ;
#10193 = ORIENTED_EDGE ( 'NONE', *, *, #469, .T. ) ;
#10194 = PLANE ( 'NONE',  #6398 ) ;
#10195 = CARTESIAN_POINT ( 'NONE',  ( -6.540000000000000036, 15.11416361098900119, -6.104208234257000321 ) ) ;
#10196 = CARTESIAN_POINT ( 'NONE',  ( -2.220000000000000195, 15.45000000000000107, 2.370000000000000107 ) ) ;
#10197 = VECTOR ( 'NONE', #11179, 1000.000000000000000 ) ;
#10198 = DIRECTION ( 'NONE',  ( -1.000000000000000000, -0.000000000000000000, -0.000000000000000000 ) ) ;
#10199 = LINE ( 'NONE', #5393, #2959 ) ;
#10200 =( BOUNDED_SURFACE ( )  B_SPLINE_SURFACE ( 1, 3, ( 
 ( #11626, #1495, #4116, #9630 ),
 ( #542, #3051, #7933, #6880 ) ),
 .UNSPECIFIED., .F., .F., .F. ) 
 B_SPLINE_SURFACE_WITH_KNOTS ( ( 2, 2 ),
 ( 4, 4 ),
 ( 0.000000000000000000, 1.000000000000000000 ),
 ( 0.000000000000000000, 1.000000000000000000 ),
 .UNSPECIFIED. ) 
 GEOMETRIC_REPRESENTATION_ITEM ( )  RATIONAL_B_SPLINE_SURFACE ( (
 ( 1.000000000000000000, 0.9970286977077599255, 0.9970286977077599255, 1.000000000000000000),
 ( 1.000000000000000000, 0.9970286977077599255, 0.9970286977077599255, 1.000000000000000000) ) ) 
 REPRESENTATION_ITEM ( '' )  SURFACE ( )  );
#10201 = EDGE_LOOP ( 'NONE', ( #3896, #11422, #2047, #6950, #4644, #866, #8843 ) ) ;
#10202 = CARTESIAN_POINT ( 'NONE',  ( 4.579222180143288412, -3.201392345172381582, 1.260210164458068105 ) ) ;
#10203 = ORIENTED_EDGE ( 'NONE', *, *, #6290, .T. ) ;
#10204 = CARTESIAN_POINT ( 'NONE',  ( -0.9100960626429999145, 8.388342753565998677, -7.493823590735000373 ) ) ;
#10205 = ORIENTED_EDGE ( 'NONE', *, *, #213, .F. ) ;
#10206 = VERTEX_POINT ( 'NONE', #6512 ) ;
#10207 = CARTESIAN_POINT ( 'NONE',  ( -2.185000000000291820, 8.466997253945589108, -6.490000000000000213 ) ) ;
#10208 = ORIENTED_EDGE ( 'NONE', *, *, #6836, .F. ) ;
#10209 = AXIS2_PLACEMENT_3D ( 'NONE', #2112, #363, #1120 ) ;
#10210 = ORIENTED_EDGE ( 'NONE', *, *, #4423, .F. ) ;
#10211 = CARTESIAN_POINT ( 'NONE',  ( -1.625000000000000000, 3.000000000000000000, -10.22999999999999865 ) ) ;
#10212 = DIRECTION ( 'NONE',  ( 0.002048524988061995854, 0.000000000000000000, 0.9999979017704854201 ) ) ;
#10213 = ADVANCED_FACE ( 'NONE', ( #5581 ), #7751, .F. ) ;
#10214 = DIRECTION ( 'NONE',  ( 0.000000000000000000, 0.000000000000000000, -1.000000000000000000 ) ) ;
#10215 = DIRECTION ( 'NONE',  ( -0.9691320112176506907, -0.2405805551639134121, -0.05389008545414058354 ) ) ;
#10216 = LINE ( 'NONE', #9219, #2947 ) ;
#10217 = ADVANCED_FACE ( 'NONE', ( #10320 ), #11502, .T. ) ;
#10218 = EDGE_CURVE ( 'NONE', #7892, #4557, #4738, .T. ) ;
#10219 = VECTOR ( 'NONE', #1455, 1000.000000000000000 ) ;
#10220 = B_SPLINE_CURVE_WITH_KNOTS ( 'NONE', 3,
 ( #374, #2304, #9866, #9742 ),
 .UNSPECIFIED., .F., .F.,
 ( 4, 4 ),
 ( 0.0001626862811304345452, 0.0002108993788963134277 ),
 .UNSPECIFIED. ) ;
#10221 = EDGE_LOOP ( 'NONE', ( #8336, #4224, #5199, #11211 ) ) ;
#10222 = FACE_OUTER_BOUND ( 'NONE', #2507, .T. ) ;
#10223 = ORIENTED_EDGE ( 'NONE', *, *, #10298, .F. ) ;
#10224 = ORIENTED_EDGE ( 'NONE', *, *, #2156, .T. ) ;
#10225 = ORIENTED_EDGE ( 'NONE', *, *, #7687, .F. ) ;
#10226 = CARTESIAN_POINT ( 'NONE',  ( 2.880000000000000338, 15.69999999999999929, 6.119999999999999218 ) ) ;
#10227 = FACE_OUTER_BOUND ( 'NONE', #10296, .T. ) ;
#10228 = VECTOR ( 'NONE', #3800, 1000.000000000000227 ) ;
#10229 = LINE ( 'NONE', #2595, #7109 ) ;
#10230 = DIRECTION ( 'NONE',  ( 1.000000000000000000, 0.000000000000000000, 0.000000000000000000 ) ) ;
#10231 = AXIS2_PLACEMENT_3D ( 'NONE', #8184, #2553, #9192 ) ;
#10232 = CARTESIAN_POINT ( 'NONE',  ( -1.814999999999999947, 15.80000000000000071, -4.234997608640000522 ) ) ;
#10233 = EDGE_CURVE ( 'NONE', #6598, #7487, #10566, .T. ) ;
#10234 = CARTESIAN_POINT ( 'NONE',  ( -0.7900000000000000355, 14.08280056788830947, -6.210893209203021570 ) ) ;
#10235 = CARTESIAN_POINT ( 'NONE',  ( -3.971129570381793261, -1.639999999999999902, -1.097272240749140426 ) ) ;
#10236 = LINE ( 'NONE', #7481, #5713 ) ;
#10237 = ORIENTED_EDGE ( 'NONE', *, *, #8179, .T. ) ;
#10238 = ORIENTED_EDGE ( 'NONE', *, *, #5000, .F. ) ;
#10239 = ORIENTED_EDGE ( 'NONE', *, *, #8431, .T. ) ;
#10240 = CARTESIAN_POINT ( 'NONE',  ( 2.880000000000000338, 15.11999999999999922, 4.890000000000000568 ) ) ;
#10241 = ORIENTED_EDGE ( 'NONE', *, *, #6647, .T. ) ;
#10242 = LINE ( 'NONE', #11116, #5216 ) ;
#10243 = EDGE_LOOP ( 'NONE', ( #9923, #9359, #7011, #335 ) ) ;
#10244 = CARTESIAN_POINT ( 'NONE',  ( -0.9107111975491025690, 8.499295710827862393, -7.757130139581420281 ) ) ;
#10245 = LINE ( 'NONE', #9246, #1013 ) ;
#10246 = EDGE_CURVE ( 'NONE', #9080, #4477, #6927, .T. ) ;
#10247 = ADVANCED_FACE ( 'NONE', ( #5765 ), #8115, .T. ) ;
#10248 = CARTESIAN_POINT ( 'NONE',  ( 5.339999999999998970, -3.500000000000000000, 1.222661032339174447 ) ) ;
#10249 = EDGE_LOOP ( 'NONE', ( #1577, #974, #1646 ) ) ;
#10250 = DIRECTION ( 'NONE',  ( 0.000000000000000000, 0.000000000000000000, 1.000000000000000000 ) ) ;
#10251 = ORIENTED_EDGE ( 'NONE', *, *, #6678, .T. ) ;
#10252 = CARTESIAN_POINT ( 'NONE',  ( -0.3549519686785001515, 3.800000000000116618, -8.847950982515360607 ) ) ;
#10253 = ORIENTED_EDGE ( 'NONE', *, *, #7920, .F. ) ;
#10254 = CARTESIAN_POINT ( 'NONE',  ( 4.819999999999999396, -3.600000000000000089, 1.273734666247000158 ) ) ;
#10255 = DIRECTION ( 'NONE',  ( 0.000000000000000000, 0.9086141679698415130, -0.4176365570259298332 ) ) ;
#10256 = ORIENTED_EDGE ( 'NONE', *, *, #5857, .T. ) ;
#10257 = EDGE_CURVE ( 'NONE', #70, #11041, #7511, .T. ) ;
#10258 = CARTESIAN_POINT ( 'NONE',  ( -3.600000000000000089, 13.02999999999999936, 10.35999999999999943 ) ) ;
#10259 = EDGE_CURVE ( 'NONE', #1664, #11842, #2748, .T. ) ;
#10260 = CARTESIAN_POINT ( 'NONE',  ( 0.2300000000000000100, 15.80000000000000071, 5.159999999999999254 ) ) ;
#10261 = CARTESIAN_POINT ( 'NONE',  ( 0.2300000000000000100, 14.10351080919316935, -6.490000000000295977 ) ) ;
#10262 = EDGE_CURVE ( 'NONE', #11394, #3436, #1841, .T. ) ;
#10263 = ORIENTED_EDGE ( 'NONE', *, *, #10233, .T. ) ;
#10264 = DIRECTION ( 'NONE',  ( -1.000000000000000000, 0.000000000000000000, 0.000000000000000000 ) ) ;
#10265 = ORIENTED_EDGE ( 'NONE', *, *, #96, .T. ) ;
#10266 = CARTESIAN_POINT ( 'NONE',  ( -1.250000000000000000, 15.79293969097799888, 5.203898047367000679 ) ) ;
#10267 = ORIENTED_EDGE ( 'NONE', *, *, #9288, .T. ) ;
#10268 = CARTESIAN_POINT ( 'NONE',  ( -6.540000000000000036, 3.000000000000000000, -10.22999999999999865 ) ) ;
#10269 = ORIENTED_EDGE ( 'NONE', *, *, #7322, .T. ) ;
#10270 = DIRECTION ( 'NONE',  ( 0.000000000000000000, 0.000000000000000000, -1.000000000000000000 ) ) ;
#10271 = ORIENTED_EDGE ( 'NONE', *, *, #5008, .T. ) ;
#10272 = DIRECTION ( 'NONE',  ( 0.000000000000000000, 1.000000000000000000, 0.000000000000000000 ) ) ;
#10273 = FACE_OUTER_BOUND ( 'NONE', #5405, .T. ) ;
#10274 = CARTESIAN_POINT ( 'NONE',  ( -1.250000000000000000, 9.377205983516001098, -3.778469117984000203 ) ) ;
#10275 = CARTESIAN_POINT ( 'NONE',  ( 3.600000000000000089, 13.02999999999999936, 10.35999999999999943 ) ) ;
#10276 = CARTESIAN_POINT ( 'NONE',  ( 6.541141843972000380, 3.318858156027999939, 8.789999999999999147 ) ) ;
#10277 = ORIENTED_EDGE ( 'NONE', *, *, #9568, .F. ) ;
#10278 = LINE ( 'NONE', #7229, #6724 ) ;
#10279 = ORIENTED_EDGE ( 'NONE', *, *, #981, .T. ) ;
#10280 = ORIENTED_EDGE ( 'NONE', *, *, #9031, .F. ) ;
#10281 = ORIENTED_EDGE ( 'NONE', *, *, #3768, .F. ) ;
#10282 = FACE_OUTER_BOUND ( 'NONE', #6607, .T. ) ;
#10283 = CARTESIAN_POINT ( 'NONE',  ( -0.2391204732966998592, 9.022023860308413745, -7.344261032273080581 ) ) ;
#10284 = EDGE_CURVE ( 'NONE', #7413, #6192, #892, .T. ) ;
#10285 = CARTESIAN_POINT ( 'NONE',  ( -1.250000000000000000, 13.96993164062500092, -4.623949218749999091 ) ) ;
#10286 = DIRECTION ( 'NONE',  ( 0.000000000000000000, 0.000000000000000000, -1.000000000000000000 ) ) ;
#10287 = CARTESIAN_POINT ( 'NONE',  ( -0.3509395697078869780, 8.388396930636051962, -7.493416822482400264 ) ) ;
#10288 = CARTESIAN_POINT ( 'NONE',  ( -0.2350000000000000422, 14.08280056788830770, -6.210893209203022458 ) ) ;
#10289 = CARTESIAN_POINT ( 'NONE',  ( 1.250000000000000000, 15.80000000000000071, 5.159999999999999254 ) ) ;
#10290 = DIRECTION ( 'NONE',  ( 0.000000000000000000, 0.8348623853212218116, 0.5504587155961468969 ) ) ;
#10291 = ORIENTED_EDGE ( 'NONE', *, *, #11330, .T. ) ;
#10292 = ORIENTED_EDGE ( 'NONE', *, *, #5719, .F. ) ;
#10293 = CARTESIAN_POINT ( 'NONE',  ( -0.8400000000000000799, 15.11999999999999922, -0.3649999999999999911 ) ) ;
#10294 = ORIENTED_EDGE ( 'NONE', *, *, #5821, .F. ) ;
#10295 = CARTESIAN_POINT ( 'NONE',  ( 1.910688566333163863, 8.388299465347602180, -7.493637382684380732 ) ) ;
#10296 = EDGE_LOOP ( 'NONE', ( #1965, #5573, #1763, #2408 ) ) ;
#10297 = DIRECTION ( 'NONE',  ( 0.000000000000000000, 0.000000000000000000, 1.000000000000000000 ) ) ;
#10298 = EDGE_CURVE ( 'NONE', #9854, #1971, #5703, .T. ) ;
#10299 = CIRCLE ( 'NONE', #4911, 0.2599999999999997868 ) ;
#10300 = LINE ( 'NONE', #1755, #12330 ) ;
#10301 = LINE ( 'NONE', #933, #9590 ) ;
#10302 = AXIS2_PLACEMENT_3D ( 'NONE', #9711, #6907, #4027 ) ;
#10303 = CIRCLE ( 'NONE', #1538, 0.1399999999999995137 ) ;
#10304 = LINE ( 'NONE', #2733, #11816 ) ;
#10305 = VERTEX_POINT ( 'NONE', #12328 ) ;
#10306 = DIRECTION ( 'NONE',  ( 0.000000000000000000, -1.000000000000000000, 0.000000000000000000 ) ) ;
#10307 = VERTEX_POINT ( 'NONE', #956 ) ;
#10308 = DIRECTION ( 'NONE',  ( 1.000000000000000000, 0.000000000000000000, 0.000000000000000000 ) ) ;
#10309 = ORIENTED_EDGE ( 'NONE', *, *, #1046, .F. ) ;
#10310 = DIRECTION ( 'NONE',  ( 0.1877758073010515338, -0.9822119151142680860, 3.697785493224010661E-32 ) ) ;
#10311 = PLANE ( 'NONE',  #3625 ) ;
#10312 = ORIENTED_EDGE ( 'NONE', *, *, #3641, .F. ) ;
#10313 = VECTOR ( 'NONE', #6262, 1000.000000000000114 ) ;
#10314 = DIRECTION ( 'NONE',  ( 1.000000000000000000, 0.000000000000000000, 0.000000000000000000 ) ) ;
#10315 = VECTOR ( 'NONE', #6452, 1000.000000000000000 ) ;
#10316 = LINE ( 'NONE', #5507, #4736 ) ;
#10317 = LINE ( 'NONE', #7505, #4782 ) ;
#10318 = LINE ( 'NONE', #12256, #11090 ) ;
#10319 = ORIENTED_EDGE ( 'NONE', *, *, #11818, .F. ) ;
#10320 = FACE_OUTER_BOUND ( 'NONE', #7086, .T. ) ;
#10321 = EDGE_CURVE ( 'NONE', #6697, #1483, #1144, .T. ) ;
#10322 = VERTEX_POINT ( 'NONE', #2878 ) ;
#10323 = VECTOR ( 'NONE', #11785, 1000.000000000000227 ) ;
#10324 = ADVANCED_FACE ( 'NONE', ( #6706 ), #10504, .T. ) ;
#10325 = DIRECTION ( 'NONE',  ( 5.421010862429298840E-20, -0.9740264650302337124, -0.2264341966680544216 ) ) ;
#10326 = ORIENTED_EDGE ( 'NONE', *, *, #10787, .T. ) ;
#10327 = CARTESIAN_POINT ( 'NONE',  ( -1.860000000000000098, 15.11999999999999922, 4.890000000000000568 ) ) ;
#10328 = ORIENTED_EDGE ( 'NONE', *, *, #6312, .T. ) ;
#10329 = VERTEX_POINT ( 'NONE', #7691 ) ;
#10330 = DIRECTION ( 'NONE',  ( -0.000000000000000000, -0.000000000000000000, -1.000000000000000000 ) ) ;
#10331 = LINE ( 'NONE', #5340, #7399 ) ;
#10332 = EDGE_CURVE ( 'NONE', #10548, #6277, #2020, .T. ) ;
#10333 = CARTESIAN_POINT ( 'NONE',  ( 0.7900000000000000355, 14.49800950369600017, 4.776298838437000427 ) ) ;
#10334 = EDGE_CURVE ( 'NONE', #12022, #6780, #2309, .T. ) ;
#10335 = CARTESIAN_POINT ( 'NONE',  ( -5.599999999999999645, -1.639999999999999902, 1.245833054627000003 ) ) ;
#10336 = LINE ( 'NONE', #1727, #770 ) ;
#10337 = EDGE_LOOP ( 'NONE', ( #11550, #3178, #7598, #9412 ) ) ;
#10338 = VECTOR ( 'NONE', #10767, 1000.000000000000114 ) ;
#10339 = DIRECTION ( 'NONE',  ( 0.9999980093515224988, 0.000000000000000000, -0.001995317767306753649 ) ) ;
#10340 = EDGE_CURVE ( 'NONE', #7802, #9198, #2326, .T. ) ;
#10341 = ORIENTED_EDGE ( 'NONE', *, *, #11848, .F. ) ;
#10342 = EDGE_CURVE ( 'NONE', #11123, #7973, #4250, .T. ) ;
#10343 = VERTEX_POINT ( 'NONE', #11566 ) ;
#10344 = EDGE_LOOP ( 'NONE', ( #11996, #6756, #617, #656, #12151 ) ) ;
#10345 = EDGE_CURVE ( 'NONE', #3468, #6598, #8868, .T. ) ;
#10346 = DIRECTION ( 'NONE',  ( -0.002397371803626729102, 0.2277690527549744715, -0.9737122322408899855 ) ) ;
#10347 = CARTESIAN_POINT ( 'NONE',  ( -0.2390731074125352074, 9.022295653870846976, -7.344201712088305634 ) ) ;
#10348 = CARTESIAN_POINT ( 'NONE',  ( -0.2350000000000000144, 14.49800950369600017, 4.776298838437000427 ) ) ;
#10349 =( LENGTH_UNIT ( ) NAMED_UNIT ( * ) SI_UNIT ( .MILLI., .METRE. ) );
#10350 = SURFACE_STYLE_USAGE ( .BOTH. , #3474 ) ;
#10351 = VECTOR ( 'NONE', #5213, 1000.000000000000000 ) ;
#10352 = DIRECTION ( 'NONE',  ( 1.950414869885999773E-16, -1.061255149790999855E-16, 1.000000000000000000 ) ) ;
#10353 = VECTOR ( 'NONE', #4158, 1000.000000000000000 ) ;
#10354 = FACE_OUTER_BOUND ( 'NONE', #11063, .T. ) ;
#10355 = ORIENTED_EDGE ( 'NONE', *, *, #11243, .T. ) ;
#10356 = CIRCLE ( 'NONE', #6768, 1.870944562245001386 ) ;
#10357 = CARTESIAN_POINT ( 'NONE',  ( 4.879999999999999893, 13.01999999999999957, -5.009999999999999787 ) ) ;
#10358 = CARTESIAN_POINT ( 'NONE',  ( 8.751918340712878219, 15.69999999999999929, -0.3649999999999998801 ) ) ;
#10359 = ORIENTED_EDGE ( 'NONE', *, *, #10621, .F. ) ;
#10360 = DIRECTION ( 'NONE',  ( 0.000000000000000000, 0.9763850306004407953, 0.2160376634278763919 ) ) ;
#10361 = ORIENTED_EDGE ( 'NONE', *, *, #9415, .F. ) ;
#10362 = CARTESIAN_POINT ( 'NONE',  ( 2.187534975601904019, 8.388427882532763391, -7.494189780339297613 ) ) ;
#10363 = DIRECTION ( 'NONE',  ( 0.000000000000000000, 0.000000000000000000, -1.000000000000000000 ) ) ;
#10364 = VECTOR ( 'NONE', #4986, 1000.000000000000000 ) ;
#10365 = CARTESIAN_POINT ( 'NONE',  ( -0.2300000000000000100, 15.69999999999999929, -5.336197087740999656 ) ) ;
#10366 = DIRECTION ( 'NONE',  ( 0.0006866331995825453388, 0.2264341432898830941, -0.9740262354204972661 ) ) ;
#10367 = EDGE_CURVE ( 'NONE', #6803, #9687, #8746, .T. ) ;
#10368 = VECTOR ( 'NONE', #4675, 1000.000000000000114 ) ;
#10369 = VECTOR ( 'NONE', #4950, 1000.000000000000000 ) ;
#10370 = ADVANCED_FACE ( 'NONE', ( #7935 ), #11737, .F. ) ;
#10371 = ADVANCED_FACE ( 'NONE', ( #5201 ), #6945, .F. ) ;
#10372 = CARTESIAN_POINT ( 'NONE',  ( 3.600000000000000089, 0.000000000000000000, -3.559999999999999609 ) ) ;
#10373 = AXIS2_PLACEMENT_3D ( 'NONE', #6538, #5608, #856 ) ;
#10374 = ORIENTED_EDGE ( 'NONE', *, *, #284, .F. ) ;
#10375 = AXIS2_PLACEMENT_3D ( 'NONE', #5324, #11943, #9133 ) ;
#10376 = CARTESIAN_POINT ( 'NONE',  ( -1.250000000000000000, 15.79293969097784966, 5.203898047366450896 ) ) ;
#10377 = ORIENTED_EDGE ( 'NONE', *, *, #8299, .T. ) ;
#10378 = AXIS2_PLACEMENT_3D ( 'NONE', #4384, #12120, #8188 ) ;
#10379 = DIRECTION ( 'NONE',  ( 1.000000000000000000, 0.000000000000000000, 0.000000000000000000 ) ) ;
#10380 = ORIENTED_EDGE ( 'NONE', *, *, #9939, .T. ) ;
#10381 = CARTESIAN_POINT ( 'NONE',  ( 1.810000000000000053, 9.122794016484000679, -3.661530882016000188 ) ) ;
#10382 = DIRECTION ( 'NONE',  ( 1.000000000000000000, -1.110223024624999878E-16, 0.000000000000000000 ) ) ;
#10383 = CARTESIAN_POINT ( 'NONE',  ( 1.860000000000000098, 15.69999999999999929, -5.620000000000000107 ) ) ;
#10384 = LINE ( 'NONE', #6572, #11693 ) ;
#10385 = CARTESIAN_POINT ( 'NONE',  ( 0.1800000000000000211, 13.08000000000001783, -0.3649999999999912204 ) ) ;
#10386 = VECTOR ( 'NONE', #5311, 1000.000000000000000 ) ;
#10387 = VECTOR ( 'NONE', #1832, 1000.000000000000000 ) ;
#10388 = VECTOR ( 'NONE', #9861, 1000.000000000000000 ) ;
#10389 = FACE_OUTER_BOUND ( 'NONE', #4308, .T. ) ;
#10390 = ORIENTED_EDGE ( 'NONE', *, *, #11373, .T. ) ;
#10391 = CARTESIAN_POINT ( 'NONE',  ( -4.859999999999999432, 8.761946277877999734, -8.266040861052999844 ) ) ;
#10392 = ORIENTED_EDGE ( 'NONE', *, *, #796, .T. ) ;
#10393 = DIRECTION ( 'NONE',  ( 0.000000000000000000, 0.000000000000000000, -1.000000000000000000 ) ) ;
#10394 = CARTESIAN_POINT ( 'NONE',  ( 4.859999999999999432, 3.000000000000000000, -5.989999999999999325 ) ) ;
#10395 = ORIENTED_EDGE ( 'NONE', *, *, #3274, .T. ) ;
#10396 = FACE_OUTER_BOUND ( 'NONE', #1691, .T. ) ;
#10397 = AXIS2_PLACEMENT_3D ( 'NONE', #3975, #4866, #11481 ) ;
#10398 = ORIENTED_EDGE ( 'NONE', *, *, #8448, .F. ) ;
#10399 = DIRECTION ( 'NONE',  ( 0.000000000000000000, 1.000000000000000000, 0.000000000000000000 ) ) ;
#10400 = DIRECTION ( 'NONE',  ( 0.000000000000000000, 0.000000000000000000, 1.000000000000000000 ) ) ;
#10401 = CARTESIAN_POINT ( 'NONE',  ( -2.884999999999999787, 3.000000000000000000, -9.029999999999999361 ) ) ;
#10402 = B_SPLINE_CURVE_WITH_KNOTS ( 'NONE', 3,
 ( #11161, #12158, #4484, #4674 ),
 .UNSPECIFIED., .F., .F.,
 ( 4, 4 ),
 ( 0.001221990409579445935, 0.001558973122136546275 ),
 .UNSPECIFIED. ) ;
#10403 = LINE ( 'NONE', #2832, #142 ) ;
#10404 = CARTESIAN_POINT ( 'NONE',  ( -0.2299999999999999822, 15.79999999999954774, 5.174947165682039163 ) ) ;
#10405 = VECTOR ( 'NONE', #11648, 1000.000000000000000 ) ;
#10406 = ORIENTED_EDGE ( 'NONE', *, *, #4913, .F. ) ;
#10407 = DIRECTION ( 'NONE',  ( 1.224646799146797060E-16, -0.2185832977459636339, 0.9758182935088374199 ) ) ;
#10408 = EDGE_CURVE ( 'NONE', #2244, #11851, #6882, .T. ) ;
#10409 = VERTEX_POINT ( 'NONE', #3242 ) ;
#10410 = ADVANCED_FACE ( 'NONE', ( #6827, #1385 ), #5079, .F. ) ;
#10411 = ORIENTED_EDGE ( 'NONE', *, *, #8037, .T. ) ;
#10412 = CIRCLE ( 'NONE', #5028, 1.870944562245001386 ) ;
#10413 = ORIENTED_EDGE ( 'NONE', *, *, #8260, .T. ) ;
#10414 = CARTESIAN_POINT ( 'NONE',  ( 2.189999999999999947, -3.700000000000000178, -8.750000000000000000 ) ) ;
#10415 = CARTESIAN_POINT ( 'NONE',  ( 1.625000000000000000, -3.700000000000000178, -8.750000000000000000 ) ) ;
#10416 = DIRECTION ( 'NONE',  ( -1.000000000000000000, 0.000000000000000000, 0.000000000000000000 ) ) ;
#10417 = DIRECTION ( 'NONE',  ( 0.000000000000000000, 0.000000000000000000, 1.000000000000000000 ) ) ;
#10418 = CARTESIAN_POINT ( 'NONE',  ( 8.751918340712878219, 15.69999999999999929, -0.3649999999999998801 ) ) ;
#10419 = EDGE_CURVE ( 'NONE', #11700, #3795, #196, .T. ) ;
#10420 = EDGE_CURVE ( 'NONE', #4655, #9631, #2072, .T. ) ;
#10421 = AXIS2_PLACEMENT_3D ( 'NONE', #2923, #5752, #10440 ) ;
#10422 = CARTESIAN_POINT ( 'NONE',  ( 1.810000000000000053, 15.80000000000000071, 5.159999999999999254 ) ) ;
#10423 = ADVANCED_FACE ( 'NONE', ( #1137 ), #3177, .F. ) ;
#10424 = DIRECTION ( 'NONE',  ( 0.000000000000000000, 0.000000000000000000, -1.000000000000000000 ) ) ;
#10425 = ORIENTED_EDGE ( 'NONE', *, *, #10345, .F. ) ;
#10426 = VERTEX_POINT ( 'NONE', #2257 ) ;
#10427 = PLANE ( 'NONE',  #12316 ) ;
#10428 = EDGE_LOOP ( 'NONE', ( #1528, #7470, #6812, #2483 ) ) ;
#10429 = VECTOR ( 'NONE', #3670, 1000.000000000000000 ) ;
#10430 = VECTOR ( 'NONE', #3494, 1000.000000000000000 ) ;
#10431 = FACE_OUTER_BOUND ( 'NONE', #7020, .T. ) ;
#10432 = VERTEX_POINT ( 'NONE', #7818 ) ;
#10433 = DIRECTION ( 'NONE',  ( 0.9855641870644104019, -0.1650087725240685643, -0.03788585707316576706 ) ) ;
#10434 = CARTESIAN_POINT ( 'NONE',  ( -1.469999999999999973, 13.02999999999999936, 10.33999999999999986 ) ) ;
#10435 = CARTESIAN_POINT ( 'NONE',  ( 0.2300000000000000100, 9.377205983516001098, -3.778469117984000203 ) ) ;
#10436 = PLANE ( 'NONE',  #6599 ) ;
#10437 = VECTOR ( 'NONE', #2789, 1000.000000000000000 ) ;
#10438 = CARTESIAN_POINT ( 'NONE',  ( 0.7900000000000000355, 15.52000000000000135, 5.159999999999999254 ) ) ;
#10439 = ORIENTED_EDGE ( 'NONE', *, *, #3526, .F. ) ;
#10440 = DIRECTION ( 'NONE',  ( 0.000000000000000000, 1.000000000000000000, 0.000000000000000000 ) ) ;
#10441 = ORIENTED_EDGE ( 'NONE', *, *, #2751, .F. ) ;
#10442 = DIRECTION ( 'NONE',  ( -1.000000000000000000, -0.000000000000000000, -0.000000000000000000 ) ) ;
#10443 = VERTEX_POINT ( 'NONE', #1268 ) ;
#10444 = CARTESIAN_POINT ( 'NONE',  ( 2.880000000000000338, 13.08000000000000007, 6.119999999999999218 ) ) ;
#10445 = CARTESIAN_POINT ( 'NONE',  ( -1.255000000000000115, 13.22059501705500217, 5.253684953371999811 ) ) ;
#10446 = EDGE_CURVE ( 'NONE', #5802, #12035, #4944, .T. ) ;
#10447 = PLANE ( 'NONE',  #8592 ) ;
#10448 = CARTESIAN_POINT ( 'NONE',  ( 1.250000000000000000, 15.79999999999954774, 5.159999999999999254 ) ) ;
#10449 = CARTESIAN_POINT ( 'NONE',  ( 0.2349806637679501820, 9.047422773955991815, -6.490000000000000213 ) ) ;
#10450 = EDGE_LOOP ( 'NONE', ( #5841, #3285, #10392, #1039 ) ) ;
#10451 = DIRECTION ( 'NONE',  ( 0.000000000000000000, 0.000000000000000000, -1.000000000000000000 ) ) ;
#10452 = EDGE_LOOP ( 'NONE', ( #10355, #3482, #11797, #1498, #2037, #11910, #9294, #1204, #8694, #1800, #10949, #6711, #10239, #2267, #1296, #2091, #9634, #5896, #3705, #7949, #2220, #5202, #1235, #5879, #5330, #11109, #140, #3079, #7615, #4587, #9178, #7727, #7570, #11839, #2908, #10887, #11306, #8980, #6532, #114, #1503 ) ) ;
#10453 = DIRECTION ( 'NONE',  ( 0.000000000000000000, 0.9086141679698415130, -0.4176365570259298332 ) ) ;
#10454 = CARTESIAN_POINT ( 'NONE',  ( 1.244999999999999885, 14.08280056788830947, -6.210893209203021570 ) ) ;
#10455 = ORIENTED_EDGE ( 'NONE', *, *, #8864, .F. ) ;
#10456 = CARTESIAN_POINT ( 'NONE',  ( 0.2299999999999999822, 15.79999999999954774, 5.174947165682039163 ) ) ;
#10457 = ORIENTED_EDGE ( 'NONE', *, *, #6353, .F. ) ;
#10458 = CARTESIAN_POINT ( 'NONE',  ( 1.245000000000000107, 15.52000012041266785, -4.249816382101536227 ) ) ;
#10459 = DIRECTION ( 'NONE',  ( 0.000000000000000000, 0.000000000000000000, -1.000000000000000000 ) ) ;
#10460 = EDGE_CURVE ( 'NONE', #11152, #9984, #10679, .T. ) ;
#10461 = DIRECTION ( 'NONE',  ( 0.000000000000000000, 1.000000000000000000, 0.000000000000000000 ) ) ;
#10462 = CARTESIAN_POINT ( 'NONE',  ( -0.3498783259519999689, 2.983918985827999748, -8.749807626111000047 ) ) ;
#10463 = DIRECTION ( 'NONE',  ( 0.000000000000000000, 1.000000000000000000, 0.000000000000000000 ) ) ;
#10464 = ORIENTED_EDGE ( 'NONE', *, *, #9612, .F. ) ;
#10465 = CARTESIAN_POINT ( 'NONE',  ( 1.625000000000000000, -3.700000000000000178, -8.750000000000000000 ) ) ;
#10466 = ORIENTED_EDGE ( 'NONE', *, *, #10475, .F. ) ;
#10467 = VERTEX_POINT ( 'NONE', #6063 ) ;
#10468 = VERTEX_POINT ( 'NONE', #1321 ) ;
#10469 = FACE_OUTER_BOUND ( 'NONE', #3799, .T. ) ;
#10470 = CARTESIAN_POINT ( 'NONE',  ( 4.819999999999999396, -3.500000000000000000, 1.273734666246999936 ) ) ;
#10471 = DIRECTION ( 'NONE',  ( 1.000000000000000000, -1.110223024624999878E-16, 0.000000000000000000 ) ) ;
#10472 = DIRECTION ( 'NONE',  ( -2.986706638718573246E-16, 0.9740264650302591365, 0.2264341966679444540 ) ) ;
#10473 = EDGE_CURVE ( 'NONE', #10468, #4934, #9748, .T. ) ;
#10474 = CARTESIAN_POINT ( 'NONE',  ( 1.860000000000000098, 15.11999999999999922, -0.3649999999999999911 ) ) ;
#10475 = EDGE_CURVE ( 'NONE', #11776, #7892, #59, .T. ) ;
#10476 = DIRECTION ( 'NONE',  ( 1.000000000000000000, 0.000000000000000000, 0.000000000000000000 ) ) ;
#10477 = ORIENTED_EDGE ( 'NONE', *, *, #11734, .T. ) ;
#10478 = EDGE_LOOP ( 'NONE', ( #2648, #11248, #74, #701 ) ) ;
#10479 = EDGE_CURVE ( 'NONE', #2190, #7669, #10753, .T. ) ;
#10480 = DIRECTION ( 'NONE',  ( 0.4778470552751755696, -0.8572007978132637485, -0.1920129787101571284 ) ) ;
#10481 = ORIENTED_EDGE ( 'NONE', *, *, #4722, .T. ) ;
#10482 = EDGE_CURVE ( 'NONE', #8372, #5741, #9062, .T. ) ;
#10483 = LINE ( 'NONE', #925, #3635 ) ;
#10484 = ORIENTED_EDGE ( 'NONE', *, *, #2609, .T. ) ;
#10485 = CARTESIAN_POINT ( 'NONE',  ( -1.250000000000000000, 15.52000000000000135, 5.136780657427999941 ) ) ;
#10486 = PLANE ( 'NONE',  #8789 ) ;
#10487 = CARTESIAN_POINT ( 'NONE',  ( -5.029999999999999361, 6.819999999999999396, -6.040000000000000036 ) ) ;
#10488 = CARTESIAN_POINT ( 'NONE',  ( -5.079999999999998295, -3.500000000000000000, 0.000000000000000000 ) ) ;
#10489 = ADVANCED_FACE ( 'NONE', ( #8057 ), #12116, .F. ) ;
#10490 = LINE ( 'NONE', #7677, #1459 ) ;
#10491 = ORIENTED_EDGE ( 'NONE', *, *, #4502, .T. ) ;
#10492 = AXIS2_PLACEMENT_3D ( 'NONE', #2598, #10165, #864 ) ;
#10493 = DIRECTION ( 'NONE',  ( -1.000000000000000000, 0.000000000000000000, 0.000000000000000000 ) ) ;
#10494 = VERTEX_POINT ( 'NONE', #5315 ) ;
#10495 = PLANE ( 'NONE',  #8176 ) ;
#10496 = ORIENTED_EDGE ( 'NONE', *, *, #4828, .F. ) ;
#10497 = DIRECTION ( 'NONE',  ( -1.224646799146796074E-16, 0.2185832977459636339, -0.9758182935088374199 ) ) ;
#10498 = PLANE ( 'NONE',  #10184 ) ;
#10499 = FACE_OUTER_BOUND ( 'NONE', #4568, .T. ) ;
#10500 = VECTOR ( 'NONE', #1866, 1000.000000000000114 ) ;
#10501 = VECTOR ( 'NONE', #11153, 1000.000000000000000 ) ;
#10502 = CARTESIAN_POINT ( 'NONE',  ( -1.810000000000000053, 15.79293969097799888, 5.203898047366000590 ) ) ;
#10503 = EDGE_LOOP ( 'NONE', ( #8465, #11023, #7860, #5029, #1918, #12313, #2690, #10693 ) ) ;
#10504 = PLANE ( 'NONE',  #10511 ) ;
#10505 = VERTEX_POINT ( 'NONE', #10187 ) ;
#10506 = LINE ( 'NONE', #8690, #3010 ) ;
#10507 = CARTESIAN_POINT ( 'NONE',  ( 1.250000000000000000, 14.08280056788830947, -6.210893209203021570 ) ) ;
#10508 = ORIENTED_EDGE ( 'NONE', *, *, #4524, .T. ) ;
#10509 = CARTESIAN_POINT ( 'NONE',  ( 5.599999999999999645, 1.100000000000000089, -10.22999999999999865 ) ) ;
#10510 = AXIS2_PLACEMENT_3D ( 'NONE', #10835, #7031, #2278 ) ;
#10511 = AXIS2_PLACEMENT_3D ( 'NONE', #1958, #8632, #81 ) ;
#10512 = ORIENTED_EDGE ( 'NONE', *, *, #8146, .T. ) ;
#10513 = DIRECTION ( 'NONE',  ( 0.000000000000000000, 0.000000000000000000, -1.000000000000000000 ) ) ;
#10514 = CARTESIAN_POINT ( 'NONE',  ( -5.527325384927620711, -1.639999999999999902, -1.273734666246999936 ) ) ;
#10515 = DIRECTION ( 'NONE',  ( 0.000000000000000000, 0.000000000000000000, 1.000000000000000000 ) ) ;
#10516 = EDGE_CURVE ( 'NONE', #4023, #1311, #6311, .T. ) ;
#10517 = MECHANICAL_DESIGN_GEOMETRIC_PRESENTATION_REPRESENTATION (  '', ( #5739 ), #12114 ) ;
#10518 = VERTEX_POINT ( 'NONE', #1698 ) ;
#10519 = EDGE_CURVE ( 'NONE', #9004, #9984, #5047, .T. ) ;
#10520 = DIRECTION ( 'NONE',  ( 0.000000000000000000, -1.000000000000000000, 0.000000000000000000 ) ) ;
#10521 = EDGE_CURVE ( 'NONE', #4655, #11308, #3840, .T. ) ;
#10522 = VERTEX_POINT ( 'NONE', #9304 ) ;
#10523 = VERTEX_POINT ( 'NONE', #10248 ) ;
#10524 =( BOUNDED_SURFACE ( )  B_SPLINE_SURFACE ( 1, 3, ( 
 ( #2163, #3972, #4918, #8723 ),
 ( #1357, #8845, #5977, #1298 ),
 ( #9665, #289, #9787, #3030 ) ),
 .UNSPECIFIED., .F., .F., .F. ) 
 B_SPLINE_SURFACE_WITH_KNOTS ( ( 2, 1, 2 ),
 ( 4, 4 ),
 ( -0.04679599253417990323, 0.000000000000000000, 1.000000000000000000 ),
 ( 0.000000000000000000, 1.000000000000000000 ),
 .UNSPECIFIED. ) 
 GEOMETRIC_REPRESENTATION_ITEM ( )  RATIONAL_B_SPLINE_SURFACE ( (
 ( 1.000000000000000000, 0.9788258229101259866, 0.9788258229101259866, 1.000000000000000000),
 ( 1.000000000000000000, 0.9788258229101259866, 0.9788258229101259866, 1.000000000000000000),
 ( 1.000000000000000000, 0.9788258229101259866, 0.9788258229101259866, 1.000000000000000000) ) ) 
 REPRESENTATION_ITEM ( '' )  SURFACE ( )  );
#10525 = ORIENTED_EDGE ( 'NONE', *, *, #686, .T. ) ;
#10526 = CARTESIAN_POINT ( 'NONE',  ( -0.7900000000000000355, 13.47720598351600074, 5.141530882016000170 ) ) ;
#10527 = CARTESIAN_POINT ( 'NONE',  ( -2.034999999999999698, 3.000000000000000000, -6.209999999999999964 ) ) ;
#10528 = CARTESIAN_POINT ( 'NONE',  ( -1.810000000000000053, 15.80000000000000071, 5.159999999999999254 ) ) ;
#10529 = CARTESIAN_POINT ( 'NONE',  ( 0.2300000000000000100, 15.52110639943411741, -4.270303716915297088 ) ) ;
#10530 = CARTESIAN_POINT ( 'NONE',  ( 2.151192629068031881, 8.581456100077193838, -7.737419413932922652 ) ) ;
#10531 = DIRECTION ( 'NONE',  ( 0.2588190451025217942, 0.000000000000000000, 0.9659258262890680902 ) ) ;
#10532 = CIRCLE ( 'NONE', #11721, 0.1399999999999985978 ) ;
#10533 = VECTOR ( 'NONE', #9228, 1000.000000000000000 ) ;
#10534 = PLANE ( 'NONE',  #4104 ) ;
#10535 = ORIENTED_EDGE ( 'NONE', *, *, #6678, .F. ) ;
#10536 = VERTEX_POINT ( 'NONE', #2615 ) ;
#10537 = LINE ( 'NONE', #2907, #8294 ) ;
#10538 = EDGE_LOOP ( 'NONE', ( #12205, #7006, #5350, #1951 ) ) ;
#10539 = CARTESIAN_POINT ( 'NONE',  ( 0.3549999999999999822, 3.000000000000000000, -6.209999999999999964 ) ) ;
#10540 = ORIENTED_EDGE ( 'NONE', *, *, #10853, .T. ) ;
#10541 = DIRECTION ( 'NONE',  ( 0.000000000000000000, -0.9465272815540003437, -0.3226237828710001310 ) ) ;
#10542 = CARTESIAN_POINT ( 'NONE',  ( -3.600000000000000089, 1.100000000000000089, -3.559999999999999609 ) ) ;
#10543 = CARTESIAN_POINT ( 'NONE',  ( 0.9150000000000000355, 8.419999999999999929, -6.490000000000000213 ) ) ;
#10544 = CARTESIAN_POINT ( 'NONE',  ( 1.527238947817999959, 9.130601661684000447, -7.606614561090999871 ) ) ;
#10545 = AXIS2_PLACEMENT_3D ( 'NONE', #6115, #11732, #8741 ) ;
#10546 = CARTESIAN_POINT ( 'NONE',  ( 1.245000000000000107, 15.80000000000000071, -4.234997608640000522 ) ) ;
#10547 = EDGE_CURVE ( 'NONE', #602, #6911, #6188, .T. ) ;
#10548 = VERTEX_POINT ( 'NONE', #11867 ) ;
#10549 = EDGE_CURVE ( 'NONE', #774, #6681, #7377, .T. ) ;
#10550 = CARTESIAN_POINT ( 'NONE',  ( -1.809999999999999609, 15.79999999999954774, 5.174947165682039163 ) ) ;
#10551 = ORIENTED_EDGE ( 'NONE', *, *, #861, .F. ) ;
#10552 = PLANE ( 'NONE',  #9772 ) ;
#10553 = ORIENTED_EDGE ( 'NONE', *, *, #11174, .T. ) ;
#10554 = CARTESIAN_POINT ( 'NONE',  ( -0.8400000000000000799, 13.08000000000000007, 6.119999999999999218 ) ) ;
#10555 = AXIS2_PLACEMENT_3D ( 'NONE', #7731, #2230, #3914 ) ;
#10556 = VECTOR ( 'NONE', #2198, 1000.000000000000000 ) ;
#10557 = DIRECTION ( 'NONE',  ( 0.000000000000000000, 0.000000000000000000, 1.000000000000000000 ) ) ;
#10558 = DIRECTION ( 'NONE',  ( 1.000000000000000000, -1.110223024624999878E-16, 0.000000000000000000 ) ) ;
#10559 = EDGE_CURVE ( 'NONE', #3270, #532, #10998, .T. ) ;
#10560 = EDGE_CURVE ( 'NONE', #11139, #10035, #11060, .T. ) ;
#10561 = VECTOR ( 'NONE', #5243, 1000.000000000000000 ) ;
#10562 = CARTESIAN_POINT ( 'NONE',  ( 0.2316651689763798982, 9.064765362096633083, -6.489999999999999325 ) ) ;
#10563 = ORIENTED_EDGE ( 'NONE', *, *, #4058, .F. ) ;
#10564 = AXIS2_PLACEMENT_3D ( 'NONE', #6885, #3245, #11569 ) ;
#10565 = ADVANCED_FACE ( 'NONE', ( #4445 ), #12060, .F. ) ;
#10566 = LINE ( 'NONE', #4651, #1944 ) ;
#10567 = ORIENTED_EDGE ( 'NONE', *, *, #3221, .T. ) ;
#10568 = FACE_OUTER_BOUND ( 'NONE', #2351, .T. ) ;
#10569 = CARTESIAN_POINT ( 'NONE',  ( 0.3549999999999999822, -3.700000000000000178, -6.209999999999999964 ) ) ;
#10570 = VERTEX_POINT ( 'NONE', #11122 ) ;
#10571 = DIRECTION ( 'NONE',  ( 0.000000000000000000, 0.000000000000000000, -1.000000000000000000 ) ) ;
#10572 = ORIENTED_EDGE ( 'NONE', *, *, #6049, .F. ) ;
#10573 = VECTOR ( 'NONE', #10459, 1000.000000000000000 ) ;
#10574 = CARTESIAN_POINT ( 'NONE',  ( 2.185289691999376505, 8.388043833044822151, -7.492537758017845384 ) ) ;
#10575 = AXIS2_PLACEMENT_3D ( 'NONE', #8755, #3708, #9694 ) ;
#10576 = CARTESIAN_POINT ( 'NONE',  ( 1.256469786088021845, 9.041255248119441035, -7.626859968143035573 ) ) ;
#10577 = CARTESIAN_POINT ( 'NONE',  ( -0.7900000000000000355, 15.79999999999954774, 5.174947165682039163 ) ) ;
#10578 = VECTOR ( 'NONE', #1594, 1000.000000000000000 ) ;
#10579 = EDGE_LOOP ( 'NONE', ( #1283, #5091, #2452, #3885, #6705, #5105, #12073, #11760, #453, #6175, #2450, #12063, #9903, #7230, #12342, #1170, #11921, #8508, #3737, #12020 ) ) ;
#10580 = MECHANICAL_DESIGN_GEOMETRIC_PRESENTATION_REPRESENTATION (  '', ( #9397 ), #2990 ) ;
#10581 = DIRECTION ( 'NONE',  ( 0.000000000000000000, 0.000000000000000000, -1.000000000000000000 ) ) ;
#10582 = VECTOR ( 'NONE', #8927, 1000.000000000000000 ) ;
#10583 = ORIENTED_EDGE ( 'NONE', *, *, #94, .F. ) ;
#10584 = DIRECTION ( 'NONE',  ( 0.000000000000000000, 0.000000000000000000, 1.000000000000000000 ) ) ;
#10585 = VERTEX_POINT ( 'NONE', #2492 ) ;
#10586 = EDGE_CURVE ( 'NONE', #8724, #12217, #5260, .T. ) ;
#10587 = VERTEX_POINT ( 'NONE', #11933 ) ;
#10588 = CARTESIAN_POINT ( 'NONE',  ( -2.150948855074999777, 8.553825112320000201, -6.209999999999999964 ) ) ;
#10589 = CARTESIAN_POINT ( 'NONE',  ( -2.481703076265318497, 3.800000000000000711, -8.560878063284693695 ) ) ;
#10590 = CARTESIAN_POINT ( 'NONE',  ( -5.029999999999999361, 13.01999999999999957, 4.890000000000000568 ) ) ;
#10591 = LINE ( 'NONE', #2152, #4922 ) ;
#10592 = CARTESIAN_POINT ( 'NONE',  ( 1.250000000000000000, 13.96993164062500092, -4.623949218749999091 ) ) ;
#10593 = EDGE_CURVE ( 'NONE', #170, #7487, #7315, .T. ) ;
#10594 = CIRCLE ( 'NONE', #3003, 1.349999999999536460 ) ;
#10595 = DIRECTION ( 'NONE',  ( 0.000000000000000000, -0.9381440673623766546, 0.3462451571831385855 ) ) ;
#10596 = CARTESIAN_POINT ( 'NONE',  ( -1.814999999999999947, 15.80000000000000071, 5.159999999999999254 ) ) ;
#10597 = ORIENTED_EDGE ( 'NONE', *, *, #5831, .T. ) ;
#10598 = ORIENTED_EDGE ( 'NONE', *, *, #7692, .T. ) ;
#10599 = FACE_OUTER_BOUND ( 'NONE', #11204, .T. ) ;
#10600 = VERTEX_POINT ( 'NONE', #6254 ) ;
#10601 = FACE_OUTER_BOUND ( 'NONE', #5261, .T. ) ;
#10602 = ORIENTED_EDGE ( 'NONE', *, *, #11243, .F. ) ;
#10603 = CARTESIAN_POINT ( 'NONE',  ( -1.266588956396733190, 9.007456747678578068, -6.490000000000000213 ) ) ;
#10604 = CARTESIAN_POINT ( 'NONE',  ( -4.045609568873220319, -2.300980512439032566, 1.117229096197190463 ) ) ;
#10605 = AXIS2_PLACEMENT_3D ( 'NONE', #9307, #4311, #4504 ) ;
#10606 = PLANE ( 'NONE',  #8982 ) ;
#10607 = VECTOR ( 'NONE', #11955, 999.9999999999998863 ) ;
#10608 = ADVANCED_FACE ( 'NONE', ( #10058 ), #5446, .T. ) ;
#10609 = VECTOR ( 'NONE', #11796, 1000.000000000000000 ) ;
#10610 = DIRECTION ( 'NONE',  ( 0.000000000000000000, 0.000000000000000000, -1.000000000000000000 ) ) ;
#10611 = ORIENTED_EDGE ( 'NONE', *, *, #1881, .F. ) ;
#10612 = DIRECTION ( 'NONE',  ( 0.000000000000000000, 9.993466352650292719E-15, -1.000000000000000000 ) ) ;
#10613 = ORIENTED_EDGE ( 'NONE', *, *, #10298, .T. ) ;
#10614 = CARTESIAN_POINT ( 'NONE',  ( 6.540000000000000036, 14.28619153674800124, -4.603223830734999744 ) ) ;
#10615 = EDGE_LOOP ( 'NONE', ( #8966, #8189, #7165, #7817, #6579 ) ) ;
#10616 = DIRECTION ( 'NONE',  ( 0.000000000000000000, 0.9763850306004407953, 0.2160376634278763919 ) ) ;
#10617 = CARTESIAN_POINT ( 'NONE',  ( 0.7900000000000000355, 9.100370677103638783, -3.661530882016000188 ) ) ;
#10618 = VECTOR ( 'NONE', #5134, 999.9999999999998863 ) ;
#10619 = FACE_OUTER_BOUND ( 'NONE', #8276, .T. ) ;
#10620 = ADVANCED_FACE ( 'NONE', ( #4377 ), #11997, .T. ) ;
#10621 = EDGE_CURVE ( 'NONE', #7676, #70, #5748, .T. ) ;
#10622 = CARTESIAN_POINT ( 'NONE',  ( 1.200000000000000178, 13.01999999999999957, -0.3649999999999998801 ) ) ;
#10623 = ORIENTED_EDGE ( 'NONE', *, *, #9870, .T. ) ;
#10624 = CARTESIAN_POINT ( 'NONE',  ( 6.540000000000000036, 8.028430395001000974, 0.9612177150830000238 ) ) ;
#10625 = EDGE_LOOP ( 'NONE', ( #5940, #11604, #7391, #9845 ) ) ;
#10626 = DIRECTION ( 'NONE',  ( 0.000000000000000000, 0.000000000000000000, 1.000000000000000000 ) ) ;
#10627 = CARTESIAN_POINT ( 'NONE',  ( -1.860000000000000098, 15.69999999999999929, 6.119999999999999218 ) ) ;
#10628 = ORIENTED_EDGE ( 'NONE', *, *, #7728, .T. ) ;
#10629 = CARTESIAN_POINT ( 'NONE',  ( 3.600000000000000089, 1.100000000000000089, 6.740000000000000213 ) ) ;
#10630 = ADVANCED_FACE ( 'NONE', ( #11371 ), #2866, .T. ) ;
#10631 = EDGE_CURVE ( 'NONE', #4771, #7154, #9619, .T. ) ;
#10632 = DIRECTION ( 'NONE',  ( 0.000000000000000000, 0.000000000000000000, 1.000000000000000000 ) ) ;
#10633 = CARTESIAN_POINT ( 'NONE',  ( 2.185286205993788311, 8.388429158692995102, -7.494195269932998116 ) ) ;
#10634 = CARTESIAN_POINT ( 'NONE',  ( 0.8400000000000000799, 13.05000000000000071, 4.890000000000000568 ) ) ;
#10635 = FACE_OUTER_BOUND ( 'NONE', #6006, .T. ) ;
#10636 = EDGE_CURVE ( 'NONE', #9075, #3784, #10490, .T. ) ;
#10637 = ORIENTED_EDGE ( 'NONE', *, *, #6281, .T. ) ;
#10638 = CARTESIAN_POINT ( 'NONE',  ( 0.2349806637680000032, 9.047422773956000697, -6.209999999999999964 ) ) ;
#10639 = EDGE_LOOP ( 'NONE', ( #7443, #11503, #10411, #4730 ) ) ;
#10640 = LINE ( 'NONE', #4552, #9615 ) ;
#10641 = VERTEX_POINT ( 'NONE', #10546 ) ;
#10642 = ORIENTED_EDGE ( 'NONE', *, *, #6847, .F. ) ;
#10643 = CARTESIAN_POINT ( 'NONE',  ( 3.600000000000000089, 14.97186046511600033, -5.070000000000000284 ) ) ;
#10644 = CARTESIAN_POINT ( 'NONE',  ( -5.527325384927620711, -1.639999999999999902, 1.273734666246999936 ) ) ;
#10645 = DIRECTION ( 'NONE',  ( 1.000000000000000000, 0.000000000000000000, 0.000000000000000000 ) ) ;
#10646 = DIRECTION ( 'NONE',  ( 0.000000000000000000, -0.9381440673623764326, 0.3462451571831393071 ) ) ;
#10647 = CARTESIAN_POINT ( 'NONE',  ( -4.859999999999999432, 3.000000000000000000, -5.989999999999999325 ) ) ;
#10648 = EDGE_CURVE ( 'NONE', #8322, #3629, #6694, .T. ) ;
#10649 = CARTESIAN_POINT ( 'NONE',  ( -1.810000000000000053, 9.377205983516001098, -3.778469117984000203 ) ) ;
#10650 = ORIENTED_EDGE ( 'NONE', *, *, #8577, .T. ) ;
#10651 = AXIS2_PLACEMENT_3D ( 'NONE', #386, #8938, #6014 ) ;
#10652 = ORIENTED_EDGE ( 'NONE', *, *, #9784, .F. ) ;
#10653 = APPLICATION_CONTEXT ( 'automotive_design' ) ;
#10654 = EDGE_CURVE ( 'NONE', #9984, #7154, #8489, .T. ) ;
#10655 = DIRECTION ( 'NONE',  ( -1.000000000000000000, -0.000000000000000000, -0.000000000000000000 ) ) ;
#10656 = ORIENTED_EDGE ( 'NONE', *, *, #7172, .F. ) ;
#10657 = DIRECTION ( 'NONE',  ( 0.000000000000000000, 0.000000000000000000, -1.000000000000000000 ) ) ;
#10658 = ORIENTED_EDGE ( 'NONE', *, *, #7173, .F. ) ;
#10659 = DIRECTION ( 'NONE',  ( 0.001995317767306753649, -1.600107984551107182E-16, 0.9999980093515224988 ) ) ;
#10660 = FACE_OUTER_BOUND ( 'NONE', #194, .T. ) ;
#10661 = FACE_OUTER_BOUND ( 'NONE', #7302, .T. ) ;
#10662 = DIRECTION ( 'NONE',  ( 5.421010862429298840E-20, -0.9740264650302337124, -0.2264341966680544216 ) ) ;
#10663 = DIRECTION ( 'NONE',  ( 0.0004638570334013238355, -0.9999998924183204352, 0.000000000000000000 ) ) ;
#10664 = VECTOR ( 'NONE', #9132, 1000.000000000000114 ) ;
#10665 = EDGE_CURVE ( 'NONE', #8137, #6846, #1827, .T. ) ;
#10666 = DIRECTION ( 'NONE',  ( -1.000000000000000000, 0.000000000000000000, 0.000000000000000000 ) ) ;
#10667 = EDGE_CURVE ( 'NONE', #9664, #8761, #3626, .T. ) ;
#10668 = VERTEX_POINT ( 'NONE', #7556 ) ;
#10669 =( LENGTH_UNIT ( ) NAMED_UNIT ( * ) SI_UNIT ( .MILLI., .METRE. ) );
#10670 = ORIENTED_EDGE ( 'NONE', *, *, #3037, .F. ) ;
#10671 = DIRECTION ( 'NONE',  ( -1.000000000000000000, 0.000000000000000000, 0.000000000000000000 ) ) ;
#10672 = VERTEX_POINT ( 'NONE', #2000 ) ;
#10673 = DIRECTION ( 'NONE',  ( 1.000000000000000000, 0.000000000000000000, 0.000000000000000000 ) ) ;
#10674 = CARTESIAN_POINT ( 'NONE',  ( 1.630287381003000080, 3.000000000000000000, -8.749426706754999117 ) ) ;
#10675 = CARTESIAN_POINT ( 'NONE',  ( 1.810000000000000053, 14.06939833831600062, -6.213385438909000413 ) ) ;
#10676 = LINE ( 'NONE', #2305, #10747 ) ;
#10677 = PLANE ( 'NONE',  #9498 ) ;
#10678 = ORIENTED_EDGE ( 'NONE', *, *, #1163, .T. ) ;
#10679 = LINE ( 'NONE', #5941, #651 ) ;
#10680 = ORIENTED_EDGE ( 'NONE', *, *, #8684, .T. ) ;
#10681 = LINE ( 'NONE', #2131, #429 ) ;
#10682 = CARTESIAN_POINT ( 'NONE',  ( -3.055000000000000160, 14.00000000000000000, -6.209999999999999964 ) ) ;
#10683 = ORIENTED_EDGE ( 'NONE', *, *, #5505, .F. ) ;
#10684 = DIRECTION ( 'NONE',  ( 0.000000000000000000, 0.000000000000000000, -1.000000000000000000 ) ) ;
#10685 = LINE ( 'NONE', #202, #4273 ) ;
#10686 = CIRCLE ( 'NONE', #1529, 1.590944562245001137 ) ;
#10687 = FACE_OUTER_BOUND ( 'NONE', #1478, .T. ) ;
#10688 = VECTOR ( 'NONE', #18, 1000.000000000000000 ) ;
#10689 = CARTESIAN_POINT ( 'NONE',  ( -0.9109320088419746719, 8.436899100712398791, -7.491122171392931683 ) ) ;
#10690 = DIRECTION ( 'NONE',  ( 0.000000000000000000, 0.000000000000000000, 1.000000000000000000 ) ) ;
#10691 = EDGE_CURVE ( 'NONE', #530, #6871, #10007, .T. ) ;
#10692 = EDGE_CURVE ( 'NONE', #1664, #4771, #8618, .T. ) ;
#10693 = ORIENTED_EDGE ( 'NONE', *, *, #3363, .F. ) ;
#10694 = DIRECTION ( 'NONE',  ( 0.000000000000000000, -1.000000000000000000, 0.000000000000000000 ) ) ;
#10695 = VECTOR ( 'NONE', #10515, 1000.000000000000000 ) ;
#10696 = ORIENTED_EDGE ( 'NONE', *, *, #6235, .F. ) ;
#10697 = VECTOR ( 'NONE', #6679, 1000.000000000000000 ) ;
#10698 = DIRECTION ( 'NONE',  ( 0.000000000000000000, 0.000000000000000000, 1.000000000000000000 ) ) ;
#10699 = ORIENTED_EDGE ( 'NONE', *, *, #8346, .F. ) ;
#10700 = EDGE_CURVE ( 'NONE', #963, #10749, #11487, .T. ) ;
#10701 = EDGE_CURVE ( 'NONE', #11394, #7494, #2806, .T. ) ;
#10702 = ORIENTED_EDGE ( 'NONE', *, *, #1863, .T. ) ;
#10703 = CARTESIAN_POINT ( 'NONE',  ( 1.245000000000000107, 15.80000000000000071, 5.159999999999999254 ) ) ;
#10704 = CARTESIAN_POINT ( 'NONE',  ( -1.255000000000000115, 15.79999999999954774, 5.159999999999999254 ) ) ;
#10705 = CARTESIAN_POINT ( 'NONE',  ( -0.7900000000000000355, 9.377205983516001098, -3.778469117984000203 ) ) ;
#10706 = CARTESIAN_POINT ( 'NONE',  ( -0.2350000000000000144, 9.122794016484000679, -3.661530882016000188 ) ) ;
#10707 = CARTESIAN_POINT ( 'NONE',  ( -0.2300000000000000100, 13.96993164062500092, -4.623949218749999091 ) ) ;
#10708 = VECTOR ( 'NONE', #8287, 1000.000000000000000 ) ;
#10709 = AXIS2_PLACEMENT_3D ( 'NONE', #3938, #3761, #136 ) ;
#10710 = ADVANCED_FACE ( 'NONE', ( #6753 ), #1886, .F. ) ;
#10711 = EDGE_CURVE ( 'NONE', #4040, #10154, #10304, .T. ) ;
#10712 = DIRECTION ( 'NONE',  ( 0.000000000000000000, 0.9495692212737610882, 0.3135574811889244584 ) ) ;
#10713 = ORIENTED_EDGE ( 'NONE', *, *, #515, .F. ) ;
#10714 = EDGE_CURVE ( 'NONE', #3673, #6961, #4694, .T. ) ;
#10715 = VERTEX_POINT ( 'NONE', #12245 ) ;
#10716 = DIRECTION ( 'NONE',  ( -0.000000000000000000, -1.000000000000000000, -0.000000000000000000 ) ) ;
#10717 = CIRCLE ( 'NONE', #8722, 0.1400000000000004297 ) ;
#10718 = CARTESIAN_POINT ( 'NONE',  ( -0.2300000000000000100, 14.08947998063599982, -6.210395812409999827 ) ) ;
#10719 = EDGE_LOOP ( 'NONE', ( #1066, #786, #5349, #2448 ) ) ;
#10720 = DIRECTION ( 'NONE',  ( 1.000000000000000000, 0.000000000000000000, -1.224646799146999945E-16 ) ) ;
#10721 = CARTESIAN_POINT ( 'NONE',  ( -2.880000000000000338, 13.08000000000000007, 6.119999999999999218 ) ) ;
#10722 = DIRECTION ( 'NONE',  ( 1.000000000000000000, 0.000000000000000000, -1.224646799146999945E-16 ) ) ;
#10723 = CARTESIAN_POINT ( 'NONE',  ( 2.189712618997000426, 8.451830600729000054, -7.766922107896999883 ) ) ;
#10724 = AXIS2_PLACEMENT_3D ( 'NONE', #6569, #5640, #8499 ) ;
#10725 = ORIENTED_EDGE ( 'NONE', *, *, #5283, .T. ) ;
#10726 = AXIS2_PLACEMENT_3D ( 'NONE', #4716, #7404, #775 ) ;
#10727 = DIRECTION ( 'NONE',  ( 0.000000000000000000, 0.9997698407351198746, -0.02145380051350246134 ) ) ;
#10728 = EDGE_LOOP ( 'NONE', ( #8547, #504, #11251, #8032 ) ) ;
#10729 = DIRECTION ( 'NONE',  ( 0.000000000000000000, 1.000000000000000000, 0.000000000000000000 ) ) ;
#10730 = ORIENTED_EDGE ( 'NONE', *, *, #10973, .F. ) ;
#10731 = LINE ( 'NONE', #1187, #8594 ) ;
#10732 = ORIENTED_EDGE ( 'NONE', *, *, #7878, .T. ) ;
#10733 = LINE ( 'NONE', #3874, #11983 ) ;
#10734 = LINE ( 'NONE', #6058, #9131 ) ;
#10735 = CARTESIAN_POINT ( 'NONE',  ( 2.152236056865027169, 8.583128878346627744, -7.737853923759400843 ) ) ;
#10736 = DIRECTION ( 'NONE',  ( 0.000000000000000000, 0.000000000000000000, -1.000000000000000000 ) ) ;
#10737 = CARTESIAN_POINT ( 'NONE',  ( -0.7900000000000000355, 13.96993164062500092, -4.623949218749999091 ) ) ;
#10738 = AXIS2_PLACEMENT_3D ( 'NONE', #11766, #8960, #1420 ) ;
#10739 = EDGE_CURVE ( 'NONE', #11304, #3687, #3680, .T. ) ;
#10740 = ADVANCED_FACE ( 'NONE', ( #6561 ), #880, .T. ) ;
#10741 = DIRECTION ( 'NONE',  ( -1.000000000000000000, 0.000000000000000000, 0.000000000000000000 ) ) ;
#10742 = VERTEX_POINT ( 'NONE', #10793 ) ;
#10743 = DIRECTION ( 'NONE',  ( 0.000000000000000000, -0.2594879219549526272, 0.9657463530138233887 ) ) ;
#10744 = ORIENTED_EDGE ( 'NONE', *, *, #4338, .T. ) ;
#10745 = VECTOR ( 'NONE', #11668, 1000.000000000000000 ) ;
#10746 = DIRECTION ( 'NONE',  ( 1.000000000000000000, 0.000000000000000000, 0.000000000000000000 ) ) ;
#10747 = VECTOR ( 'NONE', #10924, 1000.000000000000000 ) ;
#10748 = DIRECTION ( 'NONE',  ( -1.000000000000000000, 0.000000000000000000, 0.000000000000000000 ) ) ;
#10749 = VERTEX_POINT ( 'NONE', #4165 ) ;
#10750 = CARTESIAN_POINT ( 'NONE',  ( -5.339999999999998970, -3.350000000001385203, 1.273734666247064995 ) ) ;
#10751 = CARTESIAN_POINT ( 'NONE',  ( 1.629999999999999893, -3.700000000000000178, -9.029999999999999361 ) ) ;
#10752 = LINE ( 'NONE', #10820, #400 ) ;
#10753 = B_SPLINE_CURVE_WITH_KNOTS ( 'NONE', 3,
 ( #9247, #6373, #5496, #4309 ),
 .UNSPECIFIED., .F., .F.,
 ( 4, 4 ),
 ( 0.0002745961581332133903, 0.0004161784367395746391 ),
 .UNSPECIFIED. ) ;
#10754 = CARTESIAN_POINT ( 'NONE',  ( 1.245000000000000107, 14.12086359458399976, -6.488795888121999589 ) ) ;
#10755 = LINE ( 'NONE', #2321, #2561 ) ;
#10756 = VECTOR ( 'NONE', #2958, 1000.000000000000000 ) ;
#10757 = VECTOR ( 'NONE', #4386, 1000.000000000000000 ) ;
#10758 = ORIENTED_EDGE ( 'NONE', *, *, #8561, .T. ) ;
#10759 = CARTESIAN_POINT ( 'NONE',  ( -4.819999999999999396, -3.500000000000000000, -1.273734666246999936 ) ) ;
#10760 = ORIENTED_EDGE ( 'NONE', *, *, #8487, .F. ) ;
#10761 = DIRECTION ( 'NONE',  ( -0.1692997943950509676, -0.9593655015712897471, -0.2257330591930679642 ) ) ;
#10762 = EDGE_LOOP ( 'NONE', ( #10359, #1928, #339, #1919 ) ) ;
#10763 = AXIS2_PLACEMENT_3D ( 'NONE', #11225, #1803, #8470 ) ;
#10764 = VECTOR ( 'NONE', #3120, 1000.000000000000000 ) ;
#10765 = ORIENTED_EDGE ( 'NONE', *, *, #11203, .F. ) ;
#10766 = VECTOR ( 'NONE', #7874, 1000.000000000000000 ) ;
#10767 = DIRECTION ( 'NONE',  ( 0.002048524988061995421, 0.000000000000000000, 0.9999979017704853090 ) ) ;
#10768 = CARTESIAN_POINT ( 'NONE',  ( -0.07499999999999999722, 8.000000000000000000, -5.009999999999999787 ) ) ;
#10769 = ADVANCED_FACE ( 'NONE', ( #5116 ), #6101, .F. ) ;
#10770 = CARTESIAN_POINT ( 'NONE',  ( 1.810000000000000053, 9.377205983516001098, -3.778469117984000203 ) ) ;
#10771 = CARTESIAN_POINT ( 'NONE',  ( 3.500000000000000000, 6.400000000000000355, -3.759999999999999787 ) ) ;
#10772 = LINE ( 'NONE', #5282, #4155 ) ;
#10773 = CIRCLE ( 'NONE', #203, 1.560000000000000053 ) ;
#10774 = EDGE_CURVE ( 'NONE', #6846, #3345, #8674, .T. ) ;
#10775 = VECTOR ( 'NONE', #10736, 1000.000000000000000 ) ;
#10776 = EDGE_CURVE ( 'NONE', #1367, #9500, #5644, .T. ) ;
#10777 = VECTOR ( 'NONE', #2427, 1000.000000000000114 ) ;
#10778 = CARTESIAN_POINT ( 'NONE',  ( 1.245000000000000107, 9.122794016484000679, -3.661530882016000188 ) ) ;
#10779 = ORIENTED_EDGE ( 'NONE', *, *, #10473, .F. ) ;
#10780 = VERTEX_POINT ( 'NONE', #7052 ) ;
#10781 = DIRECTION ( 'NONE',  ( 0.000000000000000000, 1.000000000000000000, 0.000000000000000000 ) ) ;
#10782 = B_SPLINE_CURVE_WITH_KNOTS ( 'NONE', 3,
 ( #12039, #2711, #12284, #2472 ),
 .UNSPECIFIED., .F., .F.,
 ( 4, 4 ),
 ( 0.000000000000000000, 1.000000000000000000 ),
 .UNSPECIFIED. ) ;
#10783 = CARTESIAN_POINT ( 'NONE',  ( -3.239999999999999769, 15.45000000000000107, 6.119999999999999218 ) ) ;
#10784 = ORIENTED_EDGE ( 'NONE', *, *, #11774, .F. ) ;
#10785 = DIRECTION ( 'NONE',  ( 0.8784405254313307765, 0.4657665326191748889, 0.1067884842660401790 ) ) ;
#10786 = CARTESIAN_POINT ( 'NONE',  ( 0.2300000000000000100, 15.80000000000000071, -4.234997608640000522 ) ) ;
#10787 = EDGE_CURVE ( 'NONE', #841, #2179, #4871, .T. ) ;
#10788 = AXIS2_PLACEMENT_3D ( 'NONE', #3406, #7234, #5110 ) ;
#10789 = DIRECTION ( 'NONE',  ( 0.000000000000000000, 1.000000000000000000, 0.000000000000000000 ) ) ;
#10790 = EDGE_CURVE ( 'NONE', #2819, #10322, #9628, .T. ) ;
#10791 = CARTESIAN_POINT ( 'NONE',  ( -0.7900000000000001465, 15.51998668538456982, -4.260059949487317255 ) ) ;
#10792 = CARTESIAN_POINT ( 'NONE',  ( 0.2300000000000000100, 14.09462133319000010, -6.209999999999999964 ) ) ;
#10793 = CARTESIAN_POINT ( 'NONE',  ( 1.804999999999999938, 15.79293969097799888, 5.203898047366000590 ) ) ;
#10794 = ORIENTED_EDGE ( 'NONE', *, *, #8979, .T. ) ;
#10795 = AXIS2_PLACEMENT_3D ( 'NONE', #7921, #9048, #10912 ) ;
#10796 = CARTESIAN_POINT ( 'NONE',  ( -0.5012566680901490157, 9.130601661682378634, -7.606614561091599391 ) ) ;
#10797 = EDGE_LOOP ( 'NONE', ( #6582, #1468, #6782, #926 ) ) ;
#10798 = CARTESIAN_POINT ( 'NONE',  ( 1.250000000000000000, 14.09999999999999964, -6.349999999999999645 ) ) ;
#10799 = VERTEX_POINT ( 'NONE', #3227 ) ;
#10800 = PLANE ( 'NONE',  #11782 ) ;
#10801 = CARTESIAN_POINT ( 'NONE',  ( 1.245000000000000107, 15.52330609571596121, -4.280245272880009111 ) ) ;
#10802 = LINE ( 'NONE', #3888, #10573 ) ;
#10803 = LINE ( 'NONE', #10867, #9189 ) ;
#10804 = CARTESIAN_POINT ( 'NONE',  ( 1.245000000000000107, 15.52000000000000135, -4.250000000000000000 ) ) ;
#10805 = ADVANCED_FACE ( 'NONE', ( #3093 ), #11789, .F. ) ;
#10806 = AXIS2_PLACEMENT_3D ( 'NONE', #12247, #882, #2735 ) ;
#10807 = ORIENTED_EDGE ( 'NONE', *, *, #2769, .T. ) ;
#10808 = CARTESIAN_POINT ( 'NONE',  ( -1.810000000000000053, 13.96993164062500092, -4.623949218749999091 ) ) ;
#10809 = EDGE_CURVE ( 'NONE', #5746, #4589, #11229, .T. ) ;
#10810 = VERTEX_POINT ( 'NONE', #4995 ) ;
#10811 = DIRECTION ( 'NONE',  ( 0.000000000000000000, 0.000000000000000000, -1.000000000000000000 ) ) ;
#10812 = LINE ( 'NONE', #10627, #6594 ) ;
#10813 = ORIENTED_EDGE ( 'NONE', *, *, #11898, .T. ) ;
#10814 = CARTESIAN_POINT ( 'NONE',  ( -4.632674615073779201, 1.100000000000000089, -1.273734666246999936 ) ) ;
#10815 = ADVANCED_FACE ( 'NONE', ( #2174 ), #11664, .T. ) ;
#10816 = VECTOR ( 'NONE', #804, 1000.000000000000000 ) ;
#10817 = VECTOR ( 'NONE', #4004, 1000.000000000000000 ) ;
#10818 = DIRECTION ( 'NONE',  ( 0.000000000000000000, 0.9740264650302592475, 0.2264341966679444540 ) ) ;
#10819 = ADVANCED_FACE ( 'NONE', ( #11549 ), #2976, .F. ) ;
#10820 = CARTESIAN_POINT ( 'NONE',  ( -0.3550000000000000377, 7.058817561802944063, -10.22999999999999865 ) ) ;
#10821 = CARTESIAN_POINT ( 'NONE',  ( 8.751918340712878219, 15.11999999999999922, -0.3649999999999998801 ) ) ;
#10822 = CARTESIAN_POINT ( 'NONE',  ( -0.3549999999999999822, 3.800000000000120615, -8.656700036146149912 ) ) ;
#10823 = STYLED_ITEM ( 'NONE', ( #1484 ), #8191 ) ;
#10824 = VECTOR ( 'NONE', #6962, 1000.000000000000000 ) ;
#10825 = ORIENTED_EDGE ( 'NONE', *, *, #12307, .T. ) ;
#10826 = DIRECTION ( 'NONE',  ( 1.000000000000000000, 0.000000000000000000, 0.000000000000000000 ) ) ;
#10827 = EDGE_LOOP ( 'NONE', ( #3627, #6089, #5755, #4900 ) ) ;
#10828 = DIRECTION ( 'NONE',  ( 0.000000000000000000, 0.000000000000000000, -1.000000000000000000 ) ) ;
#10829 = ORIENTED_EDGE ( 'NONE', *, *, #10259, .T. ) ;
#10830 = EDGE_CURVE ( 'NONE', #9198, #2274, #4444, .T. ) ;
#10831 = ORIENTED_EDGE ( 'NONE', *, *, #8619, .T. ) ;
#10832 = PLANE ( 'NONE',  #763 ) ;
#10833 = DIRECTION ( 'NONE',  ( -0.9659258262890679791, -0.000000000000000000, 0.2588190451025217387 ) ) ;
#10834 = DIRECTION ( 'NONE',  ( 0.000000000000000000, 0.000000000000000000, -1.000000000000000000 ) ) ;
#10835 = CARTESIAN_POINT ( 'NONE',  ( -3.600000000000000089, 13.02999999999999936, 10.35999999999999943 ) ) ;
#10836 = DIRECTION ( 'NONE',  ( 1.000000000000000000, 1.928573859431459854E-15, 0.000000000000000000 ) ) ;
#10837 = ORIENTED_EDGE ( 'NONE', *, *, #9858, .F. ) ;
#10838 = EDGE_LOOP ( 'NONE', ( #7096, #4844, #11824, #137, #10156 ) ) ;
#10839 = CARTESIAN_POINT ( 'NONE',  ( -4.629696307966640667, -3.223478441773741654, -1.273734666247000158 ) ) ;
#10840 = ORIENTED_EDGE ( 'NONE', *, *, #12129, .T. ) ;
#10841 = ORIENTED_EDGE ( 'NONE', *, *, #12321, .F. ) ;
#10842 = CARTESIAN_POINT ( 'NONE',  ( 1.630287381003000080, 3.000000000000000000, -8.745678158355000065 ) ) ;
#10843 = DIRECTION ( 'NONE',  ( -1.000000000000000000, 0.000000000000000000, 0.000000000000000000 ) ) ;
#10844 = ORIENTED_EDGE ( 'NONE', *, *, #11351, .F. ) ;
#10845 = LINE ( 'NONE', #533, #8562 ) ;
#10846 = DIRECTION ( 'NONE',  ( -0.000000000000000000, 1.000000000000000000, 0.000000000000000000 ) ) ;
#10847 = EDGE_CURVE ( 'NONE', #4557, #2391, #11612, .T. ) ;
#10848 = CARTESIAN_POINT ( 'NONE',  ( -6.540000000000000036, 14.50999999999999979, 10.08999999999999986 ) ) ;
#10849 = DIRECTION ( 'NONE',  ( 0.9999979017704854201, 0.0004638561100252255962, -0.001995317552647970713 ) ) ;
#10850 = FACE_OUTER_BOUND ( 'NONE', #1842, .T. ) ;
#10851 = ORIENTED_EDGE ( 'NONE', *, *, #11310, .T. ) ;
#10852 = EDGE_CURVE ( 'NONE', #4184, #5167, #8226, .T. ) ;
#10853 = EDGE_CURVE ( 'NONE', #10523, #3066, #11426, .T. ) ;
#10854 = DIRECTION ( 'NONE',  ( 0.000000000000000000, 0.9997698407351198746, -0.02145380051350246134 ) ) ;
#10855 = CARTESIAN_POINT ( 'NONE',  ( 1.245000000000000107, 13.47717856557508043, 5.141471268095363811 ) ) ;
#10856 = EDGE_LOOP ( 'NONE', ( #5843, #4784, #836, #8356 ) ) ;
#10857 = ORIENTED_EDGE ( 'NONE', *, *, #9367, .F. ) ;
#10858 = LINE ( 'NONE', #1373, #11226 ) ;
#10859 = ORIENTED_EDGE ( 'NONE', *, *, #12012, .T. ) ;
#10860 = CARTESIAN_POINT ( 'NONE',  ( -4.879999999999999893, 13.01999999999999957, 2.674999999999999822 ) ) ;
#10861 = ORIENTED_EDGE ( 'NONE', *, *, #8568, .T. ) ;
#10862 = DIRECTION ( 'NONE',  ( 0.000000000000000000, 0.000000000000000000, 1.000000000000000000 ) ) ;
#10863 = EDGE_CURVE ( 'NONE', #11795, #9126, #9733, .T. ) ;
#10864 = ADVANCED_FACE ( 'NONE', ( #8732 ), #5990, .F. ) ;
#10865 = CARTESIAN_POINT ( 'NONE',  ( 1.250000000000000000, 15.52330609571596121, -4.280245272880009111 ) ) ;
#10866 = LINE ( 'NONE', #8926, #2977 ) ;
#10867 = CARTESIAN_POINT ( 'NONE',  ( -6.540000000000000036, 0.000000000000000000, 6.740000000000000213 ) ) ;
#10868 = CARTESIAN_POINT ( 'NONE',  ( -5.029999999999999361, 15.11999999999999922, -4.580000000000000071 ) ) ;
#10869 = ORIENTED_EDGE ( 'NONE', *, *, #7920, .T. ) ;
#10870 = DIRECTION ( 'NONE',  ( 0.000000000000000000, 0.9763850306004407953, 0.2160376634278763919 ) ) ;
#10871 = ORIENTED_EDGE ( 'NONE', *, *, #8790, .F. ) ;
#10872 = LINE ( 'NONE', #8748, #5630 ) ;
#10873 = ADVANCED_FACE ( 'NONE', ( #298 ), #4101, .T. ) ;
#10874 = DIRECTION ( 'NONE',  ( -1.000000000000000000, 0.000000000000000000, 0.000000000000000000 ) ) ;
#10875 = ORIENTED_EDGE ( 'NONE', *, *, #10128, .T. ) ;
#10876 = DIRECTION ( 'NONE',  ( 1.000000000000000000, -1.110223024624999878E-16, 0.000000000000000000 ) ) ;
#10877 = CARTESIAN_POINT ( 'NONE',  ( -0.1800000000000000211, 15.45000000000000107, 2.370000000000000107 ) ) ;
#10878 = FACE_OUTER_BOUND ( 'NONE', #11155, .T. ) ;
#10879 = DIRECTION ( 'NONE',  ( 1.000000000000000000, 0.000000000000000000, 0.000000000000000000 ) ) ;
#10880 = CARTESIAN_POINT ( 'NONE',  ( -0.9152025311156032350, 2.300000280461894420, -8.750001206431324619 ) ) ;
#10881 = VERTEX_POINT ( 'NONE', #2538 ) ;
#10882 = CARTESIAN_POINT ( 'NONE',  ( -1.814999999999999947, 13.96993164062500092, -4.623949218749999091 ) ) ;
#10883 = ORIENTED_EDGE ( 'NONE', *, *, #8971, .F. ) ;
#10884 = CARTESIAN_POINT ( 'NONE',  ( -0.2389158105180000102, 9.085841931843999575, -7.616891352449000507 ) ) ;
#10885 = ORIENTED_EDGE ( 'NONE', *, *, #8924, .F. ) ;
#10886 = VECTOR ( 'NONE', #9663, 1000.000000000000000 ) ;
#10887 = ORIENTED_EDGE ( 'NONE', *, *, #3917, .T. ) ;
#10888 = DIRECTION ( 'NONE',  ( -0.9999590792420752772, -0.009046537533280833016, 0.000000000000000000 ) ) ;
#10889 = CARTESIAN_POINT ( 'NONE',  ( 7.900000000000000355, 3.319999999999999840, 8.789999999999999147 ) ) ;
#10890 = ADVANCED_FACE ( 'NONE', ( #7179 ), #1369, .T. ) ;
#10891 = CARTESIAN_POINT ( 'NONE',  ( -4.632674615072380320, -1.639999999999999902, 1.273734666246999936 ) ) ;
#10892 = CARTESIAN_POINT ( 'NONE',  ( -3.500000000000000000, 5.089999999999999858, -3.759999999999999787 ) ) ;
#10893 = PLANE ( 'NONE',  #1368 ) ;
#10894 = EDGE_CURVE ( 'NONE', #6143, #7280, #8163, .T. ) ;
#10895 = VECTOR ( 'NONE', #6095, 1000.000000000000114 ) ;
#10896 = EDGE_CURVE ( 'NONE', #2677, #2892, #10166, .T. ) ;
#10897 = VECTOR ( 'NONE', #11339, 1000.000000000000000 ) ;
#10898 = ORIENTED_EDGE ( 'NONE', *, *, #6889, .T. ) ;
#10899 = LINE ( 'NONE', #7097, #5522 ) ;
#10900 = EDGE_LOOP ( 'NONE', ( #9723, #6, #3590, #4503 ) ) ;
#10901 = ORIENTED_EDGE ( 'NONE', *, *, #7491, .F. ) ;
#10902 =( LENGTH_UNIT ( ) NAMED_UNIT ( * ) SI_UNIT ( .MILLI., .METRE. ) );
#10903 = ORIENTED_EDGE ( 'NONE', *, *, #7621, .F. ) ;
#10904 = PLANE ( 'NONE',  #380 ) ;
#10905 = DIRECTION ( 'NONE',  ( -1.224646799146999945E-16, 0.000000000000000000, -1.000000000000000000 ) ) ;
#10906 = AXIS2_PLACEMENT_3D ( 'NONE', #8330, #3587, #3709 ) ;
#10907 = LINE ( 'NONE', #9851, #6152 ) ;
#10908 = VECTOR ( 'NONE', #6121, 1000.000000000000000 ) ;
#10909 = CARTESIAN_POINT ( 'NONE',  ( 1.804999999999999938, 14.13060166168400045, -6.486614561090999764 ) ) ;
#10910 = CARTESIAN_POINT ( 'NONE',  ( 0.9200000000000000400, 1.100000000000000089, -8.359999999999999432 ) ) ;
#10911 = ORIENTED_EDGE ( 'NONE', *, *, #587, .F. ) ;
#10912 = DIRECTION ( 'NONE',  ( 1.000000000000000000, 0.000000000000000000, 0.000000000000000000 ) ) ;
#10913 = LINE ( 'NONE', #427, #947 ) ;
#10914 = ORIENTED_EDGE ( 'NONE', *, *, #271, .F. ) ;
#10915 = ORIENTED_EDGE ( 'NONE', *, *, #561, .T. ) ;
#10916 = DIRECTION ( 'NONE',  ( 1.000000000000000000, 0.000000000000000000, 0.000000000000000000 ) ) ;
#10917 = VERTEX_POINT ( 'NONE', #677 ) ;
#10918 = CARTESIAN_POINT ( 'NONE',  ( -5.029999999999999361, 13.01999999999999957, 4.890000000000000568 ) ) ;
#10919 = ORIENTED_EDGE ( 'NONE', *, *, #10128, .F. ) ;
#10920 = LINE ( 'NONE', #4173, #11594 ) ;
#10921 = DIRECTION ( 'NONE',  ( -0.000000000000000000, -1.000000000000000000, -0.000000000000000000 ) ) ;
#10922 = DIRECTION ( 'NONE',  ( 0.000000000000000000, 0.000000000000000000, 1.000000000000000000 ) ) ;
#10923 = ADVANCED_FACE ( 'NONE', ( #6238 ), #4292, .T. ) ;
#10924 = DIRECTION ( 'NONE',  ( -1.000000000000000000, 0.000000000000000000, 0.000000000000000000 ) ) ;
#10925 = CIRCLE ( 'NONE', #3946, 1.349999999999536460 ) ;
#10926 = EDGE_CURVE ( 'NONE', #6695, #7529, #6168, .T. ) ;
#10927 = EDGE_CURVE ( 'NONE', #5328, #5784, #6357, .T. ) ;
#10928 = VERTEX_POINT ( 'NONE', #2599 ) ;
#10929 = DIRECTION ( 'NONE',  ( -1.000000000000000000, 1.110223024624999878E-16, 0.000000000000000000 ) ) ;
#10930 = ORIENTED_EDGE ( 'NONE', *, *, #6119, .F. ) ;
#10931 = FACE_OUTER_BOUND ( 'NONE', #10062, .T. ) ;
#10932 = CARTESIAN_POINT ( 'NONE',  ( 2.189712618997000426, 3.000000000000000000, -9.030573293245000244 ) ) ;
#10933 = EDGE_LOOP ( 'NONE', ( #10744, #2256, #6723, #6269 ) ) ;
#10934 = DIRECTION ( 'NONE',  ( 0.000000000000000000, 0.000000000000000000, 1.000000000000000000 ) ) ;
#10935 = FACE_OUTER_BOUND ( 'NONE', #1295, .T. ) ;
#10936 = VECTOR ( 'NONE', #50, 1000.000000000000000 ) ;
#10937 = ADVANCED_FACE ( 'NONE', ( #9980 ), #8286, .T. ) ;
#10938 = EDGE_CURVE ( 'NONE', #9462, #8531, #9916, .T. ) ;
#10939 = DIRECTION ( 'NONE',  ( 0.000000000000000000, 1.000000000000000000, 0.000000000000000000 ) ) ;
#10940 = EDGE_CURVE ( 'NONE', #8372, #8734, #9213, .T. ) ;
#10941 = ORIENTED_EDGE ( 'NONE', *, *, #5834, .T. ) ;
#10942 = FACE_BOUND ( 'NONE', #2208, .T. ) ;
#10943 = CARTESIAN_POINT ( 'NONE',  ( 4.629696307968335312, -3.223478441774483283, 1.273734666247454461 ) ) ;
#10944 = ORIENTED_EDGE ( 'NONE', *, *, #7356, .F. ) ;
#10945 = VECTOR ( 'NONE', #2853, 1000.000000000000000 ) ;
#10946 = DIRECTION ( 'NONE',  ( 0.000000000000000000, 0.9763850306004407953, 0.2160376634278763919 ) ) ;
#10947 = ORIENTED_EDGE ( 'NONE', *, *, #12307, .F. ) ;
#10948 = DIRECTION ( 'NONE',  ( 0.000000000000000000, 0.9465272815540003437, 0.3226237828710001310 ) ) ;
#10949 = ORIENTED_EDGE ( 'NONE', *, *, #11170, .T. ) ;
#10950 = ORIENTED_EDGE ( 'NONE', *, *, #5834, .F. ) ;
#10951 = VERTEX_POINT ( 'NONE', #8981 ) ;
#10952 = CARTESIAN_POINT ( 'NONE',  ( -6.540000000000000036, 3.000000000000000000, -10.22999999999999865 ) ) ;
#10953 = LINE ( 'NONE', #10889, #7978 ) ;
#10954 = CARTESIAN_POINT ( 'NONE',  ( -0.9150902747204456844, 8.405732346410278666, -7.498435194004606785 ) ) ;
#10955 = AXIS2_PLACEMENT_3D ( 'NONE', #10592, #4028, #8601 ) ;
#10956 = LINE ( 'NONE', #10080, #6308 ) ;
#10957 = PLANE ( 'NONE',  #7748 ) ;
#10958 = AXIS2_PLACEMENT_3D ( 'NONE', #7397, #771, #10781 ) ;
#10959 = EDGE_CURVE ( 'NONE', #11176, #5066, #11980, .T. ) ;
#10960 = EDGE_LOOP ( 'NONE', ( #3024, #4528, #6064, #10319 ) ) ;
#10961 = VECTOR ( 'NONE', #8891, 1000.000000000000000 ) ;
#10962 = DIRECTION ( 'NONE',  ( -1.224646799146999945E-16, 0.000000000000000000, -1.000000000000000000 ) ) ;
#10963 = ADVANCED_FACE ( 'NONE', ( #11169 ), #5301, .F. ) ;
#10964 = VECTOR ( 'NONE', #8643, 1000.000000000000000 ) ;
#10965 = ORIENTED_EDGE ( 'NONE', *, *, #11898, .F. ) ;
#10966 = AXIS2_PLACEMENT_3D ( 'NONE', #2619, #6441, #1578 ) ;
#10967 = ORIENTED_EDGE ( 'NONE', *, *, #3681, .T. ) ;
#10968 = EDGE_CURVE ( 'NONE', #5929, #602, #3415, .T. ) ;
#10969 =( NAMED_UNIT ( * ) PLANE_ANGLE_UNIT ( ) SI_UNIT ( $, .RADIAN. ) );
#10970 = ORIENTED_EDGE ( 'NONE', *, *, #2886, .T. ) ;
#10971 = CARTESIAN_POINT ( 'NONE',  ( 1.625603517737404635, 2.299999999999999822, -8.750000000000000000 ) ) ;
#10972 = PLANE ( 'NONE',  #11180 ) ;
#10973 = EDGE_CURVE ( 'NONE', #6427, #8137, #4236, .T. ) ;
#10974 = CARTESIAN_POINT ( 'NONE',  ( -4.859999999999999432, 3.000000000000000000, -10.25000000000000000 ) ) ;
#10975 = LINE ( 'NONE', #2414, #11100 ) ;
#10976 = DIRECTION ( 'NONE',  ( 0.000000000000000000, 0.9495692212737610882, 0.3135574811889244584 ) ) ;
#10977 = VECTOR ( 'NONE', #8396, 1000.000000000000000 ) ;
#10978 = AXIS2_PLACEMENT_3D ( 'NONE', #6938, #2251, #6002 ) ;
#10979 = VECTOR ( 'NONE', #11114, 1000.000000000000114 ) ;
#10980 = EDGE_LOOP ( 'NONE', ( #3613, #8889, #370, #881 ) ) ;
#10981 = CARTESIAN_POINT ( 'NONE',  ( -1.814999999999999947, 15.52000012041266785, -4.249816382101536227 ) ) ;
#10982 = CARTESIAN_POINT ( 'NONE',  ( -3.500000000000000000, 4.179999999999999716, -5.070000000000000284 ) ) ;
#10983 = AXIS2_PLACEMENT_3D ( 'NONE', #5924, #9617, #4988 ) ;
#10984 = CARTESIAN_POINT ( 'NONE',  ( -0.3499999999999999778, 1.100000000000000311, -9.029999999999999361 ) ) ;
#10985 = ORIENTED_EDGE ( 'NONE', *, *, #10692, .F. ) ;
#10986 = EDGE_LOOP ( 'NONE', ( #1888, #3232, #1539, #1716 ) ) ;
#10987 =( NAMED_UNIT ( * ) SI_UNIT ( $, .STERADIAN. ) SOLID_ANGLE_UNIT ( ) );
#10988 = ORIENTED_EDGE ( 'NONE', *, *, #9454, .F. ) ;
#10989 = DIRECTION ( 'NONE',  ( 1.232595164407794408E-32, -0.9758182935088373089, -0.2185832977459636062 ) ) ;
#10990 = ORIENTED_EDGE ( 'NONE', *, *, #8906, .F. ) ;
#10991 = DIRECTION ( 'NONE',  ( 0.000000000000000000, 0.000000000000000000, 1.000000000000000000 ) ) ;
#10992 = ADVANCED_FACE ( 'NONE', ( #1436 ), #1556, .T. ) ;
#10993 = LINE ( 'NONE', #6248, #6540 ) ;
#10994 = CARTESIAN_POINT ( 'NONE',  ( -3.971129570381793261, -2.089999999999999858, 1.097272240749140426 ) ) ;
#10995 = CARTESIAN_POINT ( 'NONE',  ( -0.7900000000000000355, 15.80000000000000071, 5.159999999999999254 ) ) ;
#10996 = AXIS2_PLACEMENT_3D ( 'NONE', #10589, #7714, #5786 ) ;
#10997 = VERTEX_POINT ( 'NONE', #10982 ) ;
#10998 = LINE ( 'NONE', #2368, #5245 ) ;
#10999 =( BOUNDED_SURFACE ( )  B_SPLINE_SURFACE ( 1, 3, ( 
 ( #7537, #9350, #4614, #8410 ),
 ( #4549, #2780, #8343, #12160 ) ),
 .UNSPECIFIED., .F., .F., .F. ) 
 B_SPLINE_SURFACE_WITH_KNOTS ( ( 2, 2 ),
 ( 4, 4 ),
 ( 0.01117316241747653288, 1.000000000000000000 ),
 ( 0.000000000000000000, 1.000000000000000000 ),
 .UNSPECIFIED. ) 
 GEOMETRIC_REPRESENTATION_ITEM ( )  RATIONAL_B_SPLINE_SURFACE ( (
 ( 1.000000000000000000, 0.9975509581693433603, 0.9975509581693433603, 1.000000000000000000),
 ( 1.000000000000000000, 0.9975509581693433603, 0.9975509581693433603, 1.000000000000000000) ) ) 
 REPRESENTATION_ITEM ( '' )  SURFACE ( )  );
#11000 = ORIENTED_EDGE ( 'NONE', *, *, #9700, .T. ) ;
#11001 = FACE_OUTER_BOUND ( 'NONE', #392, .T. ) ;
#11002 = CARTESIAN_POINT ( 'NONE',  ( -0.5399358270164867912, 3.800000000000121503, -8.848343981869064123 ) ) ;
#11003 = ORIENTED_EDGE ( 'NONE', *, *, #5698, .F. ) ;
#11004 = DIRECTION ( 'NONE',  ( -1.000000000000000000, 0.000000000000000000, 0.000000000000000000 ) ) ;
#11005 = LINE ( 'NONE', #2445, #2709 ) ;
#11006 = EDGE_CURVE ( 'NONE', #5638, #5462, #7640, .T. ) ;
#11007 = DIRECTION ( 'NONE',  ( -1.000000000000000000, 0.000000000000000000, 0.000000000000000000 ) ) ;
#11008 = AXIS2_PLACEMENT_3D ( 'NONE', #11305, #10493, #11436 ) ;
#11009 = EDGE_CURVE ( 'NONE', #6961, #4239, #9170, .T. ) ;
#11010 = DIRECTION ( 'NONE',  ( 1.000000000000000000, 0.000000000000000000, -1.224646799146999945E-16 ) ) ;
#11011 = LINE ( 'NONE', #6263, #6372 ) ;
#11012 = VECTOR ( 'NONE', #7895, 1000.000000000000000 ) ;
#11013 = VERTEX_POINT ( 'NONE', #4679 ) ;
#11014 = CARTESIAN_POINT ( 'NONE',  ( -0.1800000000000000211, 13.08000000000000007, -0.3649999999999998801 ) ) ;
#11015 = EDGE_CURVE ( 'NONE', #8679, #9313, #7422, .T. ) ;
#11016 = AXIS2_PLACEMENT_3D ( 'NONE', #1690, #5305, #9114 ) ;
#11017 = VERTEX_POINT ( 'NONE', #10357 ) ;
#11018 = EDGE_CURVE ( 'NONE', #9146, #3345, #11644, .T. ) ;
#11019 = AXIS2_PLACEMENT_3D ( 'NONE', #10438, #9496, #1946 ) ;
#11020 = DIRECTION ( 'NONE',  ( -1.000000000000000000, 0.000000000000000000, 0.000000000000000000 ) ) ;
#11021 = EDGE_LOOP ( 'NONE', ( #12092, #9252, #3008 ) ) ;
#11022 = EDGE_LOOP ( 'NONE', ( #1932, #10861, #2214, #1513 ) ) ;
#11023 = ORIENTED_EDGE ( 'NONE', *, *, #750, .F. ) ;
#11024 = DIRECTION ( 'NONE',  ( 1.000000000000000000, 0.000000000000000000, 0.000000000000000000 ) ) ;
#11025 = LINE ( 'NONE', #2459, #10977 ) ;
#11026 = EDGE_CURVE ( 'NONE', #759, #9593, #4622, .T. ) ;
#11027 = CARTESIAN_POINT ( 'NONE',  ( 0.2300000000000000100, 15.80000000000000071, 5.159999999999999254 ) ) ;
#11028 = PLANE ( 'NONE',  #930 ) ;
#11029 = LINE ( 'NONE', #4147, #376 ) ;
#11030 = VECTOR ( 'NONE', #5484, 1000.000000000000000 ) ;
#11031 = EDGE_LOOP ( 'NONE', ( #10760, #8962, #5005, #7451 ) ) ;
#11032 = CARTESIAN_POINT ( 'NONE',  ( -0.9100000000000000311, -3.700000000000000178, -8.750000000000000000 ) ) ;
#11033 = VERTEX_POINT ( 'NONE', #2036 ) ;
#11034 = ORIENTED_EDGE ( 'NONE', *, *, #3092, .F. ) ;
#11035 = VERTEX_POINT ( 'NONE', #9355 ) ;
#11036 = DIRECTION ( 'NONE',  ( 0.000000000000000000, 0.9763850306004407953, 0.2160376634278763919 ) ) ;
#11037 = CARTESIAN_POINT ( 'NONE',  ( 0.9150000000000000355, -3.700000000000000178, -6.490000000000000213 ) ) ;
#11038 = CARTESIAN_POINT ( 'NONE',  ( 5.080000000000000071, -1.639999999999999902, 0.000000000000000000 ) ) ;
#11039 = CARTESIAN_POINT ( 'NONE',  ( -0.3549999999999999822, 3.800000000000000711, -8.560878063284693695 ) ) ;
#11040 = DIRECTION ( 'NONE',  ( 0.000000000000000000, 0.000000000000000000, 1.000000000000000000 ) ) ;
#11041 = VERTEX_POINT ( 'NONE', #4962 ) ;
#11042 = CARTESIAN_POINT ( 'NONE',  ( 0.7900000000000000355, 15.52330609571600029, -4.280245272880000229 ) ) ;
#11043 = EDGE_CURVE ( 'NONE', #10505, #6886, #12231, .T. ) ;
#11044 = CARTESIAN_POINT ( 'NONE',  ( 2.189999999999999947, -3.700000000000000178, -9.029999999999999361 ) ) ;
#11045 = CARTESIAN_POINT ( 'NONE',  ( 1.804999999999999938, 13.48008363145957844, 5.148121114438890977 ) ) ;
#11046 = EDGE_LOOP ( 'NONE', ( #4977, #2524, #4850, #7043 ) ) ;
#11047 = VERTEX_POINT ( 'NONE', #10235 ) ;
#11048 = LINE ( 'NONE', #8167, #2835 ) ;
#11049 = ORIENTED_EDGE ( 'NONE', *, *, #4490, .T. ) ;
#11050 = CARTESIAN_POINT ( 'NONE',  ( -2.880000000000000338, 15.45000000000000107, -0.3649999999999989919 ) ) ;
#11051 = ORIENTED_EDGE ( 'NONE', *, *, #4453, .T. ) ;
#11052 = DIRECTION ( 'NONE',  ( 0.000000000000000000, -0.9381440673623764326, 0.3462451571831393071 ) ) ;
#11053 = CARTESIAN_POINT ( 'NONE',  ( 1.199999999999999956, 15.45000000000000107, -0.3649999999999989919 ) ) ;
#11054 = DIRECTION ( 'NONE',  ( 1.000000000000000000, 0.000000000000000000, 0.000000000000000000 ) ) ;
#11055 = ADVANCED_FACE ( 'NONE', ( #1153 ), #1687, .F. ) ;
#11056 = CARTESIAN_POINT ( 'NONE',  ( 1.532761052181999872, 9.069398338316000618, -7.333385438908999632 ) ) ;
#11057 = ADVANCED_FACE ( 'NONE', ( #2089 ), #9291, .F. ) ;
#11058 = EDGE_CURVE ( 'NONE', #1165, #7153, #9570, .T. ) ;
#11059 = VERTEX_POINT ( 'NONE', #7769 ) ;
#11060 = LINE ( 'NONE', #9998, #9230 ) ;
#11061 = EDGE_LOOP ( 'NONE', ( #6450, #2556, #8915, #8015 ) ) ;
#11062 = FACE_OUTER_BOUND ( 'NONE', #7250, .T. ) ;
#11063 = EDGE_LOOP ( 'NONE', ( #6764, #12309, #10107, #9487 ) ) ;
#11064 = CARTESIAN_POINT ( 'NONE',  ( -2.880000000000000338, 15.11999999999999922, -0.3649999999999998801 ) ) ;
#11065 = ORIENTED_EDGE ( 'NONE', *, *, #1623, .T. ) ;
#11066 = DIRECTION ( 'NONE',  ( -0.9963842914767929715, 0.08290633504962278966, 0.01857103408345614493 ) ) ;
#11067 = CARTESIAN_POINT ( 'NONE',  ( -1.810000000000000053, 15.79293969097799888, 5.203898047366000590 ) ) ;
#11068 = DIRECTION ( 'NONE',  ( 1.000000000000000000, 0.000000000000000000, 0.000000000000000000 ) ) ;
#11069 = LINE ( 'NONE', #7944, #9106 ) ;
#11070 = DIRECTION ( 'NONE',  ( 1.232595164407794408E-32, -0.9758182935088373089, -0.2185832977459636062 ) ) ;
#11071 = ORIENTED_EDGE ( 'NONE', *, *, #5298, .F. ) ;
#11072 = CARTESIAN_POINT ( 'NONE',  ( -0.2299999999999999822, 14.07601394832616926, -6.211903542266102640 ) ) ;
#11073 = VERTEX_POINT ( 'NONE', #3733 ) ;
#11074 = CYLINDRICAL_SURFACE ( 'NONE', #6039, 1.870944562245001386 ) ;
#11075 = CARTESIAN_POINT ( 'NONE',  ( 1.860000000000000098, 15.69999999999999929, 6.119999999999999218 ) ) ;
#11076 = ORIENTED_EDGE ( 'NONE', *, *, #3331, .T. ) ;
#11077 = VERTEX_POINT ( 'NONE', #11232 ) ;
#11078 = PLANE ( 'NONE',  #10726 ) ;
#11080 = CLOSED_SHELL ( 'NONE', ( #9741, #3425, #8579, #11829, #5600, #6604, #6794, #2608, #5030, #9258, #644, #1605, #4600, #2530, #2111, #2618, #9035, #2873, #4712, #8076, #4656, #11556, #10608, #1242 ) ) ;
#11079 = FACE_OUTER_BOUND ( 'NONE', #9919, .T. ) ;
#11081 = PLANE ( 'NONE',  #9976 ) ;
#11082 = CARTESIAN_POINT ( 'NONE',  ( -3.500000000000000000, 7.000000000000000000, -5.009999999999999787 ) ) ;
#11083 = DIRECTION ( 'NONE',  ( 0.000000000000000000, -0.9381440673623764326, 0.3462451571831393071 ) ) ;
#11084 = EDGE_CURVE ( 'NONE', #2147, #1440, #10640, .T. ) ;
#11085 = VERTEX_POINT ( 'NONE', #8764 ) ;
#11086 = CARTESIAN_POINT ( 'NONE',  ( -0.3500960626649999852, 1.100000000000000311, -8.750000000000000000 ) ) ;
#11087 = ADVANCED_FACE ( 'NONE', ( #11291 ), #11356, .T. ) ;
#11088 = ORIENTED_EDGE ( 'NONE', *, *, #7286, .F. ) ;
#11089 = EDGE_CURVE ( 'NONE', #7952, #4542, #5548, .T. ) ;
#11090 = VECTOR ( 'NONE', #3695, 1000.000000000000000 ) ;
#11091 = VERTEX_POINT ( 'NONE', #1812 ) ;
#11092 = ORIENTED_EDGE ( 'NONE', *, *, #5480, .F. ) ;
#11093 = VECTOR ( 'NONE', #7323, 1000.000000000000114 ) ;
#11094 = DIRECTION ( 'NONE',  ( -0.9999995711348218519, 0.000000000000000000, -0.0009261372318268017330 ) ) ;
#11095 = LINE ( 'NONE', #2528, #2973 ) ;
#11096 = DIRECTION ( 'NONE',  ( 0.000000000000000000, 0.9763850306004406843, 0.2160376634278765307 ) ) ;
#11097 = FACE_OUTER_BOUND ( 'NONE', #9331, .T. ) ;
#11098 = DIRECTION ( 'NONE',  ( 0.000000000000000000, 1.000000000000000000, 0.000000000000000000 ) ) ;
#11099 = AXIS2_PLACEMENT_3D ( 'NONE', #10770, #343, #6081 ) ;
#11100 = VECTOR ( 'NONE', #8092, 1000.000000000000000 ) ;
#11101 = ADVANCED_FACE ( 'NONE', ( #5895 ), #5618, .F. ) ;
#11102 = VECTOR ( 'NONE', #9718, 1000.000000000000000 ) ;
#11103 = EDGE_CURVE ( 'NONE', #5189, #6911, #6845, .T. ) ;
#11104 = ADVANCED_FACE ( 'NONE', ( #5844 ), #3954, .F. ) ;
#11105 = CARTESIAN_POINT ( 'NONE',  ( -0.2350000000000000144, 14.06939833831586206, -6.213385438908392011 ) ) ;
#11106 = DIRECTION ( 'NONE',  ( 0.000000000000000000, 0.000000000000000000, 1.000000000000000000 ) ) ;
#11107 = AXIS2_PLACEMENT_3D ( 'NONE', #11215, #2644, #2763 ) ;
#11108 = FACE_OUTER_BOUND ( 'NONE', #5050, .T. ) ;
#11109 = ORIENTED_EDGE ( 'NONE', *, *, #5611, .F. ) ;
#11110 = VECTOR ( 'NONE', #1857, 1000.000000000000227 ) ;
#11111 = ORIENTED_EDGE ( 'NONE', *, *, #9136, .F. ) ;
#11112 = PLANE ( 'NONE',  #9014 ) ;
#11113 = ORIENTED_EDGE ( 'NONE', *, *, #8539, .T. ) ;
#11114 = DIRECTION ( 'NONE',  ( 1.232595164407794408E-32, -0.9758182935088373089, -0.2185832977459636062 ) ) ;
#11115 = ORIENTED_EDGE ( 'NONE', *, *, #1106, .F. ) ;
#11116 = CARTESIAN_POINT ( 'NONE',  ( 1.629999999999999893, -3.700000000000000178, -8.750000000000000000 ) ) ;
#11117 = ORIENTED_EDGE ( 'NONE', *, *, #9571, .T. ) ;
#11118 = PLANE ( 'NONE',  #11517 ) ;
#11119 = DIRECTION ( 'NONE',  ( 0.000000000000000000, 0.000000000000000000, 1.000000000000000000 ) ) ;
#11120 = LINE ( 'NONE', #11927, #6570 ) ;
#11121 = VECTOR ( 'NONE', #2248, 1000.000000000000000 ) ;
#11122 = CARTESIAN_POINT ( 'NONE',  ( -5.599999999999999645, 1.100000000000000089, -1.245833054625999470 ) ) ;
#11123 = VERTEX_POINT ( 'NONE', #9705 ) ;
#11124 = CARTESIAN_POINT ( 'NONE',  ( 8.751918340712878219, 15.11999999999999922, -0.3649999999999998801 ) ) ;
#11125 = EDGE_LOOP ( 'NONE', ( #4621, #4915, #5365, #6658 ) ) ;
#11126 = FACE_OUTER_BOUND ( 'NONE', #4252, .T. ) ;
#11127 = ORIENTED_EDGE ( 'NONE', *, *, #10547, .T. ) ;
#11128 = CARTESIAN_POINT ( 'NONE',  ( -4.264999999999999680, 8.000000000000000000, -5.009999999999999787 ) ) ;
#11129 = DIRECTION ( 'NONE',  ( 0.000000000000000000, 1.000000000000000000, 0.000000000000000000 ) ) ;
#11130 = B_SPLINE_CURVE_WITH_KNOTS ( 'NONE', 3,
 ( #4545, #913, #3661, #6669 ),
 .UNSPECIFIED., .F., .F.,
 ( 4, 4 ),
 ( 0.0002744793010256174636, 0.0005135338022357688543 ),
 .UNSPECIFIED. ) ;
#11131 = EDGE_CURVE ( 'NONE', #11488, #1384, #8704, .T. ) ;
#11132 = EDGE_CURVE ( 'NONE', #6473, #3696, #9951, .T. ) ;
#11133 = LINE ( 'NONE', #10258, #10177 ) ;
#11134 = CARTESIAN_POINT ( 'NONE',  ( -5.080000000000000071, -1.639999999999999902, 0.000000000000000000 ) ) ;
#11135 = DIRECTION ( 'NONE',  ( 1.000000000000000000, 0.000000000000000000, 0.000000000000000000 ) ) ;
#11136 = VECTOR ( 'NONE', #11224, 1000.000000000000000 ) ;
#11137 = ORIENTED_EDGE ( 'NONE', *, *, #10018, .F. ) ;
#11138 = DIRECTION ( 'NONE',  ( 0.000000000000000000, 0.000000000000000000, 1.000000000000000000 ) ) ;
#11139 = VERTEX_POINT ( 'NONE', #3069 ) ;
#11140 = LINE ( 'NONE', #12019, #11433 ) ;
#11141 = VECTOR ( 'NONE', #1680, 999.9999999999998863 ) ;
#11142 = CARTESIAN_POINT ( 'NONE',  ( -2.185000000000291820, 8.466997253945589108, -6.209999999999999964 ) ) ;
#11143 = ORIENTED_EDGE ( 'NONE', *, *, #7476, .T. ) ;
#11144 = ORIENTED_EDGE ( 'NONE', *, *, #8794, .F. ) ;
#11145 = CARTESIAN_POINT ( 'NONE',  ( 1.810000000000000053, 15.66000000000000014, 5.159999999999999254 ) ) ;
#11146 = DIRECTION ( 'NONE',  ( 1.000000000000000000, 0.000000000000000000, 0.000000000000000000 ) ) ;
#11147 = EDGE_CURVE ( 'NONE', #2283, #4745, #2390, .T. ) ;
#11148 = CARTESIAN_POINT ( 'NONE',  ( 5.080000000000000071, -1.639999999999999902, -1.273734666246999936 ) ) ;
#11149 = DIRECTION ( 'NONE',  ( -0.000000000000000000, -1.000000000000000000, -0.000000000000000000 ) ) ;
#11150 = CARTESIAN_POINT ( 'NONE',  ( -5.339999999999998970, -3.450004514748930440, -1.239698830745242342 ) ) ;
#11151 = VECTOR ( 'NONE', #345, 1000.000000000000000 ) ;
#11152 = VERTEX_POINT ( 'NONE', #6900 ) ;
#11153 = DIRECTION ( 'NONE',  ( 1.000000000000000000, 0.000000000000000000, 0.000000000000000000 ) ) ;
#11154 = ORIENTED_EDGE ( 'NONE', *, *, #11960, .F. ) ;
#11155 = EDGE_LOOP ( 'NONE', ( #4382, #360, #7666, #10985, #10829, #2369 ) ) ;
#11156 = AXIS2_PLACEMENT_3D ( 'NONE', #11843, #4418, #7167 ) ;
#11157 = ORIENTED_EDGE ( 'NONE', *, *, #128, .F. ) ;
#11158 = VECTOR ( 'NONE', #9421, 1000.000000000000000 ) ;
#11159 = DIRECTION ( 'NONE',  ( 0.000000000000000000, 0.2237765264059905501, -0.9746404805002042426 ) ) ;
#11160 = CARTESIAN_POINT ( 'NONE',  ( -5.029999999999999361, 13.95000000000000107, -6.040000000000000036 ) ) ;
#11161 = CARTESIAN_POINT ( 'NONE',  ( -4.629696307968335312, -3.223478441774483283, 1.273734666247454461 ) ) ;
#11162 = FACE_OUTER_BOUND ( 'NONE', #4022, .T. ) ;
#11163 = DIRECTION ( 'NONE',  ( 0.000000000000000000, 1.000000000000000000, 0.000000000000000000 ) ) ;
#11164 = EDGE_CURVE ( 'NONE', #2859, #8595, #2146, .T. ) ;
#11165 = ADVANCED_FACE ( 'NONE', ( #4203 ), #5151, .F. ) ;
#11166 = COLOUR_RGB ( '',1.000000000000000000, 0.8117647058823529438, 0.5019607843137254832 ) ;
#11167 = AXIS2_PLACEMENT_3D ( 'NONE', #2825, #321, #7012 ) ;
#11168 = DIRECTION ( 'NONE',  ( 0.000000000000000000, 0.9763850306004407953, 0.2160376634278763919 ) ) ;
#11169 = FACE_OUTER_BOUND ( 'NONE', #3619, .T. ) ;
#11170 = EDGE_CURVE ( 'NONE', #3937, #5189, #514, .T. ) ;
#11171 = ADVANCED_FACE ( 'NONE', ( #7024 ), #9078, .T. ) ;
#11172 = DIRECTION ( 'NONE',  ( 1.000000000000000000, 0.000000000000000000, 0.000000000000000000 ) ) ;
#11173 = VERTEX_POINT ( 'NONE', #11755 ) ;
#11174 = EDGE_CURVE ( 'NONE', #4446, #12345, #5092, .T. ) ;
#11175 = CARTESIAN_POINT ( 'NONE',  ( 2.220000000000000195, 15.69999999999999929, 6.119999999999999218 ) ) ;
#11176 = VERTEX_POINT ( 'NONE', #1282 ) ;
#11177 = CARTESIAN_POINT ( 'NONE',  ( -0.8400000000000000799, 15.69999999999999929, -5.620000000000000107 ) ) ;
#11178 = ORIENTED_EDGE ( 'NONE', *, *, #1017, .F. ) ;
#11179 = DIRECTION ( 'NONE',  ( -1.000000000000000000, -0.000000000000000000, -0.000000000000000000 ) ) ;
#11180 = AXIS2_PLACEMENT_3D ( 'NONE', #9850, #1301, #354 ) ;
#11181 = VECTOR ( 'NONE', #1668, 1000.000000000000000 ) ;
#11182 = DIRECTION ( 'NONE',  ( 0.000000000000000000, 0.9086141679698426232, -0.4176365570259273907 ) ) ;
#11183 = CARTESIAN_POINT ( 'NONE',  ( -1.810000000000000053, 15.69999999999999929, 5.420429353323000576 ) ) ;
#11184 = VECTOR ( 'NONE', #7137, 1000.000000000000000 ) ;
#11185 = AXIS2_PLACEMENT_3D ( 'NONE', #7405, #9272, #4530 ) ;
#11186 = VECTOR ( 'NONE', #11309, 1000.000000000000000 ) ;
#11187 = CARTESIAN_POINT ( 'NONE',  ( -1.814999999999999947, 9.377205983516001098, -3.778469117984000203 ) ) ;
#11188 = ORIENTED_EDGE ( 'NONE', *, *, #12341, .T. ) ;
#11189 = PLANE ( 'NONE',  #7624 ) ;
#11190 = ORIENTED_EDGE ( 'NONE', *, *, #10521, .F. ) ;
#11191 = CARTESIAN_POINT ( 'NONE',  ( 4.632674615073779201, 1.100000000000000089, -1.273734666246999936 ) ) ;
#11192 = ORIENTED_EDGE ( 'NONE', *, *, #2385, .F. ) ;
#11193 = CARTESIAN_POINT ( 'NONE',  ( 4.879999999999999893, 8.000000000000000000, -5.009999999999999787 ) ) ;
#11194 = PLANE ( 'NONE',  #3077 ) ;
#11195 = EDGE_CURVE ( 'NONE', #769, #2338, #4329, .T. ) ;
#11196 = VERTEX_POINT ( 'NONE', #8830 ) ;
#11197 = LINE ( 'NONE', #4388, #797 ) ;
#11198 = VECTOR ( 'NONE', #371, 1000.000000000000000 ) ;
#11199 = PLANE ( 'NONE',  #5323 ) ;
#11200 = CARTESIAN_POINT ( 'NONE',  ( 0.2300000000000000100, 14.10701913604117586, -6.489868000309253482 ) ) ;
#11201 = ORIENTED_EDGE ( 'NONE', *, *, #6924, .T. ) ;
#11202 = CARTESIAN_POINT ( 'NONE',  ( 0.6350000000000000089, 8.419999999999999929, -6.209999999999999964 ) ) ;
#11203 = EDGE_CURVE ( 'NONE', #12150, #6410, #274, .T. ) ;
#11204 = EDGE_LOOP ( 'NONE', ( #1811, #1905, #2879, #1796, #197, #8515, #8930, #9768, #2884, #12297, #1606, #3781, #7382, #619, #8056, #10859, #8702, #5271, #1873, #8763 ) ) ;
#11205 = CARTESIAN_POINT ( 'NONE',  ( 0.2300000000000000100, 13.47720598351600074, 5.141530882016000170 ) ) ;
#11206 = ORIENTED_EDGE ( 'NONE', *, *, #7593, .T. ) ;
#11207 = LINE ( 'NONE', #2226, #10578 ) ;
#11208 = ORIENTED_EDGE ( 'NONE', *, *, #9946, .F. ) ;
#11209 = CARTESIAN_POINT ( 'NONE',  ( -2.880000000000000338, 13.08000000000000007, -5.620000000000000107 ) ) ;
#11210 = AXIS2_PLACEMENT_3D ( 'NONE', #2822, #3883, #10453 ) ;
#11211 = ORIENTED_EDGE ( 'NONE', *, *, #6866, .F. ) ;
#11212 = CARTESIAN_POINT ( 'NONE',  ( 1.860000000000000098, 15.45000000000000107, 6.119999999999999218 ) ) ;
#11213 = DIRECTION ( 'NONE',  ( 0.000000000000000000, 1.000000000000000000, 0.000000000000000000 ) ) ;
#11214 = DIRECTION ( 'NONE',  ( 1.000000000000000000, 0.000000000000000000, 0.000000000000000000 ) ) ;
#11215 = CARTESIAN_POINT ( 'NONE',  ( 8.751918340712878219, 13.08000000000000007, -0.3649999999999998801 ) ) ;
#11216 = CARTESIAN_POINT ( 'NONE',  ( -5.339999999999998970, -3.400004331179910633, -1.256722847314213354 ) ) ;
#11217 = CIRCLE ( 'NONE', #8214, 1.590944562245001137 ) ;
#11218 = ORIENTED_EDGE ( 'NONE', *, *, #4709, .F. ) ;
#11219 = CARTESIAN_POINT ( 'NONE',  ( -6.540000000000000036, 8.131715197500998471, 10.08999999999999986 ) ) ;
#11220 = ADVANCED_FACE ( 'NONE', ( #11827 ), #337, .F. ) ;
#11221 = ORIENTED_EDGE ( 'NONE', *, *, #8448, .T. ) ;
#11222 = ORIENTED_EDGE ( 'NONE', *, *, #3065, .F. ) ;
#11223 = VERTEX_POINT ( 'NONE', #11698 ) ;
#11224 = DIRECTION ( 'NONE',  ( -0.000000000000000000, -1.000000000000000000, -0.000000000000000000 ) ) ;
#11225 = CARTESIAN_POINT ( 'NONE',  ( -1.250000000000000000, 14.49800950369600017, 4.776298838437000427 ) ) ;
#11226 = VECTOR ( 'NONE', #1255, 1000.000000000000000 ) ;
#11227 = CARTESIAN_POINT ( 'NONE',  ( -6.540000000000000036, 15.11416361098900119, -6.104208234257000321 ) ) ;
#11228 =( NAMED_UNIT ( * ) PLANE_ANGLE_UNIT ( ) SI_UNIT ( $, .RADIAN. ) );
#11229 = CIRCLE ( 'NONE', #5840, 1.363702780452000107 ) ;
#11230 = DIRECTION ( 'NONE',  ( 0.000000000000000000, 0.000000000000000000, -1.000000000000000000 ) ) ;
#11231 = CARTESIAN_POINT ( 'NONE',  ( 5.339999999999998970, -3.350000000001385203, 1.273734666247064995 ) ) ;
#11232 = CARTESIAN_POINT ( 'NONE',  ( 0.2300000000000000100, 14.00000000000000000, -6.209999999999999964 ) ) ;
#11233 = ADVANCED_FACE ( 'NONE', ( #8951 ), #1467, .T. ) ;
#11234 = CARTESIAN_POINT ( 'NONE',  ( 2.185000000000000497, 3.000000000000000000, -9.030563639306283363 ) ) ;
#11235 = ORIENTED_EDGE ( 'NONE', *, *, #10927, .T. ) ;
#11236 = LINE ( 'NONE', #9430, #1250 ) ;
#11237 = ORIENTED_EDGE ( 'NONE', *, *, #3610, .T. ) ;
#11238 = FACE_OUTER_BOUND ( 'NONE', #9978, .T. ) ;
#11239 = ORIENTED_EDGE ( 'NONE', *, *, #5294, .F. ) ;
#11240 = FACE_OUTER_BOUND ( 'NONE', #12191, .T. ) ;
#11241 = LINE ( 'NONE', #4689, #7333 ) ;
#11242 = CARTESIAN_POINT ( 'NONE',  ( -1.289051144925000170, 8.966174887680001149, -6.490000000000000213 ) ) ;
#11243 = EDGE_CURVE ( 'NONE', #540, #4092, #3257, .T. ) ;
#11244 = EDGE_CURVE ( 'NONE', #8855, #1096, #7087, .T. ) ;
#11245 = EDGE_CURVE ( 'NONE', #12170, #8855, #2327, .T. ) ;
#11246 = DIRECTION ( 'NONE',  ( -1.000000000000000000, 0.000000000000000000, 0.000000000000000000 ) ) ;
#11247 = ADVANCED_FACE ( 'NONE', ( #2212 ), #11868, .F. ) ;
#11248 = ORIENTED_EDGE ( 'NONE', *, *, #10714, .F. ) ;
#11249 = EDGE_CURVE ( 'NONE', #5597, #10329, #7334, .T. ) ;
#11250 = CARTESIAN_POINT ( 'NONE',  ( 0.2300000000000000100, 15.79293969097799888, 5.203898047366000590 ) ) ;
#11251 = ORIENTED_EDGE ( 'NONE', *, *, #2490, .T. ) ;
#11252 = CARTESIAN_POINT ( 'NONE',  ( -2.220000000000000195, 4.179999999999999716, -5.070000000000000284 ) ) ;
#11253 = ORIENTED_EDGE ( 'NONE', *, *, #12289, .T. ) ;
#11254 = FACE_OUTER_BOUND ( 'NONE', #832, .T. ) ;
#11255 = FACE_OUTER_BOUND ( 'NONE', #9034, .T. ) ;
#11256 = ORIENTED_EDGE ( 'NONE', *, *, #11058, .T. ) ;
#11257 = DIRECTION ( 'NONE',  ( -1.000000000000000000, 0.000000000000000000, 0.000000000000000000 ) ) ;
#11258 = DIRECTION ( 'NONE',  ( 0.000000000000000000, 0.000000000000000000, -1.000000000000000000 ) ) ;
#11259 = CARTESIAN_POINT ( 'NONE',  ( 6.540000000000000036, 1.100000000000000089, 6.740000000000000213 ) ) ;
#11260 = EDGE_CURVE ( 'NONE', #9651, #11581, #768, .T. ) ;
#11261 = CARTESIAN_POINT ( 'NONE',  ( 6.540000000000000036, 16.00000000000000000, -4.639999999999999680 ) ) ;
#11262 = AXIS2_PLACEMENT_3D ( 'NONE', #11683, #3119, #5266 ) ;
#11263 = ORIENTED_EDGE ( 'NONE', *, *, #8820, .T. ) ;
#11264 = EDGE_CURVE ( 'NONE', #5617, #9224, #40, .T. ) ;
#11265 = FACE_OUTER_BOUND ( 'NONE', #4495, .T. ) ;
#11266 = EDGE_LOOP ( 'NONE', ( #1343, #2024, #287 ) ) ;
#11267 = CARTESIAN_POINT ( 'NONE',  ( 2.152431722891520405, 8.516476466015131308, -7.464249638695820366 ) ) ;
#11268 = ORIENTED_EDGE ( 'NONE', *, *, #10334, .F. ) ;
#11269 = CARTESIAN_POINT ( 'NONE',  ( -0.9149038053469999987, 8.451744313687001409, -7.766550936653000115 ) ) ;
#11270 = ORIENTED_EDGE ( 'NONE', *, *, #3611, .F. ) ;
#11271 = CARTESIAN_POINT ( 'NONE',  ( 0.3600000000000000422, -3.700000000000000178, -6.209999999999999964 ) ) ;
#11272 = ORIENTED_EDGE ( 'NONE', *, *, #3565, .T. ) ;
#11273 = CARTESIAN_POINT ( 'NONE',  ( 3.600000000000000089, 13.02999999999999936, 4.890000000000000568 ) ) ;
#11274 = CARTESIAN_POINT ( 'NONE',  ( -5.339999999999998970, -3.600000000000000089, -1.800000000000000044 ) ) ;
#11275 = DIRECTION ( 'NONE',  ( 0.000000000000000000, -0.9381440673623764326, 0.3462451571831393071 ) ) ;
#11276 = CARTESIAN_POINT ( 'NONE',  ( -1.250000000000000000, 9.122794016484000679, -3.661530882016000188 ) ) ;
#11277 = LINE ( 'NONE', #9406, #10150 ) ;
#11278 = VERTEX_POINT ( 'NONE', #6331 ) ;
#11279 = CARTESIAN_POINT ( 'NONE',  ( -0.9100960626429999145, 3.000000000000000000, -8.746464157062998623 ) ) ;
#11280 = ORIENTED_EDGE ( 'NONE', *, *, #4848, .T. ) ;
#11281 = VERTEX_POINT ( 'NONE', #5463 ) ;
#11282 = ORIENTED_EDGE ( 'NONE', *, *, #6889, .F. ) ;
#11283 = CARTESIAN_POINT ( 'NONE',  ( -5.029999999999999361, 15.11999999999999922, 4.890000000000000568 ) ) ;
#11284 = CARTESIAN_POINT ( 'NONE',  ( -3.600000000000000089, 15.45000000000000107, 10.35999999999999943 ) ) ;
#11285 = CARTESIAN_POINT ( 'NONE',  ( -0.7900000000000000355, 15.66000000000000014, -4.250000000000000000 ) ) ;
#11286 = CARTESIAN_POINT ( 'NONE',  ( -1.814999999999999947, 13.48134016943100022, 5.151525677993999963 ) ) ;
#11287 = EDGE_CURVE ( 'NONE', #9687, #3880, #6514, .T. ) ;
#11288 = EDGE_CURVE ( 'NONE', #8935, #1452, #8203, .T. ) ;
#11289 = CARTESIAN_POINT ( 'NONE',  ( 5.080000000000000071, -1.639999999999999902, 0.000000000000000000 ) ) ;
#11290 = VERTEX_POINT ( 'NONE', #4519 ) ;
#11291 = FACE_OUTER_BOUND ( 'NONE', #2066, .T. ) ;
#11292 = DIRECTION ( 'NONE',  ( 0.000000000000000000, -1.000000000000000000, 0.000000000000000000 ) ) ;
#11293 = ORIENTED_EDGE ( 'NONE', *, *, #4579, .F. ) ;
#11294 = DIRECTION ( 'NONE',  ( 1.000000000000000000, 0.000000000000000000, 0.000000000000000000 ) ) ;
#11295 = ORIENTED_EDGE ( 'NONE', *, *, #12086, .T. ) ;
#11296 = CARTESIAN_POINT ( 'NONE',  ( 5.080000000000000071, 0.000000000000000000, 0.000000000000000000 ) ) ;
#11297 = PLANE ( 'NONE',  #6004 ) ;
#11298 = AXIS2_PLACEMENT_3D ( 'NONE', #4969, #7842, #8837 ) ;
#11299 = CARTESIAN_POINT ( 'NONE',  ( -2.880000000000000338, 15.11999999999999922, -0.3649999999999999911 ) ) ;
#11300 = PLANE ( 'NONE',  #2014 ) ;
#11301 = VECTOR ( 'NONE', #8522, 1000.000000000000000 ) ;
#11302 = VECTOR ( 'NONE', #6910, 1000.000000000000000 ) ;
#11303 = DIRECTION ( 'NONE',  ( 0.000000000000000000, 0.9740264650302337124, 0.2264341966680544216 ) ) ;
#11304 = VERTEX_POINT ( 'NONE', #3644 ) ;
#11305 = CARTESIAN_POINT ( 'NONE',  ( -0.2300000000000000100, 14.28619153674800124, -4.603223830734999744 ) ) ;
#11306 = ORIENTED_EDGE ( 'NONE', *, *, #4213, .F. ) ;
#11307 = PLANE ( 'NONE',  #8183 ) ;
#11308 = VERTEX_POINT ( 'NONE', #8387 ) ;
#11309 = DIRECTION ( 'NONE',  ( 0.000000000000000000, 1.000000000000000000, -3.469446951953635882E-15 ) ) ;
#11310 = EDGE_CURVE ( 'NONE', #12017, #8555, #11140, .T. ) ;
#11311 = LINE ( 'NONE', #3034, #5969 ) ;
#11312 = AXIS2_PLACEMENT_3D ( 'NONE', #3736, #7611, #9427 ) ;
#11313 = CARTESIAN_POINT ( 'NONE',  ( 1.250000000000000000, 15.55369816261100091, -5.620000000000000107 ) ) ;
#11314 = AXIS2_PLACEMENT_3D ( 'NONE', #9321, #512, #4324 ) ;
#11315 = DIRECTION ( 'NONE',  ( -1.000000000000000000, 0.000000000000000000, 1.224646799146999945E-16 ) ) ;
#11316 = PLANE ( 'NONE',  #7362 ) ;
#11317 = ADVANCED_FACE ( 'NONE', ( #3453 ), #11074, .F. ) ;
#11318 = EDGE_CURVE ( 'NONE', #9194, #7590, #8321, .T. ) ;
#11319 = CARTESIAN_POINT ( 'NONE',  ( 1.250000000000000000, 15.69999999999999929, -0.3649999999999998801 ) ) ;
#11320 = VERTEX_POINT ( 'NONE', #12134 ) ;
#11321 = CARTESIAN_POINT ( 'NONE',  ( 0.2300000000000000100, 9.122794016484000679, -3.661530882016000188 ) ) ;
#11322 = ORIENTED_EDGE ( 'NONE', *, *, #1196, .F. ) ;
#11323 = VECTOR ( 'NONE', #437, 1000.000000000000000 ) ;
#11324 = CARTESIAN_POINT ( 'NONE',  ( -0.2300000000000000100, 13.48134016943100022, 5.151525677993999963 ) ) ;
#11325 = CARTESIAN_POINT ( 'NONE',  ( 1.804999999999999938, 14.08280056788830770, -6.210893209203022458 ) ) ;
#11326 = ORIENTED_EDGE ( 'NONE', *, *, #12203, .T. ) ;
#11327 = DIRECTION ( 'NONE',  ( 0.000000000000000000, 1.000000000000000000, 0.000000000000000000 ) ) ;
#11328 = EDGE_CURVE ( 'NONE', #5914, #871, #1715, .T. ) ;
#11329 = ADVANCED_FACE ( 'NONE', ( #9263 ), #5025, .T. ) ;
#11330 = EDGE_CURVE ( 'NONE', #10780, #11700, #5583, .T. ) ;
#11331 = ORIENTED_EDGE ( 'NONE', *, *, #1558, .F. ) ;
#11332 = CARTESIAN_POINT ( 'NONE',  ( -2.150948855074999777, 8.553825112320000201, -6.490000000000000213 ) ) ;
#11333 = DIRECTION ( 'NONE',  ( 0.000000000000000000, 0.000000000000000000, 1.000000000000000000 ) ) ;
#11334 = DIRECTION ( 'NONE',  ( 0.000000000000000000, 1.000000000000000000, 0.000000000000000000 ) ) ;
#11335 = FACE_OUTER_BOUND ( 'NONE', #5333, .T. ) ;
#11336 = CARTESIAN_POINT ( 'NONE',  ( -0.2300000000000000100, 12.51066208950699910, -6.988291239222999884 ) ) ;
#11337 = EDGE_LOOP ( 'NONE', ( #11143, #1075, #6873, #7807 ) ) ;
#11338 = AXIS2_PLACEMENT_3D ( 'NONE', #11145, #9463, #2514 ) ;
#11339 = DIRECTION ( 'NONE',  ( -0.000000000000000000, 1.000000000000000000, 0.000000000000000000 ) ) ;
#11340 = ORIENTED_EDGE ( 'NONE', *, *, #11442, .F. ) ;
#11341 = VERTEX_POINT ( 'NONE', #10266 ) ;
#11342 = ORIENTED_EDGE ( 'NONE', *, *, #6750, .F. ) ;
#11343 = CARTESIAN_POINT ( 'NONE',  ( -1.809999999999999831, 13.48008363145958022, 5.148121114438890977 ) ) ;
#11344 = CARTESIAN_POINT ( 'NONE',  ( 2.189999999999999947, -0.3499999999999999778, -8.750573294447001160 ) ) ;
#11345 = PLANE ( 'NONE',  #3428 ) ;
#11346 = EDGE_CURVE ( 'NONE', #4150, #6277, #5516, .T. ) ;
#11347 = CARTESIAN_POINT ( 'NONE',  ( -1.625000000000000000, 8.348755370245001473, -6.209999999999999964 ) ) ;
#11348 = DIRECTION ( 'NONE',  ( 0.000000000000000000, 1.000000000000000000, 0.000000000000000000 ) ) ;
#11349 = VECTOR ( 'NONE', #207, 1000.000000000000000 ) ;
#11350 = DIRECTION ( 'NONE',  ( -1.000000000000000000, 0.000000000000000000, 0.000000000000000000 ) ) ;
#11351 = EDGE_CURVE ( 'NONE', #2554, #5476, #4180, .T. ) ;
#11352 = CARTESIAN_POINT ( 'NONE',  ( 0.2300000000000000100, 13.96993164062500092, -4.623949218749999091 ) ) ;
#11353 = VERTEX_POINT ( 'NONE', #3385 ) ;
#11354 = VECTOR ( 'NONE', #5437, 1000.000000000000114 ) ;
#11355 = CIRCLE ( 'NONE', #4575, 1.870944562245001386 ) ;
#11356 = PLANE ( 'NONE',  #2444 ) ;
#11357 = ORIENTED_EDGE ( 'NONE', *, *, #2586, .T. ) ;
#11358 = EDGE_CURVE ( 'NONE', #5049, #8107, #580, .T. ) ;
#11359 = DIRECTION ( 'NONE',  ( -0.0004638551866507537144, 0.9999998924187487592, 9.255403386167703988E-07 ) ) ;
#11360 = VERTEX_POINT ( 'NONE', #12074 ) ;
#11361 = ORIENTED_EDGE ( 'NONE', *, *, #1133, .F. ) ;
#11362 = DIRECTION ( 'NONE',  ( 0.000000000000000000, 1.000000000000000000, 0.000000000000000000 ) ) ;
#11363 = ORIENTED_EDGE ( 'NONE', *, *, #9434, .F. ) ;
#11364 = CARTESIAN_POINT ( 'NONE',  ( 0.7900000000000000355, 15.79762648660004132, 5.189704678889510703 ) ) ;
#11365 = CARTESIAN_POINT ( 'NONE',  ( 5.080000000000000071, 1.100000000000000089, 0.000000000000000000 ) ) ;
#11366 = AXIS2_PLACEMENT_3D ( 'NONE', #11662, #9379, #5057 ) ;
#11367 = LINE ( 'NONE', #2800, #3933 ) ;
#11368 = CARTESIAN_POINT ( 'NONE',  ( 0.9150000000000000355, 1.100000000000000089, -10.22999999999999865 ) ) ;
#11369 = CIRCLE ( 'NONE', #7568, 1.590944562245001137 ) ;
#11370 = AXIS2_PLACEMENT_3D ( 'NONE', #3116, #5885, #11508 ) ;
#11371 = FACE_OUTER_BOUND ( 'NONE', #3510, .T. ) ;
#11372 = CIRCLE ( 'NONE', #5621, 1.870944562245001386 ) ;
#11373 = EDGE_CURVE ( 'NONE', #11059, #2213, #6631, .T. ) ;
#11374 = ORIENTED_EDGE ( 'NONE', *, *, #2242, .F. ) ;
#11375 = AXIS2_PLACEMENT_3D ( 'NONE', #4456, #11007, #698 ) ;
#11376 = CARTESIAN_POINT ( 'NONE',  ( -5.599999999999999645, 1.100000000000000089, 6.740000000000000213 ) ) ;
#11377 = EDGE_LOOP ( 'NONE', ( #1410, #2702, #5217, #7626 ) ) ;
#11378 = VECTOR ( 'NONE', #3884, 1000.000000000000000 ) ;
#11379 = CARTESIAN_POINT ( 'NONE',  ( 2.880000000000000338, 15.11999999999999922, -0.3649999999999989919 ) ) ;
#11380 = EDGE_LOOP ( 'NONE', ( #1099, #10102, #8466, #4291 ) ) ;
#11381 = LINE ( 'NONE', #6381, #6601 ) ;
#11382 = CARTESIAN_POINT ( 'NONE',  ( -6.540000000000000036, 14.50999999999999979, 8.789999999999999147 ) ) ;
#11383 = LINE ( 'NONE', #6642, #7794 ) ;
#11384 = LINE ( 'NONE', #11444, #5375 ) ;
#11385 = VECTOR ( 'NONE', #11054, 1000.000000000000000 ) ;
#11386 = VECTOR ( 'NONE', #7566, 1000.000000000000000 ) ;
#11387 = VECTOR ( 'NONE', #10671, 1000.000000000000000 ) ;
#11388 = DIRECTION ( 'NONE',  ( 0.000000000000000000, -1.000000000000000000, -9.993466352650292719E-15 ) ) ;
#11389 = ORIENTED_EDGE ( 'NONE', *, *, #483, .T. ) ;
#11390 = CARTESIAN_POINT ( 'NONE',  ( -0.7900000000000000355, 14.08947998063600160, -6.210395812409999827 ) ) ;
#11391 = ORIENTED_EDGE ( 'NONE', *, *, #34, .T. ) ;
#11392 = CARTESIAN_POINT ( 'NONE',  ( -4.859999999999999432, 6.819999999999999396, -6.040000000000000036 ) ) ;
#11393 = CARTESIAN_POINT ( 'NONE',  ( -0.3499999999999999778, -3.700000000000000178, -9.029999999999999361 ) ) ;
#11394 = VERTEX_POINT ( 'NONE', #5332 ) ;
#11395 = DIRECTION ( 'NONE',  ( 0.000000000000000000, 0.000000000000000000, -1.000000000000000000 ) ) ;
#11396 = ADVANCED_FACE ( 'NONE', ( #9141 ), #2752, .T. ) ;
#11397 = VECTOR ( 'NONE', #10114, 1000.000000000000000 ) ;
#11398 = ORIENTED_EDGE ( 'NONE', *, *, #8715, .T. ) ;
#11399 = LINE ( 'NONE', #8859, #11886 ) ;
#11400 = CARTESIAN_POINT ( 'NONE',  ( -0.9150960626429999190, 8.388342753565998677, -7.493823590735000373 ) ) ;
#11401 = DIRECTION ( 'NONE',  ( 0.000000000000000000, 1.000000000000000000, 0.000000000000000000 ) ) ;
#11402 = DIRECTION ( 'NONE',  ( 0.000000000000000000, 1.000000000000000000, 0.000000000000000000 ) ) ;
#11403 = DIRECTION ( 'NONE',  ( 0.000000000000000000, 9.993466352650292719E-15, -1.000000000000000000 ) ) ;
#11404 = EDGE_CURVE ( 'NONE', #11320, #3669, #8636, .T. ) ;
#11405 = EDGE_CURVE ( 'NONE', #301, #4708, #1078, .T. ) ;
#11406 = ORIENTED_EDGE ( 'NONE', *, *, #3977, .F. ) ;
#11407 = DIRECTION ( 'NONE',  ( -1.000000000000000000, 0.000000000000000000, 0.000000000000000000 ) ) ;
#11408 = AXIS2_PLACEMENT_3D ( 'NONE', #7950, #4266, #5956 ) ;
#11409 = EDGE_LOOP ( 'NONE', ( #852, #3561, #2392, #11463 ) ) ;
#11410 = ORIENTED_EDGE ( 'NONE', *, *, #783, .F. ) ;
#11411 = EDGE_CURVE ( 'NONE', #4816, #7320, #11217, .T. ) ;
#11412 = EDGE_LOOP ( 'NONE', ( #4088, #7103, #10831, #8123, #1611, #9871 ) ) ;
#11413 = CARTESIAN_POINT ( 'NONE',  ( -1.814999999999999947, 13.48134016943098246, 5.151525677994007069 ) ) ;
#11414 = LINE ( 'NONE', #1101, #4391 ) ;
#11415 = DIRECTION ( 'NONE',  ( 1.110223024624999878E-16, 1.000000000000000000, 0.000000000000000000 ) ) ;
#11416 = DIRECTION ( 'NONE',  ( 0.1692998631983577418, 0.9617319540095526920, 0.2154279576981240341 ) ) ;
#11417 = AXIS2_PLACEMENT_3D ( 'NONE', #9933, #7072, #2371 ) ;
#11418 = CARTESIAN_POINT ( 'NONE',  ( -1.619999999999999885, 8.348755370245001473, -6.490000000000000213 ) ) ;
#11419 = VECTOR ( 'NONE', #8791, 1000.000000000000000 ) ;
#11420 = CARTESIAN_POINT ( 'NONE',  ( -0.8400000000000000799, 13.05000000000000071, 4.890000000000000568 ) ) ;
#11421 = ORIENTED_EDGE ( 'NONE', *, *, #2307, .F. ) ;
#11422 = ORIENTED_EDGE ( 'NONE', *, *, #3125, .T. ) ;
#11423 = LINE ( 'NONE', #8420, #2135 ) ;
#11424 = ORIENTED_EDGE ( 'NONE', *, *, #4200, .F. ) ;
#11425 = CIRCLE ( 'NONE', #8817, 1.250000000000277778 ) ;
#11426 = CIRCLE ( 'NONE', #10209, 1.250000000000277778 ) ;
#11427 = CARTESIAN_POINT ( 'NONE',  ( -1.810000000000000053, 14.09999999999999964, -6.490000000000000213 ) ) ;
#11428 = VERTEX_POINT ( 'NONE', #6829 ) ;
#11429 = DIRECTION ( 'NONE',  ( 1.000000000000000000, 0.000000000000000000, 0.000000000000000000 ) ) ;
#11430 = CARTESIAN_POINT ( 'NONE',  ( 1.810000000000000053, 15.52000000000000135, 5.136780657427999941 ) ) ;
#11431 = DIRECTION ( 'NONE',  ( -1.000000000000000000, 0.000000000000000000, 0.000000000000000000 ) ) ;
#11432 = DIRECTION ( 'NONE',  ( -1.000000000000000000, 0.000000000000000000, 0.000000000000000000 ) ) ;
#11433 = VECTOR ( 'NONE', #11020, 1000.000000000000000 ) ;
#11434 = CARTESIAN_POINT ( 'NONE',  ( 0.2300000000000000100, 9.377205983516001098, -3.778469117984000203 ) ) ;
#11435 = ORIENTED_EDGE ( 'NONE', *, *, #2803, .T. ) ;
#11436 = DIRECTION ( 'NONE',  ( 0.000000000000000000, 0.9997698407351198746, -0.02145380051350246134 ) ) ;
#11437 = EDGE_LOOP ( 'NONE', ( #1815, #898, #1976, #1051 ) ) ;
#11438 = EDGE_CURVE ( 'NONE', #8208, #11501, #12331, .T. ) ;
#11439 = PLANE ( 'NONE',  #8778 ) ;
#11440 = ORIENTED_EDGE ( 'NONE', *, *, #7210, .T. ) ;
#11441 = CARTESIAN_POINT ( 'NONE',  ( -5.700000000000000178, 14.00000000000000000, -6.480650477015999833 ) ) ;
#11442 = EDGE_CURVE ( 'NONE', #8699, #5185, #9456, .T. ) ;
#11443 = DIRECTION ( 'NONE',  ( -0.0009015507420255266212, -0.2288884867901084252, 0.9734522319154617076 ) ) ;
#11444 = CARTESIAN_POINT ( 'NONE',  ( 0.7900000000000000355, 15.69999999999999929, -4.640765441007999925 ) ) ;
#11445 = EDGE_CURVE ( 'NONE', #2179, #9174, #3763, .T. ) ;
#11446 = EDGE_CURVE ( 'NONE', #9577, #4801, #10506, .T. ) ;
#11447 = CARTESIAN_POINT ( 'NONE',  ( -0.7900000000000000355, 14.00000000000000000, -7.014234558991999435 ) ) ;
#11448 = VERTEX_POINT ( 'NONE', #4772 ) ;
#11449 = DIRECTION ( 'NONE',  ( 0.000000000000000000, 0.9763850306004407953, 0.2160376634278763919 ) ) ;
#11450 = ORIENTED_EDGE ( 'NONE', *, *, #12024, .F. ) ;
#11451 = LINE ( 'NONE', #5827, #9813 ) ;
#11452 = CARTESIAN_POINT ( 'NONE',  ( 0.2349806637680000032, 9.047422773956000697, -6.490000000000000213 ) ) ;
#11453 = VERTEX_POINT ( 'NONE', #9635 ) ;
#11454 = LINE ( 'NONE', #5655, #5785 ) ;
#11455 = ORIENTED_EDGE ( 'NONE', *, *, #10178, .F. ) ;
#11456 = DIRECTION ( 'NONE',  ( 1.000000000000000000, 0.000000000000000000, 0.000000000000000000 ) ) ;
#11457 = CARTESIAN_POINT ( 'NONE',  ( -0.3549999999999999822, 3.000000000000000000, -9.029999999999999361 ) ) ;
#11458 = DIRECTION ( 'NONE',  ( -1.000000000000000000, 0.000000000000000000, 0.000000000000000000 ) ) ;
#11459 = CARTESIAN_POINT ( 'NONE',  ( -4.819999999999999396, -3.500000000000000000, -1.273734666246999936 ) ) ;
#11460 = ORIENTED_EDGE ( 'NONE', *, *, #3797, .T. ) ;
#11461 = CARTESIAN_POINT ( 'NONE',  ( -0.7900000000000000355, 14.00000000000000000, -6.480650477015999833 ) ) ;
#11462 = VERTEX_POINT ( 'NONE', #11392 ) ;
#11463 = ORIENTED_EDGE ( 'NONE', *, *, #9338, .F. ) ;
#11464 = ORIENTED_EDGE ( 'NONE', *, *, #12317, .T. ) ;
#11465 = CARTESIAN_POINT ( 'NONE',  ( 2.185000000000000497, 2.299998840357291741, -8.749995011695652636 ) ) ;
#11466 = PLANE ( 'NONE',  #4989 ) ;
#11467 = CARTESIAN_POINT ( 'NONE',  ( 0.1800000000000000488, 13.01999999999999957, 4.890000000000000568 ) ) ;
#11468 = CARTESIAN_POINT ( 'NONE',  ( 0.7899999999999999245, 15.51999999999999780, -4.260182003669801709 ) ) ;
#11469 = FACE_OUTER_BOUND ( 'NONE', #2623, .T. ) ;
#11470 = DIRECTION ( 'NONE',  ( 0.000000000000000000, 1.000000000000000000, 0.000000000000000000 ) ) ;
#11471 = ADVANCED_FACE ( 'NONE', ( #9514 ), #3700, .T. ) ;
#11472 = EDGE_CURVE ( 'NONE', #8292, #6785, #4886, .T. ) ;
#11473 = DIRECTION ( 'NONE',  ( 0.000000000000000000, -1.000000000000000000, 0.000000000000000000 ) ) ;
#11474 = ORIENTED_EDGE ( 'NONE', *, *, #1162, .T. ) ;
#11475 = ORIENTED_EDGE ( 'NONE', *, *, #4660, .F. ) ;
#11476 = DIRECTION ( 'NONE',  ( 0.000000000000000000, 0.000000000000000000, 1.000000000000000000 ) ) ;
#11477 = ORIENTED_EDGE ( 'NONE', *, *, #6584, .T. ) ;
#11478 = CARTESIAN_POINT ( 'NONE',  ( 2.156298979173000063, 8.518526961747999948, -7.463779511891999618 ) ) ;
#11479 = ORIENTED_EDGE ( 'NONE', *, *, #3363, .T. ) ;
#11480 = FACE_OUTER_BOUND ( 'NONE', #10838, .T. ) ;
#11481 = DIRECTION ( 'NONE',  ( 0.000000000000000000, 0.9997698407351198746, -0.02145380051350246134 ) ) ;
#11482 = EDGE_CURVE ( 'NONE', #5449, #9173, #9688, .T. ) ;
#11483 = EDGE_CURVE ( 'NONE', #4708, #3278, #1243, .T. ) ;
#11484 = CARTESIAN_POINT ( 'NONE',  ( -0.2300000000000000100, 15.80000000000000071, 5.159999999999999254 ) ) ;
#11485 = CARTESIAN_POINT ( 'NONE',  ( 1.810000000000000053, 15.69999999999999929, -4.640765441007999925 ) ) ;
#11486 = AXIS2_PLACEMENT_3D ( 'NONE', #11285, #3601, #792 ) ;
#11487 = LINE ( 'NONE', #2921, #7831 ) ;
#11488 = VERTEX_POINT ( 'NONE', #5882 ) ;
#11489 = AXIS2_PLACEMENT_3D ( 'NONE', #11289, #9424, #2717 ) ;
#11490 = PLANE ( 'NONE',  #10421 ) ;
#11491 = EDGE_LOOP ( 'NONE', ( #5553, #3101, #11567, #4481 ) ) ;
#11492 = CARTESIAN_POINT ( 'NONE',  ( 1.625289943701922146, 9.198444916296997675, -7.303426905261718893 ) ) ;
#11493 = ORIENTED_EDGE ( 'NONE', *, *, #6480, .F. ) ;
#11494 = DIRECTION ( 'NONE',  ( 0.000000000000000000, 0.2893895012759188923, 0.9572114272987315431 ) ) ;
#11495 = CARTESIAN_POINT ( 'NONE',  ( -2.220000000000000195, 1.840000000000000080, 10.35999999999999943 ) ) ;
#11496 = CARTESIAN_POINT ( 'NONE',  ( 1.809999999999999609, 15.79999999999954774, 5.174947165682039163 ) ) ;
#11497 = VECTOR ( 'NONE', #11846, 1000.000000000000114 ) ;
#11498 = VECTOR ( 'NONE', #5599, 1000.000000000000000 ) ;
#11499 = EDGE_CURVE ( 'NONE', #12088, #4885, #3940, .T. ) ;
#11500 = DIRECTION ( 'NONE',  ( 0.000000000000000000, 9.993466352650292719E-15, -1.000000000000000000 ) ) ;
#11501 = VERTEX_POINT ( 'NONE', #8512 ) ;
#11502 = PLANE ( 'NONE',  #537 ) ;
#11503 = ORIENTED_EDGE ( 'NONE', *, *, #6689, .T. ) ;
#11504 = DIRECTION ( 'NONE',  ( -1.000000000000000000, 0.000000000000000000, 0.000000000000000000 ) ) ;
#11505 = EDGE_CURVE ( 'NONE', #6036, #7923, #2022, .T. ) ;
#11506 = CARTESIAN_POINT ( 'NONE',  ( -1.814999999999999947, 15.79293969097799888, 5.203898047366000590 ) ) ;
#11507 = EDGE_LOOP ( 'NONE', ( #8004, #9848, #8526, #112 ) ) ;
#11508 = DIRECTION ( 'NONE',  ( 0.000000000000000000, 0.000000000000000000, -1.000000000000000000 ) ) ;
#11509 = VECTOR ( 'NONE', #6200, 1000.000000000000000 ) ;
#11510 = EDGE_CURVE ( 'NONE', #11033, #4276, #3624, .T. ) ;
#11511 = VECTOR ( 'NONE', #93, 1000.000000000000000 ) ;
#11512 = ORIENTED_EDGE ( 'NONE', *, *, #11006, .T. ) ;
#11513 = CARTESIAN_POINT ( 'NONE',  ( 1.367168540681846789, 8.981597915092994100, -7.353515855023843528 ) ) ;
#11514 = CARTESIAN_POINT ( 'NONE',  ( 2.173583559203791538, 8.478554078487238854, -7.471437520447999248 ) ) ;
#11515 = CARTESIAN_POINT ( 'NONE',  ( -5.029999999999999361, 13.01999999999999957, 4.890000000000000568 ) ) ;
#11516 = DIRECTION ( 'NONE',  ( 3.672138838037999771E-17, 1.000000000000000000, 2.203283302822999913E-16 ) ) ;
#11517 = AXIS2_PLACEMENT_3D ( 'NONE', #2431, #10179, #5371 ) ;
#11518 = ORIENTED_EDGE ( 'NONE', *, *, #9683, .T. ) ;
#11519 = CARTESIAN_POINT ( 'NONE',  ( 2.189999999999999947, 1.100000000000000311, -8.750573294447001160 ) ) ;
#11520 = ORIENTED_EDGE ( 'NONE', *, *, #1016, .T. ) ;
#11521 = VERTEX_POINT ( 'NONE', #2999 ) ;
#11522 = ADVANCED_FACE ( 'NONE', ( #7753 ), #1902, .T. ) ;
#11523 = ORIENTED_EDGE ( 'NONE', *, *, #1396, .T. ) ;
#11524 = DIRECTION ( 'NONE',  ( 0.000000000000000000, 0.000000000000000000, -1.000000000000000000 ) ) ;
#11525 = CARTESIAN_POINT ( 'NONE',  ( 0.000000000000000000, 0.000000000000000000, 1.273734666246999936 ) ) ;
#11526 = DIRECTION ( 'NONE',  ( 1.000000000000000000, 0.000000000000000000, 0.000000000000000000 ) ) ;
#11527 = PLANE ( 'NONE',  #2704 ) ;
#11528 = LINE ( 'NONE', #3019, #3967 ) ;
#11529 = CARTESIAN_POINT ( 'NONE',  ( 8.751918340712878219, 15.69999999999999929, -0.3649999999999998801 ) ) ;
#11530 = CIRCLE ( 'NONE', #2744, 0.1399999999999985978 ) ;
#11531 = CARTESIAN_POINT ( 'NONE',  ( 1.200000000000000178, 13.01999999999999957, -0.3649999999999998801 ) ) ;
#11532 = ORIENTED_EDGE ( 'NONE', *, *, #8509, .F. ) ;
#11533 = B_SPLINE_CURVE_WITH_KNOTS ( 'NONE', 3,
 ( #9484, #923, #8544, #12361, #3798, #4861, #11655, #4090, #8608, #56 ),
 .UNSPECIFIED., .F., .F.,
 ( 4, 2, 2, 2, 4 ),
 ( 2.128464413681600752E-07, 0.0006743570652068366696, 0.001011429174589570986, 0.001179965229280938253, 0.001348501283972305519 ),
 .UNSPECIFIED. ) ;
#11534 = EDGE_LOOP ( 'NONE', ( #4943, #752, #3655, #8402 ) ) ;
#11535 = DIRECTION ( 'NONE',  ( 0.000000000000000000, -0.07514299545580460649, 0.9971727684979815320 ) ) ;
#11536 = ORIENTED_EDGE ( 'NONE', *, *, #7586, .F. ) ;
#11537 = LINE ( 'NONE', #2967, #4234 ) ;
#11538 = ORIENTED_EDGE ( 'NONE', *, *, #5857, .F. ) ;
#11539 = AXIS2_PLACEMENT_3D ( 'NONE', #4085, #10024, #4337 ) ;
#11540 = DIRECTION ( 'NONE',  ( -0.000000000000000000, 1.000000000000000000, 0.000000000000000000 ) ) ;
#11541 = CARTESIAN_POINT ( 'NONE',  ( -4.325601679845162195, -2.906621072929775007, 1.192252756219207344 ) ) ;
#11542 = EDGE_CURVE ( 'NONE', #7215, #153, #11451, .T. ) ;
#11543 = ADVANCED_FACE ( 'NONE', ( #10568 ), #7009, .T. ) ;
#11544 = CARTESIAN_POINT ( 'NONE',  ( 0.7900000000000000355, 11.10139700824200126, -5.620000000000000107 ) ) ;
#11545 = CARTESIAN_POINT ( 'NONE',  ( 1.804999999999999938, 15.52000000000000135, 5.136780657427999941 ) ) ;
#11546 = VECTOR ( 'NONE', #4648, 1000.000000000000000 ) ;
#11547 = EDGE_CURVE ( 'NONE', #5154, #11428, #9874, .T. ) ;
#11548 = EDGE_CURVE ( 'NONE', #9129, #1728, #8937, .T. ) ;
#11549 = FACE_OUTER_BOUND ( 'NONE', #3384, .T. ) ;
#11550 = ORIENTED_EDGE ( 'NONE', *, *, #1017, .T. ) ;
#11551 = DIRECTION ( 'NONE',  ( 0.000000000000000000, 0.07514299545580413464, -0.9971727684979814210 ) ) ;
#11552 = ORIENTED_EDGE ( 'NONE', *, *, #7172, .T. ) ;
#11553 = DIRECTION ( 'NONE',  ( -0.000000000000000000, -0.000000000000000000, -1.000000000000000000 ) ) ;
#11554 = ORIENTED_EDGE ( 'NONE', *, *, #2804, .F. ) ;
#11555 = DIRECTION ( 'NONE',  ( 0.000000000000000000, 0.4176365570259273907, 0.9086141679698426232 ) ) ;
#11556 = ADVANCED_FACE ( 'NONE', ( #11631 ), #11870, .F. ) ;
#11557 = VECTOR ( 'NONE', #2656, 1000.000000000000000 ) ;
#11558 = AXIS2_PLACEMENT_3D ( 'NONE', #9067, #7139, #10003 ) ;
#11559 = CARTESIAN_POINT ( 'NONE',  ( 0.8400000000000000799, 15.69999999999999929, -5.620000000000000107 ) ) ;
#11560 = CARTESIAN_POINT ( 'NONE',  ( 2.220000000000000195, 13.01999999999999957, 10.33999999999999808 ) ) ;
#11561 = VECTOR ( 'NONE', #2150, 1000.000000000000114 ) ;
#11562 = AXIS2_PLACEMENT_3D ( 'NONE', #9731, #5808, #118 ) ;
#11563 = DIRECTION ( 'NONE',  ( 0.000000000000000000, 0.9572114272987316541, -0.2893895012759189478 ) ) ;
#11564 = EDGE_LOOP ( 'NONE', ( #7655, #9702, #10508, #3258, #7218, #7479, #6699, #3096, #5119, #11464, #2952, #4544, #1553, #8812, #3956, #8311 ) ) ;
#11565 = AXIS2_PLACEMENT_3D ( 'NONE', #10268, #1527, #5401 ) ;
#11566 = CARTESIAN_POINT ( 'NONE',  ( 1.909311433667000069, 8.451700534652999863, -7.766362617316000083 ) ) ;
#11567 = ORIENTED_EDGE ( 'NONE', *, *, #4739, .T. ) ;
#11568 = CARTESIAN_POINT ( 'NONE',  ( -0.9150000000000000355, -3.700000000000000178, -8.750000000000000000 ) ) ;
#11569 = DIRECTION ( 'NONE',  ( -1.000000000000000000, 0.000000000000000000, -0.000000000000000000 ) ) ;
#11570 = ADVANCED_FACE ( 'NONE', ( #2259 ), #5136, .F. ) ;
#11571 = VERTEX_POINT ( 'NONE', #3244 ) ;
#11572 = DIRECTION ( 'NONE',  ( -1.000000000000000000, 0.000000000000000000, 0.000000000000000000 ) ) ;
#11573 = EDGE_LOOP ( 'NONE', ( #11363, #11979, #2871, #7862, #11520, #3647, #2824, #6024, #7927, #11331, #2905, #8689, #11421, #6264, #4789, #1307 ) ) ;
#11574 = AXIS2_PLACEMENT_3D ( 'NONE', #8456, #10400, #5658 ) ;
#11575 = CARTESIAN_POINT ( 'NONE',  ( 2.150222226930813108, 8.583385011662842956, -7.737817477708661684 ) ) ;
#11576 = AXIS2_PLACEMENT_3D ( 'NONE', #2682, #572, #10131 ) ;
#11577 = CARTESIAN_POINT ( 'NONE',  ( 1.245000000000000329, 15.79999999999954596, 5.175037621037463786 ) ) ;
#11578 = DIRECTION ( 'NONE',  ( 0.000000000000000000, -0.9381440673623764326, 0.3462451571831393071 ) ) ;
#11579 = AXIS2_PLACEMENT_3D ( 'NONE', #6983, #11540, #291 ) ;
#11580 = ADVANCED_FACE ( 'NONE', ( #10931 ), #4121, .T. ) ;
#11581 = VERTEX_POINT ( 'NONE', #6190 ) ;
#11582 = VECTOR ( 'NONE', #7733, 1000.000000000000000 ) ;
#11583 = DIRECTION ( 'NONE',  ( 0.000000000000000000, 0.000000000000000000, -1.000000000000000000 ) ) ;
#11584 = VECTOR ( 'NONE', #10673, 1000.000000000000000 ) ;
#11585 = ORIENTED_EDGE ( 'NONE', *, *, #9276, .F. ) ;
#11586 = DIRECTION ( 'NONE',  ( 1.000000000000000000, 0.000000000000000000, -0.000000000000000000 ) ) ;
#11587 = ORIENTED_EDGE ( 'NONE', *, *, #4251, .T. ) ;
#11588 = VERTEX_POINT ( 'NONE', #8002 ) ;
#11589 = CARTESIAN_POINT ( 'NONE',  ( 1.262128724386864631, 8.975908120749384267, -7.343147319943963858 ) ) ;
#11590 = DIRECTION ( 'NONE',  ( -1.000000000000000000, 0.000000000000000000, 0.000000000000000000 ) ) ;
#11591 = DIRECTION ( 'NONE',  ( 0.000000000000000000, 0.000000000000000000, 1.000000000000000000 ) ) ;
#11592 = CARTESIAN_POINT ( 'NONE',  ( 1.199999999999999956, 13.08000000000000007, -0.3649999999999998801 ) ) ;
#11593 = DIRECTION ( 'NONE',  ( 0.000000000000000000, 1.000000000000000000, 0.000000000000000000 ) ) ;
#11594 = VECTOR ( 'NONE', #7991, 1000.000000000000114 ) ;
#11595 = LINE ( 'NONE', #11529, #9167 ) ;
#11596 = ADVANCED_FACE ( 'NONE', ( #10000 ), #3303, .T. ) ;
#11597 = EDGE_CURVE ( 'NONE', #8719, #5784, #10872, .T. ) ;
#11598 = CARTESIAN_POINT ( 'NONE',  ( -1.860000000000000098, 13.01999999999999957, 10.33999999999999808 ) ) ;
#11599 = VERTEX_POINT ( 'NONE', #11811 ) ;
#11600 = VERTEX_POINT ( 'NONE', #11679 ) ;
#11601 = CARTESIAN_POINT ( 'NONE',  ( -0.9150959316366317209, 3.800000000000000266, -8.560682180285322573 ) ) ;
#11602 = EDGE_LOOP ( 'NONE', ( #11192, #1083, #8406, #8497 ) ) ;
#11603 = DIRECTION ( 'NONE',  ( -1.000000000000000000, -0.000000000000000000, -0.000000000000000000 ) ) ;
#11604 = ORIENTED_EDGE ( 'NONE', *, *, #1198, .T. ) ;
#11605 = FACE_OUTER_BOUND ( 'NONE', #10615, .T. ) ;
#11606 = DIRECTION ( 'NONE',  ( -1.000000000000000000, -0.000000000000000000, -0.000000000000000000 ) ) ;
#11607 = VECTOR ( 'NONE', #4006, 1000.000000000000000 ) ;
#11608 = DIRECTION ( 'NONE',  ( 0.000000000000000000, 0.000000000000000000, -1.000000000000000000 ) ) ;
#11609 = AXIS2_PLACEMENT_3D ( 'NONE', #9084, #1229, #5226 ) ;
#11610 = VECTOR ( 'NONE', #9920, 1000.000000000000000 ) ;
#11611 = AXIS2_PLACEMENT_3D ( 'NONE', #9504, #7795, #10382 ) ;
#11612 = LINE ( 'NONE', #4046, #1252 ) ;
#11613 = EDGE_LOOP ( 'NONE', ( #3451, #9707, #6952, #5931 ) ) ;
#11614 = CARTESIAN_POINT ( 'NONE',  ( -2.185000000000000053, 3.000000000000000000, -10.22999999999999865 ) ) ;
#11615 = EDGE_LOOP ( 'NONE', ( #5080, #9410, #10089, #6170 ) ) ;
#11616 = CARTESIAN_POINT ( 'NONE',  ( -1.250000000000000000, 14.00000000000000000, -6.480650477015999833 ) ) ;
#11617 = VERTEX_POINT ( 'NONE', #3055 ) ;
#11618 = DIRECTION ( 'NONE',  ( 0.000000000000000000, -0.9465272815540003437, -0.3226237828710001310 ) ) ;
#11619 = PLANE ( 'NONE',  #9724 ) ;
#11620 = EDGE_CURVE ( 'NONE', #9988, #9075, #3113, .T. ) ;
#11621 = LINE ( 'NONE', #1130, #8777 ) ;
#11622 = EDGE_CURVE ( 'NONE', #9968, #6086, #10681, .T. ) ;
#11623 = B_SPLINE_CURVE_WITH_KNOTS ( 'NONE', 3,
 ( #4863, #992, #4626, #12234 ),
 .UNSPECIFIED., .F., .F.,
 ( 4, 4 ),
 ( 0.008540476895812850952, 1.000000000933352062 ),
 .UNSPECIFIED. ) ;
#11624 = VECTOR ( 'NONE', #1759, 1000.000000000000000 ) ;
#11625 = ADVANCED_FACE ( 'NONE', ( #6948 ), #1388, .F. ) ;
#11626 = CARTESIAN_POINT ( 'NONE',  ( 0.9149999999999495204, 8.419999999999999929, -6.490000000000000213 ) ) ;
#11627 = EDGE_CURVE ( 'NONE', #8217, #3658, #4253, .T. ) ;
#11628 = ORIENTED_EDGE ( 'NONE', *, *, #6899, .F. ) ;
#11629 = CARTESIAN_POINT ( 'NONE',  ( 1.278701049563820691, 9.001470308016683575, -7.636208816356698570 ) ) ;
#11630 = ORIENTED_EDGE ( 'NONE', *, *, #4895, .T. ) ;
#11631 = FACE_OUTER_BOUND ( 'NONE', #11736, .T. ) ;
#11632 = CARTESIAN_POINT ( 'NONE',  ( -0.2300000000000000100, 15.66000000000000014, 5.159999999999999254 ) ) ;
#11633 = EDGE_LOOP ( 'NONE', ( #11857, #314, #3711, #5251 ) ) ;
#11634 = CARTESIAN_POINT ( 'NONE',  ( -7.900000000000000355, 13.15000000000000036, 8.789999999999999147 ) ) ;
#11635 = DIRECTION ( 'NONE',  ( 1.000000000000000000, 0.000000000000000000, 0.000000000000000000 ) ) ;
#11636 = EDGE_CURVE ( 'NONE', #2481, #1322, #643, .T. ) ;
#11637 = CARTESIAN_POINT ( 'NONE',  ( 5.339999999999998970, -0.7200000000000001954, -1.273734666247000158 ) ) ;
#11638 = EDGE_CURVE ( 'NONE', #2673, #3139, #8870, .T. ) ;
#11639 = CARTESIAN_POINT ( 'NONE',  ( -0.9150168097640014597, 8.405899317668774628, -7.498394079642920929 ) ) ;
#11640 = DIRECTION ( 'NONE',  ( 0.000000000000000000, 1.000000000000000000, 0.000000000000000000 ) ) ;
#11641 = EDGE_LOOP ( 'NONE', ( #5122, #1988, #822, #55 ) ) ;
#11642 = PLANE ( 'NONE',  #3118 ) ;
#11643 = VERTEX_POINT ( 'NONE', #11250 ) ;
#11644 = LINE ( 'NONE', #4021, #2253 ) ;
#11645 = ORIENTED_EDGE ( 'NONE', *, *, #399, .T. ) ;
#11646 = ORIENTED_EDGE ( 'NONE', *, *, #7798, .F. ) ;
#11647 = CARTESIAN_POINT ( 'NONE',  ( -1.814999999999999947, 9.122794016484000679, -3.661530882016000188 ) ) ;
#11648 = DIRECTION ( 'NONE',  ( 0.000000000000000000, 1.000000000000000000, -0.000000000000000000 ) ) ;
#11649 = CARTESIAN_POINT ( 'NONE',  ( 1.804999999999999938, 15.52000000000000135, 5.159999999999999254 ) ) ;
#11650 = PLANE ( 'NONE',  #11298 ) ;
#11651 = CARTESIAN_POINT ( 'NONE',  ( -1.810000000000000053, 15.80000000000000071, -4.234997608640000522 ) ) ;
#11652 = DIRECTION ( 'NONE',  ( -1.000000000000000000, 0.000000000000000000, 0.000000000000000000 ) ) ;
#11653 = ORIENTED_EDGE ( 'NONE', *, *, #7844, .T. ) ;
#11654 = ORIENTED_EDGE ( 'NONE', *, *, #5527, .F. ) ;
#11655 = CARTESIAN_POINT ( 'NONE',  ( -4.457586536047635661, -3.088855126804893825, -1.227617991851797541 ) ) ;
#11656 = DIRECTION ( 'NONE',  ( 1.000000000000000000, 0.000000000000000000, 0.000000000000000000 ) ) ;
#11657 = ORIENTED_EDGE ( 'NONE', *, *, #4709, .T. ) ;
#11658 = CARTESIAN_POINT ( 'NONE',  ( 3.600000000000000089, 0.000000000000000000, -3.559999999999999609 ) ) ;
#11659 = EDGE_CURVE ( 'NONE', #10329, #9243, #6256, .T. ) ;
#11660 = DIRECTION ( 'NONE',  ( -1.000000000000000000, 0.000000000000000000, 0.000000000000000000 ) ) ;
#11661 = EDGE_CURVE ( 'NONE', #3572, #6858, #9064, .T. ) ;
#11662 = CARTESIAN_POINT ( 'NONE',  ( 5.080000000000000071, -3.500000000000000000, 0.000000000000000000 ) ) ;
#11663 = SURFACE_STYLE_USAGE ( .BOTH. , #7854 ) ;
#11664 = PLANE ( 'NONE',  #7435 ) ;
#11665 = ORIENTED_EDGE ( 'NONE', *, *, #2088, .T. ) ;
#11666 = LINE ( 'NONE', #5001, #2436 ) ;
#11667 = VERTEX_POINT ( 'NONE', #502 ) ;
#11668 = DIRECTION ( 'NONE',  ( 1.000000000000000000, 0.000000000000000000, 0.000000000000000000 ) ) ;
#11669 = ORIENTED_EDGE ( 'NONE', *, *, #7675, .T. ) ;
#11670 = CARTESIAN_POINT ( 'NONE',  ( -0.7900000000000000355, 13.96993164062500092, -4.623949218749999091 ) ) ;
#11671 = PLANE ( 'NONE',  #8914 ) ;
#11672 = DIRECTION ( 'NONE',  ( 0.000000000000000000, 1.000000000000000000, 0.000000000000000000 ) ) ;
#11673 = CARTESIAN_POINT ( 'NONE',  ( -1.810000000000000053, 14.00000000000000000, -6.480650477015999833 ) ) ;
#11674 = CARTESIAN_POINT ( 'NONE',  ( -1.810000000000000275, 15.52109309744938770, -4.270243598422243991 ) ) ;
#11675 = VECTOR ( 'NONE', #3109, 1000.000000000000000 ) ;
#11676 = EDGE_LOOP ( 'NONE', ( #3465, #6280, #3823, #11714 ) ) ;
#11677 = CARTESIAN_POINT ( 'NONE',  ( -1.250000000000000000, 12.51066208950699910, -6.988291239222999884 ) ) ;
#11678 = VERTEX_POINT ( 'NONE', #691 ) ;
#11679 = CARTESIAN_POINT ( 'NONE',  ( -0.7900000000000000355, 15.69999999999999929, 5.420429353323000576 ) ) ;
#11680 = CARTESIAN_POINT ( 'NONE',  ( -0.8299999999999999600, 8.000000000000000000, 10.33999999999999986 ) ) ;
#11681 = ORIENTED_EDGE ( 'NONE', *, *, #9796, .T. ) ;
#11682 = CARTESIAN_POINT ( 'NONE',  ( 0.7900000000000000355, 15.80000000000000071, -4.234997608641000610 ) ) ;
#11683 = CARTESIAN_POINT ( 'NONE',  ( 1.250000000000000000, 15.66000000000000014, 5.159999999999999254 ) ) ;
#11684 = ADVANCED_FACE ( 'NONE', ( #11001 ), #3496, .F. ) ;
#11685 = VECTOR ( 'NONE', #10286, 1000.000000000000000 ) ;
#11686 = CARTESIAN_POINT ( 'NONE',  ( 1.199999999999999956, 15.69999999999999929, 6.119999999999999218 ) ) ;
#11687 = EDGE_CURVE ( 'NONE', #183, #9140, #8368, .T. ) ;
#11688 = VECTOR ( 'NONE', #5166, 1000.000000000000000 ) ;
#11689 = CARTESIAN_POINT ( 'NONE',  ( 1.804999999999999938, 15.79285544331319002, 5.204152363265506231 ) ) ;
#11690 = DIRECTION ( 'NONE',  ( 0.000000000000000000, -0.9381440673623764326, 0.3462451571831393071 ) ) ;
#11691 = VERTEX_POINT ( 'NONE', #5382 ) ;
#11692 = CARTESIAN_POINT ( 'NONE',  ( 0.7900000000000000355, 14.09999999999999964, -6.490000000000000213 ) ) ;
#11693 = VECTOR ( 'NONE', #5575, 1000.000000000000000 ) ;
#11694 = EDGE_CURVE ( 'NONE', #6499, #3278, #6496, .T. ) ;
#11695 = ORIENTED_EDGE ( 'NONE', *, *, #12159, .F. ) ;
#11696 = CONICAL_SURFACE ( 'NONE', #5733, 1.300000000000000044, 0.1823488158859994934 ) ;
#11697 = ADVANCED_FACE ( 'NONE', ( #11062 ), #6376, .T. ) ;
#11698 = CARTESIAN_POINT ( 'NONE',  ( 1.810000000000000053, 15.55369816261155869, -5.620000000000000107 ) ) ;
#11699 = ORIENTED_EDGE ( 'NONE', *, *, #2012, .F. ) ;
#11700 = VERTEX_POINT ( 'NONE', #12185 ) ;
#11701 = CARTESIAN_POINT ( 'NONE',  ( 1.532761052182112005, 9.069398338315258101, -7.333385438909167497 ) ) ;
#11702 = CARTESIAN_POINT ( 'NONE',  ( -5.080000000000000071, -1.639999999999999902, -1.273734666246999936 ) ) ;
#11703 = LINE ( 'NONE', #8081, #2626 ) ;
#11704 = FACE_OUTER_BOUND ( 'NONE', #11377, .T. ) ;
#11705 = DIRECTION ( 'NONE',  ( 0.000000000000000000, 0.000000000000000000, 1.000000000000000000 ) ) ;
#11706 = VECTOR ( 'NONE', #7115, 1000.000000000000000 ) ;
#11707 = AXIS2_PLACEMENT_3D ( 'NONE', #3621, #746, #3743 ) ;
#11708 = FACE_OUTER_BOUND ( 'NONE', #2692, .T. ) ;
#11709 = ORIENTED_EDGE ( 'NONE', *, *, #2240, .F. ) ;
#11710 = ORIENTED_EDGE ( 'NONE', *, *, #7476, .F. ) ;
#11711 = VECTOR ( 'NONE', #10834, 1000.000000000000000 ) ;
#11712 = CARTESIAN_POINT ( 'NONE',  ( 7.900000000000000355, 3.319999999999999840, 10.08999999999999986 ) ) ;
#11713 = CARTESIAN_POINT ( 'NONE',  ( -1.810000000000000053, 14.28619153674800124, -4.603223830734999744 ) ) ;
#11714 = ORIENTED_EDGE ( 'NONE', *, *, #6648, .T. ) ;
#11715 = CARTESIAN_POINT ( 'NONE',  ( 0.9100193362319999313, 8.472577226043998877, -6.490000000000000213 ) ) ;
#11716 = DIRECTION ( 'NONE',  ( 1.000000000000000000, 0.000000000000000000, 0.000000000000000000 ) ) ;
#11717 = DIRECTION ( 'NONE',  ( 0.000000000000000000, 1.000000000000000000, -3.469446951953635882E-15 ) ) ;
#11718 = PRESENTATION_STYLE_ASSIGNMENT (( #11663 ) ) ;
#11719 = PLANE ( 'NONE',  #12163 ) ;
#11720 = EDGE_CURVE ( 'NONE', #6310, #10951, #1576, .T. ) ;
#11721 = AXIS2_PLACEMENT_3D ( 'NONE', #2576, #1849, #4471 ) ;
#11722 = CARTESIAN_POINT ( 'NONE',  ( -0.9149001399898545328, 3.040482741408578438, -9.029999999999999361 ) ) ;
#11723 = ORIENTED_EDGE ( 'NONE', *, *, #11548, .T. ) ;
#11724 = CARTESIAN_POINT ( 'NONE',  ( -4.629696307966639779, -3.700000000000000178, 1.273734666246999936 ) ) ;
#11725 = ORIENTED_EDGE ( 'NONE', *, *, #12324, .F. ) ;
#11726 = DIRECTION ( 'NONE',  ( 0.000000000000000000, -0.9381440673623764326, 0.3462451571831393071 ) ) ;
#11727 = ORIENTED_EDGE ( 'NONE', *, *, #12270, .F. ) ;
#11728 = DIRECTION ( 'NONE',  ( 1.232595164407794408E-32, -0.9758182935088373089, -0.2185832977459636062 ) ) ;
#11729 = CARTESIAN_POINT ( 'NONE',  ( -0.9149038053469882303, 8.451744313687029830, -7.766550936653413117 ) ) ;
#11730 = CARTESIAN_POINT ( 'NONE',  ( 1.909311433666590396, 8.451700534652939467, -7.766362617315499151 ) ) ;
#11731 = DIRECTION ( 'NONE',  ( -0.000000000000000000, 1.000000000000000000, 0.000000000000000000 ) ) ;
#11732 = DIRECTION ( 'NONE',  ( 0.000000000000000000, 0.9086141679698426232, -0.4176365570259273907 ) ) ;
#11733 = VECTOR ( 'NONE', #9524, 1000.000000000000000 ) ;
#11734 = EDGE_CURVE ( 'NONE', #491, #10505, #2494, .T. ) ;
#11735 = CARTESIAN_POINT ( 'NONE',  ( -4.879999999999999893, 13.01999999999999957, -5.009999999999999787 ) ) ;
#11736 = EDGE_LOOP ( 'NONE', ( #9594, #8206, #3950, #7059 ) ) ;
#11737 = PLANE ( 'NONE',  #6237 ) ;
#11738 = ORIENTED_EDGE ( 'NONE', *, *, #6025, .T. ) ;
#11739 = VECTOR ( 'NONE', #9727, 1000.000000000000114 ) ;
#11740 = DIRECTION ( 'NONE',  ( 1.110223024624999878E-16, 1.000000000000000000, 0.000000000000000000 ) ) ;
#11741 = VECTOR ( 'NONE', #2254, 1000.000000000000000 ) ;
#11742 = CARTESIAN_POINT ( 'NONE',  ( -0.9100000000000000311, -3.700000000000000178, -8.750000000000000000 ) ) ;
#11743 = ORIENTED_EDGE ( 'NONE', *, *, #11622, .F. ) ;
#11744 = DIRECTION ( 'NONE',  ( 0.000000000000000000, 1.000000000000000000, 0.000000000000000000 ) ) ;
#11745 = DIRECTION ( 'NONE',  ( 0.000000000000000000, 0.000000000000000000, -1.000000000000000000 ) ) ;
#11746 = FACE_BOUND ( 'NONE', #1427, .T. ) ;
#11747 = CARTESIAN_POINT ( 'NONE',  ( -1.255000000000000115, 15.66000000000000014, 5.159999999999999254 ) ) ;
#11748 = FACE_OUTER_BOUND ( 'NONE', #5276, .T. ) ;
#11749 = PRESENTATION_LAYER_ASSIGNMENT (  '', '', ( #4174 ) ) ;
#11750 = AXIS2_PLACEMENT_3D ( 'NONE', #6855, #3853, #4908 ) ;
#11751 = EDGE_LOOP ( 'NONE', ( #10455, #9882, #10341, #1588, #2439, #8883, #5253, #924 ) ) ;
#11752 = DIRECTION ( 'NONE',  ( 0.000000000000000000, 0.000000000000000000, -1.000000000000000000 ) ) ;
#11753 = EDGE_CURVE ( 'NONE', #10153, #6173, #8246, .T. ) ;
#11754 = VERTEX_POINT ( 'NONE', #2555 ) ;
#11755 = CARTESIAN_POINT ( 'NONE',  ( 0.7900000000000000355, 14.00000000000000000, -6.209999999999999964 ) ) ;
#11756 = VERTEX_POINT ( 'NONE', #1645 ) ;
#11757 = ORIENTED_EDGE ( 'NONE', *, *, #8539, .F. ) ;
#11758 = VECTOR ( 'NONE', #6146, 1000.000000000000000 ) ;
#11759 = VECTOR ( 'NONE', #8329, 1000.000000000000000 ) ;
#11760 = ORIENTED_EDGE ( 'NONE', *, *, #5377, .F. ) ;
#11761 = VECTOR ( 'NONE', #7319, 1000.000000000000000 ) ;
#11762 = LINE ( 'NONE', #9147, #7347 ) ;
#11763 = CARTESIAN_POINT ( 'NONE',  ( -0.3500960626629999739, 2.983941068502999894, -8.750000000000000000 ) ) ;
#11764 = LINE ( 'NONE', #8957, #8415 ) ;
#11765 = CARTESIAN_POINT ( 'NONE',  ( 1.250000000000000000, 15.79293969097799888, 5.203898047366000590 ) ) ;
#11766 = CARTESIAN_POINT ( 'NONE',  ( 0.7900000000000000355, 13.96993164062500092, -4.623949218749999091 ) ) ;
#11767 = ADVANCED_FACE ( 'NONE', ( #9127 ), #1190, .F. ) ;
#11768 = ORIENTED_EDGE ( 'NONE', *, *, #2184, .F. ) ;
#11769 = ADVANCED_FACE ( 'NONE', ( #3558 ), #11189, .F. ) ;
#11770 = AXIS2_PLACEMENT_3D ( 'NONE', #9437, #747, #8486 ) ;
#11771 = AXIS2_PLACEMENT_3D ( 'NONE', #1766, #2739, #945 ) ;
#11772 = AXIS2_PLACEMENT_3D ( 'NONE', #7060, #2178, #7861 ) ;
#11773 = CARTESIAN_POINT ( 'NONE',  ( 1.630287381003000080, 3.000000000000000000, -8.749426706754999117 ) ) ;
#11774 = EDGE_CURVE ( 'NONE', #6380, #5780, #7199, .T. ) ;
#11775 = ORIENTED_EDGE ( 'NONE', *, *, #4851, .F. ) ;
#11776 = VERTEX_POINT ( 'NONE', #3813 ) ;
#11777 = DIRECTION ( 'NONE',  ( 1.000000000000000000, 0.000000000000000000, 0.000000000000000000 ) ) ;
#11778 = DIRECTION ( 'NONE',  ( 0.000000000000000000, 0.9763850306004406843, 0.2160376634278765307 ) ) ;
#11779 = ORIENTED_EDGE ( 'NONE', *, *, #9423, .T. ) ;
#11780 = DIRECTION ( 'NONE',  ( -1.000000000000000000, 0.000000000000000000, 0.000000000000000000 ) ) ;
#11781 = CARTESIAN_POINT ( 'NONE',  ( 1.630583008402000100, 2.344084903416000287, -8.750000000000000000 ) ) ;
#11782 = AXIS2_PLACEMENT_3D ( 'NONE', #1312, #1567, #553 ) ;
#11783 = CARTESIAN_POINT ( 'NONE',  ( -2.185000000000000053, -3.700000000000000178, -6.209999999999999964 ) ) ;
#11784 = AXIS2_PLACEMENT_3D ( 'NONE', #11891, #6217, #1473 ) ;
#11785 = DIRECTION ( 'NONE',  ( 0.000000000000000000, -0.2893895012759188923, -0.9572114272987315431 ) ) ;
#11786 = PLANE ( 'NONE',  #9166 ) ;
#11787 = ORIENTED_EDGE ( 'NONE', *, *, #4058, .T. ) ;
#11788 = B_SPLINE_CURVE_WITH_KNOTS ( 'NONE', 3,
 ( #4242, #2544, #1502, #3354 ),
 .UNSPECIFIED., .F., .F.,
 ( 4, 4 ),
 ( 0.000000000000000000, 0.9821524083310254616 ),
 .UNSPECIFIED. ) ;
#11790 = EDGE_CURVE ( 'NONE', #8968, #12346, #2423, .T. ) ;
#11789 = PLANE ( 'NONE',  #4235 ) ;
#11791 = DIRECTION ( 'NONE',  ( -1.000000000000000000, 0.000000000000000000, 0.000000000000000000 ) ) ;
#11792 = ORIENTED_EDGE ( 'NONE', *, *, #10460, .F. ) ;
#11793 = EDGE_CURVE ( 'NONE', #8332, #9771, #7740, .T. ) ;
#11794 = VECTOR ( 'NONE', #8016, 1000.000000000000000 ) ;
#11795 = VERTEX_POINT ( 'NONE', #7627 ) ;
#11796 = DIRECTION ( 'NONE',  ( 0.000000000000000000, -1.000000000000000000, 0.000000000000000000 ) ) ;
#11797 = ORIENTED_EDGE ( 'NONE', *, *, #6866, .T. ) ;
#11798 = LINE ( 'NONE', #5815, #10388 ) ;
#11799 = ORIENTED_EDGE ( 'NONE', *, *, #11638, .T. ) ;
#11800 = CARTESIAN_POINT ( 'NONE',  ( 5.599999999999999645, 1.100000000000000089, -10.22999999999999865 ) ) ;
#11801 =( BOUNDED_SURFACE ( )  B_SPLINE_SURFACE ( 1, 3, ( 
 ( #831, #6763, #4825, #9451 ),
 ( #10449, #10562, #4649, #2017 ) ),
 .UNSPECIFIED., .F., .F., .F. ) 
 B_SPLINE_SURFACE_WITH_KNOTS ( ( 2, 2 ),
 ( 4, 4 ),
 ( 0.000000000000000000, 1.000000000000000000 ),
 ( 0.000000000000000000, 1.000000000000000000 ),
 .UNSPECIFIED. ) 
 GEOMETRIC_REPRESENTATION_ITEM ( )  RATIONAL_B_SPLINE_SURFACE ( (
 ( 1.000000000000000000, 0.9970286977077599255, 0.9970286977077599255, 1.000000000000000000),
 ( 1.000000000000000000, 0.9970286977077599255, 0.9970286977077599255, 1.000000000000000000) ) ) 
 REPRESENTATION_ITEM ( '' )  SURFACE ( )  );
#11802 = DIRECTION ( 'NONE',  ( -1.000000000000000000, -2.676873359316999777E-17, 1.195032749694999960E-16 ) ) ;
#11803 = CARTESIAN_POINT ( 'NONE',  ( 3.500000000000000000, 3.795578673602000297, 1.665877763329000061 ) ) ;
#11804 = CARTESIAN_POINT ( 'NONE',  ( 3.500000000000000000, 8.000000000000000000, 10.33999999999999986 ) ) ;
#11805 = PLANE ( 'NONE',  #10545 ) ;
#11806 = VECTOR ( 'NONE', #5400, 1000.000000000000000 ) ;
#11807 = ORIENTED_EDGE ( 'NONE', *, *, #3922, .T. ) ;
#11808 = DIRECTION ( 'NONE',  ( -1.224646799146999945E-16, 0.000000000000000000, -1.000000000000000000 ) ) ;
#11809 = ADVANCED_FACE ( 'NONE', ( #2982 ), #11490, .T. ) ;
#11810 = ORIENTED_EDGE ( 'NONE', *, *, #2978, .F. ) ;
#11811 = CARTESIAN_POINT ( 'NONE',  ( -1.860000000000000098, 15.11999999999999922, -0.3649999999999998801 ) ) ;
#11812 = DIRECTION ( 'NONE',  ( -1.000000000000000000, 0.000000000000000000, 0.000000000000000000 ) ) ;
#11813 = ORIENTED_EDGE ( 'NONE', *, *, #8064, .F. ) ;
#11814 = CARTESIAN_POINT ( 'NONE',  ( -6.540000000000000036, 14.52999999999999936, -6.299999999999999822 ) ) ;
#11815 = AXIS2_PLACEMENT_3D ( 'NONE', #11858, #7859, #5869 ) ;
#11816 = VECTOR ( 'NONE', #816, 1000.000000000000000 ) ;
#11817 = CARTESIAN_POINT ( 'NONE',  ( -5.029999999999999361, 15.11999999999999922, 4.890000000000000568 ) ) ;
#11818 = EDGE_CURVE ( 'NONE', #163, #5387, #9373, .T. ) ;
#11819 = ADVANCED_FACE ( 'NONE', ( #1762 ), #2808, .F. ) ;
#11820 = DIRECTION ( 'NONE',  ( 0.9999997642673968956, -0.0001554772369528613601, 0.0006687989081624648967 ) ) ;
#11821 = CARTESIAN_POINT ( 'NONE',  ( 2.220000000000000195, 1.840000000000000080, 10.35999999999999943 ) ) ;
#11822 = DIRECTION ( 'NONE',  ( -0.000000000000000000, 1.000000000000000000, 0.000000000000000000 ) ) ;
#11823 = VECTOR ( 'NONE', #351, 1000.000000000000000 ) ;
#11824 = ORIENTED_EDGE ( 'NONE', *, *, #1937, .F. ) ;
#11825 = CARTESIAN_POINT ( 'NONE',  ( 0.8400000000000000799, 15.69999999999999929, -0.3649999999999998801 ) ) ;
#11826 = ORIENTED_EDGE ( 'NONE', *, *, #12207, .F. ) ;
#11827 = FACE_OUTER_BOUND ( 'NONE', #200, .T. ) ;
#11828 = VERTEX_POINT ( 'NONE', #5692 ) ;
#11829 = ADVANCED_FACE ( 'NONE', ( #8556 ), #8676, .T. ) ;
#11830 = ORIENTED_EDGE ( 'NONE', *, *, #6480, .T. ) ;
#11831 = LINE ( 'NONE', #3261, #9732 ) ;
#11832 = CARTESIAN_POINT ( 'NONE',  ( -1.814999999999999947, 15.79999999999954596, 5.175037621037463786 ) ) ;
#11833 = CARTESIAN_POINT ( 'NONE',  ( 0.8400000000000000799, 13.08000000000000007, -5.620000000000000107 ) ) ;
#11834 = FACE_OUTER_BOUND ( 'NONE', #6104, .T. ) ;
#11835 = LINE ( 'NONE', #7032, #8345 ) ;
#11836 = EDGE_LOOP ( 'NONE', ( #5681, #473, #4818, #6241 ) ) ;
#11837 = CARTESIAN_POINT ( 'NONE',  ( 0.2300000000000000100, 15.80000000000000071, 5.159999999999999254 ) ) ;
#11838 = VERTEX_POINT ( 'NONE', #2868 ) ;
#11839 = ORIENTED_EDGE ( 'NONE', *, *, #11015, .F. ) ;
#11840 = ADVANCED_FACE ( 'NONE', ( #6696 ), #1997, .T. ) ;
#11841 =( LENGTH_UNIT ( ) NAMED_UNIT ( * ) SI_UNIT ( .MILLI., .METRE. ) );
#11842 = VERTEX_POINT ( 'NONE', #2004 ) ;
#11843 = CARTESIAN_POINT ( 'NONE',  ( 1.250000000000000000, 9.122794016484000679, -3.661530882016000188 ) ) ;
#11844 = FACE_OUTER_BOUND ( 'NONE', #11507, .T. ) ;
#11845 = FACE_OUTER_BOUND ( 'NONE', #218, .T. ) ;
#11846 = DIRECTION ( 'NONE',  ( 0.000000000000000000, -0.9740264650302331573, -0.2264341966680560592 ) ) ;
#11847 = FACE_OUTER_BOUND ( 'NONE', #2118, .T. ) ;
#11848 = EDGE_CURVE ( 'NONE', #3939, #6410, #9499, .T. ) ;
#11849 = ADVANCED_FACE ( 'NONE', ( #4696 ), #8494, .F. ) ;
#11850 = ORIENTED_EDGE ( 'NONE', *, *, #9540, .F. ) ;
#11851 = VERTEX_POINT ( 'NONE', #9558 ) ;
#11852 = DIRECTION ( 'NONE',  ( 0.000000000000000000, 0.000000000000000000, -1.000000000000000000 ) ) ;
#11853 = ADVANCED_FACE ( 'NONE', ( #12310 ), #3748, .F. ) ;
#11854 = CARTESIAN_POINT ( 'NONE',  ( 0.7900000000000000355, 15.52330609571600029, -4.280245272880000229 ) ) ;
#11855 = ORIENTED_EDGE ( 'NONE', *, *, #844, .F. ) ;
#11856 = EDGE_CURVE ( 'NONE', #1848, #4051, #4834, .T. ) ;
#11857 = ORIENTED_EDGE ( 'NONE', *, *, #879, .F. ) ;
#11858 = CARTESIAN_POINT ( 'NONE',  ( -0.7900000000000000355, 9.377205983516001098, -3.778469117984000203 ) ) ;
#11859 = VERTEX_POINT ( 'NONE', #11376 ) ;
#11860 = LINE ( 'NONE', #12054, #10777 ) ;
#11861 = ORIENTED_EDGE ( 'NONE', *, *, #8240, .F. ) ;
#11862 = CARTESIAN_POINT ( 'NONE',  ( -1.814999999999999947, 14.11058301933567094, -6.489599425864949644 ) ) ;
#11863 = DIRECTION ( 'NONE',  ( 0.000000000000000000, -0.9465272815540003437, -0.3226237828710001310 ) ) ;
#11864 = CARTESIAN_POINT ( 'NONE',  ( -1.810000000000000053, 15.69999999999999929, -5.336197087740999656 ) ) ;
#11865 = DIRECTION ( 'NONE',  ( 1.000000000000000000, 2.676873359316999777E-17, -1.195032749694999960E-16 ) ) ;
#11866 = ORIENTED_EDGE ( 'NONE', *, *, #10667, .F. ) ;
#11867 = CARTESIAN_POINT ( 'NONE',  ( -1.250000000000000000, 14.52999999999999936, -6.299999999999999822 ) ) ;
#11868 =( BOUNDED_SURFACE ( )  B_SPLINE_SURFACE ( 1, 3, ( 
 ( #3320, #9835, #7150, #460 ),
 ( #7394, #2691, #9393, #11205 ) ),
 .UNSPECIFIED., .F., .F., .F. ) 
 B_SPLINE_SURFACE_WITH_KNOTS ( ( 2, 2 ),
 ( 4, 4 ),
 ( 0.000000000000000000, 1.000000000000000000 ),
 ( 0.000000000000000000, 1.000000000000000000 ),
 .UNSPECIFIED. ) 
 GEOMETRIC_REPRESENTATION_ITEM ( )  RATIONAL_B_SPLINE_SURFACE ( (
 ( 1.000000000000000000, 0.9995024187321911446, 0.9995024187321911446, 1.000000000000000000),
 ( 1.000000000000000000, 0.9995024187321911446, 0.9995024187321911446, 1.000000000000000000) ) ) 
 REPRESENTATION_ITEM ( '' )  SURFACE ( )  );
#11869 = ORIENTED_EDGE ( 'NONE', *, *, #12317, .F. ) ;
#11870 = PLANE ( 'NONE',  #6423 ) ;
#11871 = DIRECTION ( 'NONE',  ( -0.000000000000000000, -1.000000000000000000, -0.000000000000000000 ) ) ;
#11872 = ORIENTED_EDGE ( 'NONE', *, *, #10134, .F. ) ;
#11873 = FACE_OUTER_BOUND ( 'NONE', #7247, .T. ) ;
#11874 = DIRECTION ( 'NONE',  ( 1.000000000000000000, 0.000000000000000000, 0.000000000000000000 ) ) ;
#11875 = CARTESIAN_POINT ( 'NONE',  ( -5.339999999999998970, -3.350000000001385203, -1.273734666247064773 ) ) ;
#11876 = ORIENTED_EDGE ( 'NONE', *, *, #1760, .F. ) ;
#11877 = FACE_OUTER_BOUND ( 'NONE', #2661, .T. ) ;
#11878 = CARTESIAN_POINT ( 'NONE',  ( -4.859999999999999432, 13.95000000000000107, -6.040000000000000036 ) ) ;
#11879 = ORIENTED_EDGE ( 'NONE', *, *, #11287, .F. ) ;
#11880 = PLANE ( 'NONE',  #143 ) ;
#11881 = EDGE_CURVE ( 'NONE', #5998, #7973, #6634, .T. ) ;
#11882 = VERTEX_POINT ( 'NONE', #9621 ) ;
#11883 = CARTESIAN_POINT ( 'NONE',  ( -0.7910841894819999887, 9.114158068156001491, -7.323108647550999883 ) ) ;
#11884 = ORIENTED_EDGE ( 'NONE', *, *, #6216, .T. ) ;
#11885 = ORIENTED_EDGE ( 'NONE', *, *, #9716, .T. ) ;
#11886 = VECTOR ( 'NONE', #11802, 1000.000000000000000 ) ;
#11887 = VECTOR ( 'NONE', #4799, 1000.000000000000000 ) ;
#11888 = VERTEX_POINT ( 'NONE', #4873 ) ;
#11889 = DIRECTION ( 'NONE',  ( 0.000000000000000000, 0.9763850306004406843, 0.2160376634278765307 ) ) ;
#11890 = DIRECTION ( 'NONE',  ( 1.000000000000000000, 0.000000000000000000, -1.254994712943999904E-16 ) ) ;
#11891 = CARTESIAN_POINT ( 'NONE',  ( -0.7900000000000000355, 14.09999999999999964, -6.349999999999999645 ) ) ;
#11892 = DIRECTION ( 'NONE',  ( 0.002048524988061377859, -0.2264337215570416395, 0.9740244212991795436 ) ) ;
#11893 = DIRECTION ( 'NONE',  ( -1.000000000000000000, 0.000000000000000000, 0.000000000000000000 ) ) ;
#11894 = VECTOR ( 'NONE', #11908, 1000.000000000000000 ) ;
#11895 = CIRCLE ( 'NONE', #2716, 1.560000000000000053 ) ;
#11896 = ORIENTED_EDGE ( 'NONE', *, *, #9026, .T. ) ;
#11897 = LINE ( 'NONE', #5971, #11688 ) ;
#11898 = EDGE_CURVE ( 'NONE', #8783, #3196, #6052, .T. ) ;
#11899 = ORIENTED_EDGE ( 'NONE', *, *, #3492, .F. ) ;
#11900 = ORIENTED_EDGE ( 'NONE', *, *, #10559, .T. ) ;
#11901 = APPLICATION_PROTOCOL_DEFINITION ( 'draft international standard', 'automotive_design', 1998, #10653 ) ;
#11902 = VERTEX_POINT ( 'NONE', #6994 ) ;
#11903 = CARTESIAN_POINT ( 'NONE',  ( -0.2350000000000000144, 14.09999999999999964, -6.349999999999999645 ) ) ;
#11904 = CARTESIAN_POINT ( 'NONE',  ( -1.810000000000000053, 14.09999999999999964, -6.490000000000000213 ) ) ;
#11905 = VECTOR ( 'NONE', #11402, 1000.000000000000000 ) ;
#11906 = CARTESIAN_POINT ( 'NONE',  ( 1.199999999999999956, 13.08000000000001783, -0.3649999999999912204 ) ) ;
#11907 = AXIS2_PLACEMENT_3D ( 'NONE', #1590, #11138, #578 ) ;
#11908 = DIRECTION ( 'NONE',  ( 1.000000000000000000, 0.000000000000000000, 0.000000000000000000 ) ) ;
#11909 = CARTESIAN_POINT ( 'NONE',  ( 5.599999999999999645, 0.000000000000000000, -10.22999999999999865 ) ) ;
#11910 = ORIENTED_EDGE ( 'NONE', *, *, #8492, .T. ) ;
#11911 = AXIS2_PLACEMENT_3D ( 'NONE', #9993, #10921, #3550 ) ;
#11912 = CARTESIAN_POINT ( 'NONE',  ( -1.814999999999999947, 15.66000000000000014, 5.159999999999999254 ) ) ;
#11913 = EDGE_CURVE ( 'NONE', #6255, #3784, #1185, .T. ) ;
#11914 = CARTESIAN_POINT ( 'NONE',  ( 1.250000000000000000, 13.47717856557508043, 5.141471268095363811 ) ) ;
#11915 = ORIENTED_EDGE ( 'NONE', *, *, #2762, .T. ) ;
#11916 = ADVANCED_FACE ( 'NONE', ( #4931 ), #4240, .F. ) ;
#11917 = VERTEX_POINT ( 'NONE', #8048 ) ;
#11918 = DIRECTION ( 'NONE',  ( -1.000000000000000000, 0.000000000000000000, 0.000000000000000000 ) ) ;
#11919 = ORIENTED_EDGE ( 'NONE', *, *, #3694, .F. ) ;
#11920 = DIRECTION ( 'NONE',  ( -1.000000000000000000, 0.000000000000000000, 0.000000000000000000 ) ) ;
#11921 = ORIENTED_EDGE ( 'NONE', *, *, #3476, .F. ) ;
#11922 = CARTESIAN_POINT ( 'NONE',  ( 0.7900000000000000355, 15.52000000000000135, 5.136780657427999941 ) ) ;
#11923 = ORIENTED_EDGE ( 'NONE', *, *, #2227, .T. ) ;
#11924 = DIRECTION ( 'NONE',  ( 0.000000000000000000, 0.000000000000000000, 1.000000000000000000 ) ) ;
#11925 = CARTESIAN_POINT ( 'NONE',  ( -0.7900000000000000355, 15.52000000000000135, 5.136780657427999941 ) ) ;
#11926 = VECTOR ( 'NONE', #4349, 1000.000000000000000 ) ;
#11927 = CARTESIAN_POINT ( 'NONE',  ( 0.3549999999999999822, 1.100000000000000089, -6.209999999999999964 ) ) ;
#11928 = EDGE_CURVE ( 'NONE', #8922, #9500, #7804, .T. ) ;
#11929 = EDGE_CURVE ( 'NONE', #1971, #2127, #2063, .T. ) ;
#11930 = EDGE_CURVE ( 'NONE', #9153, #2821, #7924, .T. ) ;
#11931 = AXIS2_PLACEMENT_3D ( 'NONE', #5156, #11953, #7956 ) ;
#11932 = EDGE_LOOP ( 'NONE', ( #7758, #10193, #37, #3455 ) ) ;
#11933 = CARTESIAN_POINT ( 'NONE',  ( -0.2350000000000000144, 14.06939833831600062, -6.213385438909000413 ) ) ;
#11934 = EDGE_CURVE ( 'NONE', #11173, #3559, #7986, .T. ) ;
#11935 = EDGE_LOOP ( 'NONE', ( #6742, #9943, #12172, #6466 ) ) ;
#11936 = CARTESIAN_POINT ( 'NONE',  ( 1.527238947818074788, 9.130601661684014658, -7.606614561090998095 ) ) ;
#11937 = CARTESIAN_POINT ( 'NONE',  ( -0.7900000000000000355, 13.96993164062500092, -4.623949218749999091 ) ) ;
#11938 = ORIENTED_EDGE ( 'NONE', *, *, #3555, .F. ) ;
#11939 = LINE ( 'NONE', #11814, #10757 ) ;
#11940 = APPLICATION_CONTEXT ( 'automotive_design' ) ;
#11941 = CARTESIAN_POINT ( 'NONE',  ( 1.245000000000000107, 9.377205983516001098, -3.778469117984000203 ) ) ;
#11942 = AXIS2_PLACEMENT_3D ( 'NONE', #10276, #3835, #3776 ) ;
#11943 = DIRECTION ( 'NONE',  ( 0.000000000000000000, -3.469446951953635882E-15, -1.000000000000000000 ) ) ;
#11944 = DIRECTION ( 'NONE',  ( -0.2588190451025217942, 0.000000000000000000, 0.9659258262890680902 ) ) ;
#11945 = FACE_OUTER_BOUND ( 'NONE', #6346, .T. ) ;
#11946 = ORIENTED_EDGE ( 'NONE', *, *, #1493, .T. ) ;
#11947 = VECTOR ( 'NONE', #12059, 1000.000000000000000 ) ;
#11948 = CARTESIAN_POINT ( 'NONE',  ( 4.456627914201258811, -3.087763000476353437, 1.227361129902214465 ) ) ;
#11949 = ORIENTED_EDGE ( 'NONE', *, *, #2642, .F. ) ;
#11950 = CARTESIAN_POINT ( 'NONE',  ( 2.152057150763451165, 8.517160620751818456, -7.464088680191056646 ) ) ;
#11951 = ORIENTED_EDGE ( 'NONE', *, *, #3314, .T. ) ;
#11952 = ORIENTED_EDGE ( 'NONE', *, *, #6897, .F. ) ;
#11953 = DIRECTION ( 'NONE',  ( -0.000000000000000000, 0.000000000000000000, -1.000000000000000000 ) ) ;
#11954 = LINE ( 'NONE', #1533, #4809 ) ;
#11955 = DIRECTION ( 'NONE',  ( 0.000000000000000000, 0.4176365570259273907, 0.9086141679698426232 ) ) ;
#11956 = AXIS2_PLACEMENT_3D ( 'NONE', #1924, #6908, #8659 ) ;
#11957 = LINE ( 'NONE', #2580, #5131 ) ;
#11958 = LINE ( 'NONE', #7159, #6560 ) ;
#11959 = VECTOR ( 'NONE', #10571, 1000.000000000000000 ) ;
#11960 = EDGE_CURVE ( 'NONE', #9610, #11581, #8854, .T. ) ;
#11961 = ORIENTED_EDGE ( 'NONE', *, *, #11659, .F. ) ;
#11962 = VECTOR ( 'NONE', #9535, 1000.000000000000114 ) ;
#11963 = CARTESIAN_POINT ( 'NONE',  ( 8.751918340712878219, 15.69999999999999929, -0.3649999999999998801 ) ) ;
#11964 = AXIS2_PLACEMENT_3D ( 'NONE', #9315, #9255, #8127 ) ;
#11965 = ORIENTED_EDGE ( 'NONE', *, *, #10938, .T. ) ;
#11966 = AXIS2_PLACEMENT_3D ( 'NONE', #11393, #9458, #2693 ) ;
#11967 = ORIENTED_EDGE ( 'NONE', *, *, #2385, .T. ) ;
#11968 = VERTEX_POINT ( 'NONE', #10796 ) ;
#11969 = LINE ( 'NONE', #9093, #3156 ) ;
#11970 = DIRECTION ( 'NONE',  ( -1.000000000000000000, 0.000000000000000000, 0.000000000000000000 ) ) ;
#11971 = LINE ( 'NONE', #355, #10353 ) ;
#11972 = FACE_OUTER_BOUND ( 'NONE', #9380, .T. ) ;
#11973 = DIRECTION ( 'NONE',  ( 0.000000000000000000, 0.000000000000000000, -1.000000000000000000 ) ) ;
#11974 = EDGE_CURVE ( 'NONE', #4051, #10076, #2243, .T. ) ;
#11975 = VECTOR ( 'NONE', #5256, 1000.000000000000000 ) ;
#11976 = ADVANCED_FACE ( 'NONE', ( #9859 ), #8799, .T. ) ;
#11977 = VECTOR ( 'NONE', #5696, 1000.000000000000000 ) ;
#11978 = VECTOR ( 'NONE', #9737, 1000.000000000000000 ) ;
#11979 = ORIENTED_EDGE ( 'NONE', *, *, #9071, .T. ) ;
#11980 = LINE ( 'NONE', #7363, #5426 ) ;
#11981 = CARTESIAN_POINT ( 'NONE',  ( 0.7900000000000000355, 15.80000000000000071, 5.159999999999999254 ) ) ;
#11982 = ORIENTED_EDGE ( 'NONE', *, *, #10284, .F. ) ;
#11983 = VECTOR ( 'NONE', #9562, 1000.000000000000000 ) ;
#11984 = VERTEX_POINT ( 'NONE', #11614 ) ;
#11985 = DIRECTION ( 'NONE',  ( -0.000000000000000000, -1.000000000000000000, -0.000000000000000000 ) ) ;
#11986 = ORIENTED_EDGE ( 'NONE', *, *, #7099, .F. ) ;
#11987 = AXIS2_PLACEMENT_3D ( 'NONE', #6906, #11415, #10471 ) ;
#11988 = CARTESIAN_POINT ( 'NONE',  ( -0.7900000000000000355, 15.79293969097784966, 5.203898047366450896 ) ) ;
#11989 = ORIENTED_EDGE ( 'NONE', *, *, #8971, .T. ) ;
#11990 = CARTESIAN_POINT ( 'NONE',  ( -5.020000000000000462, 8.000000000000000000, 10.33999999999999986 ) ) ;
#11991 = CARTESIAN_POINT ( 'NONE',  ( -1.250000000000000000, 15.69999999999999929, -0.3649999999999998801 ) ) ;
#11992 = DIRECTION ( 'NONE',  ( 0.000000000000000000, 0.4327310675850640775, -0.9015230574681331044 ) ) ;
#11993 = DIRECTION ( 'NONE',  ( 0.000000000000000000, 0.000000000000000000, -1.000000000000000000 ) ) ;
#11994 = VECTOR ( 'NONE', #9040, 1000.000000000000000 ) ;
#11995 = AXIS2_PLACEMENT_3D ( 'NONE', #3576, #4464, #7454 ) ;
#11996 = ORIENTED_EDGE ( 'NONE', *, *, #7735, .F. ) ;
#11997 = PLANE ( 'NONE',  #11019 ) ;
#11998 = ORIENTED_EDGE ( 'NONE', *, *, #10321, .F. ) ;
#11999 = CARTESIAN_POINT ( 'NONE',  ( 1.261333566555317143, 9.041499009053648450, -7.626802612625318112 ) ) ;
#12000 = ORIENTED_EDGE ( 'NONE', *, *, #7015, .T. ) ;
#12001 = FACE_OUTER_BOUND ( 'NONE', #6565, .T. ) ;
#12002 = ORIENTED_EDGE ( 'NONE', *, *, #9714, .T. ) ;
#12003 = DIRECTION ( 'NONE',  ( -1.000000000000000000, 0.000000000000000000, 0.000000000000000000 ) ) ;
#12004 = ADVANCED_FACE ( 'NONE', ( #4169 ), #1308, .F. ) ;
#12005 = EDGE_CURVE ( 'NONE', #9857, #8724, #3231, .T. ) ;
#12006 = PLANE ( 'NONE',  #3508 ) ;
#12007 = FACE_OUTER_BOUND ( 'NONE', #1632, .T. ) ;
#12008 = AXIS2_PLACEMENT_3D ( 'NONE', #7694, #5706, #7641 ) ;
#12009 = DIRECTION ( 'NONE',  ( 0.000000000000000000, 0.000000000000000000, 1.000000000000000000 ) ) ;
#12010 = CARTESIAN_POINT ( 'NONE',  ( 0.7900000000000000355, 14.09999999999999787, -6.490000000000295977 ) ) ;
#12011 = EDGE_CURVE ( 'NONE', #9608, #3639, #11666, .T. ) ;
#12012 = EDGE_CURVE ( 'NONE', #2859, #1384, #10858, .T. ) ;
#12013 = MANIFOLD_SOLID_BREP ( 'Move Face5', #5297 ) ;
#12014 = ORIENTED_EDGE ( 'NONE', *, *, #5629, .T. ) ;
#12015 = CARTESIAN_POINT ( 'NONE',  ( 0.7900000000000000355, 15.21049096661799815, -5.620000000000000107 ) ) ;
#12016 = MECHANICAL_DESIGN_GEOMETRIC_PRESENTATION_REPRESENTATION (  '', ( #4029 ), #9227 ) ;
#12017 = VERTEX_POINT ( 'NONE', #4494 ) ;
#12018 = VECTOR ( 'NONE', #500, 1000.000000000000000 ) ;
#12019 = CARTESIAN_POINT ( 'NONE',  ( 1.810000000000000053, 14.08947998063599982, -6.210395812409999827 ) ) ;
#12020 = ORIENTED_EDGE ( 'NONE', *, *, #7765, .F. ) ;
#12021 = CARTESIAN_POINT ( 'NONE',  ( 1.245000000000000107, 9.377205983516001098, -3.778469117984000203 ) ) ;
#12022 = VERTEX_POINT ( 'NONE', #11175 ) ;
#12023 = ADVANCED_FACE ( 'NONE', ( #6242 ), #3098, .F. ) ;
#12024 = EDGE_CURVE ( 'NONE', #9146, #5666, #4556, .T. ) ;
#12025 = VERTEX_POINT ( 'NONE', #4362 ) ;
#12026 = CARTESIAN_POINT ( 'NONE',  ( 1.250000000000000000, 14.08947998063600160, -6.210395812409999827 ) ) ;
#12027 = CARTESIAN_POINT ( 'NONE',  ( -6.540000000000000036, 3.000000000000000000, -10.22999999999999865 ) ) ;
#12028 = DIRECTION ( 'NONE',  ( 0.000000000000000000, 0.000000000000000000, -1.000000000000000000 ) ) ;
#12029 = DIRECTION ( 'NONE',  ( 0.000000000000000000, -0.9381440673623764326, 0.3462451571831393071 ) ) ;
#12030 = CARTESIAN_POINT ( 'NONE',  ( 1.250000000000000000, 14.28619153674800124, -4.603223830734999744 ) ) ;
#12031 = EDGE_CURVE ( 'NONE', #8580, #7875, #8355, .T. ) ;
#12032 = VECTOR ( 'NONE', #1408, 1000.000000000000114 ) ;
#12033 = ORIENTED_EDGE ( 'NONE', *, *, #11089, .T. ) ;
#12034 = PLANE ( 'NONE',  #931 ) ;
#12035 = VERTEX_POINT ( 'NONE', #5487 ) ;
#12036 = EDGE_LOOP ( 'NONE', ( #4520, #338, #4820, #7946 ) ) ;
#12037 = ORIENTED_EDGE ( 'NONE', *, *, #11018, .F. ) ;
#12038 = DIRECTION ( 'NONE',  ( 0.0009015507420255272717, 0.2288884867901084530, -0.9734522319154618186 ) ) ;
#12039 = CARTESIAN_POINT ( 'NONE',  ( 1.278701036260477375, 9.001471697671064476, -7.636214749127621992 ) ) ;
#12040 = CARTESIAN_POINT ( 'NONE',  ( -3.600000000000000089, 13.02999999999999936, -5.070000000000000284 ) ) ;
#12041 = CARTESIAN_POINT ( 'NONE',  ( -3.600000000000000089, 0.000000000000000000, -3.559999999999999609 ) ) ;
#12042 = DIRECTION ( 'NONE',  ( 1.000000000000000000, 0.000000000000000000, 0.000000000000000000 ) ) ;
#12043 = EDGE_CURVE ( 'NONE', #5436, #6801, #1441, .T. ) ;
#12044 = VERTEX_POINT ( 'NONE', #1631 ) ;
#12045 = CARTESIAN_POINT ( 'NONE',  ( 0.2300000000000000100, 13.96993164062500092, -4.623949218749999091 ) ) ;
#12046 = EDGE_CURVE ( 'NONE', #5287, #10494, #2425, .T. ) ;
#12047 = DIRECTION ( 'NONE',  ( 0.000000000000000000, 1.000000000000000000, 0.000000000000000000 ) ) ;
#12048 = EDGE_CURVE ( 'NONE', #12107, #4497, #11425, .T. ) ;
#12049 = FACE_OUTER_BOUND ( 'NONE', #6552, .T. ) ;
#12050 = ORIENTED_EDGE ( 'NONE', *, *, #4851, .T. ) ;
#12051 = ORIENTED_EDGE ( 'NONE', *, *, #4691, .F. ) ;
#12052 = DIRECTION ( 'NONE',  ( -1.000000000000000000, 0.000000000000000000, 0.000000000000000000 ) ) ;
#12053 = VERTEX_POINT ( 'NONE', #7120 ) ;
#12054 = CARTESIAN_POINT ( 'NONE',  ( 1.625605804978932145, 2.299740521040280594, -8.748883828601842438 ) ) ;
#12055 = ORIENTED_EDGE ( 'NONE', *, *, #3049, .T. ) ;
#12056 = LINE ( 'NONE', #6490, #3195 ) ;
#12057 = CARTESIAN_POINT ( 'NONE',  ( 5.599999999999999645, 0.000000000000000000, 6.740000000000000213 ) ) ;
#12058 = LINE ( 'NONE', #3488, #9975 ) ;
#12059 = DIRECTION ( 'NONE',  ( 0.9999997515276145554, 0.000000000000000000, 0.0007049430538970276588 ) ) ;
#12060 = PLANE ( 'NONE',  #6434 ) ;
#12061 = ORIENTED_EDGE ( 'NONE', *, *, #11482, .F. ) ;
#12062 = DIRECTION ( 'NONE',  ( -0.0006866326463277947325, -0.2276704372708989454, 0.9737380040485666965 ) ) ;
#12063 = ORIENTED_EDGE ( 'NONE', *, *, #6136, .F. ) ;
#12064 = CARTESIAN_POINT ( 'NONE',  ( -0.6278195453550000638, 8.451700455995000638, -7.766362278964000332 ) ) ;
#12065 = ORIENTED_EDGE ( 'NONE', *, *, #4259, .F. ) ;
#12066 = CARTESIAN_POINT ( 'NONE',  ( -0.9150000000000000355, 7.058817561802944063, -8.750000000000000000 ) ) ;
#12067 = LINE ( 'NONE', #639, #5874 ) ;
#12068 = LINE ( 'NONE', #10065, #3380 ) ;
#12069 = CARTESIAN_POINT ( 'NONE',  ( -0.7900000000000000355, 14.06939833831600062, -6.213385438909000413 ) ) ;
#12070 = CARTESIAN_POINT ( 'NONE',  ( 0.2300000000000000100, 14.11052001936399769, -6.489604187590000350 ) ) ;
#12071 = ORIENTED_EDGE ( 'NONE', *, *, #145, .F. ) ;
#12072 = DIRECTION ( 'NONE',  ( -1.000000000000000000, 0.000000000000000000, 0.000000000000000000 ) ) ;
#12073 = ORIENTED_EDGE ( 'NONE', *, *, #4200, .T. ) ;
#12074 = CARTESIAN_POINT ( 'NONE',  ( 0.2300000000000000100, 15.69999999999999929, -5.336197087740999656 ) ) ;
#12075 = CARTESIAN_POINT ( 'NONE',  ( -3.500000000000000000, 5.590000000000000746, -5.009999999999999787 ) ) ;
#12076 = ORIENTED_EDGE ( 'NONE', *, *, #1405, .F. ) ;
#12077 = EDGE_CURVE ( 'NONE', #11754, #10522, #6424, .T. ) ;
#12078 = ADVANCED_FACE ( 'NONE', ( #9175 ), #2357, .F. ) ;
#12079 = ORIENTED_EDGE ( 'NONE', *, *, #6228, .T. ) ;
#12080 = CARTESIAN_POINT ( 'NONE',  ( -6.540000000000000036, 15.11416361098900119, -6.104208234257000321 ) ) ;
#12081 = CARTESIAN_POINT ( 'NONE',  ( 5.339999999999998970, -3.500000000000000000, -1.222661032339174225 ) ) ;
#12082 = CARTESIAN_POINT ( 'NONE',  ( 0.7900000000000000355, 15.80000000000000071, -4.234997608641000610 ) ) ;
#12083 = FACE_OUTER_BOUND ( 'NONE', #10190, .T. ) ;
#12084 = DIRECTION ( 'NONE',  ( -1.000000000000000000, 1.110223024624999878E-16, 0.000000000000000000 ) ) ;
#12085 = ADVANCED_FACE ( 'NONE', ( #549 ), #6172, .F. ) ;
#12086 = EDGE_CURVE ( 'NONE', #680, #153, #11048, .T. ) ;
#12087 = ADVANCED_FACE ( 'NONE', ( #2482 ), #8235, .T. ) ;
#12088 = VERTEX_POINT ( 'NONE', #3481 ) ;
#12089 = CARTESIAN_POINT ( 'NONE',  ( 5.339999999999998970, -3.500000000000000000, 1.222661032339174447 ) ) ;
#12090 = ORIENTED_EDGE ( 'NONE', *, *, #795, .F. ) ;
#12091 = VECTOR ( 'NONE', #8229, 1000.000000000000000 ) ;
#12092 = ORIENTED_EDGE ( 'NONE', *, *, #3397, .F. ) ;
#12093 = ORIENTED_EDGE ( 'NONE', *, *, #9031, .T. ) ;
#12094 = PLANE ( 'NONE',  #559 ) ;
#12095 = CYLINDRICAL_SURFACE ( 'NONE', #7771, 1.870944562245001386 ) ;
#12096 = CARTESIAN_POINT ( 'NONE',  ( 3.600000000000000089, 0.000000000000000000, -3.559999999999999609 ) ) ;
#12097 = LINE ( 'NONE', #673, #9099 ) ;
#12098 = LINE ( 'NONE', #12287, #9365 ) ;
#12099 = VECTOR ( 'NONE', #606, 1000.000000000000000 ) ;
#12100 = VECTOR ( 'NONE', #53, 999.9999999999998863 ) ;
#12101 = CARTESIAN_POINT ( 'NONE',  ( 0.7900000000000000355, 9.122794016484000679, -3.661530882016000188 ) ) ;
#12102 = AXIS2_PLACEMENT_3D ( 'NONE', #11276, #904, #6528 ) ;
#12103 = FACE_OUTER_BOUND ( 'NONE', #9066, .T. ) ;
#12104 = ORIENTED_EDGE ( 'NONE', *, *, #9482, .F. ) ;
#12105 = VECTOR ( 'NONE', #2128, 1000.000000000000000 ) ;
#12106 = CARTESIAN_POINT ( 'NONE',  ( 8.751918340712878219, 15.70000000000005080, -5.572572872400037625 ) ) ;
#12107 = VERTEX_POINT ( 'NONE', #618 ) ;
#12108 = CARTESIAN_POINT ( 'NONE',  ( -0.7900000000000000355, 15.79999999999954774, 5.174947165682039163 ) ) ;
#12109 = ORIENTED_EDGE ( 'NONE', *, *, #10140, .F. ) ;
#12110 = DIRECTION ( 'NONE',  ( 0.000000000000000000, -0.9465272815540003437, -0.3226237828710001310 ) ) ;
#12111 = CARTESIAN_POINT ( 'NONE',  ( -0.7900000000000000355, 9.183030002208180775, -7.594870612813502397 ) ) ;
#12112 = CARTESIAN_POINT ( 'NONE',  ( 0.1800000000000000211, 13.08000000000000007, -5.620000000000000107 ) ) ;
#12113 = EDGE_CURVE ( 'NONE', #6931, #10173, #10110, .T. ) ;
#12114 =( GEOMETRIC_REPRESENTATION_CONTEXT ( 3 ) GLOBAL_UNCERTAINTY_ASSIGNED_CONTEXT ( ( #8467 ) ) GLOBAL_UNIT_ASSIGNED_CONTEXT ( ( #5058, #1178, #3920 ) ) REPRESENTATION_CONTEXT ( 'NONE', 'WORKASPACE' ) );
#12115 = ADVANCED_FACE ( 'NONE', ( #7303 ), #11112, .F. ) ;
#12116 = PLANE ( 'NONE',  #10231 ) ;
#12117 = ORIENTED_EDGE ( 'NONE', *, *, #5751, .T. ) ;
#12118 = CARTESIAN_POINT ( 'NONE',  ( 1.249861314871458795, 9.085732936059896403, -7.616662352731360386 ) ) ;
#12119 = ORIENTED_EDGE ( 'NONE', *, *, #7664, .F. ) ;
#12120 = DIRECTION ( 'NONE',  ( 1.000000000000000000, 0.000000000000000000, 0.000000000000000000 ) ) ;
#12121 = VERTEX_POINT ( 'NONE', #681 ) ;
#12122 = DIRECTION ( 'NONE',  ( 0.000000000000000000, -1.000000000000000000, 0.000000000000000000 ) ) ;
#12123 = CARTESIAN_POINT ( 'NONE',  ( -3.500000000000000000, 3.437919375812999778, 2.411001300390000157 ) ) ;
#12124 = ORIENTED_EDGE ( 'NONE', *, *, #2852, .T. ) ;
#12125 = DIRECTION ( 'NONE',  ( 0.000000000000000000, 1.000000000000000000, 0.000000000000000000 ) ) ;
#12126 = DIRECTION ( 'NONE',  ( 1.000000000000000000, 0.000000000000000000, -1.224646799146999945E-16 ) ) ;
#12127 = FACE_OUTER_BOUND ( 'NONE', #10122, .T. ) ;
#12128 = VECTOR ( 'NONE', #8327, 1000.000000000000000 ) ;
#12129 = EDGE_CURVE ( 'NONE', #12220, #12138, #10483, .T. ) ;
#12130 = ORIENTED_EDGE ( 'NONE', *, *, #9798, .T. ) ;
#12131 = CARTESIAN_POINT ( 'NONE',  ( -6.540000000000000036, 14.50999999999999979, 8.789999999999999147 ) ) ;
#12132 = ORIENTED_EDGE ( 'NONE', *, *, #6205, .F. ) ;
#12133 = B_SPLINE_CURVE_WITH_KNOTS ( 'NONE', 3,
 ( #4808, #7732, #4750, #233, #3803, #11541, #4042, #6804, #10604, #2057 ),
 .UNSPECIFIED., .F., .F.,
 ( 4, 2, 2, 2, 4 ),
 ( 0.0002013547146018811109, 0.0003710857328748498390, 0.0005408167511478185942, 0.0008802787876937570805, 0.001559202860785635246 ),
 .UNSPECIFIED. ) ;
#12134 = CARTESIAN_POINT ( 'NONE',  ( -0.9150000000000000355, -3.700000000000000178, -8.750000000000000000 ) ) ;
#12135 = EDGE_LOOP ( 'NONE', ( #10903, #5881, #413, #9622 ) ) ;
#12136 = CIRCLE ( 'NONE', #6762, 1.363702780452000107 ) ;
#12137 = DIRECTION ( 'NONE',  ( -1.000000000000000000, 0.000000000000000000, -0.000000000000000000 ) ) ;
#12138 = VERTEX_POINT ( 'NONE', #5683 ) ;
#12139 = CARTESIAN_POINT ( 'NONE',  ( 0.7900000000000000355, 15.79999999999954774, 5.159999999999999254 ) ) ;
#12140 = EDGE_LOOP ( 'NONE', ( #43, #8918, #10898, #4238, #11512, #1974, #10109, #4727, #2811, #11071, #5586, #9176, #10950, #2290, #5766, #10466 ) ) ;
#12141 = CARTESIAN_POINT ( 'NONE',  ( -1.255000000000000115, 15.52330609571600029, -4.280245272880000229 ) ) ;
#12142 = CARTESIAN_POINT ( 'NONE',  ( -0.7900000000000000355, 15.80000000000000071, 5.159999999999999254 ) ) ;
#12143 = DIRECTION ( 'NONE',  ( -1.000000000000000000, 0.000000000000000000, 0.000000000000000000 ) ) ;
#12144 = LINE ( 'NONE', #10462, #3726 ) ;
#12145 = CARTESIAN_POINT ( 'NONE',  ( -5.339999999999998970, -3.500000000000000000, -1.222661032339174225 ) ) ;
#12146 = VECTOR ( 'NONE', #11865, 1000.000000000000000 ) ;
#12147 = EDGE_CURVE ( 'NONE', #2213, #4518, #2794, .T. ) ;
#12148 = EDGE_LOOP ( 'NONE', ( #5606, #12235, #11792, #9446 ) ) ;
#12149 = LINE ( 'NONE', #7289, #3515 ) ;
#12150 = VERTEX_POINT ( 'NONE', #8610 ) ;
#12151 = ORIENTED_EDGE ( 'NONE', *, *, #5222, .F. ) ;
#12152 = AXIS2_PLACEMENT_3D ( 'NONE', #8154, #11780, #476 ) ;
#12153 = VERTEX_POINT ( 'NONE', #4747 ) ;
#12154 = VECTOR ( 'NONE', #3829, 1000.000000000000114 ) ;
#12155 = CARTESIAN_POINT ( 'NONE',  ( -0.3549039373570000433, 8.451657246433999404, -7.766176409265000302 ) ) ;
#12156 = CARTESIAN_POINT ( 'NONE',  ( -0.2391682447260446986, 9.021753155542747038, -7.344324727512059781 ) ) ;
#12157 = EDGE_CURVE ( 'NONE', #9904, #4051, #6623, .T. ) ;
#12158 = CARTESIAN_POINT ( 'NONE',  ( -4.684071175071465198, -3.321765743776878832, 1.273734666246999936 ) ) ;
#12159 = EDGE_CURVE ( 'NONE', #2114, #5519, #9486, .T. ) ;
#12160 = CARTESIAN_POINT ( 'NONE',  ( -0.5187433319098209150, 9.069398338316000618, -7.333385438908999632 ) ) ;
#12161 = FACE_OUTER_BOUND ( 'NONE', #3210, .T. ) ;
#12162 = ADVANCED_FACE ( 'NONE', ( #10431 ), #1057, .F. ) ;
#12163 = AXIS2_PLACEMENT_3D ( 'NONE', #2535, #7297, #11163 ) ;
#12164 = EDGE_CURVE ( 'NONE', #3846, #110, #11623, .T. ) ;
#12165 = AXIS2_PLACEMENT_3D ( 'NONE', #1140, #383, #4007 ) ;
#12166 = CARTESIAN_POINT ( 'NONE',  ( -0.7900000000000000355, 14.08960226692342133, -6.210386651258014368 ) ) ;
#12167 = DIRECTION ( 'NONE',  ( 1.224646799146797060E-16, -0.2185832977459636339, 0.9758182935088374199 ) ) ;
#12168 = DIRECTION ( 'NONE',  ( -1.000000000000000000, -0.000000000000000000, -0.000000000000000000 ) ) ;
#12169 = ORIENTED_EDGE ( 'NONE', *, *, #245, .F. ) ;
#12170 = VERTEX_POINT ( 'NONE', #4683 ) ;
#12171 = LINE ( 'NONE', #2663, #5240 ) ;
#12172 = ORIENTED_EDGE ( 'NONE', *, *, #1328, .T. ) ;
#12173 = LINE ( 'NONE', #3802, #5373 ) ;
#12174 = ORIENTED_EDGE ( 'NONE', *, *, #9700, .F. ) ;
#12175 = LINE ( 'NONE', #3485, #5415 ) ;
#12176 = CIRCLE ( 'NONE', #11576, 0.1399999999999985978 ) ;
#12177 = EDGE_CURVE ( 'NONE', #9015, #1272, #12171, .T. ) ;
#12178 = DIRECTION ( 'NONE',  ( 0.000000000000000000, 1.000000000000000000, -3.469446951953635882E-15 ) ) ;
#12179 = CARTESIAN_POINT ( 'NONE',  ( -1.250000000000000000, 15.69999999999999929, -5.336197087740999656 ) ) ;
#12180 = VECTOR ( 'NONE', #4496, 1000.000000000000000 ) ;
#12181 = AXIS2_PLACEMENT_3D ( 'NONE', #4099, #11432, #2060 ) ;
#12182 = VECTOR ( 'NONE', #10557, 1000.000000000000000 ) ;
#12183 = CARTESIAN_POINT ( 'NONE',  ( -2.880000000000000338, 13.01999999999999957, -0.3649999999999998801 ) ) ;
#12184 = ORIENTED_EDGE ( 'NONE', *, *, #12012, .F. ) ;
#12185 = CARTESIAN_POINT ( 'NONE',  ( 0.3549999999999999822, 3.000000000000000000, -10.22999999999999865 ) ) ;
#12186 = ORIENTED_EDGE ( 'NONE', *, *, #10218, .T. ) ;
#12187 = CARTESIAN_POINT ( 'NONE',  ( 1.199999999999999956, 15.11999999999999922, 4.890000000000000568 ) ) ;
#12188 = VERTEX_POINT ( 'NONE', #60 ) ;
#12189 = CARTESIAN_POINT ( 'NONE',  ( -5.599999999999999645, 0.000000000000000000, -1.245833054626501957 ) ) ;
#12190 = CARTESIAN_POINT ( 'NONE',  ( 1.250000000000000000, 13.96993164062500092, -4.623949218749999091 ) ) ;
#12191 = EDGE_LOOP ( 'NONE', ( #581, #4723, #3423, #8765 ) ) ;
#12192 = PLANE ( 'NONE',  #10375 ) ;
#12193 = VECTOR ( 'NONE', #9179, 1000.000000000000000 ) ;
#12194 = CARTESIAN_POINT ( 'NONE',  ( -0.3549999999999998712, 2.986473022055134763, -8.750000571073041300 ) ) ;
#12195 = DIRECTION ( 'NONE',  ( -1.000000000000000000, 0.000000000000000000, 0.000000000000000000 ) ) ;
#12196 = EDGE_CURVE ( 'NONE', #7240, #3762, #6684, .T. ) ;
#12197 = PLANE ( 'NONE',  #313 ) ;
#12198 = ORIENTED_EDGE ( 'NONE', *, *, #5890, .T. ) ;
#12199 = DIRECTION ( 'NONE',  ( 0.9822119151142683080, 0.1877758073010508122, 0.000000000000000000 ) ) ;
#12200 = ORIENTED_EDGE ( 'NONE', *, *, #9155, .T. ) ;
#12201 = DIRECTION ( 'NONE',  ( 0.000000000000000000, 0.9763850306004407953, 0.2160376634278763919 ) ) ;
#12202 = EDGE_LOOP ( 'NONE', ( #12233, #2271, #10967, #7756 ) ) ;
#12203 = EDGE_CURVE ( 'NONE', #1377, #5650, #12363, .T. ) ;
#12204 = LINE ( 'NONE', #4588, #4583 ) ;
#12205 = ORIENTED_EDGE ( 'NONE', *, *, #4524, .F. ) ;
#12206 = LINE ( 'NONE', #11271, #1000 ) ;
#12207 = EDGE_CURVE ( 'NONE', #601, #7121, #8425, .T. ) ;
#12208 = VECTOR ( 'NONE', #8573, 1000.000000000000000 ) ;
#12209 = ORIENTED_EDGE ( 'NONE', *, *, #10631, .F. ) ;
#12210 = CARTESIAN_POINT ( 'NONE',  ( 2.190361642815000121, 2.979782814901000165, -8.713749013299000978 ) ) ;
#12211 = DIRECTION ( 'NONE',  ( -0.000000000000000000, -1.000000000000000000, -0.000000000000000000 ) ) ;
#12212 = LINE ( 'NONE', #11027, #9372 ) ;
#12213 = DIRECTION ( 'NONE',  ( 0.000000000000000000, 1.000000000000000000, 0.000000000000000000 ) ) ;
#12214 = DIRECTION ( 'NONE',  ( 0.000000000000000000, -1.000000000000000000, 0.000000000000000000 ) ) ;
#12215 = VECTOR ( 'NONE', #4804, 1000.000000000000000 ) ;
#12216 = VECTOR ( 'NONE', #466, 1000.000000000000000 ) ;
#12217 = VERTEX_POINT ( 'NONE', #6741 ) ;
#12218 = DIRECTION ( 'NONE',  ( -1.000000000000000000, -2.676873359316999777E-17, 1.195032749694999960E-16 ) ) ;
#12219 = EDGE_CURVE ( 'NONE', #10536, #12170, #8422, .T. ) ;
#12220 = VERTEX_POINT ( 'NONE', #1816 ) ;
#12221 = VERTEX_POINT ( 'NONE', #9358 ) ;
#12222 = ORIENTED_EDGE ( 'NONE', *, *, #5832, .F. ) ;
#12223 = DIRECTION ( 'NONE',  ( -1.000000000000000000, 0.000000000000000000, 0.000000000000000000 ) ) ;
#12224 = PLANE ( 'NONE',  #6636 ) ;
#12225 = DIRECTION ( 'NONE',  ( 0.000000000000000000, -0.9381440673623766546, 0.3462451571831385855 ) ) ;
#12226 = AXIS2_PLACEMENT_3D ( 'NONE', #11187, #6435, #9125 ) ;
#12227 = CARTESIAN_POINT ( 'NONE',  ( 1.804999999999999938, 15.66000000000000014, -4.250000000000000000 ) ) ;
#12228 = EDGE_CURVE ( 'NONE', #2469, #7198, #7670, .T. ) ;
#12229 = CYLINDRICAL_SURFACE ( 'NONE', #9299, 1.358858635772000722 ) ;
#12230 = ORIENTED_EDGE ( 'NONE', *, *, #10926, .F. ) ;
#12231 = LINE ( 'NONE', #3667, #11030 ) ;
#12232 = CARTESIAN_POINT ( 'NONE',  ( 1.199999999999999956, 13.08000000000000007, -5.620000000000000107 ) ) ;
#12233 = ORIENTED_EDGE ( 'NONE', *, *, #1838, .F. ) ;
#12234 = CARTESIAN_POINT ( 'NONE',  ( 2.184706514122919607, 8.452007237174569809, -7.767681924988790954 ) ) ;
#12235 = ORIENTED_EDGE ( 'NONE', *, *, #10654, .F. ) ;
#12236 = CARTESIAN_POINT ( 'NONE',  ( -0.9100000000000000311, -3.700000000000000178, -8.750000000000000000 ) ) ;
#12237 = ORIENTED_EDGE ( 'NONE', *, *, #5232, .T. ) ;
#12238 = CYLINDRICAL_SURFACE ( 'NONE', #5810, 1.363702780452000107 ) ;
#12239 = EDGE_CURVE ( 'NONE', #9153, #6143, #7426, .T. ) ;
#12240 = EDGE_CURVE ( 'NONE', #9516, #7201, #11236, .T. ) ;
#12241 = CARTESIAN_POINT ( 'NONE',  ( 0.2300000000000000100, 15.69999999999999929, 5.420429353323000576 ) ) ;
#12242 = CARTESIAN_POINT ( 'NONE',  ( -1.289051144925000170, 8.966174887680001149, -6.490000000000000213 ) ) ;
#12243 = EDGE_CURVE ( 'NONE', #7890, #6051, #12296, .T. ) ;
#12244 = EDGE_CURVE ( 'NONE', #2554, #2050, #8546, .T. ) ;
#12245 = CARTESIAN_POINT ( 'NONE',  ( 2.880000000000000338, 15.69999999999999929, -0.3649999999999998801 ) ) ;
#12246 = ORIENTED_EDGE ( 'NONE', *, *, #5682, .T. ) ;
#12247 = CARTESIAN_POINT ( 'NONE',  ( -2.185000000000000053, 8.419999999999999929, -6.209999999999999964 ) ) ;
#12248 = ORIENTED_EDGE ( 'NONE', *, *, #210, .T. ) ;
#12249 = DIRECTION ( 'NONE',  ( 1.000000000000000000, 0.000000000000000000, 0.000000000000000000 ) ) ;
#12250 = EDGE_LOOP ( 'NONE', ( #6635, #2869, #1406, #270, #3548, #9142, #19 ) ) ;
#12251 = DIRECTION ( 'NONE',  ( 0.000000000000000000, 1.000000000000000000, 0.000000000000000000 ) ) ;
#12252 = DIRECTION ( 'NONE',  ( -1.000000000000000000, 0.000000000000000000, 0.000000000000000000 ) ) ;
#12253 = DIRECTION ( 'NONE',  ( 0.002048524988061380895, -0.2264337215570416117, 0.9740244212991795436 ) ) ;
#12254 = PLANE ( 'NONE',  #8712 ) ;
#12255 = CARTESIAN_POINT ( 'NONE',  ( 1.904356030293000046, 2.983888694642999884, -8.750000000000000000 ) ) ;
#12256 = CARTESIAN_POINT ( 'NONE',  ( 4.632674615072380320, -1.639999999999999902, 1.273734666246999936 ) ) ;
#12257 = VECTOR ( 'NONE', #5085, 1000.000000000000000 ) ;
#12258 = VERTEX_POINT ( 'NONE', #9546 ) ;
#12259 = DIRECTION ( 'NONE',  ( 0.9822119151142683080, 0.1877758073010508122, 0.000000000000000000 ) ) ;
#12260 = ORIENTED_EDGE ( 'NONE', *, *, #9566, .T. ) ;
#12261 = CARTESIAN_POINT ( 'NONE',  ( 1.625000000000000000, 2.299999999999999822, -9.029999999999999361 ) ) ;
#12262 = ORIENTED_EDGE ( 'NONE', *, *, #2950, .F. ) ;
#12263 = CARTESIAN_POINT ( 'NONE',  ( 1.250000000000000000, 14.08960226692342133, -6.210386651258014368 ) ) ;
#12264 = ORIENTED_EDGE ( 'NONE', *, *, #1482, .F. ) ;
#12265 = LINE ( 'NONE', #962, #3369 ) ;
#12266 = EDGE_LOOP ( 'NONE', ( #9280, #1579, #2466, #4479, #10844 ) ) ;
#12267 = B_SPLINE_CURVE_WITH_KNOTS ( 'NONE', 3,
 ( #10750, #1209, #2025, #5020 ),
 .UNSPECIFIED., .F., .F.,
 ( 4, 4 ),
 ( 0.0001584302814052457710, 0.0003168869460701097870 ),
 .UNSPECIFIED. ) ;
#12268 = CARTESIAN_POINT ( 'NONE',  ( 0.2300000000000000100, 14.00000000000000000, -6.480650477015999833 ) ) ;
#12269 = PLANE ( 'NONE',  #3591 ) ;
#12270 = EDGE_CURVE ( 'NONE', #4661, #11700, #2910, .T. ) ;
#12271 = LINE ( 'NONE', #1725, #11759 ) ;
#12272 = DIRECTION ( 'NONE',  ( 0.000000000000000000, -1.000000000000000000, 0.000000000000000000 ) ) ;
#12273 = PLANE ( 'NONE',  #8553 ) ;
#12274 = EDGE_CURVE ( 'NONE', #1342, #2470, #5801, .T. ) ;
#12275 = VECTOR ( 'NONE', #8310, 1000.000000000000000 ) ;
#12276 = ORIENTED_EDGE ( 'NONE', *, *, #5831, .F. ) ;
#12277 = CARTESIAN_POINT ( 'NONE',  ( -1.140152015019000041E-16, 9.004366709456999018, -5.070000000000000284 ) ) ;
#12278 = ORIENTED_EDGE ( 'NONE', *, *, #9833, .T. ) ;
#12279 = CLOSED_SHELL ( 'NONE', ( #8140, #10923, #6543, #12087, #8753, #7884, #9269, #7344, #1476, #703, #8419, #2202, #6677, #10864, #826, #5689, #1999, #3856, #12368, #6926, #11087, #4613, #1871, #11767, #12318, #9044, #6431, #1175, #3207, #6839, #4688, #3615, #2306, #11471, #4290, #22, #8824, #1292, #2350, #6606, #7312 ) ) ;
#12280 = ORIENTED_EDGE ( 'NONE', *, *, #1477, .T. ) ;
#12281 =( BOUNDED_SURFACE ( )  B_SPLINE_SURFACE ( 1, 3, ( 
 ( #8725, #10603, #2166, #4093 ),
 ( #2055, #9667, #1115, #172 ) ),
 .UNSPECIFIED., .F., .F., .F. ) 
 B_SPLINE_SURFACE_WITH_KNOTS ( ( 2, 2 ),
 ( 4, 4 ),
 ( 0.000000000000000000, 1.000000000000000000 ),
 ( 0.000000000000000000, 1.000000000000000000 ),
 .UNSPECIFIED. ) 
 GEOMETRIC_REPRESENTATION_ITEM ( )  RATIONAL_B_SPLINE_SURFACE ( (
 ( 1.000000000000000000, 0.9794136118202997343, 0.9794136118202997343, 1.000000000000000000),
 ( 1.000000000000000000, 0.9794136118202997343, 0.9794136118202997343, 1.000000000000000000) ) ) 
 REPRESENTATION_ITEM ( '' )  SURFACE ( )  );
#12282 = ORIENTED_EDGE ( 'NONE', *, *, #11404, .F. ) ;
#12283 = LINE ( 'NONE', #9413, #6953 ) ;
#12284 = CARTESIAN_POINT ( 'NONE',  ( 1.279462170556833644, 9.000108302029186547, -7.636529288353758105 ) ) ;
#12285 = DIRECTION ( 'NONE',  ( -0.0004638570334013237271, 0.9999998924183204352, 0.000000000000000000 ) ) ;
#12286 = CARTESIAN_POINT ( 'NONE',  ( 1.630287381003000080, 1.100000000000000089, -8.749426706754999117 ) ) ;
#12287 = CARTESIAN_POINT ( 'NONE',  ( 4.879999999999999893, 10.01499999999999879, -5.009999999999999787 ) ) ;
#12288 = DIRECTION ( 'NONE',  ( 0.000000000000000000, 0.000000000000000000, -1.000000000000000000 ) ) ;
#12289 = EDGE_CURVE ( 'NONE', #7275, #1006, #2237, .T. ) ;
#12290 = LINE ( 'NONE', #3731, #4100 ) ;
#12291 = ORIENTED_EDGE ( 'NONE', *, *, #2255, .F. ) ;
#12292 = CARTESIAN_POINT ( 'NONE',  ( -0.7248189906443329722, 8.388313947191676334, -7.493699677602899456 ) ) ;
#12293 = ORIENTED_EDGE ( 'NONE', *, *, #4056, .F. ) ;
#12294 = FACE_OUTER_BOUND ( 'NONE', #98, .T. ) ;
#12295 = ORIENTED_EDGE ( 'NONE', *, *, #506, .T. ) ;
#12296 = LINE ( 'NONE', #3616, #6643 ) ;
#12297 = ORIENTED_EDGE ( 'NONE', *, *, #5292, .T. ) ;
#12298 = CARTESIAN_POINT ( 'NONE',  ( 0.2299999999999999822, 15.79999999999954774, 5.174947165682039163 ) ) ;
#12299 = DIRECTION ( 'NONE',  ( 0.9999998924183204352, 0.0004638570334013215586, 0.000000000000000000 ) ) ;
#12300 = VECTOR ( 'NONE', #2347, 1000.000000000000114 ) ;
#12301 = VECTOR ( 'NONE', #5737, 1000.000000000000000 ) ;
#12302 = LINE ( 'NONE', #9436, #1555 ) ;
#12303 = CARTESIAN_POINT ( 'NONE',  ( 1.860000000000000098, 13.01999999999999957, 4.890000000000000568 ) ) ;
#12304 = EDGE_CURVE ( 'NONE', #1338, #4117, #6432, .T. ) ;
#12305 = VECTOR ( 'NONE', #2742, 1000.000000000000000 ) ;
#12306 = CIRCLE ( 'NONE', #8897, 0.1399999999999995137 ) ;
#12307 = EDGE_CURVE ( 'NONE', #5089, #5465, #2631, .T. ) ;
#12308 = DIRECTION ( 'NONE',  ( 0.000000000000000000, -1.000000000000000000, 0.000000000000000000 ) ) ;
#12309 = ORIENTED_EDGE ( 'NONE', *, *, #10140, .T. ) ;
#12310 = FACE_OUTER_BOUND ( 'NONE', #3351, .T. ) ;
#12311 = ORIENTED_EDGE ( 'NONE', *, *, #11264, .F. ) ;
#12312 = CARTESIAN_POINT ( 'NONE',  ( 8.751918340712878219, 15.69999999999999929, -0.3649999999999998801 ) ) ;
#12313 = ORIENTED_EDGE ( 'NONE', *, *, #11547, .F. ) ;
#12314 = CARTESIAN_POINT ( 'NONE',  ( 1.810000000000000053, 14.08947998063599982, -6.210395812409999827 ) ) ;
#12315 = CARTESIAN_POINT ( 'NONE',  ( -5.080000000000000071, 1.100000000000000089, 1.273734666246999936 ) ) ;
#12316 = AXIS2_PLACEMENT_3D ( 'NONE', #12232, #11172, #4681 ) ;
#12317 = EDGE_CURVE ( 'NONE', #10587, #8545, #11537, .T. ) ;
#12318 = ADVANCED_FACE ( 'NONE', ( #113 ), #10524, .F. ) ;
#12319 = DIRECTION ( 'NONE',  ( -1.224646799146999945E-16, 0.000000000000000000, -1.000000000000000000 ) ) ;
#12320 = CIRCLE ( 'NONE', #3319, 0.2799999999999999711 ) ;
#12321 = EDGE_CURVE ( 'NONE', #3057, #11691, #8668, .T. ) ;
#12322 = CARTESIAN_POINT ( 'NONE',  ( 0.3550000000000000377, 3.000000000000000000, -6.209999999999999964 ) ) ;
#12323 = ADVANCED_FACE ( 'NONE', ( #10601 ), #4091, .T. ) ;
#12324 = EDGE_CURVE ( 'NONE', #6100, #5519, #2053, .T. ) ;
#12325 = PLANE ( 'NONE',  #8493 ) ;
#12326 = VERTEX_POINT ( 'NONE', #6861 ) ;
#12327 = EDGE_CURVE ( 'NONE', #6828, #2430, #253, .T. ) ;
#12328 = CARTESIAN_POINT ( 'NONE',  ( 0.7900000000000000355, 13.48134016943100022, 5.151525677993999963 ) ) ;
#12329 = ORIENTED_EDGE ( 'NONE', *, *, #2670, .T. ) ;
#12330 = VECTOR ( 'NONE', #1995, 1000.000000000000000 ) ;
#12331 = LINE ( 'NONE', #5652, #5433 ) ;
#12332 = CARTESIAN_POINT ( 'NONE',  ( 2.189999999999999947, -0.3499999999999999778, -8.890286793795000975 ) ) ;
#12333 = ORIENTED_EDGE ( 'NONE', *, *, #10847, .T. ) ;
#12334 = CARTESIAN_POINT ( 'NONE',  ( 1.250000000000000000, 11.22860299175799881, -5.620000000000000107 ) ) ;
#12335 = VERTEX_POINT ( 'NONE', #7908 ) ;
#12336 = DIRECTION ( 'NONE',  ( 0.000000000000000000, 0.000000000000000000, -1.000000000000000000 ) ) ;
#12337 = CARTESIAN_POINT ( 'NONE',  ( 1.909311433666545321, 8.451700534652914598, -7.766362617315502703 ) ) ;
#12338 = DIRECTION ( 'NONE',  ( 0.000000000000000000, 1.000000000000000000, 0.000000000000000000 ) ) ;
#12339 = CARTESIAN_POINT ( 'NONE',  ( -0.1800000000000000211, 15.69999999999999929, -5.620000000000000107 ) ) ;
#12340 = CARTESIAN_POINT ( 'NONE',  ( -0.7900000000000000355, 15.80000000000000071, -4.234997608641000610 ) ) ;
#12341 = EDGE_CURVE ( 'NONE', #4682, #10570, #6040, .T. ) ;
#12342 = ORIENTED_EDGE ( 'NONE', *, *, #3555, .T. ) ;
#12343 = VECTOR ( 'NONE', #219, 1000.000000000000000 ) ;
#12344 = DIRECTION ( 'NONE',  ( 0.000000000000000000, -1.000000000000000000, 0.000000000000000000 ) ) ;
#12345 = VERTEX_POINT ( 'NONE', #4153 ) ;
#12346 = VERTEX_POINT ( 'NONE', #5915 ) ;
#12347 = ORIENTED_EDGE ( 'NONE', *, *, #5064, .F. ) ;
#12348 = CARTESIAN_POINT ( 'NONE',  ( -1.255000000000000115, 13.48134016943098068, 5.151525677994007069 ) ) ;
#12349 = LINE ( 'NONE', #10415, #1400 ) ;
#12350 = ADVANCED_FACE ( 'NONE', ( #5053 ), #9725, .F. ) ;
#12351 = DIRECTION ( 'NONE',  ( 0.000000000000000000, 1.000000000000000000, 0.000000000000000000 ) ) ;
#12352 = DIRECTION ( 'NONE',  ( 0.000000000000000000, 0.000000000000000000, 1.000000000000000000 ) ) ;
#12353 = VECTOR ( 'NONE', #2206, 1000.000000000000114 ) ;
#12354 = CARTESIAN_POINT ( 'NONE',  ( 1.625000000000000000, 2.299999999999999822, -9.029999999999999361 ) ) ;
#12355 = LINE ( 'NONE', #11598, #4319 ) ;
#12356 = EDGE_CURVE ( 'NONE', #1166, #5102, #3083, .T. ) ;
#12357 = ORIENTED_EDGE ( 'NONE', *, *, #34, .F. ) ;
#12358 = VECTOR ( 'NONE', #10442, 1000.000000000000000 ) ;
#12359 = VECTOR ( 'NONE', #2783, 1000.000000000000000 ) ;
#12360 = ORIENTED_EDGE ( 'NONE', *, *, #6960, .F. ) ;
#12361 = CARTESIAN_POINT ( 'NONE',  ( -4.273565487666060925, -2.810938569856341385, -1.178309700547626404 ) ) ;
#12362 = ORIENTED_EDGE ( 'NONE', *, *, #3299, .T. ) ;
#12363 = LINE ( 'NONE', #1750, #12215 ) ;
#12364 = ORIENTED_EDGE ( 'NONE', *, *, #5760, .F. ) ;
#12365 = CARTESIAN_POINT ( 'NONE',  ( 0.7900000000000000355, 15.79293969097784966, 5.203898047366450896 ) ) ;
#12366 = EDGE_CURVE ( 'NONE', #1291, #92, #6981, .T. ) ;
#12367 = CARTESIAN_POINT ( 'NONE',  ( 8.751918340712878219, 15.11999999999999922, -0.3649999999999998801 ) ) ;
#12368 = ADVANCED_FACE ( 'NONE', ( #2228 ), #7972, .T. ) ;
#12369 = DIRECTION ( 'NONE',  ( 0.000000000000000000, -1.000000000000000000, 0.000000000000000000 ) ) ;
#12370 = FACE_OUTER_BOUND ( 'NONE', #6771, .T. ) ;
#12371 = VECTOR ( 'NONE', #223, 1000.000000000000000 ) ;
#12372 = CIRCLE ( 'NONE', #11370, 1.349999999999536460 ) ;
ENDSEC;
END-ISO-10303-21;
